{
"type": "FeatureCollection",
"name": "Railway_Bihar",
"crs": { "type": "name", "properties": { "name": "urn:ogc:def:crs:OGC:1.3:CRS84" } },
"features": [
{ "type": "Feature", "properties": { "ID": "150113328", "TRK_NME": null, "FTR_CRY": "BG", "CITY_NME": null, "STT_NME": "Bihar", "SHAPE_Leng": "0.181040712247967" }, "geometry": { "type": "MultiLineString", "coordinates": [ [ [ 85.52375, 26.53355 ], [ 85.523437, 26.53255 ], [ 85.523061, 26.531436 ], [ 85.522765, 26.530483 ], [ 85.522456, 26.529596 ], [ 85.52226, 26.528926 ], [ 85.522, 26.528143 ], [ 85.521707, 26.52728 ], [ 85.521408, 26.526386 ], [ 85.521245, 26.525865 ], [ 85.521132, 26.525538 ], [ 85.521002, 26.525064 ], [ 85.520896, 26.524505 ], [ 85.520829, 26.523823 ], [ 85.520826, 26.523302 ], [ 85.52085, 26.522757 ], [ 85.520876, 26.522557 ], [ 85.520989, 26.521905 ], [ 85.521196, 26.52103 ], [ 85.521762, 26.518972 ], [ 85.521975, 26.518198 ], [ 85.522327, 26.516888 ], [ 85.522627, 26.515851 ], [ 85.522766, 26.515184 ], [ 85.522873, 26.514603 ], [ 85.522919, 26.514273 ], [ 85.522929, 26.513835 ], [ 85.522906, 26.513195 ], [ 85.522866, 26.512784 ], [ 85.522729, 26.512125 ], [ 85.522593, 26.511515 ], [ 85.522373, 26.510508 ], [ 85.52227, 26.509957 ], [ 85.522112, 26.509252 ], [ 85.521925, 26.508447 ], [ 85.521795, 26.507795 ], [ 85.521552, 26.506735 ], [ 85.521249, 26.505258 ], [ 85.520763, 26.503015 ], [ 85.520443, 26.501538 ], [ 85.520213, 26.500454 ], [ 85.519984, 26.499489 ], [ 85.519844, 26.498792 ], [ 85.519495, 26.497139 ], [ 85.519222, 26.495927 ], [ 85.519049, 26.495141 ], [ 85.518922, 26.494536 ], [ 85.518733, 26.493664 ], [ 85.518653, 26.493271 ], [ 85.518596, 26.492902 ], [ 85.518556, 26.492455 ], [ 85.51855, 26.491996 ], [ 85.518653, 26.49099 ], [ 85.518882, 26.490016 ], [ 85.519728, 26.48772 ], [ 85.520084, 26.486863 ], [ 85.52048, 26.485809 ], [ 85.520866, 26.48471 ], [ 85.521085, 26.484115 ], [ 85.521188, 26.483692 ], [ 85.521348, 26.482846 ], [ 85.521391, 26.482164 ], [ 85.521378, 26.481652 ], [ 85.521376, 26.481252 ], [ 85.521302, 26.48064 ], [ 85.521205, 26.48019 ], [ 85.521, 26.479538 ], [ 85.520724, 26.478844 ], [ 85.520375, 26.478073 ], [ 85.519999, 26.477173 ], [ 85.519593, 26.476235 ], [ 85.519201, 26.475374 ], [ 85.518841, 26.474489 ], [ 85.518522, 26.473763 ], [ 85.518203, 26.473039 ], [ 85.517883, 26.472288 ], [ 85.517574, 26.471585 ], [ 85.517235, 26.470799 ], [ 85.516982, 26.470179 ], [ 85.516663, 26.46939 ], [ 85.516363, 26.46875 ], [ 85.516067, 26.468109 ], [ 85.515834, 26.467543 ], [ 85.515568, 26.466966 ], [ 85.515295, 26.466307 ], [ 85.514956, 26.465528 ], [ 85.514387, 26.464225 ], [ 85.514046, 26.463403 ], [ 85.513635, 26.46242 ], [ 85.512957, 26.46088 ], [ 85.512577, 26.460022 ], [ 85.511912, 26.458536 ], [ 85.511389, 26.457353 ], [ 85.510633, 26.455554 ], [ 85.510117, 26.454386 ], [ 85.509468, 26.452881 ], [ 85.509292, 26.452378 ], [ 85.509155, 26.451833 ], [ 85.509089, 26.451481 ], [ 85.509105, 26.450686 ], [ 85.509228, 26.44978 ], [ 85.509441, 26.449211 ], [ 85.509707, 26.448675 ], [ 85.510549, 26.447063 ], [ 85.514987, 26.438654 ], [ 85.515456, 26.437713 ], [ 85.516567, 26.43563 ], [ 85.517192, 26.434465 ], [ 85.520003, 26.429036 ], [ 85.520469, 26.428157 ], [ 85.520769, 26.427245 ], [ 85.520981, 26.426232 ], [ 85.521034, 26.425666 ], [ 85.521058, 26.424539 ], [ 85.520952, 26.423101 ], [ 85.520858, 26.422206 ], [ 85.520768, 26.420886 ], [ 85.520658, 26.41922 ], [ 85.520562, 26.417727 ], [ 85.520456, 26.416249 ], [ 85.52033, 26.414926 ], [ 85.52018, 26.41276 ], [ 85.520041, 26.410796 ], [ 85.519951, 26.409536 ], [ 85.519792, 26.406961 ], [ 85.519672, 26.405266 ], [ 85.519626, 26.404417 ], [ 85.519509, 26.402909 ], [ 85.519429, 26.401714 ], [ 85.519363, 26.400477 ], [ 85.519289, 26.399508 ], [ 85.519156, 26.398533 ], [ 85.51903, 26.397907 ], [ 85.51871, 26.396426 ], [ 85.518324, 26.39478 ], [ 85.518124, 26.393797 ], [ 85.517951, 26.393019 ], [ 85.517784, 26.392312 ], [ 85.517661, 26.391662 ], [ 85.517508, 26.390923 ], [ 85.517361, 26.390348 ], [ 85.517145, 26.389212 ], [ 85.516569, 26.386687 ], [ 85.516256, 26.385158 ], [ 85.515929, 26.383626 ], [ 85.515333, 26.38084 ], [ 85.514837, 26.378591 ], [ 85.514627, 26.377616 ], [ 85.514387, 26.376492 ], [ 85.514178, 26.375508 ], [ 85.514074, 26.375031 ], [ 85.514031, 26.374837 ], [ 85.513971, 26.373907 ], [ 85.513938, 26.373239 ], [ 85.513951, 26.372911 ], [ 85.51426, 26.370885 ], [ 85.514546, 26.369241 ], [ 85.514829, 26.367678 ], [ 85.515091, 26.366202 ], [ 85.515194, 26.365585 ], [ 85.515251, 26.365224 ], [ 85.515251, 26.364264 ], [ 85.515207, 26.364011 ], [ 85.515091, 26.36357 ], [ 85.514978, 26.363105 ], [ 85.514765, 26.36263 ], [ 85.514559, 26.362237 ], [ 85.514093, 26.361554 ], [ 85.513424, 26.360695 ] ] ] } },
{ "type": "Feature", "properties": { "ID": "150113272", "TRK_NME": "Narktiaganj to Gorakpur", "FTR_CRY": "BG", "CITY_NME": null, "STT_NME": "Bihar", "SHAPE_Leng": "0.150086369845878" }, "geometry": { "type": "MultiLineString", "coordinates": [ [ [ 85.447818, 26.630811 ], [ 85.439955, 26.635692 ], [ 85.432051, 26.640645 ], [ 85.431771, 26.640824 ], [ 85.431311, 26.641086 ], [ 85.430852, 26.641353 ], [ 85.429451, 26.642219 ], [ 85.428385, 26.642961 ], [ 85.427365, 26.643617 ], [ 85.427057, 26.643816 ], [ 85.426676, 26.644075 ], [ 85.425977, 26.644528 ], [ 85.42424, 26.646116 ], [ 85.422348, 26.647963 ], [ 85.419565, 26.650688 ], [ 85.416902, 26.653326 ], [ 85.414528, 26.655611 ], [ 85.409826, 26.660234 ], [ 85.407216, 26.6627 ], [ 85.40643, 26.663364 ], [ 85.405482, 26.664173 ], [ 85.402329, 26.666904 ], [ 85.400123, 26.668704 ], [ 85.399414, 26.669325 ], [ 85.39824, 26.670386 ], [ 85.396695, 26.671846 ], [ 85.395059, 26.673281 ], [ 85.391628, 26.676261 ], [ 85.388447, 26.679033 ], [ 85.387754, 26.679629 ], [ 85.38641, 26.6808 ], [ 85.384855, 26.682162 ], [ 85.384401, 26.682553 ], [ 85.383667, 26.68319 ], [ 85.383209, 26.68359 ], [ 85.381898, 26.684729 ], [ 85.380747, 26.685737 ], [ 85.379884, 26.686492 ], [ 85.378787, 26.687444 ], [ 85.378047, 26.688091 ], [ 85.377302, 26.68875 ], [ 85.376062, 26.68982 ], [ 85.37565, 26.69019 ], [ 85.374715, 26.691009 ], [ 85.372963, 26.692509 ], [ 85.370932, 26.694306 ], [ 85.369482, 26.695833 ], [ 85.368849, 26.696531 ], [ 85.36847, 26.697004 ], [ 85.368187, 26.697353 ], [ 85.367848, 26.697799 ], [ 85.367437, 26.698359 ], [ 85.366974, 26.699025 ], [ 85.366279, 26.700152 ], [ 85.36572, 26.701037 ], [ 85.364947, 26.702301 ], [ 85.364324, 26.703306 ], [ 85.363735, 26.704273 ], [ 85.363004, 26.705484 ], [ 85.362333, 26.706568 ], [ 85.361743, 26.707531 ], [ 85.360943, 26.708834 ], [ 85.359584, 26.711074 ], [ 85.358876, 26.712221 ], [ 85.357928, 26.713657 ], [ 85.357052, 26.714654 ], [ 85.356443, 26.715242 ], [ 85.355685, 26.715897 ], [ 85.35049, 26.720013 ], [ 85.34927, 26.720872 ], [ 85.348949, 26.721041 ], [ 85.348631, 26.721197 ], [ 85.3484, 26.721279 ], [ 85.347488, 26.721581 ], [ 85.346969, 26.721705 ], [ 85.345967, 26.721824 ], [ 85.345092, 26.721931 ], [ 85.341661, 26.722368 ], [ 85.335194, 26.723172 ], [ 85.334144, 26.723296 ] ] ] } },
{ "type": "Feature", "properties": { "ID": "150113463", "TRK_NME": "Narktiaganj to Gorakpur", "FTR_CRY": "BG", "CITY_NME": null, "STT_NME": "Bihar", "SHAPE_Leng": "0.319691273581428" }, "geometry": { "type": "MultiLineString", "coordinates": [ [ [ 85.87386, 26.199183 ], [ 85.86674, 26.204074 ], [ 85.862968, 26.206686 ], [ 85.862575, 26.206979 ], [ 85.861803, 26.207644 ], [ 85.861117, 26.208304 ], [ 85.860189, 26.20934 ], [ 85.859973, 26.209636 ], [ 85.859271, 26.210707 ], [ 85.85878, 26.211529 ], [ 85.858485, 26.21221 ], [ 85.858138, 26.213058 ], [ 85.857839, 26.213936 ], [ 85.857587, 26.215033 ], [ 85.857333, 26.216363 ], [ 85.857163, 26.217301 ], [ 85.85691, 26.218645 ], [ 85.856598, 26.220314 ], [ 85.856308, 26.221899 ], [ 85.855486, 26.226408 ], [ 85.85523, 26.227691 ], [ 85.854507, 26.231653 ], [ 85.854257, 26.232997 ], [ 85.853931, 26.234845 ], [ 85.853721, 26.235749 ], [ 85.853112, 26.239209 ], [ 85.853002, 26.239735 ], [ 85.852799, 26.24032 ], [ 85.852572, 26.240851 ], [ 85.852392, 26.241195 ], [ 85.85202, 26.241723 ], [ 85.851697, 26.242128 ], [ 85.851386, 26.242426 ], [ 85.851069, 26.242714 ], [ 85.850856, 26.242881 ], [ 85.85044, 26.243159 ], [ 85.850031, 26.243386 ], [ 85.849708, 26.243547 ], [ 85.848956, 26.243843 ], [ 85.847811, 26.24427 ], [ 85.845073, 26.245273 ], [ 85.84455, 26.245506 ], [ 85.844164, 26.24572 ], [ 85.843951, 26.245855 ], [ 85.843369, 26.246252 ], [ 85.842963, 26.246586 ], [ 85.84239, 26.24721 ], [ 85.842004, 26.247792 ], [ 85.841628, 26.248524 ], [ 85.841468, 26.248953 ], [ 85.841279, 26.249729 ], [ 85.841202, 26.250135 ], [ 85.841202, 26.250854 ], [ 85.841228, 26.251171 ], [ 85.841308, 26.251594 ], [ 85.841588, 26.252731 ], [ 85.841687, 26.253164 ], [ 85.84181, 26.253749 ], [ 85.842023, 26.254716 ], [ 85.842286, 26.255888 ], [ 85.842592, 26.257243 ], [ 85.843323, 26.260427 ], [ 85.843742, 26.262307 ], [ 85.84466, 26.266333 ], [ 85.844936, 26.267592 ], [ 85.845106, 26.268332 ], [ 85.845369, 26.26943 ], [ 85.845605, 26.270496 ], [ 85.845934, 26.271922 ], [ 85.84634, 26.273766 ], [ 85.846902, 26.276195 ], [ 85.847291, 26.278007 ], [ 85.848348, 26.282617 ], [ 85.848578, 26.283662 ], [ 85.848711, 26.284279 ], [ 85.848927, 26.285592 ], [ 85.848967, 26.286088 ], [ 85.849024, 26.286979 ], [ 85.84901, 26.288399 ], [ 85.848987, 26.289088 ], [ 85.848917, 26.289903 ], [ 85.848841, 26.290899 ], [ 85.848767, 26.292086 ], [ 85.848707, 26.292856 ], [ 85.848644, 26.293512 ], [ 85.848511, 26.294628 ], [ 85.848235, 26.295881 ], [ 85.848162, 26.296179 ], [ 85.847965, 26.297 ], [ 85.847826, 26.297415 ], [ 85.847724, 26.297732 ], [ 85.847561, 26.298207 ], [ 85.84742, 26.298606 ], [ 85.847217, 26.299121 ], [ 85.84698, 26.299683 ], [ 85.846774, 26.30011 ], [ 85.846619, 26.300425 ], [ 85.846298, 26.301017 ], [ 85.845822, 26.30187 ], [ 85.845353, 26.302535 ], [ 85.844907, 26.30315 ], [ 85.844518, 26.303636 ], [ 85.843386, 26.305104 ], [ 85.843173, 26.305366 ], [ 85.841746, 26.307162 ], [ 85.839735, 26.309679 ], [ 85.839456, 26.310034 ], [ 85.838361, 26.311418 ], [ 85.837811, 26.31214 ], [ 85.837212, 26.312871 ], [ 85.836204, 26.31393 ], [ 85.834553, 26.315344 ], [ 85.833901, 26.315857 ], [ 85.833145, 26.3164 ], [ 85.831246, 26.31766 ], [ 85.826785, 26.320602 ], [ 85.82604, 26.321077 ], [ 85.823008, 26.322801 ], [ 85.820263, 26.324513 ], [ 85.818642, 26.325506 ], [ 85.818043, 26.325879 ], [ 85.817197, 26.326418 ], [ 85.816509, 26.326931 ], [ 85.81569, 26.327599 ], [ 85.815488, 26.327828 ], [ 85.814559, 26.328752 ], [ 85.813646, 26.32997 ], [ 85.812974, 26.331015 ], [ 85.812303, 26.332114 ], [ 85.811661, 26.333104 ], [ 85.810602, 26.334852 ], [ 85.808758, 26.337843 ], [ 85.80731, 26.34022 ], [ 85.806541, 26.341461 ], [ 85.806099, 26.342158 ], [ 85.805603, 26.343047 ], [ 85.804644, 26.34497 ], [ 85.803926, 26.346148 ], [ 85.802883, 26.347847 ], [ 85.799493, 26.35339 ], [ 85.79909, 26.354029 ], [ 85.797919, 26.355655 ], [ 85.797486, 26.356335 ], [ 85.794749, 26.360837 ], [ 85.79315, 26.363364 ], [ 85.792634, 26.364034 ], [ 85.791939, 26.364806 ], [ 85.789654, 26.366981 ], [ 85.778867, 26.376836 ], [ 85.776536, 26.378972 ], [ 85.772279, 26.382864 ], [ 85.771552, 26.383527 ], [ 85.768304, 26.386472 ], [ 85.758715, 26.395257 ], [ 85.757142, 26.396702 ], [ 85.754357, 26.39923 ], [ 85.752763, 26.4007 ], [ 85.750913, 26.402417 ], [ 85.749392, 26.403781 ], [ 85.748204, 26.404893 ], [ 85.744743, 26.408042 ], [ 85.743401, 26.409302 ], [ 85.741596, 26.410969 ], [ 85.740078, 26.412359 ], [ 85.737925, 26.414343 ], [ 85.737214, 26.41504 ], [ 85.736519, 26.415814 ], [ 85.736018, 26.416421 ], [ 85.735179, 26.417627 ], [ 85.734788, 26.418276 ], [ 85.73447, 26.418866 ], [ 85.734229, 26.419355 ], [ 85.733603, 26.420642 ], [ 85.733175, 26.421502 ], [ 85.732634, 26.422601 ], [ 85.732132, 26.423629 ], [ 85.73158, 26.424726 ], [ 85.730934, 26.426025 ], [ 85.730306, 26.427273 ], [ 85.729697, 26.428513 ], [ 85.728848, 26.430206 ], [ 85.727721, 26.432488 ], [ 85.726862, 26.434216 ], [ 85.725918, 26.436135 ], [ 85.725222, 26.4375 ], [ 85.724467, 26.439029 ], [ 85.724035, 26.439881 ], [ 85.723359, 26.44124 ], [ 85.723157, 26.441603 ], [ 85.722807, 26.442202 ], [ 85.722158, 26.443277 ], [ 85.721783, 26.443848 ], [ 85.720976, 26.444968 ], [ 85.720019, 26.446167 ], [ 85.719024, 26.447355 ], [ 85.716896, 26.449847 ], [ 85.715454, 26.451531 ] ] ] } },
{ "type": "Feature", "properties": { "ID": "150113370", "TRK_NME": null, "FTR_CRY": "BG", "CITY_NME": null, "STT_NME": "Bihar", "SHAPE_Leng": "0.04844349537834" }, "geometry": { "type": "MultiLineString", "coordinates": [ [ [ 85.447818, 26.630811 ], [ 85.448358, 26.630472 ], [ 85.449164, 26.629954 ], [ 85.449763, 26.629563 ], [ 85.450536, 26.629077 ], [ 85.45145, 26.628512 ], [ 85.452042, 26.628135 ], [ 85.452633, 26.627779 ], [ 85.453583, 26.627159 ], [ 85.454575, 26.62653 ], [ 85.45529, 26.626069 ], [ 85.455909, 26.625681 ], [ 85.456553, 26.625287 ], [ 85.457008, 26.625004 ], [ 85.457738, 26.624541 ], [ 85.458507, 26.624058 ], [ 85.459302, 26.623536 ], [ 85.459903, 26.623172 ], [ 85.460003, 26.623122 ], [ 85.460391, 26.62292 ], [ 85.462172, 26.621855 ], [ 85.463432, 26.621062 ], [ 85.465336, 26.619875 ], [ 85.466548, 26.619123 ], [ 85.467148, 26.618746 ], [ 85.467802, 26.618327 ], [ 85.468217, 26.618068 ], [ 85.468588, 26.617826 ], [ 85.469022, 26.617555 ], [ 85.469441, 26.617299 ], [ 85.469904, 26.61701 ], [ 85.470368, 26.616727 ], [ 85.470766, 26.616479 ], [ 85.471512, 26.616003 ], [ 85.471937, 26.615734 ], [ 85.472403, 26.615444 ], [ 85.472823, 26.615188 ], [ 85.473221, 26.614931 ], [ 85.473552, 26.614728 ], [ 85.474368, 26.61421 ], [ 85.474942, 26.613844 ], [ 85.475543, 26.613473 ], [ 85.475983, 26.613193 ], [ 85.476484, 26.612876 ], [ 85.476927, 26.612595 ], [ 85.477561, 26.612201 ], [ 85.478046, 26.611893 ], [ 85.478619, 26.611536 ], [ 85.479111, 26.611222 ], [ 85.479564, 26.610942 ], [ 85.480086, 26.610619 ], [ 85.480552, 26.610323 ], [ 85.481103, 26.609974 ], [ 85.48193, 26.609454 ], [ 85.482492, 26.609099 ], [ 85.482956, 26.608806 ], [ 85.483492, 26.608468 ], [ 85.484005, 26.608147 ], [ 85.484997, 26.607535 ], [ 85.485142, 26.607444 ], [ 85.485605, 26.607153 ], [ 85.486054, 26.60687 ], [ 85.486999, 26.606266 ], [ 85.487418, 26.605966 ], [ 85.487942, 26.60561 ], [ 85.488365, 26.605321 ], [ 85.488821, 26.605024 ] ] ] } },
{ "type": "Feature", "properties": { "ID": "150113388", "TRK_NME": null, "FTR_CRY": "BG", "CITY_NME": null, "STT_NME": "Bihar", "SHAPE_Leng": "0.033576531588901" }, "geometry": { "type": "MultiLineString", "coordinates": [ [ [ 85.303416, 26.735967 ], [ 85.304432, 26.735971 ], [ 85.305257, 26.735896 ], [ 85.306134, 26.735739 ], [ 85.308152, 26.735334 ], [ 85.309022, 26.735144 ], [ 85.309524, 26.734999 ], [ 85.309844, 26.734886 ], [ 85.310477, 26.734621 ], [ 85.312366, 26.733659 ], [ 85.313383, 26.733159 ], [ 85.313889, 26.732906 ], [ 85.315253, 26.732214 ], [ 85.316463, 26.731598 ], [ 85.318283, 26.730697 ], [ 85.319621, 26.729877 ], [ 85.321282, 26.72892 ], [ 85.324886, 26.727065 ], [ 85.327652, 26.725706 ], [ 85.329366, 26.724836 ], [ 85.33105, 26.724012 ], [ 85.331855, 26.723706 ], [ 85.332498, 26.723551 ], [ 85.333177, 26.723421 ], [ 85.334144, 26.723296 ] ] ] } },
{ "type": "Feature", "properties": { "ID": "150113302", "TRK_NME": "Muzaffarpur Sitamarhi", "FTR_CRY": "BG", "CITY_NME": null, "STT_NME": "Bihar", "SHAPE_Leng": "0.220371380217589" }, "geometry": { "type": "MultiLineString", "coordinates": [ [ [ 85.392727, 26.188323 ], [ 85.393529, 26.189536 ], [ 85.394067, 26.190361 ], [ 85.395205, 26.192095 ], [ 85.397596, 26.195741 ], [ 85.398255, 26.196756 ], [ 85.398576, 26.197241 ], [ 85.399023, 26.197756 ], [ 85.399404, 26.198165 ], [ 85.399735, 26.198468 ], [ 85.40052, 26.19907 ], [ 85.400725, 26.199201 ], [ 85.401139, 26.199414 ], [ 85.401937, 26.199755 ], [ 85.402419, 26.199914 ], [ 85.402652, 26.199978 ], [ 85.403048, 26.200069 ], [ 85.403679, 26.200172 ], [ 85.406244, 26.200456 ], [ 85.40669, 26.200529 ], [ 85.407251, 26.200692 ], [ 85.40777, 26.200913 ], [ 85.407936, 26.200989 ], [ 85.408411, 26.201268 ], [ 85.408698, 26.201474 ], [ 85.408978, 26.201724 ], [ 85.409211, 26.201954 ], [ 85.409499, 26.202297 ], [ 85.40987, 26.202823 ], [ 85.40995, 26.202951 ], [ 85.410281, 26.203575 ], [ 85.410837, 26.20461 ], [ 85.411338, 26.205483 ], [ 85.41193, 26.206532 ], [ 85.412385, 26.207369 ], [ 85.412751, 26.208069 ], [ 85.412922, 26.208417 ], [ 85.41311, 26.208796 ], [ 85.413277, 26.20916 ], [ 85.413348, 26.209372 ], [ 85.41343, 26.209714 ], [ 85.413486, 26.209966 ], [ 85.413526, 26.21019 ], [ 85.413556, 26.21049 ], [ 85.413577, 26.210795 ], [ 85.413567, 26.211327 ], [ 85.413534, 26.211727 ], [ 85.413461, 26.212079 ], [ 85.413115, 26.213145 ], [ 85.412548, 26.215044 ], [ 85.412335, 26.215927 ], [ 85.41227, 26.216335 ], [ 85.412247, 26.216539 ], [ 85.4122, 26.216923 ], [ 85.412172, 26.217619 ], [ 85.412204, 26.218308 ], [ 85.412237, 26.218844 ], [ 85.412312, 26.219259 ], [ 85.412387, 26.219682 ], [ 85.41251, 26.220451 ], [ 85.412625, 26.221143 ], [ 85.412729, 26.221669 ], [ 85.413127, 26.223699 ], [ 85.413205, 26.224056 ], [ 85.413362, 26.224541 ], [ 85.413691, 26.225389 ], [ 85.413947, 26.225895 ], [ 85.414077, 26.226134 ], [ 85.414875, 26.227242 ], [ 85.415977, 26.228651 ], [ 85.416339, 26.229122 ], [ 85.416848, 26.229776 ], [ 85.417314, 26.230394 ], [ 85.418272, 26.2316 ], [ 85.419074, 26.232621 ], [ 85.419779, 26.233553 ], [ 85.420335, 26.234296 ], [ 85.420837, 26.234941 ], [ 85.421659, 26.236004 ], [ 85.422072, 26.236547 ], [ 85.42283, 26.237491 ], [ 85.423652, 26.23861 ], [ 85.424118, 26.239255 ], [ 85.425709, 26.241266 ], [ 85.425952, 26.24152 ], [ 85.426265, 26.241789 ], [ 85.426664, 26.242093 ], [ 85.426927, 26.242257 ], [ 85.42724, 26.242463 ], [ 85.427706, 26.242732 ], [ 85.428478, 26.243197 ], [ 85.429137, 26.243621 ], [ 85.429576, 26.243923 ], [ 85.433551, 26.246328 ], [ 85.437487, 26.248818 ], [ 85.439061, 26.249773 ], [ 85.440469, 26.250653 ], [ 85.442077, 26.251641 ], [ 85.445847, 26.253973 ], [ 85.446716, 26.254546 ], [ 85.447275, 26.25497 ], [ 85.447538, 26.255205 ], [ 85.447951, 26.255626 ], [ 85.448585, 26.256398 ], [ 85.448869, 26.256811 ], [ 85.448981, 26.256999 ], [ 85.44922, 26.257465 ], [ 85.450326, 26.260094 ], [ 85.451105, 26.261989 ], [ 85.452117, 26.264451 ], [ 85.452726, 26.265914 ], [ 85.453085, 26.266824 ], [ 85.453528, 26.267875 ], [ 85.454635, 26.270587 ], [ 85.45549, 26.272682 ], [ 85.455687, 26.273052 ], [ 85.456182, 26.273819 ], [ 85.456488, 26.274216 ], [ 85.456711, 26.27446 ], [ 85.457403, 26.275236 ], [ 85.458222, 26.276194 ], [ 85.458571, 26.276582 ], [ 85.460258, 26.278528 ], [ 85.461603, 26.280121 ], [ 85.46273, 26.281336 ], [ 85.463845, 26.282637 ], [ 85.467668, 26.286981 ], [ 85.471619, 26.291553 ], [ 85.471925, 26.291952 ], [ 85.472155, 26.292346 ], [ 85.472344, 26.292668 ], [ 85.472517, 26.293053 ], [ 85.472592, 26.293304 ], [ 85.472693, 26.293772 ], [ 85.472768, 26.294293 ], [ 85.47279, 26.294626 ], [ 85.472787, 26.295052 ], [ 85.472755, 26.295483 ], [ 85.472699, 26.296055 ], [ 85.472669, 26.296407 ], [ 85.472614, 26.297015 ], [ 85.472559, 26.297564 ], [ 85.472521, 26.298049 ], [ 85.472472, 26.298549 ], [ 85.472396, 26.299333 ], [ 85.472286, 26.300449 ], [ 85.472243, 26.301044 ], [ 85.472238, 26.301974 ], [ 85.472291, 26.302569 ], [ 85.472391, 26.303307 ], [ 85.472619, 26.304172 ], [ 85.472847, 26.304847 ], [ 85.47353, 26.30647 ], [ 85.473966, 26.307332 ], [ 85.474512, 26.308298 ], [ 85.47534, 26.309422 ], [ 85.476076, 26.31032 ], [ 85.477609, 26.312331 ], [ 85.479296, 26.314535 ], [ 85.480158, 26.315627 ], [ 85.481093, 26.31696 ], [ 85.481365, 26.317306 ], [ 85.482028, 26.31818 ], [ 85.485245, 26.322502 ], [ 85.486566, 26.324274 ], [ 85.488542, 26.327015 ], [ 85.489457, 26.328271 ], [ 85.490638, 26.329881 ], [ 85.492055, 26.331799 ], [ 85.493423, 26.333597 ], [ 85.494481, 26.335047 ], [ 85.49525, 26.336107 ], [ 85.49821, 26.34012 ], [ 85.499707, 26.342134 ], [ 85.501368, 26.344392 ], [ 85.503679, 26.347527 ], [ 85.504812, 26.349046 ], [ 85.50552, 26.350012 ], [ 85.506692, 26.351592 ], [ 85.507657, 26.35286 ], [ 85.508189, 26.353599 ], [ 85.509361, 26.355164 ], [ 85.512439, 26.359357 ], [ 85.513424, 26.360695 ] ] ] } },
{ "type": "Feature", "properties": { "ID": "150113243", "TRK_NME": null, "FTR_CRY": "BG", "CITY_NME": null, "STT_NME": "Bihar", "SHAPE_Leng": "0.046674667106595" }, "geometry": { "type": "MultiLineString", "coordinates": [ [ [ 85.534716, 26.576161 ], [ 85.535202, 26.575825 ], [ 85.535667, 26.575412 ], [ 85.536022, 26.575058 ], [ 85.536243, 26.574804 ], [ 85.536591, 26.574345 ], [ 85.53681, 26.574031 ], [ 85.537005, 26.57368 ], [ 85.537125, 26.573466 ], [ 85.537263, 26.573148 ], [ 85.537362, 26.5729 ], [ 85.537411, 26.572731 ], [ 85.537514, 26.572368 ], [ 85.537569, 26.57206 ], [ 85.537638, 26.571706 ], [ 85.537658, 26.571377 ], [ 85.537673, 26.571112 ], [ 85.537674, 26.570729 ], [ 85.537654, 26.570488 ], [ 85.537585, 26.57013 ], [ 85.53748, 26.569622 ], [ 85.537422, 26.569386 ], [ 85.537307, 26.569057 ], [ 85.537152, 26.568694 ], [ 85.537036, 26.568403 ], [ 85.536861, 26.568107 ], [ 85.53661, 26.567683 ], [ 85.536412, 26.567353 ], [ 85.536046, 26.566689 ], [ 85.535912, 26.566451 ], [ 85.535627, 26.565955 ], [ 85.535193, 26.565304 ], [ 85.534564, 26.564197 ], [ 85.533589, 26.562545 ], [ 85.532883, 26.561337 ], [ 85.532211, 26.560185 ], [ 85.53113, 26.558208 ], [ 85.531013, 26.558048 ], [ 85.530867, 26.557822 ], [ 85.530604, 26.557399 ], [ 85.530404, 26.557045 ], [ 85.530204, 26.556694 ], [ 85.530114, 26.556536 ], [ 85.529928, 26.556221 ], [ 85.529782, 26.555968 ], [ 85.529632, 26.5557 ], [ 85.529489, 26.555402 ], [ 85.529335, 26.555105 ], [ 85.529192, 26.554786 ], [ 85.529109, 26.554542 ], [ 85.528999, 26.554194 ], [ 85.528893, 26.553843 ], [ 85.528843, 26.553581 ], [ 85.528776, 26.553122 ], [ 85.528723, 26.552723 ], [ 85.528709, 26.55231 ], [ 85.528683, 26.551708 ], [ 85.528636, 26.55089 ], [ 85.528616, 26.55067 ], [ 85.528576, 26.549845 ], [ 85.528539, 26.549265 ], [ 85.528509, 26.548729 ], [ 85.528476, 26.548324 ], [ 85.528406, 26.547937 ], [ 85.528359, 26.547622 ], [ 85.528323, 26.547425 ], [ 85.528263, 26.547214 ], [ 85.528159, 26.546879 ], [ 85.52804, 26.546455 ], [ 85.527893, 26.54602 ], [ 85.527763, 26.545601 ], [ 85.527624, 26.545193 ], [ 85.527307, 26.544228 ], [ 85.527114, 26.543702 ], [ 85.526908, 26.543017 ], [ 85.526631, 26.542231 ], [ 85.526445, 26.541618 ], [ 85.526212, 26.540948 ], [ 85.526049, 26.540442 ], [ 85.525892, 26.539978 ], [ 85.525756, 26.539573 ], [ 85.525549, 26.538972 ], [ 85.525403, 26.538499 ], [ 85.525256, 26.538055 ], [ 85.525034, 26.53743 ], [ 85.524867, 26.536897 ], [ 85.524628, 26.536206 ], [ 85.524428, 26.535584 ], [ 85.524245, 26.53506 ], [ 85.524042, 26.534405 ], [ 85.523879, 26.533908 ], [ 85.52375, 26.53355 ] ] ] } },
{ "type": "Feature", "properties": { "ID": "150113431", "TRK_NME": "Narktiaganj to Gorakpur", "FTR_CRY": "BG", "CITY_NME": null, "STT_NME": "Bihar", "SHAPE_Leng": "0.147779043557223" }, "geometry": { "type": "MultiLineString", "coordinates": [ [ [ 85.680798, 26.478204 ], [ 85.680397, 26.478351 ], [ 85.678064, 26.479191 ], [ 85.67631, 26.479834 ], [ 85.674649, 26.480427 ], [ 85.673172, 26.481109 ], [ 85.672849, 26.481271 ], [ 85.671742, 26.481942 ], [ 85.670893, 26.482568 ], [ 85.670247, 26.483083 ], [ 85.669202, 26.484027 ], [ 85.668337, 26.484962 ], [ 85.667905, 26.485492 ], [ 85.667685, 26.485798 ], [ 85.666923, 26.486993 ], [ 85.666281, 26.48813 ], [ 85.665945, 26.488714 ], [ 85.665199, 26.490051 ], [ 85.664657, 26.490974 ], [ 85.663249, 26.493469 ], [ 85.662797, 26.494234 ], [ 85.661802, 26.495958 ], [ 85.6606, 26.498102 ], [ 85.659825, 26.499472 ], [ 85.65915, 26.500547 ], [ 85.658491, 26.501476 ], [ 85.65741, 26.502983 ], [ 85.656045, 26.504836 ], [ 85.655131, 26.506066 ], [ 85.653796, 26.50793 ], [ 85.652975, 26.50905 ], [ 85.651863, 26.510604 ], [ 85.651557, 26.510994 ], [ 85.650486, 26.51251 ], [ 85.649817, 26.513362 ], [ 85.64861, 26.515018 ], [ 85.647086, 26.517135 ], [ 85.645289, 26.519604 ], [ 85.643751, 26.521706 ], [ 85.642596, 26.523338 ], [ 85.641824, 26.524407 ], [ 85.640503, 26.526228 ], [ 85.639431, 26.527709 ], [ 85.638363, 26.529168 ], [ 85.636612, 26.531538 ], [ 85.635653, 26.532946 ], [ 85.635254, 26.533649 ], [ 85.634705, 26.534742 ], [ 85.634468, 26.535382 ], [ 85.633944, 26.536857 ], [ 85.633719, 26.537355 ], [ 85.633623, 26.537568 ], [ 85.633097, 26.538315 ], [ 85.632757, 26.538657 ], [ 85.632285, 26.539077 ], [ 85.631458, 26.539645 ], [ 85.630565, 26.540258 ], [ 85.629177, 26.541309 ], [ 85.627633, 26.542442 ], [ 85.625504, 26.543993 ], [ 85.623667, 26.545383 ], [ 85.623025, 26.545865 ], [ 85.622077, 26.546424 ], [ 85.621484, 26.546654 ], [ 85.621178, 26.546755 ], [ 85.620609, 26.546916 ], [ 85.618836, 26.547287 ], [ 85.612314, 26.548662 ], [ 85.60859, 26.54948 ], [ 85.60694, 26.54984 ], [ 85.605246, 26.550178 ], [ 85.603397, 26.550576 ], [ 85.601574, 26.550973 ], [ 85.598735, 26.551591 ], [ 85.595178, 26.552346 ], [ 85.593075, 26.552807 ], [ 85.590909, 26.553278 ], [ 85.589092, 26.55367 ], [ 85.586922, 26.554117 ], [ 85.584907, 26.554558 ], [ 85.583866, 26.554786 ], [ 85.58244, 26.555085 ], [ 85.58051, 26.555485 ], [ 85.580244, 26.555552 ], [ 85.577419, 26.556151 ], [ 85.576124, 26.556452 ], [ 85.573419, 26.55708 ], [ 85.572164, 26.55741 ], [ 85.570018, 26.558032 ], [ 85.567895, 26.558746 ] ] ] } },
{ "type": "Feature", "properties": { "ID": "150113445", "TRK_NME": null, "FTR_CRY": "BG", "CITY_NME": null, "STT_NME": "Bihar", "SHAPE_Leng": "0.05764378715619" }, "geometry": { "type": "MultiLineString", "coordinates": [ [ [ 85.517792, 26.586768 ], [ 85.518816, 26.586139 ], [ 85.519974, 26.585422 ], [ 85.521112, 26.584717 ], [ 85.521991, 26.584151 ], [ 85.523109, 26.583443 ], [ 85.524194, 26.582756 ], [ 85.525478, 26.581967 ], [ 85.52629, 26.581452 ], [ 85.526649, 26.581229 ], [ 85.527288, 26.580821 ], [ 85.527837, 26.580473 ], [ 85.529435, 26.579479 ], [ 85.53006, 26.579095 ], [ 85.530809, 26.578628 ], [ 85.531761, 26.578042 ], [ 85.53216, 26.577801 ], [ 85.532515, 26.577579 ], [ 85.533704, 26.576819 ], [ 85.534716, 26.576161 ], [ 85.535465, 26.575774 ], [ 85.53633, 26.575183 ], [ 85.538433, 26.573804 ], [ 85.539871, 26.572919 ], [ 85.540775, 26.572357 ], [ 85.541777, 26.571791 ], [ 85.542743, 26.571289 ], [ 85.543904, 26.570699 ], [ 85.544946, 26.570148 ], [ 85.545824, 26.569696 ], [ 85.546253, 26.56948 ], [ 85.546676, 26.56924 ], [ 85.547248, 26.568898 ], [ 85.548049, 26.568376 ], [ 85.548563, 26.568022 ], [ 85.549706, 26.567126 ], [ 85.550472, 26.56651 ], [ 85.551208, 26.565949 ], [ 85.551897, 26.565481 ], [ 85.552412, 26.565175 ], [ 85.553331, 26.564636 ], [ 85.554026, 26.564273 ], [ 85.556189, 26.563234 ], [ 85.557487, 26.562636 ], [ 85.558408, 26.562208 ], [ 85.560272, 26.561413 ], [ 85.562035, 26.56074 ], [ 85.564155, 26.560002 ], [ 85.566135, 26.559327 ], [ 85.567895, 26.558746 ] ] ] } },
{ "type": "Feature", "properties": { "ID": "150113040", "TRK_NME": "Narktiaganj to Gorakpur", "FTR_CRY": "BG", "CITY_NME": null, "STT_NME": "Bihar", "SHAPE_Leng": "0.014284031089917" }, "geometry": { "type": "MultiLineString", "coordinates": [ [ [ 85.694234, 26.473357 ], [ 85.692744, 26.473882 ], [ 85.692126, 26.474114 ], [ 85.689538, 26.475074 ], [ 85.687251, 26.475862 ], [ 85.686239, 26.476228 ], [ 85.685272, 26.476583 ], [ 85.684186, 26.47698 ], [ 85.682881, 26.477451 ], [ 85.682013, 26.477763 ], [ 85.680798, 26.478204 ] ] ] } },
{ "type": "Feature", "properties": { "ID": "150129456", "TRK_NME": "Narktiaganj to Gorakpur", "FTR_CRY": "BG", "CITY_NME": null, "STT_NME": "Bihar", "SHAPE_Leng": "0.010514001057406" }, "geometry": { "type": "MultiLineString", "coordinates": [ [ [ 85.715454, 26.451531 ], [ 85.712517, 26.45501 ], [ 85.708647, 26.459544 ] ] ] } },
{ "type": "Feature", "properties": { "ID": "150129457", "TRK_NME": "Narktiaganj to Gorakpur", "FTR_CRY": "BG", "CITY_NME": "Janakpur Road", "STT_NME": "Bihar", "SHAPE_Leng": "0.020281415210014" }, "geometry": { "type": "MultiLineString", "coordinates": [ [ [ 85.708647, 26.459544 ], [ 85.706777, 26.461756 ], [ 85.703755, 26.465301 ], [ 85.70225, 26.467067 ], [ 85.699548, 26.47028 ], [ 85.698819, 26.470965 ], [ 85.697945, 26.471634 ], [ 85.697035, 26.472186 ], [ 85.696329, 26.472579 ], [ 85.695774, 26.472794 ], [ 85.694234, 26.473357 ] ] ] } },
{ "type": "Feature", "properties": { "ID": "150113151", "TRK_NME": null, "FTR_CRY": "BG", "CITY_NME": null, "STT_NME": "Bihar", "SHAPE_Leng": "0.004189667295803" }, "geometry": { "type": "MultiLineString", "coordinates": [ [ [ 85.51427, 26.589035 ], [ 85.516021, 26.587966 ], [ 85.517792, 26.586768 ] ] ] } },
{ "type": "Feature", "properties": { "ID": "150129323", "TRK_NME": null, "FTR_CRY": "BG", "CITY_NME": null, "STT_NME": "Bihar", "SHAPE_Leng": "0.002580496241592" }, "geometry": { "type": "MultiLineString", "coordinates": [ [ [ 85.488821, 26.605024 ], [ 85.489797, 26.604408 ], [ 85.490619, 26.603886 ], [ 85.49101, 26.603658 ] ] ] } },
{ "type": "Feature", "properties": { "ID": "150129324", "TRK_NME": null, "FTR_CRY": "BG", "CITY_NME": "Sitamarhi", "STT_NME": "Bihar", "SHAPE_Leng": "0.027477074640971" }, "geometry": { "type": "MultiLineString", "coordinates": [ [ [ 85.49101, 26.603658 ], [ 85.491888, 26.603088 ], [ 85.492609, 26.602633 ], [ 85.493329, 26.60219 ], [ 85.494268, 26.601614 ], [ 85.494918, 26.601199 ], [ 85.49558, 26.600784 ], [ 85.495989, 26.600529 ], [ 85.496214, 26.600384 ], [ 85.497285, 26.599705 ], [ 85.497959, 26.599289 ], [ 85.498512, 26.598933 ], [ 85.499124, 26.598561 ], [ 85.499646, 26.598209 ], [ 85.499937, 26.598027 ], [ 85.500661, 26.597569 ], [ 85.501264, 26.597191 ], [ 85.501896, 26.596794 ], [ 85.502471, 26.596426 ], [ 85.503085, 26.596048 ], [ 85.503509, 26.595777 ], [ 85.504335, 26.59526 ], [ 85.505451, 26.594559 ], [ 85.506484, 26.5939 ], [ 85.507855, 26.593052 ], [ 85.508871, 26.592397 ], [ 85.509675, 26.591946 ], [ 85.510866, 26.591177 ], [ 85.512949, 26.589886 ], [ 85.51427, 26.589035 ] ] ] } },
{ "type": "Feature", "properties": { "ID": "150113129", "TRK_NME": null, "FTR_CRY": "BG", "CITY_NME": null, "STT_NME": "Bihar", "SHAPE_Leng": "5.33113496378E-4" }, "geometry": { "type": "MultiLineString", "coordinates": [ [ [ 85.302883, 26.735956 ], [ 85.303416, 26.735967 ] ] ] } },
{ "type": "Feature", "properties": { "ID": "150164522", "TRK_NME": null, "FTR_CRY": "BG", "CITY_NME": null, "STT_NME": "Bihar", "SHAPE_Leng": "0.004910431318587" }, "geometry": { "type": "MultiLineString", "coordinates": [ [ [ 85.426676, 26.644075 ], [ 85.425884, 26.644435 ], [ 85.425165, 26.644774 ], [ 85.424768, 26.644865 ], [ 85.424323, 26.644914 ], [ 85.423932, 26.644874 ], [ 85.423578, 26.644777 ], [ 85.423295, 26.644667 ], [ 85.423152, 26.644596 ], [ 85.422972, 26.644471 ], [ 85.422713, 26.644218 ], [ 85.422566, 26.644016 ], [ 85.42238, 26.643736 ] ] ] } },
{ "type": "Feature", "properties": { "ID": "150164523", "TRK_NME": null, "FTR_CRY": "BG", "CITY_NME": null, "STT_NME": "Bihar", "SHAPE_Leng": "0.006715875514998" }, "geometry": { "type": "MultiLineString", "coordinates": [ [ [ 85.42238, 26.643736 ], [ 85.42228, 26.643394 ], [ 85.42224, 26.64315 ], [ 85.422227, 26.642912 ], [ 85.422237, 26.642802 ], [ 85.422373, 26.642261 ], [ 85.422935, 26.64047 ], [ 85.422969, 26.640318 ], [ 85.422999, 26.64011 ], [ 85.422989, 26.639673 ], [ 85.422876, 26.63715 ] ] ] } },
{ "type": "Feature", "properties": { "ID": "150164524", "TRK_NME": null, "FTR_CRY": "BG", "CITY_NME": "Sitamarhi", "STT_NME": "Bihar", "SHAPE_Leng": "0.013252419061343" }, "geometry": { "type": "MultiLineString", "coordinates": [ [ [ 85.499646, 26.598209 ], [ 85.499947, 26.598072 ], [ 85.501786, 26.59695 ], [ 85.502754, 26.596438 ], [ 85.503376, 26.596063 ], [ 85.504714, 26.595215 ], [ 85.505795, 26.594549 ], [ 85.507209, 26.593677 ], [ 85.508177, 26.593028 ], [ 85.509725, 26.592014 ], [ 85.510866, 26.591177 ] ] ] } },
{ "type": "Feature", "properties": { "ID": "150164550", "TRK_NME": null, "FTR_CRY": "BG", "CITY_NME": null, "STT_NME": "Bihar", "SHAPE_Leng": "0.008971755461875" }, "geometry": { "type": "MultiLineString", "coordinates": [ [ [ 85.53113, 26.558208 ], [ 85.531759, 26.559086 ], [ 85.532298, 26.560009 ], [ 85.53299, 26.561208 ], [ 85.533769, 26.562524 ], [ 85.534342, 26.563524 ], [ 85.535473, 26.565506 ], [ 85.535627, 26.565955 ] ] ] } },
{ "type": "Feature", "properties": { "ID": "150164551", "TRK_NME": null, "FTR_CRY": "BG", "CITY_NME": null, "STT_NME": "Bihar", "SHAPE_Leng": "0.009328239551568" }, "geometry": { "type": "MultiLineString", "coordinates": [ [ [ 85.519792, 26.406961 ], [ 85.520041, 26.408237 ], [ 85.520107, 26.409116 ], [ 85.52019, 26.410448 ], [ 85.520337, 26.412468 ], [ 85.520423, 26.413839 ], [ 85.520499, 26.415114 ], [ 85.520456, 26.416249 ] ] ] } },
{ "type": "Feature", "properties": { "ID": "150113389", "TRK_NME": null, "FTR_CRY": "BG", "CITY_NME": null, "STT_NME": "Bihar", "SHAPE_Leng": "0.046934617260582" }, "geometry": { "type": "MultiLineString", "coordinates": [ [ [ 85.20874, 26.751042 ], [ 85.210107, 26.749835 ], [ 85.21055, 26.749505 ], [ 85.211255, 26.749062 ], [ 85.212196, 26.748593 ], [ 85.212826, 26.74834 ], [ 85.213517, 26.748102 ], [ 85.214272, 26.747945 ], [ 85.217026, 26.747427 ], [ 85.220112, 26.746852 ], [ 85.223353, 26.746212 ], [ 85.225232, 26.745865 ], [ 85.226371, 26.745645 ], [ 85.228198, 26.74529 ], [ 85.229336, 26.745066 ], [ 85.230318, 26.744889 ], [ 85.235365, 26.74393 ], [ 85.236614, 26.743693 ], [ 85.239359, 26.74327 ], [ 85.240536, 26.743061 ], [ 85.241483, 26.742888 ], [ 85.24318, 26.742559 ], [ 85.245389, 26.742128 ], [ 85.247283, 26.741771 ], [ 85.247689, 26.741706 ], [ 85.251389, 26.740996 ], [ 85.254071, 26.740488 ] ] ] } },
{ "type": "Feature", "properties": { "ID": "150129345", "TRK_NME": null, "FTR_CRY": "BG", "CITY_NME": null, "STT_NME": "Bihar", "SHAPE_Leng": "7.18979832798E-4" }, "geometry": { "type": "MultiLineString", "coordinates": [ [ [ 85.254071, 26.740488 ], [ 85.254777, 26.740352 ] ] ] } },
{ "type": "Feature", "properties": { "ID": "150129346", "TRK_NME": null, "FTR_CRY": "BG", "CITY_NME": "Bairgania", "STT_NME": "Bihar", "SHAPE_Leng": "0.04959301170128" }, "geometry": { "type": "MultiLineString", "coordinates": [ [ [ 85.254777, 26.740352 ], [ 85.255422, 26.740218 ], [ 85.255991, 26.740105 ], [ 85.256684, 26.73998 ], [ 85.257063, 26.73993 ], [ 85.257522, 26.739915 ], [ 85.258201, 26.739933 ], [ 85.25851, 26.739971 ], [ 85.258983, 26.740084 ], [ 85.260584, 26.740744 ], [ 85.261143, 26.740952 ], [ 85.262381, 26.741412 ], [ 85.26271, 26.741501 ], [ 85.263186, 26.741605 ], [ 85.263622, 26.741667 ], [ 85.264024, 26.741718 ], [ 85.264593, 26.741712 ], [ 85.264953, 26.741694 ], [ 85.265366, 26.74165 ], [ 85.266317, 26.7414 ], [ 85.266726, 26.741251 ], [ 85.269429, 26.740135 ], [ 85.271894, 26.739107 ], [ 85.274014, 26.738262 ], [ 85.276104, 26.737365 ], [ 85.277871, 26.736618 ], [ 85.278441, 26.736385 ], [ 85.278919, 26.736195 ], [ 85.279448, 26.736023 ], [ 85.279836, 26.735944 ], [ 85.280113, 26.735886 ], [ 85.28039, 26.735831 ], [ 85.280653, 26.735784 ], [ 85.281028, 26.735731 ], [ 85.281315, 26.735695 ], [ 85.281898, 26.735572 ], [ 85.282237, 26.735519 ], [ 85.282723, 26.735489 ], [ 85.284107, 26.735483 ], [ 85.285086, 26.735519 ], [ 85.285618, 26.735537 ], [ 85.28613, 26.735531 ], [ 85.287149, 26.735542 ], [ 85.289535, 26.735618 ], [ 85.291407, 26.735668 ], [ 85.294396, 26.735755 ], [ 85.29818, 26.735834 ], [ 85.300237, 26.735903 ], [ 85.302883, 26.735956 ] ] ] } },
{ "type": "Feature", "properties": { "ID": "150113230", "TRK_NME": null, "FTR_CRY": "BG", "CITY_NME": null, "STT_NME": "Bihar", "SHAPE_Leng": "0.023593579800622" }, "geometry": { "type": "MultiLineString", "coordinates": [ [ [ 86.082482, 26.303282 ], [ 86.082075, 26.305162 ], [ 86.081861, 26.306303 ], [ 86.081606, 26.307599 ], [ 86.08132, 26.309187 ], [ 86.080872, 26.311578 ], [ 86.080515, 26.313084 ], [ 86.08024, 26.314618 ], [ 86.079914, 26.31627 ], [ 86.079656, 26.31755 ], [ 86.079445, 26.318533 ], [ 86.079211, 26.319501 ], [ 86.078742, 26.32181 ], [ 86.078334, 26.323745 ], [ 86.078141, 26.324731 ], [ 86.077835, 26.32641 ] ] ] } },
{ "type": "Feature", "properties": { "ID": "150113233", "TRK_NME": "Jhanjharpur to Laukaha Bazar", "FTR_CRY": "MG", "CITY_NME": null, "STT_NME": "Bihar", "SHAPE_Leng": "0.022199686651424" }, "geometry": { "type": "MultiLineString", "coordinates": [ [ [ 86.28068, 26.231854 ], [ 86.281351, 26.232038 ], [ 86.28186, 26.232182 ], [ 86.282155, 26.232312 ], [ 86.282489, 26.232486 ], [ 86.283352, 26.233052 ], [ 86.283931, 26.233567 ], [ 86.284427, 26.234112 ], [ 86.284935, 26.23491 ], [ 86.285376, 26.236055 ], [ 86.285519, 26.237231 ], [ 86.285365, 26.238504 ], [ 86.284865, 26.243449 ], [ 86.284574, 26.246935 ], [ 86.284125, 26.251537 ] ] ] } },
{ "type": "Feature", "properties": { "ID": "150113166", "TRK_NME": null, "FTR_CRY": "MG", "CITY_NME": null, "STT_NME": "Bihar", "SHAPE_Leng": "0.001827619489901" }, "geometry": { "type": "MultiLineString", "coordinates": [ [ [ 86.463046, 26.281132 ], [ 86.464814, 26.281595 ] ] ] } },
{ "type": "Feature", "properties": { "ID": "150131070", "TRK_NME": null, "FTR_CRY": "MG", "CITY_NME": null, "STT_NME": "Bihar", "SHAPE_Leng": "8.96518265302E-4" }, "geometry": { "type": "MultiLineString", "coordinates": [ [ [ 86.472211, 26.283587 ], [ 86.473084, 26.283791 ] ] ] } },
{ "type": "Feature", "properties": { "ID": "150131071", "TRK_NME": null, "FTR_CRY": "MG", "CITY_NME": "Ghoghardiha", "STT_NME": "Bihar", "SHAPE_Leng": "0.007660569463184" }, "geometry": { "type": "MultiLineString", "coordinates": [ [ [ 86.464814, 26.281595 ], [ 86.466234, 26.281967 ], [ 86.472211, 26.283587 ] ] ] } },
{ "type": "Feature", "properties": { "ID": "150131082", "TRK_NME": "Jhanjharpur to Laukaha Bazar", "FTR_CRY": "MG", "CITY_NME": null, "STT_NME": "Bihar", "SHAPE_Leng": "0.002818426650756" }, "geometry": { "type": "MultiLineString", "coordinates": [ [ [ 86.281761, 26.277164 ], [ 86.28171, 26.277653 ], [ 86.281567, 26.278612 ], [ 86.281312, 26.279945 ] ] ] } },
{ "type": "Feature", "properties": { "ID": "150113270", "TRK_NME": null, "FTR_CRY": "BG", "CITY_NME": null, "STT_NME": "Bihar", "SHAPE_Leng": "0.155133350010306" }, "geometry": { "type": "MultiLineString", "coordinates": [ [ [ 86.153755, 26.405443 ], [ 86.154459, 26.41246 ], [ 86.155118, 26.419037 ], [ 86.155408, 26.421624 ], [ 86.155816, 26.425555 ], [ 86.156182, 26.429149 ], [ 86.156265, 26.430033 ], [ 86.156872, 26.436075 ], [ 86.157004, 26.437076 ], [ 86.157422, 26.441901 ], [ 86.159999, 26.466937 ], [ 86.16099, 26.476562 ], [ 86.161448, 26.481601 ], [ 86.162353, 26.489766 ], [ 86.162407, 26.490678 ], [ 86.162353, 26.491566 ], [ 86.162247, 26.492286 ], [ 86.159814, 26.503376 ], [ 86.158371, 26.510279 ], [ 86.156417, 26.519576 ], [ 86.154529, 26.528561 ], [ 86.153468, 26.533523 ], [ 86.153209, 26.5347 ], [ 86.152695, 26.537033 ], [ 86.152249, 26.539308 ], [ 86.151969, 26.540688 ], [ 86.151588, 26.542391 ], [ 86.151313, 26.543598 ], [ 86.151104, 26.544591 ], [ 86.150809, 26.545989 ], [ 86.150544, 26.547192 ], [ 86.150148, 26.549119 ], [ 86.149863, 26.550485 ], [ 86.149634, 26.551141 ], [ 86.149405, 26.551787 ], [ 86.149018, 26.552922 ], [ 86.148483, 26.554488 ], [ 86.148086, 26.555431 ], [ 86.147531, 26.556989 ], [ 86.14703, 26.558324 ] ] ] } },
{ "type": "Feature", "properties": { "ID": "150132217", "TRK_NME": null, "FTR_CRY": "BG", "CITY_NME": "Satghara", "STT_NME": "Bihar", "SHAPE_Leng": "0.001587895462557" }, "geometry": { "type": "MultiLineString", "coordinates": [ [ [ 86.153007, 26.398506 ], [ 86.153201, 26.400082 ] ] ] } },
{ "type": "Feature", "properties": { "ID": "150132218", "TRK_NME": null, "FTR_CRY": "BG", "CITY_NME": null, "STT_NME": "Bihar", "SHAPE_Leng": "0.030107054754399" }, "geometry": { "type": "MultiLineString", "coordinates": [ [ [ 86.126466, 26.378741 ], [ 86.129531, 26.380258 ], [ 86.132612, 26.381787 ], [ 86.143447, 26.387192 ], [ 86.144867, 26.387909 ], [ 86.145398, 26.388225 ], [ 86.146258, 26.38877 ], [ 86.147374, 26.389593 ], [ 86.148443, 26.390515 ], [ 86.149574, 26.391655 ], [ 86.150348, 26.392659 ], [ 86.150684, 26.393161 ], [ 86.151132, 26.393817 ], [ 86.151519, 26.394565 ] ] ] } },
{ "type": "Feature", "properties": { "ID": "150132219", "TRK_NME": null, "FTR_CRY": "BG", "CITY_NME": "Satghara", "STT_NME": "Bihar", "SHAPE_Leng": "9.74966666101E-4" }, "geometry": { "type": "MultiLineString", "coordinates": [ [ [ 86.152131, 26.39587 ], [ 86.152559, 26.396746 ] ] ] } },
{ "type": "Feature", "properties": { "ID": "150132220", "TRK_NME": null, "FTR_CRY": "BG", "CITY_NME": "Satghara", "STT_NME": "Bihar", "SHAPE_Leng": "0.005389975096893" }, "geometry": { "type": "MultiLineString", "coordinates": [ [ [ 86.153201, 26.400082 ], [ 86.153415, 26.401843 ], [ 86.153755, 26.405443 ] ] ] } },
{ "type": "Feature", "properties": { "ID": "150132221", "TRK_NME": null, "FTR_CRY": "BG", "CITY_NME": "Satghara", "STT_NME": "Bihar", "SHAPE_Leng": "0.001816123343821" }, "geometry": { "type": "MultiLineString", "coordinates": [ [ [ 86.152559, 26.396746 ], [ 86.153007, 26.398506 ] ] ] } },
{ "type": "Feature", "properties": { "ID": "150132222", "TRK_NME": null, "FTR_CRY": "BG", "CITY_NME": "Satghara", "STT_NME": "Bihar", "SHAPE_Leng": "0.001441377466174" }, "geometry": { "type": "MultiLineString", "coordinates": [ [ [ 86.151519, 26.394565 ], [ 86.152131, 26.39587 ] ] ] } },
{ "type": "Feature", "properties": { "ID": "150164419", "TRK_NME": null, "FTR_CRY": "BG", "CITY_NME": "Jainagar", "STT_NME": "Bihar", "SHAPE_Leng": "0.010804365128219" }, "geometry": { "type": "MultiLineString", "coordinates": [ [ [ 86.137847, 26.583575 ], [ 86.136544, 26.584469 ], [ 86.13637, 26.584697 ], [ 86.135138, 26.588039 ], [ 86.134079, 26.591049 ], [ 86.133346, 26.593107 ] ] ] } },
{ "type": "Feature", "properties": { "ID": "150164420", "TRK_NME": null, "FTR_CRY": "BG", "CITY_NME": null, "STT_NME": "Bihar", "SHAPE_Leng": "0.01560935143216" }, "geometry": { "type": "MultiLineString", "coordinates": [ [ [ 86.133346, 26.593107 ], [ 86.132197, 26.596129 ], [ 86.131966, 26.596867 ], [ 86.131854, 26.597295 ], [ 86.131788, 26.597764 ], [ 86.131773, 26.598156 ], [ 86.131773, 26.598452 ], [ 86.131793, 26.598725 ], [ 86.131844, 26.599153 ], [ 86.131936, 26.599508 ], [ 86.132038, 26.599818 ], [ 86.132323, 26.600473 ], [ 86.13246, 26.600701 ], [ 86.132746, 26.601106 ], [ 86.136245, 26.605184 ], [ 86.13713513923004, 26.606204837344571 ] ] ] } },
{ "type": "Feature", "properties": { "ID": "150113224", "TRK_NME": null, "FTR_CRY": "MG", "CITY_NME": null, "STT_NME": "Bihar", "SHAPE_Leng": "0.0148204509923" }, "geometry": { "type": "MultiLineString", "coordinates": [ [ [ 86.608579, 26.14722 ], [ 86.607984, 26.146351 ], [ 86.606848, 26.144746 ], [ 86.606032, 26.143536 ], [ 86.605178, 26.142311 ], [ 86.604704, 26.141581 ], [ 86.604364, 26.140993 ], [ 86.604099, 26.14051 ], [ 86.60377, 26.139847 ], [ 86.603517, 26.139261 ], [ 86.603168, 26.138283 ], [ 86.603017, 26.137794 ], [ 86.602859, 26.137182 ], [ 86.602741, 26.136687 ], [ 86.60265, 26.136099 ], [ 86.602573, 26.135546 ], [ 86.602509, 26.134852 ], [ 86.602472, 26.134025 ] ] ] } },
{ "type": "Feature", "properties": { "ID": "150113369", "TRK_NME": null, "FTR_CRY": "MG", "CITY_NME": null, "STT_NME": "Bihar", "SHAPE_Leng": "0.025498334356892" }, "geometry": { "type": "MultiLineString", "coordinates": [ [ [ 86.603219, 26.11389 ], [ 86.603303, 26.113127 ], [ 86.603393, 26.112481 ], [ 86.603504, 26.11189 ], [ 86.603759, 26.110776 ], [ 86.604109, 26.109141 ], [ 86.604336, 26.108292 ], [ 86.604485, 26.107716 ], [ 86.6046, 26.107221 ], [ 86.605104, 26.105109 ], [ 86.60553, 26.103313 ], [ 86.60589, 26.101744 ], [ 86.606391, 26.099638 ], [ 86.607019, 26.096943 ], [ 86.607207, 26.096113 ], [ 86.607647, 26.094249 ], [ 86.607929, 26.093081 ], [ 86.608424, 26.090951 ], [ 86.608877, 26.089037 ] ] ] } },
{ "type": "Feature", "properties": { "ID": "150113249", "TRK_NME": "Saharsa Supaul to Forbesgunj", "FTR_CRY": "MG", "CITY_NME": null, "STT_NME": "Bihar", "SHAPE_Leng": "0.168299399650799" }, "geometry": { "type": "MultiLineString", "coordinates": [ [ [ 86.593644, 25.922405 ], [ 86.593577, 25.925085 ], [ 86.59355, 25.92739 ], [ 86.593544, 25.92817 ], [ 86.59355, 25.928411 ], [ 86.593926, 25.93109 ], [ 86.594718, 25.937187 ], [ 86.595935, 25.946164 ], [ 86.597141, 25.955192 ], [ 86.598235, 25.963649 ], [ 86.598551, 25.966245 ], [ 86.598919, 25.968821 ], [ 86.59953, 25.973228 ], [ 86.601026, 25.984443 ], [ 86.601657, 25.989295 ], [ 86.602744, 25.997371 ], [ 86.604121, 26.007796 ], [ 86.605074, 26.01496 ], [ 86.606246, 26.023663 ], [ 86.606414, 26.025027 ], [ 86.606538, 26.026011 ], [ 86.606706, 26.027248 ], [ 86.607283, 26.031473 ], [ 86.608425, 26.040058 ], [ 86.608781, 26.042743 ], [ 86.609003, 26.044397 ], [ 86.609292, 26.046515 ], [ 86.609728, 26.049835 ], [ 86.609987, 26.051862 ], [ 86.610329, 26.054467 ], [ 86.610591, 26.056434 ], [ 86.610883, 26.058661 ], [ 86.611071, 26.059974 ], [ 86.611494, 26.063131 ], [ 86.611897, 26.066175 ], [ 86.612478, 26.070443 ], [ 86.612525, 26.071302 ], [ 86.612522, 26.072093 ], [ 86.612481, 26.072871 ], [ 86.612434, 26.073417 ], [ 86.61236, 26.073982 ], [ 86.612283, 26.07451 ], [ 86.612167, 26.07509 ], [ 86.611672, 26.077048 ], [ 86.610681, 26.081484 ], [ 86.610002, 26.084242 ], [ 86.608877, 26.089037 ] ] ] } },
{ "type": "Feature", "properties": { "ID": "150113497", "TRK_NME": "Saharsa Supaul to Forbesgunj", "FTR_CRY": "MG", "CITY_NME": null, "STT_NME": "Bihar", "SHAPE_Leng": "0.494870777671506" }, "geometry": { "type": "MultiLineString", "coordinates": [ [ [ 86.608579, 26.14722 ], [ 86.611355, 26.151238 ], [ 86.612007, 26.152191 ], [ 86.613328, 26.15409 ], [ 86.614652, 26.156062 ], [ 86.619286, 26.162775 ], [ 86.623538, 26.168986 ], [ 86.625918, 26.172431 ], [ 86.626916, 26.17386 ], [ 86.628273, 26.175857 ], [ 86.632269, 26.181645 ], [ 86.633922, 26.184028 ], [ 86.637811, 26.189681 ], [ 86.638309, 26.190414 ], [ 86.639509, 26.192142 ], [ 86.640067, 26.192948 ], [ 86.643011, 26.197222 ], [ 86.644026, 26.198724 ], [ 86.6466, 26.202419 ], [ 86.64747, 26.203677 ], [ 86.649527, 26.206685 ], [ 86.651486, 26.209528 ], [ 86.654268, 26.213538 ], [ 86.661314, 26.223794 ], [ 86.661692, 26.224315 ], [ 86.662192, 26.224972 ], [ 86.662636, 26.225506 ], [ 86.662995, 26.225895 ], [ 86.663479, 26.226371 ], [ 86.664105, 26.226973 ], [ 86.664488, 26.227304 ], [ 86.665624, 26.228119 ], [ 86.667496, 26.229387 ], [ 86.671574, 26.232026 ], [ 86.676248, 26.23511 ], [ 86.67815, 26.236378 ], [ 86.678762, 26.236777 ], [ 86.680064, 26.237669 ], [ 86.680533, 26.238035 ], [ 86.681133, 26.238561 ], [ 86.681749, 26.239163 ], [ 86.682259, 26.239765 ], [ 86.682774, 26.240507 ], [ 86.683789, 26.242047 ], [ 86.685611, 26.24475 ], [ 86.687342, 26.247423 ], [ 86.68831, 26.248853 ], [ 86.689457, 26.250569 ], [ 86.690304, 26.251773 ], [ 86.691032, 26.25267 ], [ 86.691385, 26.253072 ], [ 86.691976, 26.253675 ], [ 86.692556, 26.254213 ], [ 86.693238, 26.254779 ], [ 86.693616, 26.25511 ], [ 86.694051, 26.255418 ], [ 86.694622, 26.255803 ], [ 86.695287, 26.256215 ], [ 86.696252, 26.256736 ], [ 86.697822, 26.257465 ], [ 86.703173, 26.259991 ], [ 86.706657, 26.26164 ], [ 86.709479, 26.262971 ], [ 86.71062, 26.263564 ], [ 86.710974, 26.263772 ], [ 86.711393, 26.26403 ], [ 86.712361, 26.264701 ], [ 86.712791, 26.265027 ], [ 86.713559, 26.265756 ], [ 86.716466, 26.268631 ], [ 86.721212, 26.273295 ], [ 86.724943, 26.276954 ], [ 86.728876, 26.280793 ], [ 86.730002, 26.281889 ], [ 86.731244, 26.283112 ], [ 86.732683, 26.284524 ], [ 86.73356, 26.285459 ], [ 86.734, 26.285919 ], [ 86.734606, 26.286698 ], [ 86.73534, 26.287736 ], [ 86.735636, 26.288233 ], [ 86.736328, 26.289645 ], [ 86.736903, 26.290945 ], [ 86.737686, 26.292819 ], [ 86.739136, 26.296266 ], [ 86.740427, 26.299308 ], [ 86.74075, 26.300128 ], [ 86.740917, 26.300458 ], [ 86.741211, 26.300905 ], [ 86.741432, 26.301196 ], [ 86.741871, 26.301681 ], [ 86.742366, 26.30212 ], [ 86.743179, 26.302704 ], [ 86.744103, 26.30332 ], [ 86.744523, 26.303569 ], [ 86.745356, 26.303949 ], [ 86.745993, 26.304171 ], [ 86.747553, 26.304579 ], [ 86.750064, 26.305272 ], [ 86.753135, 26.306122 ], [ 86.753646, 26.306241 ], [ 86.753973, 26.306294 ], [ 86.754444, 26.30632 ], [ 86.754994, 26.306303 ], [ 86.75535, 26.306279 ], [ 86.756661, 26.306158 ], [ 86.760671, 26.305693 ], [ 86.772612, 26.304375 ], [ 86.776137, 26.303999 ], [ 86.784115, 26.303118 ], [ 86.787148, 26.302783 ], [ 86.793157, 26.302122 ], [ 86.795268, 26.301898 ], [ 86.796422, 26.301771 ], [ 86.797958, 26.301594 ], [ 86.800513, 26.30132 ], [ 86.801441, 26.301216 ], [ 86.803435, 26.300981 ], [ 86.804916, 26.300804 ], [ 86.806206, 26.300691 ], [ 86.807613, 26.300521 ], [ 86.817155, 26.299462 ], [ 86.81918, 26.29924 ], [ 86.822213, 26.298919 ], [ 86.823551, 26.298758 ], [ 86.824117, 26.298681 ], [ 86.824675, 26.298633 ], [ 86.824998, 26.298622 ], [ 86.825461, 26.298608 ], [ 86.826082, 26.298595 ], [ 86.826433, 26.298597 ], [ 86.826986, 26.298636 ], [ 86.827511, 26.298695 ], [ 86.832966, 26.299335 ], [ 86.83409, 26.299448 ], [ 86.836078, 26.299684 ], [ 86.836411, 26.299729 ], [ 86.836896, 26.299799 ], [ 86.840561, 26.300207 ], [ 86.847167, 26.300909 ], [ 86.854972, 26.301781 ], [ 86.860003, 26.30233 ], [ 86.861305, 26.302511 ], [ 86.864159, 26.302846 ], [ 86.865907, 26.303023 ], [ 86.868574, 26.303359 ], [ 86.872171, 26.303784 ], [ 86.877888, 26.304409 ], [ 86.881949, 26.304884 ], [ 86.894738, 26.306329 ], [ 86.899093, 26.306797 ], [ 86.905982, 26.307601 ], [ 86.919486, 26.309107 ], [ 86.921029, 26.309277 ], [ 86.925348, 26.309752 ], [ 86.929561, 26.31021 ], [ 86.937178, 26.31107 ], [ 86.942946, 26.311709 ], [ 86.944668, 26.311876 ], [ 86.945941, 26.31203 ], [ 86.948542, 26.312338 ], [ 86.949002, 26.312392 ], [ 86.950326, 26.312551 ], [ 86.953084, 26.31285 ], [ 86.958584, 26.313479 ], [ 86.963539, 26.314027 ], [ 86.965504, 26.314235 ], [ 86.967408, 26.314448 ], [ 86.967858, 26.314538 ], [ 86.968207, 26.314624 ], [ 86.968585, 26.314747 ], [ 86.968954, 26.314901 ], [ 86.96953, 26.315159 ], [ 86.970045, 26.315453 ], [ 86.970585, 26.315851 ], [ 86.971444, 26.316494 ], [ 86.97306, 26.317668 ], [ 86.974692, 26.318895 ], [ 86.977708, 26.321104 ], [ 86.981456, 26.323917 ], [ 86.982679, 26.3248 ], [ 86.984518, 26.326158 ], [ 86.988484, 26.328943 ], [ 86.990302, 26.330397 ], [ 86.992045, 26.331773 ], [ 86.998946, 26.336931 ], [ 87.001154, 26.338575 ], [ 87.001836, 26.339204 ], [ 87.00223, 26.339571 ], [ 87.002578, 26.339969 ], [ 87.002866, 26.340345 ], [ 87.00324, 26.341001 ], [ 87.003836, 26.342011 ], [ 87.005013, 26.344248 ], [ 87.006175, 26.346381 ], [ 87.007312, 26.348284 ], [ 87.008111, 26.349519 ], [ 87.008859, 26.350684 ], [ 87.009723, 26.352168 ], [ 87.010493, 26.353457 ] ] ] } },
{ "type": "Feature", "properties": { "ID": "150113152", "TRK_NME": null, "FTR_CRY": "MG", "CITY_NME": null, "STT_NME": "Bihar", "SHAPE_Leng": "0.001367707936675" }, "geometry": { "type": "MultiLineString", "coordinates": [ [ [ 86.602472, 26.134025 ], [ 86.602516, 26.132658 ] ] ] } },
{ "type": "Feature", "properties": { "ID": "150131077", "TRK_NME": null, "FTR_CRY": "MG", "CITY_NME": "Supaul", "STT_NME": "Bihar", "SHAPE_Leng": "0.018781573205931" }, "geometry": { "type": "MultiLineString", "coordinates": [ [ [ 86.602516, 26.132658 ], [ 86.602553, 26.131801 ], [ 86.602576, 26.131131 ], [ 86.60263, 26.12959 ], [ 86.602745, 26.127019 ], [ 86.602879, 26.123606 ], [ 86.60296, 26.121678 ], [ 86.603083, 26.118399 ], [ 86.603169, 26.11596 ], [ 86.603185, 26.114861 ], [ 86.603219, 26.11389 ] ] ] } },
{ "type": "Feature", "properties": { "ID": "150113234", "TRK_NME": "Jhanjharpur to Laukaha Bazar", "FTR_CRY": "MG", "CITY_NME": null, "STT_NME": "Bihar", "SHAPE_Leng": "0.341739907639548" }, "geometry": { "type": "MultiLineString", "coordinates": [ [ [ 86.281312, 26.279945 ], [ 86.281079, 26.280868 ], [ 86.281032, 26.281071 ], [ 86.280965, 26.281984 ], [ 86.280889, 26.283779 ], [ 86.280884, 26.284119 ], [ 86.280914, 26.284713 ], [ 86.28096, 26.28527 ], [ 86.281159, 26.28634 ], [ 86.281494, 26.287696 ], [ 86.282039, 26.289317 ], [ 86.282287, 26.29 ], [ 86.282935, 26.291282 ], [ 86.283825, 26.292736 ], [ 86.284364, 26.293514 ], [ 86.285986, 26.295462 ], [ 86.297316, 26.309805 ], [ 86.303438, 26.317561 ], [ 86.304662, 26.319123 ], [ 86.305793, 26.320584 ], [ 86.30619, 26.321168 ], [ 86.30651, 26.321752 ], [ 86.307182, 26.322994 ], [ 86.30758, 26.323938 ], [ 86.309276, 26.328676 ], [ 86.310155, 26.3311 ], [ 86.312654, 26.338017 ], [ 86.313621, 26.340696 ], [ 86.315693, 26.346526 ], [ 86.316022, 26.347733 ], [ 86.316183, 26.348724 ], [ 86.316263, 26.349876 ], [ 86.316213, 26.351074 ], [ 86.316052, 26.352191 ], [ 86.313896, 26.366071 ], [ 86.313249, 26.370424 ], [ 86.313025, 26.371959 ], [ 86.312964, 26.372493 ], [ 86.312937, 26.37309 ], [ 86.312938, 26.37357 ], [ 86.312939, 26.373789 ], [ 86.312985, 26.374118 ], [ 86.313148, 26.375016 ], [ 86.31329, 26.375674 ], [ 86.313399, 26.376062 ], [ 86.313617, 26.376732 ], [ 86.314263, 26.378188 ], [ 86.315517, 26.381024 ], [ 86.317717, 26.38586 ], [ 86.319908, 26.390883 ], [ 86.32164, 26.394833 ], [ 86.322475, 26.396657 ], [ 86.322801, 26.397342 ], [ 86.323147, 26.397953 ], [ 86.323463, 26.398409 ], [ 86.32385, 26.398888 ], [ 86.324217, 26.399298 ], [ 86.324665, 26.399791 ], [ 86.325439, 26.400521 ], [ 86.330242, 26.404824 ], [ 86.336922, 26.410798 ], [ 86.342339, 26.415796 ], [ 86.345353, 26.419194 ], [ 86.347909, 26.421998 ], [ 86.352233, 26.426787 ], [ 86.361273, 26.436852 ], [ 86.368057, 26.444217 ], [ 86.377642, 26.455008 ], [ 86.380495, 26.458099 ], [ 86.382491, 26.460314 ], [ 86.383601, 26.461564 ], [ 86.384467, 26.462603 ], [ 86.385241, 26.463615 ], [ 86.386827, 26.466234 ], [ 86.38849, 26.469558 ], [ 86.391081, 26.477296 ], [ 86.393942, 26.486109 ], [ 86.394763, 26.488563 ], [ 86.395816, 26.491601 ], [ 86.396155, 26.492453 ], [ 86.39668, 26.493275 ], [ 86.397862, 26.494689 ], [ 86.398641, 26.495488 ], [ 86.399624, 26.496353 ], [ 86.400639, 26.497008 ], [ 86.401613, 26.497575 ], [ 86.40538, 26.499458 ], [ 86.409427, 26.501546 ], [ 86.418386, 26.506015 ], [ 86.42083, 26.507236 ], [ 86.422192, 26.508047 ], [ 86.423483, 26.508903 ], [ 86.425068, 26.510127 ], [ 86.426284, 26.511385 ], [ 86.427985, 26.513344 ], [ 86.430684, 26.516318 ], [ 86.432951, 26.518859 ], [ 86.437459, 26.523859 ], [ 86.442815, 26.529843 ], [ 86.443691, 26.530782 ], [ 86.443938, 26.531012 ], [ 86.444312, 26.531349 ], [ 86.4448, 26.531701 ], [ 86.445193, 26.531961 ], [ 86.445835, 26.532318 ], [ 86.446265, 26.532511 ], [ 86.446601, 26.532652 ], [ 86.447027, 26.532803 ], [ 86.447523, 26.532965 ], [ 86.447793, 26.533035 ], [ 86.448001, 26.53309 ], [ 86.448342, 26.533145 ], [ 86.449549, 26.533249 ], [ 86.450639, 26.533281 ], [ 86.452019, 26.533336 ], [ 86.452732, 26.533377 ], [ 86.453259, 26.533415 ], [ 86.453855, 26.533494 ], [ 86.454369, 26.533592 ], [ 86.454855, 26.533731 ], [ 86.455617, 26.533975 ], [ 86.456808, 26.534522 ], [ 86.457735, 26.535071 ], [ 86.458455, 26.535628 ], [ 86.459163, 26.53634 ], [ 86.459555, 26.536808 ], [ 86.460153, 26.537614 ], [ 86.461372, 26.540189 ], [ 86.464001, 26.545919 ] ] ] } },
{ "type": "Feature", "properties": { "ID": "150113242", "TRK_NME": "Samastipur Sakuri to Jayanagar", "FTR_CRY": "MG", "CITY_NME": null, "STT_NME": "Bihar", "SHAPE_Leng": "0.025552891149424" }, "geometry": { "type": "MultiLineString", "coordinates": [ [ [ 86.505255, 26.292064 ], [ 86.506468, 26.292371 ], [ 86.506998, 26.292494 ], [ 86.510017, 26.293106 ], [ 86.514089, 26.293893 ], [ 86.519056, 26.294869 ], [ 86.524145, 26.295843 ], [ 86.526441, 26.296282 ], [ 86.527575, 26.296486 ], [ 86.53032, 26.297021 ] ] ] } },
{ "type": "Feature", "properties": { "ID": "150113478", "TRK_NME": null, "FTR_CRY": "MG", "CITY_NME": null, "STT_NME": "Bihar", "SHAPE_Leng": "0.106707049917571" }, "geometry": { "type": "MultiLineString", "coordinates": [ [ [ 86.638343, 26.292945 ], [ 86.644828, 26.287972 ], [ 86.657301, 26.278456 ], [ 86.658842, 26.277222 ], [ 86.663029, 26.273472 ], [ 86.665871, 26.270924 ], [ 86.666407, 26.27052 ], [ 86.667066, 26.270091 ], [ 86.667736, 26.269748 ], [ 86.6684, 26.269477 ], [ 86.669042, 26.269272 ], [ 86.669685, 26.269096 ], [ 86.670413, 26.268953 ], [ 86.67096, 26.268896 ], [ 86.671587, 26.268867 ], [ 86.672501, 26.268896 ], [ 86.67317, 26.268962 ], [ 86.67624, 26.269663 ], [ 86.683783, 26.271437 ], [ 86.688427, 26.27258 ], [ 86.705868, 26.276655 ], [ 86.711637, 26.278025 ], [ 86.727962, 26.281896 ], [ 86.728838, 26.282148 ], [ 86.729524, 26.282415 ], [ 86.730437, 26.282877 ], [ 86.731327, 26.283506 ], [ 86.732631, 26.284692 ], [ 86.734, 26.285919 ] ] ] } },
{ "type": "Feature", "properties": { "ID": "150113498", "TRK_NME": null, "FTR_CRY": "BG", "CITY_NME": null, "STT_NME": "Bihar", "SHAPE_Leng": "0.24573802666322" }, "geometry": { "type": "MultiLineString", "coordinates": [ [ [ 86.174835, 26.037732 ], [ 86.177685, 26.031658 ], [ 86.177916, 26.031189 ], [ 86.178357, 26.030299 ], [ 86.17936, 26.028199 ], [ 86.180409, 26.025988 ], [ 86.181504, 26.023659 ], [ 86.182487, 26.021631 ], [ 86.184546, 26.017337 ], [ 86.19028, 26.005364 ], [ 86.192088, 26.001614 ], [ 86.193677, 25.998209 ], [ 86.195438, 25.994502 ], [ 86.197529, 25.990936 ], [ 86.202096, 25.983038 ], [ 86.203268, 25.981183 ], [ 86.205182, 25.97797 ], [ 86.206179, 25.976296 ], [ 86.208441, 25.972484 ], [ 86.209913, 25.97003 ], [ 86.210728, 25.968643 ], [ 86.211787, 25.966871 ], [ 86.212409, 25.965767 ], [ 86.213607, 25.963663 ], [ 86.214596, 25.961997 ], [ 86.215986, 25.959596 ], [ 86.216485, 25.958763 ], [ 86.217162, 25.95756 ], [ 86.218721, 25.954959 ], [ 86.22087, 25.951315 ], [ 86.222001, 25.949318 ], [ 86.222847, 25.947991 ], [ 86.223285, 25.947343 ], [ 86.223667, 25.946871 ], [ 86.224369, 25.94618 ], [ 86.225897, 25.944806 ], [ 86.229091, 25.942014 ], [ 86.229569, 25.941602 ], [ 86.230287, 25.941002 ], [ 86.232414, 25.939156 ], [ 86.234507, 25.937318 ], [ 86.235856, 25.936112 ], [ 86.236777, 25.935319 ], [ 86.238386, 25.933945 ], [ 86.239328, 25.933009 ], [ 86.239909, 25.932381 ], [ 86.24015, 25.932074 ], [ 86.240873, 25.93115 ], [ 86.241395, 25.930373 ], [ 86.241896, 25.929517 ], [ 86.242317, 25.928509 ], [ 86.242525, 25.927859 ], [ 86.242698, 25.927158 ], [ 86.24289, 25.925752 ], [ 86.243833, 25.919412 ], [ 86.245453, 25.909631 ], [ 86.246184, 25.905364 ], [ 86.246976, 25.900773 ], [ 86.247241, 25.89933 ], [ 86.247882, 25.895528 ], [ 86.248219, 25.8936 ], [ 86.248606, 25.891287 ], [ 86.24886, 25.889748 ], [ 86.249018, 25.888836 ], [ 86.249779, 25.884467 ], [ 86.25067, 25.881636 ], [ 86.251286, 25.879596 ], [ 86.251452, 25.879021 ], [ 86.256761, 25.861349 ], [ 86.257144, 25.860129 ], [ 86.257414, 25.859217 ], [ 86.257587, 25.858738 ], [ 86.25774, 25.858312 ], [ 86.25805, 25.857666 ], [ 86.258279, 25.857185 ], [ 86.258467, 25.856837 ], [ 86.259358, 25.85543 ], [ 86.259694, 25.854981 ], [ 86.259995, 25.854574 ], [ 86.260417, 25.854106 ], [ 86.260794, 25.853712 ], [ 86.2614, 25.853144 ], [ 86.262184, 25.85248 ], [ 86.262821, 25.851994 ], [ 86.277138, 25.842708 ], [ 86.282566, 25.839241 ], [ 86.28524, 25.83753 ], [ 86.288014, 25.835441 ], [ 86.288717, 25.834799 ], [ 86.288962, 25.834551 ], [ 86.28971, 25.83365 ], [ 86.290418, 25.83259 ], [ 86.291464, 25.830912 ] ] ] } },
{ "type": "Feature", "properties": { "ID": "150113499", "TRK_NME": null, "FTR_CRY": "BG", "CITY_NME": null, "STT_NME": "Bihar", "SHAPE_Leng": "0.165643378230636" }, "geometry": { "type": "MultiLineString", "coordinates": [ [ [ 86.084791, 26.210366 ], [ 86.086343, 26.210644 ], [ 86.08674, 26.210665 ], [ 86.087377, 26.210642 ], [ 86.0878, 26.210601 ], [ 86.088276, 26.210501 ], [ 86.088708, 26.210389 ], [ 86.089093, 26.210255 ], [ 86.089872, 26.209903 ], [ 86.09012, 26.209749 ], [ 86.090845, 26.209199 ], [ 86.091369, 26.208651 ], [ 86.092693, 26.207028 ], [ 86.095542, 26.203379 ], [ 86.097461, 26.20095 ], [ 86.098285, 26.199799 ], [ 86.098731, 26.199088 ], [ 86.099704, 26.197814 ], [ 86.100793, 26.196574 ], [ 86.101946, 26.195287 ], [ 86.102358, 26.194796 ], [ 86.102679, 26.194385 ], [ 86.104168, 26.192382 ], [ 86.106826, 26.189017 ], [ 86.107504, 26.188174 ], [ 86.108563, 26.186803 ], [ 86.109475, 26.185637 ], [ 86.11035, 26.184499 ], [ 86.11115, 26.183485 ], [ 86.113187, 26.1808 ], [ 86.116818, 26.176132 ], [ 86.11833, 26.174149 ], [ 86.119084, 26.173041 ], [ 86.119267, 26.17267 ], [ 86.11943, 26.172373 ], [ 86.119832, 26.17145 ], [ 86.120153, 26.170609 ], [ 86.1204, 26.169823 ], [ 86.12054, 26.169407 ], [ 86.120627, 26.168987 ], [ 86.120721, 26.168506 ], [ 86.121185, 26.165537 ], [ 86.121859, 26.161364 ], [ 86.12218, 26.15943 ], [ 86.122913, 26.154771 ], [ 86.123458, 26.151338 ], [ 86.123789, 26.149112 ], [ 86.124114, 26.147595 ], [ 86.12445, 26.146514 ], [ 86.124725, 26.146002 ], [ 86.125133, 26.145175 ], [ 86.126334, 26.143278 ], [ 86.128075, 26.140243 ], [ 86.132163, 26.133372 ], [ 86.13615, 26.126588 ], [ 86.137794, 26.123874 ], [ 86.138573, 26.122586 ], [ 86.139855, 26.120415 ], [ 86.141301, 26.117924 ], [ 86.143887, 26.11351 ], [ 86.144493, 26.112504 ], [ 86.145165, 26.111394 ], [ 86.147696, 26.106993 ], [ 86.148358, 26.105869 ], [ 86.149163, 26.104488 ], [ 86.152162, 26.099437 ], [ 86.154286, 26.095848 ], [ 86.157081, 26.09096 ], [ 86.158522, 26.088445 ], [ 86.159134, 26.087362 ], [ 86.159352, 26.086854 ], [ 86.159633, 26.085967 ], [ 86.159923, 26.084984 ], [ 86.160065, 26.084335 ], [ 86.160325, 26.083077 ], [ 86.160473, 26.08219 ], [ 86.160483, 26.08166 ], [ 86.16045, 26.081305 ], [ 86.16039, 26.079745 ], [ 86.159732, 26.077245 ], [ 86.159502, 26.075878 ], [ 86.159283, 26.074395 ], [ 86.159318, 26.073059 ], [ 86.159338, 26.071815 ], [ 86.15945, 26.071 ], [ 86.159664, 26.070131 ] ] ] } },
{ "type": "Feature", "properties": { "ID": "150113461", "TRK_NME": "Samastipur Sakuri to Jayanagar", "FTR_CRY": "BG", "CITY_NME": null, "STT_NME": "Bihar", "SHAPE_Leng": "0.090251076818714" }, "geometry": { "type": "MultiLineString", "coordinates": [ [ [ 85.986907, 26.18821 ], [ 85.98928, 26.188731 ], [ 85.993068, 26.189628 ], [ 85.99812, 26.190762 ], [ 86.004965, 26.192294 ], [ 86.009802, 26.193376 ], [ 86.021164, 26.195924 ], [ 86.0259, 26.196993 ], [ 86.029205, 26.197772 ], [ 86.031822, 26.198385 ], [ 86.033121, 26.198751 ], [ 86.034536, 26.199162 ], [ 86.036288, 26.199829 ], [ 86.038274, 26.200538 ], [ 86.039364, 26.200848 ], [ 86.039945, 26.200999 ], [ 86.040607, 26.201141 ], [ 86.041238, 26.201232 ], [ 86.043193, 26.201383 ], [ 86.045434, 26.201614 ], [ 86.046178, 26.201717 ], [ 86.048194, 26.202062 ], [ 86.05454, 26.203554 ], [ 86.059574, 26.204732 ], [ 86.067, 26.206335 ], [ 86.072102, 26.207457 ], [ 86.074866, 26.20803 ] ] ] } },
{ "type": "Feature", "properties": { "ID": "150127216", "TRK_NME": "Samastipur Sakuri to Jayanagar", "FTR_CRY": "MG", "CITY_NME": null, "STT_NME": "Bihar", "SHAPE_Leng": "0.010094785368803" }, "geometry": { "type": "MultiLineString", "coordinates": [ [ [ 86.074866, 26.20803 ], [ 86.079373, 26.209027 ], [ 86.082876, 26.209897 ], [ 86.084683, 26.210376 ] ] ] } },
{ "type": "Feature", "properties": { "ID": "150127217", "TRK_NME": "Samastipur Sakuri to Jayanagar", "FTR_CRY": "BG", "CITY_NME": null, "STT_NME": "Bihar", "SHAPE_Leng": "0.010210181746612" }, "geometry": { "type": "MultiLineString", "coordinates": [ [ [ 86.074866, 26.20803 ], [ 86.07589, 26.208131 ], [ 86.077743, 26.208507 ], [ 86.080883, 26.2093 ], [ 86.081545, 26.209515 ], [ 86.082994, 26.20988 ], [ 86.084791, 26.210366 ] ] ] } },
{ "type": "Feature", "properties": { "ID": "150127218", "TRK_NME": "Samastipur Sakuri to Jayanagar", "FTR_CRY": "BG", "CITY_NME": null, "STT_NME": "Bihar", "SHAPE_Leng": "0.010040367694726" }, "geometry": { "type": "MultiLineString", "coordinates": [ [ [ 86.074866, 26.20803 ], [ 86.075304, 26.208195 ], [ 86.076246, 26.208428 ], [ 86.079322, 26.209136 ], [ 86.081515, 26.209593 ], [ 86.082896, 26.209937 ], [ 86.084617, 26.2104 ] ] ] } },
{ "type": "Feature", "properties": { "ID": "150127219", "TRK_NME": "Samastipur Sakuri to Jayanagar", "FTR_CRY": "MG", "CITY_NME": null, "STT_NME": "Bihar", "SHAPE_Leng": "0.198196161649125" }, "geometry": { "type": "MultiLineString", "coordinates": [ [ [ 86.084683, 26.210376 ], [ 86.087663, 26.210996 ], [ 86.09245, 26.212143 ], [ 86.095204, 26.212758 ], [ 86.098876, 26.21361 ], [ 86.101796, 26.214236 ], [ 86.103015, 26.214511 ], [ 86.103732, 26.214654 ], [ 86.104737, 26.214804 ], [ 86.106255, 26.2149 ], [ 86.108083, 26.214931 ], [ 86.113552, 26.214898 ], [ 86.125009, 26.214785 ], [ 86.134918, 26.214707 ], [ 86.14674, 26.214585 ], [ 86.164776, 26.214438 ], [ 86.178003, 26.214298 ], [ 86.183452, 26.214242 ], [ 86.187791, 26.21422 ], [ 86.190324, 26.214264 ], [ 86.191276, 26.214337 ], [ 86.192896, 26.214593 ], [ 86.195045, 26.215031 ], [ 86.205463, 26.216997 ], [ 86.215991, 26.219085 ], [ 86.219951, 26.219855 ], [ 86.22655, 26.221165 ], [ 86.23022, 26.221892 ], [ 86.233695, 26.222568 ], [ 86.237326, 26.22327 ], [ 86.242998, 26.224384 ], [ 86.248882, 26.225561 ], [ 86.253985, 26.226557 ], [ 86.256109, 26.227008 ], [ 86.258698, 26.227543 ], [ 86.260973, 26.227951 ], [ 86.263946, 26.228569 ], [ 86.265677, 26.228893 ], [ 86.270921, 26.229947 ], [ 86.274994, 26.230744 ], [ 86.28068, 26.231854 ] ] ] } },
{ "type": "Feature", "properties": { "ID": "150127220", "TRK_NME": "Samastipur Sakuri to Jayanagar", "FTR_CRY": "MG", "CITY_NME": null, "STT_NME": "Bihar", "SHAPE_Leng": "0.154940296903845" }, "geometry": { "type": "MultiLineString", "coordinates": [ [ [ 86.28068, 26.231854 ], [ 86.281847, 26.232073 ], [ 86.282193, 26.23213 ], [ 86.284432, 26.232587 ], [ 86.28795, 26.233305 ], [ 86.292324, 26.234021 ], [ 86.300233, 26.235077 ], [ 86.309054, 26.23628 ], [ 86.313138, 26.236833 ], [ 86.317472, 26.237441 ], [ 86.319012, 26.237756 ], [ 86.326062, 26.2394 ], [ 86.329545, 26.240278 ], [ 86.347077, 26.244535 ], [ 86.3597, 26.247612 ], [ 86.368356, 26.249695 ], [ 86.370383, 26.250193 ], [ 86.371322, 26.250426 ], [ 86.372303, 26.250717 ], [ 86.372776, 26.250863 ], [ 86.373912, 26.251333 ], [ 86.37492, 26.251786 ], [ 86.376316, 26.252521 ], [ 86.378908, 26.253954 ], [ 86.382234, 26.255735 ], [ 86.388722, 26.259298 ], [ 86.390636, 26.260321 ], [ 86.394181, 26.262158 ], [ 86.396014, 26.26319 ], [ 86.396931, 26.263638 ], [ 86.398194, 26.264268 ], [ 86.400394, 26.264917 ], [ 86.409733, 26.267338 ], [ 86.421598, 26.270412 ], [ 86.429211, 26.272352 ] ] ] } },
{ "type": "Feature", "properties": { "ID": "150113500", "TRK_NME": null, "FTR_CRY": "BG", "CITY_NME": null, "STT_NME": "Bihar", "SHAPE_Leng": "0.011762160599809" }, "geometry": { "type": "MultiLineString", "coordinates": [ [ [ 86.169714, 26.04832 ], [ 86.170004, 26.047787 ], [ 86.171709, 26.044247 ], [ 86.173504, 26.040481 ], [ 86.174835, 26.037732 ] ] ] } },
{ "type": "Feature", "properties": { "ID": "150129292", "TRK_NME": null, "FTR_CRY": "BG", "CITY_NME": null, "STT_NME": "Bihar", "SHAPE_Leng": "0.00842226911232" }, "geometry": { "type": "MultiLineString", "coordinates": [ [ [ 86.165711, 26.05683 ], [ 86.16929, 26.049206 ] ] ] } },
{ "type": "Feature", "properties": { "ID": "150129293", "TRK_NME": null, "FTR_CRY": "BG", "CITY_NME": null, "STT_NME": "Bihar", "SHAPE_Leng": "0.00350009473484" }, "geometry": { "type": "MultiLineString", "coordinates": [ [ [ 86.159664, 26.070131 ], [ 86.159878, 26.069262 ], [ 86.160132, 26.068576 ], [ 86.160875, 26.066856 ] ] ] } },
{ "type": "Feature", "properties": { "ID": "150129294", "TRK_NME": null, "FTR_CRY": "BG", "CITY_NME": null, "STT_NME": "Bihar", "SHAPE_Leng": "0.011131505182895" }, "geometry": { "type": "MultiLineString", "coordinates": [ [ [ 86.160875, 26.066856 ], [ 86.165538, 26.057212 ], [ 86.165711, 26.05683 ] ] ] } },
{ "type": "Feature", "properties": { "ID": "150129295", "TRK_NME": null, "FTR_CRY": "BG", "CITY_NME": "Benipur", "STT_NME": "Bihar", "SHAPE_Leng": "9.82239811094E-4" }, "geometry": { "type": "MultiLineString", "coordinates": [ [ [ 86.16929, 26.049206 ], [ 86.169292, 26.049201 ], [ 86.169714, 26.04832 ] ] ] } },
{ "type": "Feature", "properties": { "ID": "150113399", "TRK_NME": null, "FTR_CRY": "BG", "CITY_NME": null, "STT_NME": "Bihar", "SHAPE_Leng": "0.044130330443469" }, "geometry": { "type": "MultiLineString", "coordinates": [ [ [ 86.087019, 26.358964 ], [ 86.087625, 26.359279 ], [ 86.090904, 26.360922 ], [ 86.096801, 26.363875 ], [ 86.099001, 26.364988 ], [ 86.100904, 26.366003 ], [ 86.102255, 26.366617 ], [ 86.103786, 26.36738 ], [ 86.105036, 26.367996 ], [ 86.106139, 26.368545 ], [ 86.107244, 26.369093 ], [ 86.108107, 26.369538 ], [ 86.108946, 26.369963 ], [ 86.109801, 26.370383 ], [ 86.110609, 26.370799 ], [ 86.111356, 26.371209 ], [ 86.114676, 26.372813 ], [ 86.115494, 26.373229 ], [ 86.116442, 26.373713 ], [ 86.117247, 26.374111 ], [ 86.118104, 26.374535 ], [ 86.118989, 26.374981 ], [ 86.119883, 26.375428 ], [ 86.121393, 26.376178 ], [ 86.122549, 26.376751 ], [ 86.124984, 26.377974 ], [ 86.126466, 26.378741 ] ] ] } },
{ "type": "Feature", "properties": { "ID": "150113406", "TRK_NME": "Samastipur Sakuri to Jayanagar", "FTR_CRY": "BG", "CITY_NME": null, "STT_NME": "Bihar", "SHAPE_Leng": "0.0675377874223" }, "geometry": { "type": "MultiLineString", "coordinates": [ [ [ 85.919868, 26.180331 ], [ 85.944876, 26.183054 ], [ 85.950156, 26.183593 ], [ 85.953023, 26.183922 ], [ 85.963898, 26.185161 ], [ 85.970306, 26.185831 ], [ 85.979421, 26.186789 ], [ 85.982273, 26.1871 ], [ 85.982553, 26.187141 ], [ 85.983943, 26.18749 ], [ 85.986907, 26.18821 ] ] ] } },
{ "type": "Feature", "properties": { "ID": "150113352", "TRK_NME": null, "FTR_CRY": "MG", "CITY_NME": null, "STT_NME": "Bihar", "SHAPE_Leng": "0.033218617966162" }, "geometry": { "type": "MultiLineString", "coordinates": [ [ [ 86.473084, 26.283791 ], [ 86.479643, 26.285498 ], [ 86.485381, 26.286981 ], [ 86.490117, 26.288161 ], [ 86.494323, 26.289212 ], [ 86.498942, 26.290399 ], [ 86.5011, 26.290994 ], [ 86.502891, 26.291429 ], [ 86.505255, 26.292064 ] ] ] } },
{ "type": "Feature", "properties": { "ID": "150113353", "TRK_NME": null, "FTR_CRY": "MG", "CITY_NME": null, "STT_NME": "Bihar", "SHAPE_Leng": "0.034956272972624" }, "geometry": { "type": "MultiLineString", "coordinates": [ [ [ 86.429211, 26.272352 ], [ 86.434476, 26.27375 ], [ 86.435678, 26.274065 ], [ 86.437734, 26.274596 ], [ 86.439555, 26.27507 ], [ 86.440475, 26.2753 ], [ 86.442348, 26.275757 ], [ 86.444986, 26.276458 ], [ 86.449269, 26.277586 ], [ 86.452166, 26.278346 ], [ 86.455898, 26.279323 ], [ 86.459524, 26.280259 ], [ 86.463046, 26.281132 ] ] ] } },
{ "type": "Feature", "properties": { "ID": "150113430", "TRK_NME": null, "FTR_CRY": "BG", "CITY_NME": null, "STT_NME": "Bihar", "SHAPE_Leng": "0.100609135587161" }, "geometry": { "type": "MultiLineString", "coordinates": [ [ [ 86.084617, 26.2104 ], [ 86.086065, 26.210804 ], [ 86.087476, 26.211308 ], [ 86.088571, 26.211784 ], [ 86.088876, 26.211952 ], [ 86.089477, 26.212295 ], [ 86.09022, 26.212763 ], [ 86.09074, 26.213077 ], [ 86.091407, 26.213588 ], [ 86.092151, 26.214194 ], [ 86.093057, 26.215034 ], [ 86.09435, 26.216533 ], [ 86.094839, 26.217245 ], [ 86.095399, 26.218132 ], [ 86.095959, 26.219082 ], [ 86.096386, 26.220105 ], [ 86.096692, 26.220909 ], [ 86.096906, 26.221732 ], [ 86.09715, 26.222664 ], [ 86.097343, 26.224071 ], [ 86.097414, 26.225295 ], [ 86.097424, 26.226117 ], [ 86.097363, 26.226958 ], [ 86.09722, 26.227899 ], [ 86.096303, 26.23244 ], [ 86.094499, 26.241673 ], [ 86.092469, 26.252051 ], [ 86.09171, 26.255787 ], [ 86.091078, 26.25912 ], [ 86.089877, 26.265393 ], [ 86.089357, 26.268251 ], [ 86.089001, 26.269995 ], [ 86.087504, 26.277828 ], [ 86.086903, 26.280887 ], [ 86.08618, 26.284658 ], [ 86.08565, 26.287144 ], [ 86.085008, 26.290511 ], [ 86.083873, 26.296409 ], [ 86.082482, 26.303282 ] ] ] } },
{ "type": "Feature", "properties": { "ID": "150113108", "TRK_NME": "Samastipur Sakuri to Jayanagar", "FTR_CRY": "BG", "CITY_NME": null, "STT_NME": "Bihar", "SHAPE_Leng": "6.40784675212E-4" }, "geometry": { "type": "MultiLineString", "coordinates": [ [ [ 85.919234, 26.180238 ], [ 85.919868, 26.180331 ] ] ] } },
{ "type": "Feature", "properties": { "ID": "150113113", "TRK_NME": null, "FTR_CRY": "BG", "CITY_NME": null, "STT_NME": "Bihar", "SHAPE_Leng": "0.018741664336276" }, "geometry": { "type": "MultiLineString", "coordinates": [ [ [ 86.14703, 26.558324 ], [ 86.146755, 26.55908 ], [ 86.146096, 26.560928 ], [ 86.145505, 26.562582 ], [ 86.145325, 26.563067 ], [ 86.144683, 26.56486 ], [ 86.144244, 26.566131 ], [ 86.14401, 26.566723 ], [ 86.143767, 26.567379 ], [ 86.143422, 26.568377 ], [ 86.1431, 26.569235 ], [ 86.142772, 26.570125 ], [ 86.14225, 26.571567 ], [ 86.141774, 26.572824 ], [ 86.141381, 26.573939 ], [ 86.140649, 26.575945 ] ] ] } },
{ "type": "Feature", "properties": { "ID": "150129409", "TRK_NME": null, "FTR_CRY": "BG", "CITY_NME": "Jainagar", "STT_NME": "Bihar", "SHAPE_Leng": "5.42609435981E-4" }, "geometry": { "type": "MultiLineString", "coordinates": [ [ [ 86.140649, 26.575945 ], [ 86.140461, 26.576454 ] ] ] } },
{ "type": "Feature", "properties": { "ID": "150113117", "TRK_NME": null, "FTR_CRY": "BG", "CITY_NME": null, "STT_NME": "Bihar", "SHAPE_Leng": "0.001676260283277" }, "geometry": { "type": "MultiLineString", "coordinates": [ [ [ 86.085506, 26.358243 ], [ 86.086046, 26.358485 ], [ 86.087019, 26.358964 ] ] ] } },
{ "type": "Feature", "properties": { "ID": "150129356", "TRK_NME": null, "FTR_CRY": "BG", "CITY_NME": null, "STT_NME": "Bihar", "SHAPE_Leng": "0.001524070864441" }, "geometry": { "type": "MultiLineString", "coordinates": [ [ [ 86.077345, 26.32913 ], [ 86.077111, 26.330636 ] ] ] } },
{ "type": "Feature", "properties": { "ID": "150129357", "TRK_NME": null, "FTR_CRY": "BG", "CITY_NME": null, "STT_NME": "Bihar", "SHAPE_Leng": "0.001177801341454" }, "geometry": { "type": "MultiLineString", "coordinates": [ [ [ 86.077835, 26.32641 ], [ 86.077631, 26.32757 ] ] ] } },
{ "type": "Feature", "properties": { "ID": "150129358", "TRK_NME": null, "FTR_CRY": "BG", "CITY_NME": "Madhubani", "STT_NME": "Bihar", "SHAPE_Leng": "0.031863330595083" }, "geometry": { "type": "MultiLineString", "coordinates": [ [ [ 86.077111, 26.330636 ], [ 86.077109, 26.330648 ], [ 86.076913, 26.331711 ], [ 86.076706, 26.332733 ], [ 86.076419, 26.334183 ], [ 86.076188, 26.335383 ], [ 86.075939, 26.33667 ], [ 86.075694, 26.337924 ], [ 86.07551, 26.338827 ], [ 86.075254, 26.340157 ], [ 86.075111, 26.340911 ], [ 86.075032, 26.341473 ], [ 86.075015, 26.342128 ], [ 86.075083, 26.342779 ], [ 86.07524, 26.343334 ], [ 86.075475, 26.343791 ], [ 86.075561, 26.344031 ], [ 86.075816, 26.344685 ], [ 86.076361, 26.346034 ], [ 86.076788, 26.347152 ], [ 86.07748, 26.34883 ], [ 86.0782, 26.350604 ], [ 86.078922, 26.352394 ], [ 86.07947, 26.353605 ], [ 86.079713, 26.354154 ], [ 86.07992, 26.354493 ], [ 86.080348, 26.355074 ], [ 86.080615, 26.355386 ], [ 86.080924, 26.355699 ], [ 86.081366, 26.35609 ], [ 86.08201, 26.356501 ], [ 86.082879, 26.356924 ], [ 86.083841, 26.357413 ], [ 86.085506, 26.358243 ] ] ] } },
{ "type": "Feature", "properties": { "ID": "150129359", "TRK_NME": null, "FTR_CRY": "BG", "CITY_NME": "Madhubani", "STT_NME": "Bihar", "SHAPE_Leng": "0.001586000000043" }, "geometry": { "type": "MultiLineString", "coordinates": [ [ [ 86.077631, 26.32757 ], [ 86.077345, 26.32913 ] ] ] } },
{ "type": "Feature", "properties": { "ID": "150113114", "TRK_NME": null, "FTR_CRY": "BG", "CITY_NME": null, "STT_NME": "Bihar", "SHAPE_Leng": "0.001240616782084" }, "geometry": { "type": "MultiLineString", "coordinates": [ [ [ 86.134169, 26.593822 ], [ 86.133748, 26.594989 ] ] ] } },
{ "type": "Feature", "properties": { "ID": "150132253", "TRK_NME": null, "FTR_CRY": "BG", "CITY_NME": "Jainagar", "STT_NME": "Bihar", "SHAPE_Leng": "0.018474281657408" }, "geometry": { "type": "MultiLineString", "coordinates": [ [ [ 86.140461, 26.576454 ], [ 86.140369, 26.576652 ], [ 86.138939, 26.580574 ], [ 86.137847, 26.583575 ], [ 86.135957, 26.588989 ], [ 86.135499, 26.590246 ], [ 86.134267, 26.593593 ], [ 86.134169, 26.593822 ] ] ] } },
{ "type": "Feature", "properties": { "ID": "150132254", "TRK_NME": null, "FTR_CRY": "BG", "CITY_NME": "Jainagar", "STT_NME": "Bihar", "SHAPE_Leng": "0.00202358569631" }, "geometry": { "type": "MultiLineString", "coordinates": [ [ [ 86.133748, 26.594989 ], [ 86.133552, 26.595585 ], [ 86.133315, 26.596214 ], [ 86.133061, 26.596892 ] ] ] } },
{ "type": "Feature", "properties": { "ID": "150113301", "TRK_NME": "Narktiaganj to Gorakpur", "FTR_CRY": "BG", "CITY_NME": null, "STT_NME": "Bihar", "SHAPE_Leng": "0.217391780293282" }, "geometry": { "type": "MultiLineString", "coordinates": [ [ [ 85.817553, 25.902669 ], [ 85.822949, 25.90705 ], [ 85.825913, 25.909519 ], [ 85.826767, 25.910303 ], [ 85.827461, 25.911012 ], [ 85.830445, 25.914276 ], [ 85.835097, 25.919353 ], [ 85.835411, 25.919684 ], [ 85.838513, 25.923094 ], [ 85.842406, 25.927265 ], [ 85.843307, 25.928308 ], [ 85.844196, 25.92934 ], [ 85.845068, 25.930338 ], [ 85.845644, 25.930973 ], [ 85.847075, 25.932562 ], [ 85.848526, 25.934196 ], [ 85.84958, 25.935387 ], [ 85.851691, 25.93776 ], [ 85.853173, 25.939394 ], [ 85.853735, 25.940026 ], [ 85.856068, 25.942635 ], [ 85.857915, 25.944761 ], [ 85.858324, 25.945229 ], [ 85.858637, 25.945684 ], [ 85.858793, 25.945967 ], [ 85.859073, 25.946593 ], [ 85.859226, 25.946979 ], [ 85.859342, 25.947353 ], [ 85.859429, 25.947754 ], [ 85.859633, 25.948799 ], [ 85.859971, 25.950546 ], [ 85.860856, 25.955124 ], [ 85.861202, 25.957006 ], [ 85.861828, 25.960219 ], [ 85.86217, 25.962113 ], [ 85.862323, 25.96287 ], [ 85.862666, 25.964662 ], [ 85.863096, 25.967141 ], [ 85.863748, 25.970379 ], [ 85.863932, 25.971173 ], [ 85.864114, 25.971961 ], [ 85.864353, 25.973013 ], [ 85.864601, 25.973938 ], [ 85.86491, 25.975083 ], [ 85.865139, 25.975928 ], [ 85.865343, 25.976674 ], [ 85.865454, 25.977127 ], [ 85.865529, 25.977402 ], [ 85.865891, 25.978791 ], [ 85.866036, 25.979433 ], [ 85.866416, 25.980884 ], [ 85.866632, 25.981616 ], [ 85.867029, 25.98304 ], [ 85.867878, 25.986119 ], [ 85.868117, 25.987025 ], [ 85.869183, 25.990898 ], [ 85.869649, 25.992572 ], [ 85.869979, 25.993831 ], [ 85.870606, 25.996062 ], [ 85.870788, 25.996538 ], [ 85.870863, 25.996684 ], [ 85.870979, 25.996901 ], [ 85.871601, 25.997774 ], [ 85.871978, 25.998341 ], [ 85.872237, 25.998888 ], [ 85.872313, 25.999074 ], [ 85.872548, 25.999826 ], [ 85.872829, 26.000711 ], [ 85.873028, 26.001423 ], [ 85.873125, 26.001873 ], [ 85.873152, 26.002098 ], [ 85.873164, 26.002461 ], [ 85.873157, 26.003899 ], [ 85.873194, 26.004297 ], [ 85.873272, 26.004717 ], [ 85.873613, 26.00576 ], [ 85.874002, 26.006986 ], [ 85.874358, 26.008113 ], [ 85.874851, 26.009574 ], [ 85.87551, 26.011361 ], [ 85.876921, 26.015204 ], [ 85.878317, 26.019017 ], [ 85.878681, 26.019994 ], [ 85.879278, 26.02162 ], [ 85.879724, 26.022872 ], [ 85.880872, 26.026066 ], [ 85.881555, 26.027989 ], [ 85.882621, 26.03091 ], [ 85.883443, 26.033123 ], [ 85.883776, 26.034185 ], [ 85.883876, 26.034555 ], [ 85.884149, 26.035931 ], [ 85.884298, 26.037004 ], [ 85.884522, 26.038424 ], [ 85.884661, 26.039333 ], [ 85.884791, 26.040248 ], [ 85.884938, 26.041244 ], [ 85.885105, 26.042359 ], [ 85.885161, 26.042769 ], [ 85.885268, 26.043456 ], [ 85.885388, 26.044314 ], [ 85.885523, 26.045023 ], [ 85.885666, 26.045552 ], [ 85.885768, 26.045837 ], [ 85.886238, 26.047058 ], [ 85.886994, 26.048909 ], [ 85.887415, 26.049911 ], [ 85.887838, 26.050957 ], [ 85.889199, 26.054309 ], [ 85.889564, 26.055242 ], [ 85.890112, 26.056634 ], [ 85.890896, 26.058553 ], [ 85.891089, 26.05906 ], [ 85.89128, 26.059484 ], [ 85.891623, 26.060353 ], [ 85.892211, 26.06185 ], [ 85.892901, 26.063542 ], [ 85.893336, 26.06463 ], [ 85.893511, 26.06512 ], [ 85.893912, 26.066017 ], [ 85.894175, 26.066553 ], [ 85.89511, 26.068201 ], [ 85.895689, 26.06911 ], [ 85.896328, 26.070288 ], [ 85.896897, 26.071507 ], [ 85.89727, 26.072305 ], [ 85.89782, 26.073495 ], [ 85.898326, 26.074663 ], [ 85.898921, 26.075909 ], [ 85.899251, 26.076701 ], [ 85.899504, 26.077224 ], [ 85.8998, 26.077953 ], [ 85.900023, 26.078443 ], [ 85.900553, 26.079603 ], [ 85.900815, 26.080197 ], [ 85.901125, 26.08087 ], [ 85.901421, 26.081512 ], [ 85.901694, 26.082134 ], [ 85.90249, 26.083894 ], [ 85.902836, 26.084695 ], [ 85.903066, 26.085277 ], [ 85.903425, 26.086709 ], [ 85.903582, 26.087946 ], [ 85.903612, 26.088905 ], [ 85.903572, 26.090062 ], [ 85.90348, 26.092392 ], [ 85.903428, 26.093855 ], [ 85.903352, 26.095688 ] ] ] } },
{ "type": "Feature", "properties": { "ID": "150113032", "TRK_NME": "Narktiaganj to Gorakpur", "FTR_CRY": "BG", "CITY_NME": null, "STT_NME": "Bihar", "SHAPE_Leng": "0.021162242556614" }, "geometry": { "type": "MultiLineString", "coordinates": [ [ [ 85.891866, 26.188254 ], [ 85.890428, 26.189501 ], [ 85.889257, 26.19033 ], [ 85.888452, 26.19079 ], [ 85.887923, 26.191079 ], [ 85.887271, 26.191414 ], [ 85.885514, 26.192172 ], [ 85.883291, 26.193106 ], [ 85.882569, 26.193443 ], [ 85.881534, 26.193966 ], [ 85.880566, 26.19459 ], [ 85.879611, 26.195226 ], [ 85.877415, 26.196751 ], [ 85.87386, 26.199183 ] ] ] } },
{ "type": "Feature", "properties": { "ID": "150129460", "TRK_NME": "Narktiaganj to Gorakpur", "FTR_CRY": "BG", "CITY_NME": null, "STT_NME": "Bihar", "SHAPE_Leng": "0.00146293301215" }, "geometry": { "type": "MultiLineString", "coordinates": [ [ [ 85.903352, 26.095688 ], [ 85.903335, 26.096234 ], [ 85.9033, 26.09715 ] ] ] } },
{ "type": "Feature", "properties": { "ID": "150129461", "TRK_NME": "Narktiaganj to Gorakpur", "FTR_CRY": "BG", "CITY_NME": "Darbhanga", "STT_NME": "Bihar", "SHAPE_Leng": "0.096987648488388" }, "geometry": { "type": "MultiLineString", "coordinates": [ [ [ 85.9033, 26.09715 ], [ 85.903285, 26.097773 ], [ 85.903232, 26.098936 ], [ 85.903197, 26.099818 ], [ 85.903152, 26.100769 ], [ 85.903102, 26.102107 ], [ 85.90309, 26.102746 ], [ 85.903074, 26.103487 ], [ 85.903064, 26.103892 ], [ 85.90303, 26.104711 ], [ 85.902987, 26.105765 ], [ 85.903004, 26.106477 ], [ 85.903064, 26.10691 ], [ 85.90317, 26.107525 ], [ 85.903347, 26.108084 ], [ 85.904025, 26.110041 ], [ 85.904694, 26.11193 ], [ 85.905137, 26.113131 ], [ 85.905456, 26.114024 ], [ 85.906129, 26.11582 ], [ 85.906415, 26.11662 ], [ 85.906838, 26.117782 ], [ 85.907294, 26.11901 ], [ 85.907767, 26.120318 ], [ 85.908365, 26.121974 ], [ 85.909134, 26.124119 ], [ 85.909694, 26.125615 ], [ 85.910074, 26.126696 ], [ 85.910337, 26.127472 ], [ 85.910515, 26.128117 ], [ 85.910699, 26.128931 ], [ 85.910822, 26.129636 ], [ 85.910906, 26.130556 ], [ 85.910913, 26.131282 ], [ 85.910903, 26.131724 ], [ 85.91077, 26.133038 ], [ 85.910584, 26.134448 ], [ 85.910311, 26.136416 ], [ 85.910228, 26.13719 ], [ 85.910089, 26.138434 ], [ 85.909859, 26.140075 ], [ 85.909763, 26.140765 ], [ 85.909646, 26.141892 ], [ 85.909444, 26.143466 ], [ 85.909147, 26.145449 ], [ 85.908945, 26.146996 ], [ 85.908796, 26.147978 ], [ 85.9087, 26.148572 ], [ 85.908686, 26.148641 ], [ 85.908389, 26.149687 ], [ 85.90821, 26.150739 ], [ 85.90811, 26.151951 ], [ 85.908073, 26.152665 ], [ 85.907883, 26.15412 ], [ 85.907456, 26.157259 ], [ 85.906952, 26.160252 ], [ 85.906656, 26.161823 ], [ 85.906323, 26.163719 ], [ 85.905414, 26.167181 ], [ 85.905077, 26.168142 ], [ 85.904443, 26.169652 ], [ 85.903677, 26.171113 ], [ 85.903165, 26.171971 ], [ 85.902752, 26.172655 ], [ 85.902386, 26.173226 ], [ 85.901315, 26.174787 ], [ 85.899383, 26.177918 ], [ 85.899231, 26.178013 ], [ 85.898612, 26.178948 ], [ 85.897704, 26.180229 ], [ 85.895155, 26.183944 ], [ 85.893255, 26.18666 ], [ 85.892634, 26.187445 ], [ 85.891945, 26.188186 ], [ 85.891866, 26.188254 ] ] ] } },
{ "type": "Feature", "properties": { "ID": "150132258", "TRK_NME": "Samastipur Sakuri to Jayanagar", "FTR_CRY": "BG", "CITY_NME": "Darbhanga", "STT_NME": "Bihar", "SHAPE_Leng": "0.023362971868763" }, "geometry": { "type": "MultiLineString", "coordinates": [ [ [ 85.906323, 26.163719 ], [ 85.90612, 26.166392 ], [ 85.906226, 26.167563 ], [ 85.906436, 26.168877 ], [ 85.906636, 26.169648 ], [ 85.907091, 26.171009 ], [ 85.907344, 26.171613 ], [ 85.907692, 26.172281 ], [ 85.908033, 26.17293 ], [ 85.908796, 26.174027 ], [ 85.909398, 26.174844 ], [ 85.909564, 26.175032 ], [ 85.910434, 26.175931 ], [ 85.911231, 26.176621 ], [ 85.911713, 26.177008 ], [ 85.912166, 26.177332 ], [ 85.912912, 26.177819 ], [ 85.914226, 26.178622 ], [ 85.914729, 26.17887 ], [ 85.915594, 26.179235 ], [ 85.916735, 26.179688 ], [ 85.917234, 26.179822 ], [ 85.918485, 26.180139 ], [ 85.919234, 26.180238 ] ] ] } },
{ "type": "Feature", "properties": { "ID": "150113160", "TRK_NME": null, "FTR_CRY": "MG", "CITY_NME": "Nirmali", "STT_NME": "Bihar", "SHAPE_Leng": "0.004004519403817" }, "geometry": { "type": "MultiLineString", "coordinates": [ [ [ 86.573061, 26.305323 ], [ 86.573171, 26.305345 ], [ 86.573672, 26.305418 ], [ 86.575234, 26.305701 ], [ 86.577, 26.306042 ] ] ] } },
{ "type": "Feature", "properties": { "ID": "150131068", "TRK_NME": null, "FTR_CRY": "MG", "CITY_NME": "Nirmali", "STT_NME": "Bihar", "SHAPE_Leng": "0.003664258315177" }, "geometry": { "type": "MultiLineString", "coordinates": [ [ [ 86.563002, 26.303274 ], [ 86.566587, 26.304032 ] ] ] } },
{ "type": "Feature", "properties": { "ID": "150131069", "TRK_NME": null, "FTR_CRY": "MG", "CITY_NME": "Nirmali", "STT_NME": "Bihar", "SHAPE_Leng": "0.006602707466196" }, "geometry": { "type": "MultiLineString", "coordinates": [ [ [ 86.566587, 26.304032 ], [ 86.570596, 26.304768 ], [ 86.573061, 26.305323 ] ] ] } },
{ "type": "Feature", "properties": { "ID": "150113095", "TRK_NME": "Jhanjharpur to Laukaha Bazar", "FTR_CRY": "MG", "CITY_NME": null, "STT_NME": "Bihar", "SHAPE_Leng": "0.009814938206615" }, "geometry": { "type": "MultiLineString", "coordinates": [ [ [ 86.284125, 26.251537 ], [ 86.283051, 26.261293 ] ] ] } },
{ "type": "Feature", "properties": { "ID": "150131083", "TRK_NME": "Jhanjharpur to Laukaha Bazar", "FTR_CRY": "MG", "CITY_NME": "Jhanjharpur", "STT_NME": "Bihar", "SHAPE_Leng": "0.015968108259177" }, "geometry": { "type": "MultiLineString", "coordinates": [ [ [ 86.283051, 26.261293 ], [ 86.282797, 26.263599 ], [ 86.282617, 26.265274 ], [ 86.282381, 26.267297 ], [ 86.282003, 26.268608 ], [ 86.281956, 26.268952 ], [ 86.281925, 26.270885 ], [ 86.281792, 26.276836 ], [ 86.281761, 26.277164 ] ] ] } },
{ "type": "Feature", "properties": { "ID": "150113360", "TRK_NME": null, "FTR_CRY": "MG", "CITY_NME": null, "STT_NME": "Bihar", "SHAPE_Leng": "0.03327548715462" }, "geometry": { "type": "MultiLineString", "coordinates": [ [ [ 86.53032, 26.297021 ], [ 86.536634, 26.298254 ], [ 86.545963, 26.300074 ], [ 86.556626, 26.302047 ], [ 86.559814, 26.302644 ], [ 86.560874, 26.302874 ], [ 86.563002, 26.303274 ] ] ] } },
{ "type": "Feature", "properties": { "ID": "150113477", "TRK_NME": null, "FTR_CRY": "MG", "CITY_NME": null, "STT_NME": "Bihar", "SHAPE_Leng": "0.067995653705034" }, "geometry": { "type": "MultiLineString", "coordinates": [ [ [ 86.577, 26.306042 ], [ 86.585763, 26.307669 ], [ 86.599155, 26.310259 ], [ 86.604393, 26.311251 ], [ 86.606663, 26.311748 ], [ 86.607915, 26.311978 ], [ 86.608379, 26.312037 ], [ 86.608731, 26.312069 ], [ 86.609178, 26.312088 ], [ 86.610242, 26.31201 ], [ 86.611213, 26.31186 ], [ 86.611948, 26.31169 ], [ 86.612269, 26.311563 ], [ 86.613201, 26.311175 ], [ 86.613909, 26.310805 ], [ 86.614527, 26.310451 ], [ 86.616673, 26.308871 ], [ 86.622994, 26.304002 ], [ 86.630618, 26.298171 ], [ 86.633693, 26.29586 ], [ 86.638343, 26.292945 ] ] ] } },
{ "type": "Feature", "properties": { "ID": "150113194", "TRK_NME": "Saharsa Supaul to Forbesgunj", "FTR_CRY": "MG", "CITY_NME": null, "STT_NME": "Bihar", "SHAPE_Leng": "0.01046888455159" }, "geometry": { "type": "MultiLineString", "coordinates": [ [ [ 87.010493, 26.353457 ], [ 87.011408, 26.355136 ], [ 87.012532, 26.357013 ], [ 87.015769, 26.362498 ] ] ] } },
{ "type": "Feature", "properties": { "ID": "150113255", "TRK_NME": "Supaul to Forbesgunj", "FTR_CRY": "MG", "CITY_NME": null, "STT_NME": "Bihar", "SHAPE_Leng": "0.222780984549869" }, "geometry": { "type": "MultiLineString", "coordinates": [ [ [ 87.010493, 26.353457 ], [ 87.010382, 26.353077 ], [ 87.010341, 26.352921 ], [ 87.010313, 26.352792 ], [ 87.010265, 26.352468 ], [ 87.010258, 26.3523 ], [ 87.010258, 26.352114 ], [ 87.010268, 26.351918 ], [ 87.010291, 26.351716 ], [ 87.010311, 26.351535 ], [ 87.010364, 26.351351 ], [ 87.010439, 26.35111 ], [ 87.010498, 26.350962 ], [ 87.010657, 26.350643 ], [ 87.010847, 26.350355 ], [ 87.011051, 26.350111 ], [ 87.011291, 26.349853 ], [ 87.011493, 26.349674 ], [ 87.011612, 26.349586 ], [ 87.011802, 26.349468 ], [ 87.012062, 26.349318 ], [ 87.012388, 26.349157 ], [ 87.012707, 26.34904 ], [ 87.012924, 26.348969 ], [ 87.013338, 26.348874 ], [ 87.013855, 26.34884 ], [ 87.014199, 26.348845 ], [ 87.014495, 26.348861 ], [ 87.016104, 26.348999 ], [ 87.019035, 26.349244 ], [ 87.020387, 26.349325 ], [ 87.022931, 26.349534 ], [ 87.024351, 26.349645 ], [ 87.026079, 26.34979 ], [ 87.028018, 26.349932 ], [ 87.029321, 26.350034 ], [ 87.029978, 26.3501 ], [ 87.030446, 26.350172 ], [ 87.031097, 26.350274 ], [ 87.031548, 26.35036 ], [ 87.031954, 26.350446 ], [ 87.034539, 26.351026 ], [ 87.037184, 26.35161 ], [ 87.043919, 26.353127 ], [ 87.045224, 26.353416 ], [ 87.046456, 26.353713 ], [ 87.047545, 26.353971 ], [ 87.05267, 26.355124 ], [ 87.054327, 26.355497 ], [ 87.058857, 26.356496 ], [ 87.064972, 26.357859 ], [ 87.067154, 26.358373 ], [ 87.068794, 26.358737 ], [ 87.06932, 26.358814 ], [ 87.069841, 26.358855 ], [ 87.070283, 26.358866 ], [ 87.07093, 26.358841 ], [ 87.071665, 26.358751 ], [ 87.072367, 26.358663 ], [ 87.073848, 26.358304 ], [ 87.075541, 26.357861 ], [ 87.076789, 26.357517 ], [ 87.077446, 26.357331 ], [ 87.078017, 26.357177 ], [ 87.079488, 26.356923 ], [ 87.080468, 26.35676 ], [ 87.089633, 26.355337 ], [ 87.091063, 26.355105 ], [ 87.09566, 26.354385 ], [ 87.09838, 26.353962 ], [ 87.099215, 26.353812 ], [ 87.100202, 26.353681 ], [ 87.100546, 26.353627 ], [ 87.100873, 26.353557 ], [ 87.101258, 26.353471 ], [ 87.101882, 26.353289 ], [ 87.10213, 26.35321 ], [ 87.102656, 26.353004 ], [ 87.10299, 26.352848 ], [ 87.103235, 26.352726 ], [ 87.103922, 26.352334 ], [ 87.104551, 26.351956 ], [ 87.105089, 26.35158 ], [ 87.105433, 26.351291 ], [ 87.105731, 26.351021 ], [ 87.106135, 26.350627 ], [ 87.106547, 26.350172 ], [ 87.106896, 26.349681 ], [ 87.107118, 26.349277 ], [ 87.107411, 26.348775 ], [ 87.107644, 26.34836 ], [ 87.108576, 26.346552 ], [ 87.109369, 26.345003 ], [ 87.109847, 26.344064 ], [ 87.110825, 26.342249 ], [ 87.11129, 26.341364 ], [ 87.11297, 26.338106 ], [ 87.114529, 26.334952 ], [ 87.114878, 26.334275 ], [ 87.116101, 26.331897 ], [ 87.11695, 26.330219 ], [ 87.117437, 26.329288 ], [ 87.117741, 26.328708 ], [ 87.117951, 26.32835 ], [ 87.118221, 26.327972 ], [ 87.118491, 26.327601 ], [ 87.118905, 26.327128 ], [ 87.119358, 26.326688 ], [ 87.119631, 26.326462 ], [ 87.119848, 26.326276 ], [ 87.12021, 26.326012 ], [ 87.120632, 26.325741 ], [ 87.120887, 26.325597 ], [ 87.121225, 26.325407 ], [ 87.121584, 26.325237 ], [ 87.122127, 26.325015 ], [ 87.122711, 26.324797 ], [ 87.125748, 26.323767 ], [ 87.128437, 26.322818 ], [ 87.130031, 26.322295 ], [ 87.13131, 26.321858 ], [ 87.134465, 26.320779 ], [ 87.135307, 26.320492 ], [ 87.13583, 26.320338 ], [ 87.136437, 26.320172 ], [ 87.136886, 26.320089 ], [ 87.137334, 26.320021 ], [ 87.137718, 26.319982 ], [ 87.138203, 26.319944 ], [ 87.139838, 26.319862 ], [ 87.141025, 26.319844 ], [ 87.141445, 26.319817 ], [ 87.141935, 26.319744 ], [ 87.142236, 26.31971 ], [ 87.142883, 26.31966 ], [ 87.143817, 26.319636 ], [ 87.146314, 26.319525 ], [ 87.148019, 26.319441 ], [ 87.149288, 26.319346 ], [ 87.151277, 26.319244 ], [ 87.152388, 26.319199 ], [ 87.154283, 26.31909 ], [ 87.156044, 26.318986 ], [ 87.158066, 26.318889 ], [ 87.160547, 26.318759 ], [ 87.163344, 26.318612 ], [ 87.166106, 26.31849 ], [ 87.167948, 26.318388 ], [ 87.170005, 26.318284 ], [ 87.171311, 26.318209 ], [ 87.177848, 26.317874 ], [ 87.180613, 26.317722 ], [ 87.181747, 26.317666 ], [ 87.185141, 26.317489 ], [ 87.185851, 26.317451 ], [ 87.187794, 26.317356 ], [ 87.196147, 26.316925 ], [ 87.19707, 26.31688 ], [ 87.202376, 26.316594 ], [ 87.203672, 26.316533 ], [ 87.205251, 26.316452 ], [ 87.207417, 26.316329 ], [ 87.209987, 26.316159 ], [ 87.211558, 26.316076 ], [ 87.211931, 26.316054 ] ] ] } },
{ "type": "Feature", "properties": { "ID": "150113416", "TRK_NME": null, "FTR_CRY": "BG", "CITY_NME": null, "STT_NME": "Bihar", "SHAPE_Leng": "0.06572903106008" }, "geometry": { "type": "MultiLineString", "coordinates": [ [ [ 87.417574, 26.133655 ], [ 87.418446, 26.13324 ], [ 87.420382, 26.132309 ], [ 87.420714, 26.132155 ], [ 87.423044, 26.131042 ], [ 87.423464, 26.130835 ], [ 87.425091, 26.130058 ], [ 87.425727, 26.129755 ], [ 87.426551, 26.12936 ], [ 87.427626, 26.128846 ], [ 87.429097, 26.128145 ], [ 87.430561, 26.127443 ], [ 87.431169, 26.127153 ], [ 87.432163, 26.126673 ], [ 87.433165, 26.126197 ], [ 87.433649, 26.125961 ], [ 87.435524, 26.125062 ], [ 87.436174, 26.124751 ], [ 87.437107, 26.124316 ], [ 87.437858, 26.123951 ], [ 87.438533, 26.123597 ], [ 87.438718, 26.1235 ], [ 87.439312, 26.123166 ], [ 87.439548, 26.123031 ], [ 87.440015, 26.122749 ], [ 87.440096, 26.122698 ], [ 87.440769, 26.122273 ], [ 87.44178, 26.121618 ], [ 87.441883, 26.121557 ], [ 87.441982, 26.121493 ], [ 87.442308, 26.121268 ], [ 87.442711, 26.120979 ], [ 87.442988, 26.120761 ], [ 87.443448, 26.120379 ], [ 87.44366, 26.12019 ], [ 87.443971, 26.119878 ], [ 87.444303, 26.119539 ], [ 87.444389, 26.119447 ], [ 87.444639, 26.11915 ], [ 87.445001, 26.118701 ], [ 87.445074, 26.118595 ], [ 87.445264, 26.118316 ], [ 87.445585, 26.117836 ], [ 87.445716, 26.117611 ], [ 87.446118, 26.116892 ], [ 87.446485, 26.116242 ], [ 87.446695, 26.115874 ], [ 87.447138, 26.115083 ], [ 87.447965, 26.113627 ], [ 87.448202, 26.113207 ], [ 87.449027, 26.11175 ], [ 87.449888, 26.110252 ], [ 87.450667, 26.108862 ], [ 87.451055, 26.108184 ], [ 87.451711, 26.10702 ], [ 87.45248, 26.105659 ], [ 87.452877, 26.104952 ], [ 87.453431, 26.103982 ], [ 87.453682, 26.103543 ], [ 87.453903, 26.103166 ], [ 87.454684, 26.101769 ], [ 87.455405, 26.100486 ], [ 87.45598, 26.099489 ], [ 87.456606, 26.098368 ], [ 87.457084, 26.097531 ], [ 87.457923, 26.096042 ], [ 87.458474, 26.095067 ], [ 87.458937, 26.094238 ], [ 87.459364, 26.093493 ], [ 87.459855, 26.092615 ], [ 87.460927, 26.090726 ], [ 87.461211, 26.090236 ], [ 87.461654, 26.089444 ], [ 87.461974, 26.088891 ] ] ] } },
{ "type": "Feature", "properties": { "ID": "150164514", "TRK_NME": null, "FTR_CRY": "BG", "CITY_NME": null, "STT_NME": "Bihar", "SHAPE_Leng": "0.009113440554941" }, "geometry": { "type": "MultiLineString", "coordinates": [ [ [ 87.417574, 26.133655 ], [ 87.417179, 26.1339 ], [ 87.412024, 26.136362 ], [ 87.410134, 26.137252 ], [ 87.409358, 26.137591 ] ] ] } },
{ "type": "Feature", "properties": { "ID": "150113254", "TRK_NME": "Supaul to Forbesgunj", "FTR_CRY": "BG", "CITY_NME": null, "STT_NME": "Bihar", "SHAPE_Leng": "0.218462440296192" }, "geometry": { "type": "MultiLineString", "coordinates": [ [ [ 87.461974, 26.088891 ], [ 87.463214, 26.086688 ], [ 87.463813, 26.085635 ], [ 87.464933, 26.083668 ], [ 87.465195, 26.083195 ], [ 87.465638, 26.082406 ], [ 87.466185, 26.081435 ], [ 87.467447, 26.079211 ], [ 87.467885, 26.078436 ], [ 87.468726, 26.076954 ], [ 87.469253, 26.076027 ], [ 87.469519, 26.075554 ], [ 87.470684, 26.073498 ], [ 87.471165, 26.072643 ], [ 87.472027, 26.071128 ], [ 87.472834, 26.069709 ], [ 87.473542, 26.068454 ], [ 87.474104, 26.067457 ], [ 87.474452, 26.066847 ], [ 87.474748, 26.066324 ], [ 87.475067, 26.065756 ], [ 87.47749, 26.061474 ], [ 87.478025, 26.060538 ], [ 87.47864, 26.05944 ], [ 87.479221, 26.058417 ], [ 87.479896, 26.057224 ], [ 87.480275, 26.056552 ], [ 87.481768, 26.053919 ], [ 87.482519, 26.052595 ], [ 87.483605, 26.050704 ], [ 87.484538, 26.049034 ], [ 87.486381, 26.045789 ], [ 87.486882, 26.044895 ], [ 87.487358, 26.044051 ], [ 87.487755, 26.043351 ], [ 87.490365, 26.038744 ], [ 87.491295, 26.037107 ], [ 87.493872, 26.032559 ], [ 87.495286, 26.030066 ], [ 87.498469, 26.024449 ], [ 87.499233, 26.023095 ], [ 87.500173, 26.021414 ], [ 87.500402, 26.020968 ], [ 87.500964, 26.019812 ], [ 87.501408, 26.018772 ], [ 87.503968, 26.012841 ], [ 87.505138, 26.010133 ], [ 87.507573, 26.0045 ], [ 87.508476, 26.002437 ], [ 87.508809, 26.001646 ], [ 87.510108, 25.998638 ], [ 87.511066, 25.996437 ], [ 87.511356, 25.995771 ], [ 87.512414, 25.993324 ], [ 87.513729, 25.990273 ], [ 87.514867, 25.987667 ], [ 87.51508, 25.987182 ], [ 87.515805, 25.985494 ], [ 87.516847, 25.983086 ], [ 87.518638, 25.978945 ], [ 87.519344, 25.97732 ], [ 87.520459, 25.974745 ], [ 87.523223, 25.968372 ], [ 87.524111, 25.966316 ], [ 87.524494, 25.965444 ], [ 87.525611, 25.962858 ], [ 87.526, 25.961973 ], [ 87.526584, 25.960624 ], [ 87.527066, 25.959503 ], [ 87.527792, 25.957829 ], [ 87.528733, 25.955634 ], [ 87.529267, 25.954395 ], [ 87.531201, 25.950042 ], [ 87.534292, 25.94317 ], [ 87.534449, 25.942577 ], [ 87.534858, 25.94007 ], [ 87.534886, 25.936957 ], [ 87.534969, 25.928646 ], [ 87.535021, 25.922296 ], [ 87.535087, 25.911365 ], [ 87.535123, 25.904299 ], [ 87.535135, 25.902845 ], [ 87.535165, 25.89864 ], [ 87.535174, 25.897272 ], [ 87.535176, 25.896437 ], [ 87.535204, 25.894349 ], [ 87.535215, 25.892396 ], [ 87.535165, 25.89104 ], [ 87.535129, 25.890573 ], [ 87.535004, 25.889414 ], [ 87.534719, 25.887697 ] ] ] } },
{ "type": "Feature", "properties": { "ID": "150113340", "TRK_NME": null, "FTR_CRY": "BG", "CITY_NME": null, "STT_NME": "Bihar", "SHAPE_Leng": "0.011471319719617" }, "geometry": { "type": "MultiLineString", "coordinates": [ [ [ 87.240261, 26.372295 ], [ 87.240442, 26.372624 ], [ 87.24065, 26.373 ], [ 87.240823, 26.373294 ], [ 87.241192, 26.373896 ], [ 87.241629, 26.374516 ], [ 87.242537, 26.375602 ], [ 87.243103, 26.376287 ], [ 87.243508, 26.376758 ], [ 87.244399, 26.377845 ], [ 87.245086, 26.378651 ], [ 87.245996, 26.37974 ], [ 87.246645, 26.380512 ], [ 87.246914, 26.380835 ], [ 87.247309, 26.381316 ] ] ] } },
{ "type": "Feature", "properties": { "ID": "150113178", "TRK_NME": null, "FTR_CRY": "BG", "CITY_NME": null, "STT_NME": "Bihar", "SHAPE_Leng": "1.76388775189E-4" }, "geometry": { "type": "MultiLineString", "coordinates": [ [ [ 87.247309, 26.381316 ], [ 87.247426, 26.381448 ] ] ] } },
{ "type": "Feature", "properties": { "ID": "150129379", "TRK_NME": null, "FTR_CRY": "BG", "CITY_NME": "Jogabani", "STT_NME": "Bihar", "SHAPE_Leng": "0.003040401845683" }, "geometry": { "type": "MultiLineString", "coordinates": [ [ [ 87.247426, 26.381448 ], [ 87.247657, 26.381726 ], [ 87.247903, 26.382005 ], [ 87.248331, 26.38252 ], [ 87.248775, 26.383057 ], [ 87.249373, 26.383783 ] ] ] } },
{ "type": "Feature", "properties": { "ID": "150113309", "TRK_NME": null, "FTR_CRY": "BG", "CITY_NME": null, "STT_NME": "Bihar", "SHAPE_Leng": "0.030621070277415" }, "geometry": { "type": "MultiLineString", "coordinates": [ [ [ 87.237665, 26.342889 ], [ 87.236735, 26.347219 ], [ 87.236142, 26.350069 ], [ 87.235932, 26.351073 ], [ 87.235483, 26.35332 ], [ 87.235371, 26.353908 ], [ 87.235259, 26.354892 ], [ 87.235182, 26.355816 ], [ 87.235162, 26.356399 ], [ 87.235172, 26.357673 ], [ 87.235222, 26.358473 ], [ 87.235336, 26.359439 ], [ 87.235552, 26.360635 ], [ 87.235628, 26.361007 ], [ 87.235924, 26.362168 ], [ 87.236035, 26.362561 ], [ 87.23645, 26.3637 ], [ 87.236635, 26.364171 ], [ 87.237369, 26.365838 ], [ 87.238716, 26.368819 ], [ 87.239557, 26.370708 ], [ 87.240261, 26.372295 ] ] ] } },
{ "type": "Feature", "properties": { "ID": "150164510", "TRK_NME": null, "FTR_CRY": "BG", "CITY_NME": null, "STT_NME": "Bihar", "SHAPE_Leng": "0.027314065372452" }, "geometry": { "type": "MultiLineString", "coordinates": [ [ [ 87.249373, 26.383783 ], [ 87.249935, 26.384443 ], [ 87.251926, 26.386831 ], [ 87.252659, 26.387714 ], [ 87.254887, 26.390374 ], [ 87.255694, 26.391333 ], [ 87.256445, 26.392268 ], [ 87.257066, 26.392969 ], [ 87.257707, 26.39375 ], [ 87.259416, 26.395788 ], [ 87.26008, 26.396672 ], [ 87.260541, 26.397471 ], [ 87.261148, 26.398531 ], [ 87.262888, 26.401514 ], [ 87.264689, 26.404526 ], [ 87.265093, 26.405198 ], [ 87.265384143723949, 26.405728427471988 ] ] ] } },
{ "type": "Feature", "properties": { "ID": "150164511", "TRK_NME": null, "FTR_CRY": "BG", "CITY_NME": null, "STT_NME": "Bihar", "SHAPE_Leng": "0.007755001619992" }, "geometry": { "type": "MultiLineString", "coordinates": [ [ [ 87.265093, 26.405198 ], [ 87.264941, 26.404836 ], [ 87.264325, 26.403814 ], [ 87.263332, 26.402127 ], [ 87.261516, 26.399009 ], [ 87.261148, 26.398531 ] ] ] } },
{ "type": "Feature", "properties": { "ID": "150113378", "TRK_NME": null, "FTR_CRY": "BG", "CITY_NME": null, "STT_NME": "Bihar", "SHAPE_Leng": "0.018798323258306" }, "geometry": { "type": "MultiLineString", "coordinates": [ [ [ 87.273717, 26.265223 ], [ 87.27334, 26.265874 ], [ 87.273272, 26.265992 ], [ 87.272895, 26.266766 ], [ 87.272684, 26.26725 ], [ 87.272578, 26.26752 ], [ 87.272061, 26.269047 ], [ 87.271745, 26.270002 ], [ 87.271325, 26.271278 ], [ 87.270351, 26.274301 ], [ 87.269994, 26.275394 ], [ 87.268852, 26.278915 ], [ 87.267543, 26.28295 ] ] ] } },
{ "type": "Feature", "properties": { "ID": "150127224", "TRK_NME": null, "FTR_CRY": "MG", "CITY_NME": null, "STT_NME": "Bihar", "SHAPE_Leng": "0.00302833198338" }, "geometry": { "type": "MultiLineString", "coordinates": [ [ [ 87.251856, 26.312568 ], [ 87.251008, 26.312927 ], [ 87.250575, 26.313103 ], [ 87.24935, 26.313533 ], [ 87.24902, 26.313622 ] ] ] } },
{ "type": "Feature", "properties": { "ID": "150131267", "TRK_NME": null, "FTR_CRY": "MG", "CITY_NME": "Forbesganj", "STT_NME": "Bihar", "SHAPE_Leng": "0.002396630270153" }, "geometry": { "type": "MultiLineString", "coordinates": [ [ [ 87.25393, 26.311375 ], [ 87.252743, 26.312125 ], [ 87.252399, 26.312322 ], [ 87.251856, 26.312568 ] ] ] } },
{ "type": "Feature", "properties": { "ID": "150164512", "TRK_NME": null, "FTR_CRY": "BG", "CITY_NME": null, "STT_NME": "Bihar", "SHAPE_Leng": "0.009573242259661" }, "geometry": { "type": "MultiLineString", "coordinates": [ [ [ 87.237887, 26.341707 ], [ 87.237726, 26.34219 ], [ 87.237633, 26.342671 ], [ 87.23716, 26.345003 ], [ 87.236751, 26.346983 ], [ 87.236429, 26.348507 ], [ 87.23616, 26.349768 ], [ 87.235993, 26.350569 ], [ 87.235932, 26.351073 ] ] ] } },
{ "type": "Feature", "properties": { "ID": "150164513", "TRK_NME": null, "FTR_CRY": "MG", "CITY_NME": "Forbesganj", "STT_NME": "Bihar", "SHAPE_Leng": "0.005205281875784" }, "geometry": { "type": "MultiLineString", "coordinates": [ [ [ 87.260663, 26.303731 ], [ 87.260887, 26.303003 ], [ 87.261793, 26.30026 ], [ 87.262168, 26.29909 ], [ 87.262332, 26.298808 ] ] ] } },
{ "type": "Feature", "properties": { "ID": "150113253", "TRK_NME": "Supaul to Forbesgunj", "FTR_CRY": "BG", "CITY_NME": null, "STT_NME": "Bihar", "SHAPE_Leng": "0.200159694545575" }, "geometry": { "type": "MultiLineString", "coordinates": [ [ [ 87.273717, 26.265223 ], [ 87.273965, 26.264838 ], [ 87.275369, 26.262764 ], [ 87.275999, 26.261841 ], [ 87.279374, 26.256842 ], [ 87.281071, 26.254333 ], [ 87.283313, 26.251038 ], [ 87.284132, 26.249841 ], [ 87.285771, 26.247418 ], [ 87.287519, 26.244821 ], [ 87.287954, 26.244167 ], [ 87.28936, 26.242078 ], [ 87.294641, 26.234249 ], [ 87.29602, 26.232228 ], [ 87.297036, 26.23071 ], [ 87.297753, 26.229646 ], [ 87.299645, 26.226842 ], [ 87.301337, 26.224326 ], [ 87.302753, 26.222227 ], [ 87.303274, 26.22146 ], [ 87.304631, 26.219442 ], [ 87.305679, 26.217904 ], [ 87.307154, 26.215712 ], [ 87.307822, 26.214709 ], [ 87.308922, 26.213083 ], [ 87.31118, 26.20973 ], [ 87.31333, 26.206538 ], [ 87.315392, 26.20347 ], [ 87.316124, 26.202376 ], [ 87.316628, 26.201584 ], [ 87.318357, 26.199097 ], [ 87.318732, 26.198528 ], [ 87.32022, 26.196331 ], [ 87.321816, 26.193942 ], [ 87.323344, 26.1917 ], [ 87.325082, 26.189116 ], [ 87.325537, 26.188461 ], [ 87.326713, 26.18698 ], [ 87.327045, 26.186596 ], [ 87.328001, 26.185571 ], [ 87.328495, 26.185068 ], [ 87.329346, 26.184257 ], [ 87.33087, 26.182954 ], [ 87.331561, 26.182432 ], [ 87.332586, 26.181691 ], [ 87.334483, 26.180494 ], [ 87.337341, 26.178763 ], [ 87.341534, 26.176198 ], [ 87.342821, 26.175444 ], [ 87.348591, 26.171933 ], [ 87.353608, 26.16886 ], [ 87.357469, 26.166544 ], [ 87.364114, 26.1625 ], [ 87.371878, 26.157793 ], [ 87.37705, 26.154651 ], [ 87.381552, 26.151904 ], [ 87.384458, 26.150153 ], [ 87.38642, 26.148948 ], [ 87.388209, 26.147893 ], [ 87.39004, 26.146878 ], [ 87.391568, 26.146102 ], [ 87.393753, 26.145047 ], [ 87.398484, 26.142798 ], [ 87.399735, 26.142199 ], [ 87.400377, 26.141883 ], [ 87.402808, 26.140721 ], [ 87.40709, 26.13867 ], [ 87.409358, 26.137591 ], [ 87.414375, 26.135196 ], [ 87.417574, 26.133655 ] ] ] } },
{ "type": "Feature", "properties": { "ID": "150127223", "TRK_NME": null, "FTR_CRY": "MG", "CITY_NME": "Forbesganj", "STT_NME": "Bihar", "SHAPE_Leng": "0.015565536392558" }, "geometry": { "type": "MultiLineString", "coordinates": [ [ [ 87.262332, 26.298808 ], [ 87.262153, 26.299215 ], [ 87.261752, 26.300511 ], [ 87.261312, 26.301872 ], [ 87.261037, 26.302788 ], [ 87.260663, 26.303731 ], [ 87.260241, 26.304544 ], [ 87.259734, 26.305545 ], [ 87.259464, 26.306044 ], [ 87.259086, 26.30661 ], [ 87.25867, 26.3072 ], [ 87.258281, 26.307673 ], [ 87.257436, 26.308594 ], [ 87.257007, 26.309069 ], [ 87.256764, 26.309301 ], [ 87.255916, 26.310029 ], [ 87.25511, 26.31058 ], [ 87.25393, 26.311375 ] ] ] } },
{ "type": "Feature", "properties": { "ID": "150127225", "TRK_NME": null, "FTR_CRY": "BG", "CITY_NME": "Forbesganj", "STT_NME": "Bihar", "SHAPE_Leng": "0.015556213976292" }, "geometry": { "type": "MultiLineString", "coordinates": [ [ [ 87.262332, 26.298808 ], [ 87.262155, 26.299425 ], [ 87.261805, 26.300516 ], [ 87.261379, 26.301868 ], [ 87.261083, 26.302784 ], [ 87.260748, 26.303681 ], [ 87.260303, 26.304569 ], [ 87.260039, 26.305085 ], [ 87.259774, 26.305592 ], [ 87.259492, 26.306083 ], [ 87.2592, 26.306525 ], [ 87.258517, 26.307461 ], [ 87.2583, 26.307733 ], [ 87.257768, 26.308357 ], [ 87.257454, 26.3087 ], [ 87.256808, 26.309356 ], [ 87.255948, 26.310146 ], [ 87.255008, 26.310867 ], [ 87.254091, 26.311519 ] ] ] } },
{ "type": "Feature", "properties": { "ID": "150113142", "TRK_NME": null, "FTR_CRY": "BG", "CITY_NME": null, "STT_NME": "Bihar", "SHAPE_Leng": "0.003680668735268" }, "geometry": { "type": "MultiLineString", "coordinates": [ [ [ 87.267543, 26.28295 ], [ 87.267115, 26.284267 ], [ 87.266404, 26.28645 ] ] ] } },
{ "type": "Feature", "properties": { "ID": "150127414", "TRK_NME": null, "FTR_CRY": "BG", "CITY_NME": "Forbesganj", "STT_NME": "Bihar", "SHAPE_Leng": "0.013012410080552" }, "geometry": { "type": "MultiLineString", "coordinates": [ [ [ 87.266404, 26.28645 ], [ 87.266158, 26.287193 ], [ 87.265196, 26.290159 ], [ 87.264557, 26.292094 ], [ 87.263777, 26.294416 ], [ 87.263372, 26.295583 ], [ 87.263132, 26.296293 ], [ 87.262789, 26.297294 ], [ 87.262332, 26.298808 ] ] ] } },
{ "type": "Feature", "properties": { "ID": "150113446", "TRK_NME": null, "FTR_CRY": "MG", "CITY_NME": null, "STT_NME": "Bihar", "SHAPE_Leng": "0.037203836004918" }, "geometry": { "type": "MultiLineString", "coordinates": [ [ [ 87.24902, 26.313622 ], [ 87.248245, 26.313828 ], [ 87.248083, 26.313865 ], [ 87.247489, 26.313997 ], [ 87.246745, 26.314135 ], [ 87.245976, 26.314244 ], [ 87.245638, 26.314281 ], [ 87.243632, 26.314395 ], [ 87.240055, 26.314594 ], [ 87.235874, 26.314806 ], [ 87.230811, 26.315089 ], [ 87.228397, 26.315214 ], [ 87.226932, 26.315273 ], [ 87.221805, 26.31556 ], [ 87.216068, 26.315857 ], [ 87.213731, 26.315972 ], [ 87.211931, 26.316054 ] ] ] } },
{ "type": "Feature", "properties": { "ID": "150113071", "TRK_NME": null, "FTR_CRY": "BG", "CITY_NME": null, "STT_NME": "Bihar", "SHAPE_Leng": "0.035139022559558" }, "geometry": { "type": "MultiLineString", "coordinates": [ [ [ 87.252421, 26.312617 ], [ 87.250928, 26.313608 ], [ 87.250099, 26.314168 ], [ 87.249278, 26.314756 ], [ 87.248661, 26.315234 ], [ 87.248044, 26.315758 ], [ 87.246815, 26.316903 ], [ 87.245541, 26.318234 ], [ 87.2446, 26.319448 ], [ 87.243924, 26.32037 ], [ 87.243427, 26.321131 ], [ 87.243151, 26.321565 ], [ 87.242718, 26.322383 ], [ 87.242269, 26.323227 ], [ 87.241941, 26.323945 ], [ 87.241641, 26.324673 ], [ 87.241361, 26.325473 ], [ 87.241096, 26.32622 ], [ 87.240742, 26.32753 ], [ 87.240424, 26.329003 ], [ 87.240092, 26.330773 ], [ 87.239882, 26.332044 ], [ 87.239618, 26.333441 ], [ 87.239396, 26.334466 ], [ 87.239192, 26.335416 ], [ 87.239034, 26.336177 ], [ 87.238908, 26.336926 ], [ 87.23868, 26.337933 ], [ 87.238161, 26.34048 ], [ 87.237949, 26.341427 ], [ 87.237887, 26.341707 ], [ 87.237665, 26.342889 ] ] ] } },
{ "type": "Feature", "properties": { "ID": "150129423", "TRK_NME": null, "FTR_CRY": "BG", "CITY_NME": "Forbesganj", "STT_NME": "Bihar", "SHAPE_Leng": "0.001998625527705" }, "geometry": { "type": "MultiLineString", "coordinates": [ [ [ 87.254091, 26.311519 ], [ 87.252421, 26.312617 ] ] ] } },
{ "type": "Feature", "properties": { "ID": "150113300", "TRK_NME": "Katihar to Mukuri", "FTR_CRY": "BG", "CITY_NME": null, "STT_NME": "Bihar", "SHAPE_Leng": "0.294300791414749" }, "geometry": { "type": "MultiLineString", "coordinates": [ [ [ 87.892482, 25.633027 ], [ 87.890913, 25.632064 ], [ 87.887793, 25.629907 ], [ 87.882381, 25.626221 ], [ 87.88063, 25.625058 ], [ 87.88018, 25.624815 ], [ 87.879746, 25.62462 ], [ 87.879287, 25.624467 ], [ 87.878856, 25.624347 ], [ 87.877217, 25.623973 ], [ 87.875365, 25.623586 ], [ 87.87152, 25.622773 ], [ 87.867999, 25.622036 ], [ 87.858447, 25.620029 ], [ 87.855029, 25.619303 ], [ 87.851075, 25.618475 ], [ 87.849814, 25.618216 ], [ 87.845785, 25.617376 ], [ 87.842134, 25.616601 ], [ 87.8388, 25.615918 ], [ 87.837687, 25.615736 ], [ 87.836306, 25.615606 ], [ 87.834198, 25.615485 ], [ 87.833133, 25.615438 ], [ 87.829541, 25.615265 ], [ 87.827428, 25.615195 ], [ 87.824511, 25.615132 ], [ 87.822934, 25.61505 ], [ 87.821132, 25.614902 ], [ 87.819302, 25.614754 ], [ 87.818335, 25.614691 ], [ 87.816221, 25.614599 ], [ 87.81399, 25.614472 ], [ 87.811376, 25.614346 ], [ 87.808346, 25.614202 ], [ 87.805619, 25.614065 ], [ 87.803209, 25.613932 ], [ 87.801739, 25.613867 ], [ 87.798831, 25.613723 ], [ 87.797438, 25.613658 ], [ 87.795405, 25.61357 ], [ 87.792384, 25.61365 ], [ 87.791578, 25.613633 ], [ 87.790447, 25.613569 ], [ 87.786509, 25.613359 ], [ 87.785004, 25.613276 ], [ 87.782681, 25.613157 ], [ 87.779894, 25.61306 ], [ 87.778042, 25.613103 ], [ 87.773753, 25.613297 ], [ 87.770001, 25.61346 ], [ 87.768456, 25.61352 ], [ 87.766073, 25.613628 ], [ 87.763241, 25.61374 ], [ 87.760649, 25.61386 ], [ 87.757856, 25.613974 ], [ 87.755978, 25.614053 ], [ 87.753071, 25.614193 ], [ 87.751356, 25.614257 ], [ 87.748888, 25.614361 ], [ 87.747287, 25.614434 ], [ 87.743736, 25.614581 ], [ 87.742832, 25.614572 ], [ 87.742108, 25.614524 ], [ 87.741701, 25.614478 ], [ 87.740775, 25.614336 ], [ 87.74037, 25.614242 ], [ 87.739931, 25.614134 ], [ 87.739359, 25.613952 ], [ 87.738976, 25.613815 ], [ 87.738439, 25.613598 ], [ 87.737039, 25.612986 ], [ 87.735427, 25.612271 ], [ 87.734355, 25.611847 ], [ 87.732696, 25.611229 ], [ 87.731912, 25.610913 ], [ 87.730951, 25.610501 ], [ 87.727933, 25.609174 ], [ 87.72651, 25.60853 ], [ 87.72518, 25.607895 ], [ 87.722891, 25.606837 ], [ 87.722082, 25.606483 ], [ 87.719029, 25.605155 ], [ 87.716902, 25.60424 ], [ 87.715303, 25.603562 ], [ 87.712704, 25.602441 ], [ 87.708646, 25.600707 ], [ 87.705937, 25.599558 ], [ 87.702397, 25.598035 ], [ 87.700351, 25.597175 ], [ 87.699006, 25.596609 ], [ 87.697822, 25.596089 ], [ 87.696045, 25.595317 ], [ 87.69451, 25.59464 ], [ 87.69292, 25.593971 ], [ 87.69163, 25.593452 ], [ 87.690878, 25.59317 ], [ 87.689919, 25.592764 ], [ 87.689296, 25.592489 ], [ 87.687492, 25.591702 ], [ 87.687059, 25.591509 ], [ 87.686905, 25.591445 ], [ 87.685475, 25.590837 ], [ 87.683935, 25.59016 ], [ 87.68326, 25.589896 ], [ 87.68244, 25.589517 ], [ 87.681852, 25.589279 ], [ 87.680537, 25.588698 ], [ 87.678912, 25.587947 ], [ 87.676255, 25.586778 ], [ 87.673319, 25.585529 ], [ 87.671633, 25.584807 ], [ 87.670559, 25.584357 ], [ 87.669773, 25.584037 ], [ 87.66691, 25.582817 ], [ 87.665142, 25.582066 ], [ 87.664415, 25.581761 ], [ 87.663387, 25.581293 ], [ 87.661669, 25.580521 ], [ 87.6608, 25.580132 ], [ 87.65676, 25.578391 ], [ 87.65556, 25.577842 ], [ 87.655212, 25.577682 ], [ 87.654565, 25.577357 ], [ 87.653808, 25.577018 ], [ 87.652899, 25.576616 ], [ 87.650409, 25.575541 ], [ 87.648544, 25.574743 ], [ 87.646452, 25.573841 ], [ 87.645442, 25.573409 ], [ 87.644603, 25.573077 ], [ 87.644054, 25.572891 ], [ 87.643433, 25.572706 ], [ 87.641077, 25.572043 ], [ 87.639026, 25.571463 ], [ 87.637962, 25.571161 ], [ 87.634945, 25.570283 ], [ 87.632727, 25.569651 ], [ 87.631031, 25.56917 ], [ 87.629552, 25.568734 ], [ 87.626315, 25.567849 ], [ 87.625871, 25.567717 ], [ 87.624122, 25.567236 ], [ 87.621674, 25.566548 ], [ 87.620275, 25.566144 ], [ 87.618738, 25.565704 ], [ 87.617647, 25.565404 ], [ 87.617113, 25.565252 ], [ 87.616223, 25.564949 ], [ 87.615236, 25.564665 ], [ 87.613443, 25.564121 ], [ 87.611617, 25.563597 ] ] ] } },
{ "type": "Feature", "properties": { "ID": "150113248", "TRK_NME": "Supaul to Forbesgunj", "FTR_CRY": "BG", "CITY_NME": null, "STT_NME": "Bihar", "SHAPE_Leng": "0.126239382603327" }, "geometry": { "type": "MultiLineString", "coordinates": [ [ [ 87.5759, 25.497357 ], [ 87.578163, 25.490645 ], [ 87.578626, 25.489129 ], [ 87.578825, 25.488546 ], [ 87.579114, 25.487831 ], [ 87.579427, 25.487101 ], [ 87.579708, 25.486516 ], [ 87.579846, 25.486227 ], [ 87.580239, 25.485555 ], [ 87.580698, 25.484877 ], [ 87.581452, 25.483836 ], [ 87.598934, 25.460029 ], [ 87.59997, 25.45862 ], [ 87.600284, 25.458133 ], [ 87.600569, 25.45766 ], [ 87.600859, 25.457129 ], [ 87.601162, 25.4565 ], [ 87.601428, 25.455903 ], [ 87.60164, 25.455349 ], [ 87.601908, 25.454516 ], [ 87.602063, 25.454001 ], [ 87.602356, 25.452879 ], [ 87.602458, 25.452534 ], [ 87.602592, 25.452082 ], [ 87.60267, 25.451803 ], [ 87.602828, 25.451197 ], [ 87.604072, 25.446682 ], [ 87.604901, 25.443769 ], [ 87.605186, 25.442717 ], [ 87.605628, 25.44115 ], [ 87.605934, 25.440033 ], [ 87.606241, 25.438926 ], [ 87.606783, 25.436988 ], [ 87.60729, 25.435151 ], [ 87.610393, 25.423865 ], [ 87.611017, 25.421634 ], [ 87.611419, 25.420146 ], [ 87.611929, 25.418292 ], [ 87.612429, 25.416564 ], [ 87.612917, 25.414771 ], [ 87.613433, 25.4129 ], [ 87.614146, 25.41034 ], [ 87.614412, 25.40935 ], [ 87.61463, 25.408552 ], [ 87.614966, 25.407353 ], [ 87.615222, 25.406435 ], [ 87.615365, 25.405911 ], [ 87.615704, 25.404656 ], [ 87.616293, 25.40257 ], [ 87.617081, 25.399695 ], [ 87.618123, 25.396019 ], [ 87.618883, 25.393365 ], [ 87.61957, 25.390836 ], [ 87.620312, 25.388195 ], [ 87.621036, 25.385584 ], [ 87.621481, 25.38395 ], [ 87.621812, 25.382789 ], [ 87.621904, 25.382303 ], [ 87.621932, 25.382019 ], [ 87.621945, 25.381542 ] ] ] } },
{ "type": "Feature", "properties": { "ID": "150127228", "TRK_NME": null, "FTR_CRY": "BG", "CITY_NME": "Purnia", "STT_NME": "Bihar", "SHAPE_Leng": "0.00605429311718" }, "geometry": { "type": "MultiLineString", "coordinates": [ [ [ 87.519113, 25.788273 ], [ 87.519142, 25.789055 ], [ 87.519221, 25.791155 ], [ 87.51925, 25.793582 ], [ 87.519238, 25.794325 ] ] ] } },
{ "type": "Feature", "properties": { "ID": "150127229", "TRK_NME": null, "FTR_CRY": "MG", "CITY_NME": "Purnia", "STT_NME": "Bihar", "SHAPE_Leng": "0.005279639682749" }, "geometry": { "type": "MultiLineString", "coordinates": [ [ [ 87.519142, 25.789055 ], [ 87.519117, 25.789535 ], [ 87.519155, 25.791103 ], [ 87.519183, 25.793473 ], [ 87.519208, 25.794333 ] ] ] } },
{ "type": "Feature", "properties": { "ID": "150127227", "TRK_NME": null, "FTR_CRY": "BG", "CITY_NME": null, "STT_NME": "Bihar", "SHAPE_Leng": "0.047863851404486" }, "geometry": { "type": "MultiLineString", "coordinates": [ [ [ 87.515881, 25.718962 ], [ 87.515614, 25.72189 ], [ 87.515319, 25.724954 ], [ 87.515013, 25.728151 ], [ 87.514727, 25.731255 ], [ 87.514455, 25.733994 ], [ 87.514173, 25.736994 ], [ 87.51408, 25.73806 ], [ 87.513818, 25.740788 ], [ 87.513617, 25.742881 ], [ 87.513555, 25.743761 ], [ 87.513555, 25.744535 ], [ 87.513618, 25.745727 ], [ 87.51373, 25.746643 ], [ 87.514049, 25.748116 ], [ 87.514435, 25.74989 ], [ 87.514847, 25.751779 ], [ 87.515159, 25.753184 ], [ 87.515799, 25.756203 ], [ 87.516137, 25.757718 ], [ 87.516603, 25.759879 ], [ 87.517235, 25.762762 ], [ 87.517772, 25.76525 ], [ 87.517993, 25.76625 ] ] ] } },
{ "type": "Feature", "properties": { "ID": "150127412", "TRK_NME": null, "FTR_CRY": "BG", "CITY_NME": "Purnia", "STT_NME": "Bihar", "SHAPE_Leng": "0.022100151955368" }, "geometry": { "type": "MultiLineString", "coordinates": [ [ [ 87.517993, 25.76625 ], [ 87.518281, 25.767536 ], [ 87.518505, 25.768546 ], [ 87.518657, 25.769541 ], [ 87.518733, 25.770203 ], [ 87.51878, 25.77088 ], [ 87.51879, 25.771242 ], [ 87.518809, 25.772501 ], [ 87.51886, 25.775169 ], [ 87.518906, 25.777726 ], [ 87.518973, 25.781079 ], [ 87.519025, 25.784197 ], [ 87.519113, 25.788273 ] ] ] } },
{ "type": "Feature", "properties": { "ID": "150113405", "TRK_NME": "Katihar to Harischandrapur", "FTR_CRY": "BG", "CITY_NME": null, "STT_NME": "Bihar", "SHAPE_Leng": "0.03721199734821" }, "geometry": { "type": "MultiLineString", "coordinates": [ [ [ 87.592322, 25.539247 ], [ 87.594756, 25.536725 ], [ 87.598169, 25.533088 ], [ 87.599906, 25.531291 ], [ 87.601392, 25.529744 ], [ 87.603334, 25.527708 ], [ 87.605229, 25.525752 ], [ 87.606437, 25.524494 ], [ 87.607879, 25.522996 ], [ 87.608794, 25.522026 ], [ 87.609948, 25.520803 ], [ 87.610439, 25.520274 ], [ 87.611418, 25.519236 ], [ 87.615072, 25.515438 ], [ 87.616351, 25.514087 ], [ 87.618005, 25.51232 ] ] ] } },
{ "type": "Feature", "properties": { "ID": "150113433", "TRK_NME": "Supaul to Forbesgunj", "FTR_CRY": "BG", "CITY_NME": null, "STT_NME": "Bihar", "SHAPE_Leng": "0.12147985076476" }, "geometry": { "type": "MultiLineString", "coordinates": [ [ [ 87.515881, 25.718962 ], [ 87.516796, 25.709205 ], [ 87.517244, 25.704439 ], [ 87.517395, 25.702886 ], [ 87.518019, 25.696215 ], [ 87.518312, 25.693166 ], [ 87.518631, 25.689445 ], [ 87.519036, 25.685287 ], [ 87.519233, 25.683299 ], [ 87.519296, 25.682621 ], [ 87.519394, 25.681923 ], [ 87.519527, 25.681282 ], [ 87.519637, 25.680812 ], [ 87.519907, 25.679866 ], [ 87.520064, 25.679382 ], [ 87.520247, 25.678873 ], [ 87.520607, 25.678067 ], [ 87.520847, 25.677577 ], [ 87.52116, 25.677024 ], [ 87.52232, 25.675225 ], [ 87.526102, 25.669457 ], [ 87.527208, 25.667755 ], [ 87.530457, 25.662876 ], [ 87.53201, 25.660499 ], [ 87.535454, 25.655267 ], [ 87.536993, 25.652921 ], [ 87.538482, 25.650665 ], [ 87.539206, 25.649568 ], [ 87.541139, 25.646621 ], [ 87.542018, 25.645279 ], [ 87.542899, 25.643931 ], [ 87.544045, 25.64218 ], [ 87.544989, 25.640755 ], [ 87.546105, 25.639051 ], [ 87.547347, 25.637142 ], [ 87.54795, 25.63624 ], [ 87.548367, 25.635585 ], [ 87.549399, 25.63404 ], [ 87.550073, 25.632995 ], [ 87.550614, 25.632118 ], [ 87.55104, 25.631391 ], [ 87.551682, 25.630226 ], [ 87.552434, 25.628653 ], [ 87.553176, 25.626959 ], [ 87.554355, 25.624603 ], [ 87.554641, 25.62407 ], [ 87.555238, 25.623035 ], [ 87.556004, 25.621574 ], [ 87.557233, 25.619166 ], [ 87.558813, 25.616028 ], [ 87.560026, 25.613629 ], [ 87.560563, 25.612578 ], [ 87.561208, 25.611333 ], [ 87.561483, 25.610734 ], [ 87.561532, 25.610628 ], [ 87.561628, 25.61042 ], [ 87.561715, 25.610212 ], [ 87.56199, 25.609496 ] ] ] } },
{ "type": "Feature", "properties": { "ID": "150113438", "TRK_NME": "Katihar to Harischandrapur", "FTR_CRY": "BG", "CITY_NME": null, "STT_NME": "Bihar", "SHAPE_Leng": "0.184155061402821" }, "geometry": { "type": "MultiLineString", "coordinates": [ [ [ 87.618005, 25.51232 ], [ 87.618651, 25.511628 ], [ 87.620465, 25.509751 ], [ 87.621765, 25.508391 ], [ 87.623052, 25.507101 ], [ 87.624053, 25.506292 ], [ 87.625136, 25.505548 ], [ 87.625931, 25.505085 ], [ 87.62755, 25.504204 ], [ 87.629014, 25.503384 ], [ 87.639501, 25.497636 ], [ 87.640362, 25.49715 ], [ 87.641158, 25.496729 ], [ 87.642038, 25.496245 ], [ 87.645123, 25.494549 ], [ 87.646932, 25.493554 ], [ 87.647822, 25.493057 ], [ 87.648683, 25.492573 ], [ 87.650054, 25.491837 ], [ 87.651655, 25.490968 ], [ 87.652035, 25.490765 ], [ 87.658536, 25.487186 ], [ 87.662841, 25.484817 ], [ 87.663588, 25.484411 ], [ 87.666164, 25.482998 ], [ 87.668256, 25.481843 ], [ 87.669003, 25.481434 ], [ 87.669626, 25.481089 ], [ 87.670233, 25.480768 ], [ 87.671513, 25.480053 ], [ 87.671885, 25.479847 ], [ 87.673385, 25.479026 ], [ 87.674499, 25.478414 ], [ 87.675228, 25.478007 ], [ 87.675716, 25.477741 ], [ 87.677129, 25.476946 ], [ 87.677843, 25.476553 ], [ 87.679283, 25.475768 ], [ 87.680221, 25.475243 ], [ 87.680834, 25.474927 ], [ 87.682484, 25.474015 ], [ 87.683875, 25.473274 ], [ 87.68538, 25.47245 ], [ 87.686617, 25.471765 ], [ 87.688137, 25.470923 ], [ 87.690279, 25.46975 ], [ 87.693213, 25.468133 ], [ 87.695393, 25.466935 ], [ 87.696873, 25.466197 ], [ 87.69821, 25.465572 ], [ 87.699753, 25.464743 ], [ 87.702557, 25.463072 ], [ 87.705662, 25.461355 ], [ 87.706772, 25.460774 ], [ 87.708691, 25.459816 ], [ 87.709743, 25.459227 ], [ 87.710972, 25.458535 ], [ 87.711787, 25.458014 ], [ 87.712791, 25.457408 ], [ 87.713963, 25.456727 ], [ 87.716986, 25.455059 ], [ 87.71935, 25.453764 ], [ 87.720639, 25.453143 ], [ 87.72114, 25.452897 ], [ 87.722535, 25.452159 ], [ 87.723516, 25.45162 ], [ 87.724115, 25.451274 ], [ 87.725788, 25.450216 ], [ 87.7271, 25.449492 ], [ 87.72901, 25.44844 ], [ 87.731352, 25.447147 ], [ 87.732961, 25.446252 ], [ 87.734979, 25.445139 ], [ 87.735955, 25.444627 ], [ 87.737695, 25.443769 ], [ 87.739961, 25.442536 ], [ 87.741402, 25.441683 ], [ 87.746117, 25.439024 ], [ 87.74767, 25.438159 ], [ 87.748664, 25.437618 ], [ 87.74963, 25.437104 ], [ 87.750143, 25.436866 ], [ 87.750679, 25.436626 ], [ 87.75169, 25.436248 ], [ 87.75276, 25.435908 ], [ 87.753376, 25.435735 ], [ 87.753794, 25.435594 ], [ 87.756768, 25.434683 ], [ 87.758153, 25.434263 ], [ 87.759236, 25.433935 ], [ 87.761255, 25.433308 ], [ 87.762107, 25.433096 ], [ 87.762839, 25.432953 ], [ 87.763545, 25.432847 ], [ 87.765256, 25.432682 ], [ 87.767503, 25.432449 ], [ 87.769049, 25.432261 ], [ 87.770044, 25.432186 ], [ 87.770753, 25.432189 ], [ 87.771469, 25.432238 ], [ 87.771834, 25.432283 ], [ 87.772306, 25.432352 ], [ 87.772864, 25.432458 ], [ 87.774831, 25.432866 ], [ 87.775592, 25.432946 ], [ 87.77642, 25.432991 ], [ 87.777109, 25.433 ], [ 87.778261, 25.432919 ], [ 87.779801, 25.432746 ], [ 87.78105, 25.432621 ] ] ] } },
{ "type": "Feature", "properties": { "ID": "150113034", "TRK_NME": "Katihar to Mukuri", "FTR_CRY": "BG", "CITY_NME": null, "STT_NME": "Bihar", "SHAPE_Leng": "0.030609842599666" }, "geometry": { "type": "MultiLineString", "coordinates": [ [ [ 87.611617, 25.563597 ], [ 87.609806, 25.563105 ], [ 87.609352, 25.562997 ], [ 87.609194, 25.562964 ], [ 87.608926, 25.562901 ], [ 87.608771, 25.562867 ], [ 87.608501, 25.562812 ], [ 87.60719, 25.56257 ], [ 87.604772, 25.562105 ], [ 87.60295, 25.561763 ], [ 87.600291, 25.561268 ], [ 87.597583, 25.560773 ], [ 87.594915, 25.560279 ], [ 87.592594, 25.559855 ], [ 87.590489, 25.559456 ], [ 87.589373, 25.559258 ], [ 87.587682, 25.558938 ], [ 87.585626, 25.55856 ], [ 87.584618, 25.558373 ], [ 87.583208, 25.558112 ], [ 87.581567, 25.557805 ] ] ] } },
{ "type": "Feature", "properties": { "ID": "150129458", "TRK_NME": "Katihar to Mukuri", "FTR_CRY": "BG", "CITY_NME": "Katihar", "STT_NME": "Bihar", "SHAPE_Leng": "0.019659172918536" }, "geometry": { "type": "MultiLineString", "coordinates": [ [ [ 87.581567, 25.557805 ], [ 87.578197, 25.557173 ], [ 87.574109, 25.556427 ], [ 87.573023, 25.556229 ], [ 87.571748, 25.555969 ], [ 87.570105, 25.555651 ], [ 87.569301, 25.555488 ], [ 87.568874, 25.555381 ], [ 87.568569, 25.555272 ], [ 87.568254, 25.555138 ], [ 87.567949, 25.554977 ], [ 87.567573, 25.554728 ], [ 87.567291, 25.554483 ], [ 87.567003, 25.5541 ], [ 87.566784, 25.553751 ], [ 87.566597, 25.553365 ], [ 87.566455, 25.55291 ], [ 87.56636, 25.552407 ], [ 87.565933, 25.549851 ] ] ] } },
{ "type": "Feature", "properties": { "ID": "150129459", "TRK_NME": "Samastipur to Gorakpur", "FTR_CRY": "BG", "CITY_NME": "Katihar", "STT_NME": "Bihar", "SHAPE_Leng": "0.02113841930723" }, "geometry": { "type": "MultiLineString", "coordinates": [ [ [ 87.565636, 25.543258 ], [ 87.565369, 25.54133 ], [ 87.565383, 25.540301 ], [ 87.565313, 25.539548 ], [ 87.565085, 25.537158 ], [ 87.564826, 25.534709 ], [ 87.564364, 25.533354 ], [ 87.564101, 25.532934 ], [ 87.563771, 25.532456 ], [ 87.563531, 25.532151 ], [ 87.563231, 25.531849 ], [ 87.562815, 25.5315 ], [ 87.562427, 25.53124 ], [ 87.561977, 25.530983 ], [ 87.561609, 25.530805 ], [ 87.561251, 25.530656 ], [ 87.560675, 25.530489 ], [ 87.56031, 25.530414 ], [ 87.559726, 25.5303 ], [ 87.557727, 25.529895 ], [ 87.556841, 25.529732 ], [ 87.554498, 25.529267 ] ] ] } },
{ "type": "Feature", "properties": { "ID": "150113035", "TRK_NME": "Supaul to Forbesgunj", "FTR_CRY": "BG", "CITY_NME": null, "STT_NME": "Bihar", "SHAPE_Leng": "0.034236349581427" }, "geometry": { "type": "MultiLineString", "coordinates": [ [ [ 87.56199, 25.609496 ], [ 87.562156, 25.608998 ], [ 87.562351, 25.608323 ], [ 87.562419, 25.608064 ], [ 87.562528, 25.607602 ], [ 87.562593, 25.607321 ], [ 87.562685, 25.606781 ], [ 87.562751, 25.606228 ], [ 87.562913, 25.604332 ], [ 87.56324, 25.600616 ], [ 87.563319, 25.599717 ], [ 87.563477, 25.598161 ], [ 87.56362, 25.596384 ], [ 87.563759, 25.594976 ], [ 87.564125, 25.590938 ], [ 87.564573, 25.585852 ], [ 87.564679, 25.584559 ], [ 87.564864, 25.582666 ], [ 87.564988, 25.581072 ], [ 87.565122, 25.579542 ], [ 87.565417, 25.576116 ], [ 87.565467, 25.575475 ] ] ] } },
{ "type": "Feature", "properties": { "ID": "150132264", "TRK_NME": "Supaul to Forbesgunj", "FTR_CRY": "BG", "CITY_NME": null, "STT_NME": "Bihar", "SHAPE_Leng": "0.003482324318323" }, "geometry": { "type": "MultiLineString", "coordinates": [ [ [ 87.565814, 25.571478 ], [ 87.565925, 25.570371 ], [ 87.56614, 25.568011 ] ] ] } },
{ "type": "Feature", "properties": { "ID": "150132265", "TRK_NME": "Supaul to Forbesgunj", "FTR_CRY": "BG", "CITY_NME": null, "STT_NME": "Bihar", "SHAPE_Leng": "0.013145143746659" }, "geometry": { "type": "MultiLineString", "coordinates": [ [ [ 87.571775, 25.509838 ], [ 87.572054, 25.509003 ], [ 87.572456, 25.507811 ], [ 87.573137, 25.505684 ], [ 87.573603, 25.504297 ], [ 87.574907, 25.50035 ], [ 87.5759, 25.497357 ] ] ] } },
{ "type": "Feature", "properties": { "ID": "150132267", "TRK_NME": "Supaul to Forbesgunj", "FTR_CRY": "BG", "CITY_NME": "Katihar", "STT_NME": "Bihar", "SHAPE_Leng": "0.004012043541113" }, "geometry": { "type": "MultiLineString", "coordinates": [ [ [ 87.565467, 25.575475 ], [ 87.565607, 25.573891 ], [ 87.565773, 25.571982 ], [ 87.565814, 25.571478 ] ] ] } },
{ "type": "Feature", "properties": { "ID": "150113109", "TRK_NME": "Katihar to Harischandrapur", "FTR_CRY": "BG", "CITY_NME": null, "STT_NME": "Bihar", "SHAPE_Leng": "0.00707491542383" }, "geometry": { "type": "MultiLineString", "coordinates": [ [ [ 87.577923, 25.554126 ], [ 87.578598, 25.553595 ], [ 87.579843, 25.552303 ], [ 87.580981, 25.551117 ], [ 87.582232, 25.549797 ], [ 87.582914, 25.549122 ] ] ] } },
{ "type": "Feature", "properties": { "ID": "150133228", "TRK_NME": "Katihar to Harischandrapur", "FTR_CRY": "BG", "CITY_NME": null, "STT_NME": "Bihar", "SHAPE_Leng": "0.004377402296641" }, "geometry": { "type": "MultiLineString", "coordinates": [ [ [ 87.584067, 25.547919 ], [ 87.584799, 25.547141 ], [ 87.585674, 25.546241 ], [ 87.587094, 25.544757 ] ] ] } },
{ "type": "Feature", "properties": { "ID": "150133229", "TRK_NME": "Katihar to Harischandrapur", "FTR_CRY": "BG", "CITY_NME": null, "STT_NME": "Bihar", "SHAPE_Leng": "0.003570583285716" }, "geometry": { "type": "MultiLineString", "coordinates": [ [ [ 87.589879, 25.541851 ], [ 87.592322, 25.539247 ] ] ] } },
{ "type": "Feature", "properties": { "ID": "150133230", "TRK_NME": "Katihar to Harischandrapur", "FTR_CRY": "BG", "CITY_NME": "Katihar", "STT_NME": "Bihar", "SHAPE_Leng": "0.021541785594768" }, "geometry": { "type": "MultiLineString", "coordinates": [ [ [ 87.565743, 25.54468 ], [ 87.56657, 25.547034 ], [ 87.566652, 25.547812 ], [ 87.566718, 25.54899 ], [ 87.566816, 25.550808 ], [ 87.566626, 25.551745 ], [ 87.566531, 25.55239 ], [ 87.56654, 25.55287 ], [ 87.56662, 25.553168 ], [ 87.56674, 25.553491 ], [ 87.566968, 25.553911 ], [ 87.567259, 25.554285 ], [ 87.567516, 25.554551 ], [ 87.567944, 25.554834 ], [ 87.568599, 25.555126 ], [ 87.569076, 25.555291 ], [ 87.569694, 25.555451 ], [ 87.572754, 25.55606 ], [ 87.573413, 25.556129 ], [ 87.573911, 25.556117 ], [ 87.574361, 25.556069 ], [ 87.575083, 25.555877 ], [ 87.575767, 25.555586 ], [ 87.576426, 25.555152 ], [ 87.577035, 25.554743 ], [ 87.577508, 25.554412 ], [ 87.577923, 25.554126 ] ] ] } },
{ "type": "Feature", "properties": { "ID": "150133231", "TRK_NME": "Katihar to Harischandrapur", "FTR_CRY": "BG", "CITY_NME": "Katihar", "STT_NME": "Bihar", "SHAPE_Leng": "0.004025598892612" }, "geometry": { "type": "MultiLineString", "coordinates": [ [ [ 87.587094, 25.544757 ], [ 87.587886, 25.543891 ], [ 87.588646, 25.543097 ], [ 87.589879, 25.541851 ] ] ] } },
{ "type": "Feature", "properties": { "ID": "150133232", "TRK_NME": "Katihar to Harischandrapur", "FTR_CRY": "BG", "CITY_NME": "Katihar", "STT_NME": "Bihar", "SHAPE_Leng": "0.001666318697023" }, "geometry": { "type": "MultiLineString", "coordinates": [ [ [ 87.582914, 25.549122 ], [ 87.584067, 25.547919 ] ] ] } },
{ "type": "Feature", "properties": { "ID": "150113424", "TRK_NME": "Samastipur to Gorakpur", "FTR_CRY": "BG", "CITY_NME": null, "STT_NME": "Bihar", "SHAPE_Leng": "0.440856506994408" }, "geometry": { "type": "MultiLineString", "coordinates": [ [ [ 87.541485, 25.526583 ], [ 87.539751, 25.526249 ], [ 87.538168, 25.525926 ], [ 87.536199, 25.525544 ], [ 87.535362, 25.525382 ], [ 87.533424, 25.525009 ], [ 87.529946, 25.524308 ], [ 87.52512, 25.523331 ], [ 87.521514, 25.522602 ], [ 87.519153, 25.522123 ], [ 87.517451, 25.521782 ], [ 87.515188, 25.521321 ], [ 87.513549, 25.520991 ], [ 87.511235, 25.520519 ], [ 87.510843, 25.520464 ], [ 87.509634, 25.520313 ], [ 87.508107, 25.520251 ], [ 87.507983, 25.520243 ], [ 87.50788, 25.520247 ], [ 87.506328, 25.520358 ], [ 87.503573, 25.520703 ], [ 87.501422, 25.520983 ], [ 87.496801, 25.521569 ], [ 87.491517, 25.52224 ], [ 87.4894, 25.522514 ], [ 87.485553, 25.523 ], [ 87.480255, 25.523686 ], [ 87.472198, 25.524735 ], [ 87.467179, 25.525355 ], [ 87.465065, 25.52561 ], [ 87.460079, 25.526262 ], [ 87.455248, 25.526881 ], [ 87.451769, 25.527343 ], [ 87.449662, 25.527611 ], [ 87.447077, 25.527936 ], [ 87.443623, 25.528379 ], [ 87.440737, 25.528739 ], [ 87.437406, 25.529168 ], [ 87.435675, 25.529363 ], [ 87.434473, 25.52952 ], [ 87.432412, 25.529772 ], [ 87.430011, 25.530081 ], [ 87.427464, 25.530408 ], [ 87.419494, 25.531443 ], [ 87.419353, 25.531453 ], [ 87.418166, 25.531498 ], [ 87.417376, 25.531493 ], [ 87.417164, 25.531482 ], [ 87.416191, 25.531395 ], [ 87.415231, 25.531268 ], [ 87.414999, 25.531232 ], [ 87.413697, 25.530931 ], [ 87.413393, 25.530848 ], [ 87.412002, 25.53036 ], [ 87.410693, 25.529782 ], [ 87.41052, 25.529693 ], [ 87.409633, 25.529205 ], [ 87.408876, 25.528706 ], [ 87.408531, 25.528457 ], [ 87.407625, 25.527742 ], [ 87.406492, 25.526698 ], [ 87.405116, 25.525396 ], [ 87.403982, 25.524352 ], [ 87.403344, 25.523738 ], [ 87.401544, 25.522068 ], [ 87.398752, 25.519435 ], [ 87.398566, 25.519256 ], [ 87.396922, 25.517697 ], [ 87.395169, 25.516043 ], [ 87.394082, 25.515043 ], [ 87.39156, 25.512696 ], [ 87.388231, 25.509559 ], [ 87.386242, 25.507702 ], [ 87.384204, 25.50579 ], [ 87.383701, 25.505305 ], [ 87.382726, 25.504414 ], [ 87.381004, 25.50279 ], [ 87.379899, 25.501752 ], [ 87.377728, 25.499683 ], [ 87.3748, 25.496938 ], [ 87.371921, 25.494237 ], [ 87.366912, 25.489564 ], [ 87.365884, 25.488807 ], [ 87.365481, 25.488557 ], [ 87.365068, 25.488335 ], [ 87.363896, 25.487876 ], [ 87.36363, 25.487788 ], [ 87.362694, 25.48757 ], [ 87.362347, 25.487506 ], [ 87.361147, 25.487401 ], [ 87.360968, 25.487402 ], [ 87.359985, 25.487446 ], [ 87.359503, 25.487511 ], [ 87.358815, 25.487649 ], [ 87.358646, 25.487685 ], [ 87.357633, 25.488081 ], [ 87.357425, 25.488174 ], [ 87.356484, 25.488677 ], [ 87.356259, 25.488816 ], [ 87.355396, 25.489442 ], [ 87.355195, 25.489624 ], [ 87.3547, 25.490082 ], [ 87.354162, 25.490698 ], [ 87.353481, 25.491639 ], [ 87.352144, 25.493795 ], [ 87.351009, 25.495596 ], [ 87.350518, 25.496257 ], [ 87.349634, 25.49711 ], [ 87.348956, 25.497597 ], [ 87.348425, 25.497909 ], [ 87.347697, 25.498264 ], [ 87.347108, 25.498487 ], [ 87.346619, 25.498635 ], [ 87.345925, 25.49878 ], [ 87.345393, 25.49884 ], [ 87.343523, 25.49894 ], [ 87.33929, 25.499151 ], [ 87.335828, 25.499317 ], [ 87.333998, 25.499422 ], [ 87.327291, 25.499748 ], [ 87.322057, 25.500058 ], [ 87.321474, 25.500071 ], [ 87.319679, 25.500178 ], [ 87.317078, 25.50029 ], [ 87.31584, 25.50037 ], [ 87.312521, 25.500512 ], [ 87.311835, 25.500516 ], [ 87.310627, 25.500455 ], [ 87.308849, 25.500235 ], [ 87.307439, 25.499907 ], [ 87.306388, 25.499603 ], [ 87.305563, 25.499254 ], [ 87.304457, 25.498757 ], [ 87.303104, 25.498002 ], [ 87.302283, 25.497609 ], [ 87.301345, 25.497052 ], [ 87.300598, 25.496495 ], [ 87.299872, 25.495884 ], [ 87.297573, 25.493953 ], [ 87.294974, 25.491788 ], [ 87.293445, 25.490517 ], [ 87.29045, 25.487993 ], [ 87.286679, 25.48486 ], [ 87.284365, 25.482906 ], [ 87.278131, 25.477707 ], [ 87.27701, 25.476772 ], [ 87.274913, 25.475107 ], [ 87.27033, 25.471213 ], [ 87.269827, 25.470776 ], [ 87.268785, 25.46973 ], [ 87.268042, 25.468785 ], [ 87.267622, 25.468172 ], [ 87.266947, 25.467014 ], [ 87.266602, 25.466278 ], [ 87.265528, 25.463868 ], [ 87.264662, 25.461882 ], [ 87.263019, 25.458181 ], [ 87.261876, 25.45556 ], [ 87.260785, 25.453095 ], [ 87.259635, 25.450474 ], [ 87.258491, 25.447881 ], [ 87.257514, 25.445763 ], [ 87.257324, 25.445405 ], [ 87.25718, 25.445135 ], [ 87.256739, 25.444437 ], [ 87.256079, 25.443533 ], [ 87.255834, 25.443235 ], [ 87.25251, 25.439505 ], [ 87.248143, 25.434726 ], [ 87.247079, 25.433527 ], [ 87.244489, 25.430551 ], [ 87.241871, 25.427681 ], [ 87.240931, 25.426634 ], [ 87.238668, 25.424123 ], [ 87.23734, 25.422631 ], [ 87.235834, 25.420982 ], [ 87.233064, 25.417897 ], [ 87.231244, 25.415841 ], [ 87.230149, 25.414582 ], [ 87.229612, 25.414097 ], [ 87.228918, 25.413556 ], [ 87.227478, 25.41277 ], [ 87.224642, 25.411255 ], [ 87.222827, 25.410242 ], [ 87.220141, 25.408794 ], [ 87.21566, 25.40634 ], [ 87.213291, 25.405082 ], [ 87.207706, 25.402068 ], [ 87.207335, 25.401856 ], [ 87.206168, 25.401282 ], [ 87.205733, 25.401099 ], [ 87.204936, 25.400801 ], [ 87.20424, 25.400579 ], [ 87.203752, 25.400433 ], [ 87.202912, 25.400247 ], [ 87.201637, 25.400019 ], [ 87.201127, 25.399976 ], [ 87.199956, 25.399926 ], [ 87.198351, 25.399963 ], [ 87.193426, 25.400082 ], [ 87.188764, 25.400215 ], [ 87.183481, 25.400398 ], [ 87.172917, 25.400655 ], [ 87.16704, 25.400828 ] ] ] } },
{ "type": "Feature", "properties": { "ID": "150113238", "TRK_NME": "Purnea to Saharsa", "FTR_CRY": "MG", "CITY_NME": null, "STT_NME": "Bihar", "SHAPE_Leng": "0.140044202700278" }, "geometry": { "type": "MultiLineString", "coordinates": [ [ [ 87.143584, 25.883072 ], [ 87.142499, 25.883036 ], [ 87.140953, 25.882973 ], [ 87.140488, 25.882966 ], [ 87.139281, 25.882917 ], [ 87.138139, 25.882855 ], [ 87.137642, 25.882797 ], [ 87.136979, 25.88276 ], [ 87.136105, 25.882718 ], [ 87.133708, 25.882608 ], [ 87.133088, 25.882582 ], [ 87.131675, 25.88253 ], [ 87.129978, 25.882454 ], [ 87.128999, 25.882416 ], [ 87.126928, 25.88234 ], [ 87.124304, 25.88224 ], [ 87.122391, 25.882163 ], [ 87.114918, 25.881868 ], [ 87.112993, 25.88176 ], [ 87.110728, 25.881658 ], [ 87.109072, 25.881604 ], [ 87.106079, 25.881474 ], [ 87.104892, 25.881442 ], [ 87.098645, 25.881204 ], [ 87.09313, 25.880964 ], [ 87.090046, 25.880843 ], [ 87.086282, 25.880703 ], [ 87.084074, 25.880612 ], [ 87.079243, 25.880476 ], [ 87.077786, 25.880424 ], [ 87.075569, 25.880286 ], [ 87.074453, 25.880225 ], [ 87.070225, 25.880037 ], [ 87.066391, 25.879874 ], [ 87.062998, 25.879761 ], [ 87.057192, 25.879516 ], [ 87.05427, 25.879395 ], [ 87.048415, 25.879193 ], [ 87.044213, 25.879042 ], [ 87.041396, 25.878927 ], [ 87.039201, 25.878831 ], [ 87.037755, 25.878777 ], [ 87.035738, 25.878692 ], [ 87.033659, 25.878605 ], [ 87.032349, 25.878555 ], [ 87.031397, 25.878542 ], [ 87.030829, 25.87855 ], [ 87.030282, 25.878606 ], [ 87.029913, 25.878682 ], [ 87.029416, 25.878802 ], [ 87.028977, 25.878956 ], [ 87.027627, 25.879577 ], [ 87.025308, 25.880659 ], [ 87.023913, 25.8813 ], [ 87.02234, 25.882005 ], [ 87.021522, 25.882326 ], [ 87.020887, 25.882492 ], [ 87.020705, 25.88256 ], [ 87.019406, 25.882952 ], [ 87.017896, 25.883403 ], [ 87.01529, 25.884152 ], [ 87.011743, 25.885178 ], [ 87.009872, 25.885723 ], [ 87.007673, 25.886352 ], [ 87.006281, 25.886779 ], [ 87.005099, 25.887114 ] ] ] } },
{ "type": "Feature", "properties": { "ID": "150164515", "TRK_NME": null, "FTR_CRY": "BG", "CITY_NME": "Kasba", "STT_NME": "Bihar", "SHAPE_Leng": "0.001995126971732" }, "geometry": { "type": "MultiLineString", "coordinates": [ [ [ 87.529656, 25.85925 ], [ 87.529632, 25.859605 ], [ 87.529857, 25.860877 ], [ 87.529995, 25.861196 ] ] ] } },
{ "type": "Feature", "properties": { "ID": "150164516", "TRK_NME": null, "FTR_CRY": "MG", "CITY_NME": "Purnia", "STT_NME": "Bihar", "SHAPE_Leng": "0.007888024675618" }, "geometry": { "type": "MultiLineString", "coordinates": [ [ [ 87.48008, 25.79493 ], [ 87.479632, 25.795021 ], [ 87.478109, 25.795153 ], [ 87.476206, 25.795316 ], [ 87.472565, 25.795635 ], [ 87.472228, 25.795622 ] ] ] } },
{ "type": "Feature", "properties": { "ID": "150164517", "TRK_NME": null, "FTR_CRY": "MG", "CITY_NME": null, "STT_NME": "Bihar", "SHAPE_Leng": "0.006443690830068" }, "geometry": { "type": "MultiLineString", "coordinates": [ [ [ 87.400206, 25.81852 ], [ 87.399861, 25.81881 ], [ 87.399556, 25.819066 ], [ 87.39918, 25.819333 ], [ 87.39856, 25.819754 ], [ 87.398207, 25.819989 ], [ 87.397613, 25.820391 ], [ 87.397248, 25.820645 ], [ 87.396798, 25.820948 ], [ 87.39618, 25.821385 ], [ 87.395866, 25.821619 ], [ 87.395481, 25.821879 ], [ 87.394926, 25.822203 ] ] ] } },
{ "type": "Feature", "properties": { "ID": "150164519", "TRK_NME": null, "FTR_CRY": "MG", "CITY_NME": null, "STT_NME": "Bihar", "SHAPE_Leng": "0.007483395089347" }, "geometry": { "type": "MultiLineString", "coordinates": [ [ [ 87.114918, 25.881868 ], [ 87.11528, 25.881844 ], [ 87.118379, 25.881959 ], [ 87.122129, 25.882116 ], [ 87.122391, 25.882163 ] ] ] } },
{ "type": "Feature", "properties": { "ID": "150164521", "TRK_NME": null, "FTR_CRY": "BG", "CITY_NME": null, "STT_NME": "Bihar", "SHAPE_Leng": "0.010981377929731" }, "geometry": { "type": "MultiLineString", "coordinates": [ [ [ 87.371921, 25.494237 ], [ 87.372535, 25.494957 ], [ 87.37303, 25.49553 ], [ 87.37333, 25.495861 ], [ 87.373621, 25.49613 ], [ 87.374114, 25.496576 ], [ 87.374895, 25.49734 ], [ 87.375405, 25.497799 ], [ 87.376221, 25.498569 ], [ 87.376772, 25.499078 ], [ 87.37858, 25.500752 ], [ 87.37883, 25.500948 ], [ 87.379019, 25.501094 ], [ 87.379554, 25.501503 ], [ 87.379899, 25.501752 ] ] ] } },
{ "type": "Feature", "properties": { "ID": "150113251", "TRK_NME": "Purnea to Saharsa", "FTR_CRY": "MG", "CITY_NME": null, "STT_NME": "Bihar", "SHAPE_Leng": "0.220256843169158" }, "geometry": { "type": "MultiLineString", "coordinates": [ [ [ 87.437673, 25.79754 ], [ 87.436694, 25.797691 ], [ 87.436569, 25.797705 ], [ 87.436225, 25.797734 ], [ 87.436122, 25.797735 ], [ 87.4356, 25.797722 ], [ 87.435361, 25.797694 ], [ 87.435173, 25.797657 ], [ 87.434609, 25.797511 ], [ 87.433263, 25.797121 ], [ 87.432324, 25.79687 ], [ 87.432218, 25.796845 ], [ 87.432127, 25.796829 ], [ 87.431617, 25.796774 ], [ 87.43149, 25.79677 ], [ 87.430714, 25.796818 ], [ 87.430629, 25.796829 ], [ 87.430035, 25.796975 ], [ 87.429971, 25.796993 ], [ 87.429638, 25.797115 ], [ 87.429088, 25.797387 ], [ 87.428361, 25.797764 ], [ 87.428306, 25.797791 ], [ 87.427912, 25.797938 ], [ 87.427819, 25.797967 ], [ 87.427526, 25.798039 ], [ 87.427428, 25.798066 ], [ 87.426736, 25.798193 ], [ 87.425416, 25.798431 ], [ 87.423027, 25.798855 ], [ 87.421947, 25.799061 ], [ 87.421837, 25.799088 ], [ 87.421117, 25.799344 ], [ 87.420849, 25.799478 ], [ 87.420611, 25.79961 ], [ 87.420066, 25.800007 ], [ 87.419889, 25.800161 ], [ 87.418914, 25.801078 ], [ 87.417895, 25.802048 ], [ 87.416724, 25.803136 ], [ 87.416167, 25.803674 ], [ 87.415088, 25.804672 ], [ 87.413295, 25.806362 ], [ 87.412785, 25.806847 ], [ 87.411734, 25.807809 ], [ 87.410992, 25.80851 ], [ 87.409768, 25.809663 ], [ 87.408911, 25.810466 ], [ 87.406994, 25.812252 ], [ 87.405006, 25.814128 ], [ 87.40251, 25.81646 ], [ 87.401031, 25.817851 ], [ 87.400506, 25.818306 ], [ 87.400393, 25.818398 ], [ 87.400206, 25.81852 ], [ 87.399651, 25.818908 ], [ 87.399009, 25.819344 ], [ 87.397585, 25.820329 ], [ 87.395834, 25.821553 ], [ 87.394926, 25.822203 ], [ 87.393737, 25.823035 ], [ 87.392813, 25.823652 ], [ 87.391217, 25.824703 ], [ 87.390416, 25.82525 ], [ 87.389525, 25.825854 ], [ 87.389257, 25.82606 ], [ 87.388183, 25.826969 ], [ 87.388023, 25.827111 ], [ 87.387226, 25.827837 ], [ 87.385715, 25.829182 ], [ 87.385377, 25.82948 ], [ 87.384135, 25.83058 ], [ 87.383208, 25.831382 ], [ 87.383146, 25.831427 ], [ 87.382667, 25.831736 ], [ 87.382137, 25.832006 ], [ 87.382, 25.832063 ], [ 87.381408, 25.832273 ], [ 87.380249, 25.832609 ], [ 87.379052, 25.832949 ], [ 87.377474, 25.833402 ], [ 87.375642, 25.833935 ], [ 87.374034, 25.834397 ], [ 87.372994, 25.834701 ], [ 87.37171, 25.835082 ], [ 87.369624, 25.835686 ], [ 87.367642, 25.836256 ], [ 87.365554, 25.836855 ], [ 87.363215, 25.837534 ], [ 87.360994, 25.838179 ], [ 87.359769, 25.838537 ], [ 87.35825, 25.838969 ], [ 87.357062, 25.839309 ], [ 87.354763, 25.839991 ], [ 87.354174, 25.840171 ], [ 87.352399, 25.840677 ], [ 87.35131, 25.84098 ], [ 87.348535, 25.841797 ], [ 87.346876, 25.842268 ], [ 87.344606, 25.842945 ], [ 87.343054, 25.843383 ], [ 87.34025, 25.844193 ], [ 87.338558, 25.844682 ], [ 87.33835, 25.844738 ], [ 87.335947, 25.84535 ], [ 87.329944, 25.846895 ], [ 87.329064, 25.847115 ], [ 87.324947, 25.848161 ], [ 87.319809, 25.849466 ], [ 87.317225, 25.850156 ], [ 87.313679, 25.851043 ], [ 87.309416, 25.852124 ], [ 87.304878, 25.85329 ], [ 87.304222, 25.85345 ], [ 87.303318, 25.853697 ], [ 87.302834, 25.853855 ], [ 87.302553, 25.853956 ], [ 87.30134, 25.854464 ], [ 87.297979, 25.85578 ], [ 87.296631, 25.856328 ], [ 87.29276, 25.857849 ], [ 87.292634, 25.857911 ], [ 87.29252, 25.857977 ], [ 87.292001, 25.858265 ], [ 87.290752, 25.859183 ], [ 87.28961, 25.860052 ], [ 87.286746, 25.862188 ], [ 87.284601, 25.863794 ], [ 87.283534, 25.864611 ], [ 87.27878, 25.868201 ], [ 87.275665, 25.870553 ], [ 87.272556, 25.87283 ], [ 87.27108, 25.873923 ], [ 87.269593, 25.875069 ], [ 87.268955, 25.875502 ], [ 87.268199, 25.875935 ], [ 87.267279, 25.876356 ], [ 87.267103, 25.876424 ], [ 87.266137, 25.876718 ], [ 87.262678, 25.877763 ], [ 87.259543, 25.878743 ], [ 87.257683, 25.879293 ], [ 87.255501, 25.879985 ], [ 87.252789, 25.880818 ], [ 87.246011, 25.882911 ], [ 87.240943, 25.884432 ] ] ] } },
{ "type": "Feature", "properties": { "ID": "150113025", "TRK_NME": null, "FTR_CRY": "BG", "CITY_NME": null, "STT_NME": "Bihar", "SHAPE_Leng": "0.031532847187038" }, "geometry": { "type": "MultiLineString", "coordinates": [ [ [ 87.519327, 25.798239 ], [ 87.519347, 25.799087 ], [ 87.519371, 25.800347 ], [ 87.519392, 25.800886 ], [ 87.519427, 25.801427 ], [ 87.519565, 25.802377 ], [ 87.519766, 25.803525 ], [ 87.5199, 25.804252 ], [ 87.520168, 25.80577 ], [ 87.520484, 25.807496 ], [ 87.520661, 25.80854 ], [ 87.521165, 25.811409 ], [ 87.521291, 25.812164 ], [ 87.521622, 25.81398 ], [ 87.521927, 25.815678 ], [ 87.52207, 25.816501 ], [ 87.522202, 25.817259 ], [ 87.522504, 25.818939 ], [ 87.522791, 25.820589 ], [ 87.523042, 25.821978 ], [ 87.523502, 25.824649 ], [ 87.5236, 25.82521 ], [ 87.524049, 25.827734 ], [ 87.524335, 25.829341 ] ] ] } },
{ "type": "Feature", "properties": { "ID": "150127413", "TRK_NME": null, "FTR_CRY": "BG", "CITY_NME": "Purnia", "STT_NME": "Bihar", "SHAPE_Leng": "0.003915042529216" }, "geometry": { "type": "MultiLineString", "coordinates": [ [ [ 87.519238, 25.794325 ], [ 87.519256, 25.795023 ], [ 87.519279, 25.796074 ], [ 87.519308, 25.797139 ], [ 87.519327, 25.798239 ] ] ] } },
{ "type": "Feature", "properties": { "ID": "150113033", "TRK_NME": "Samastipur to Gorakpur", "FTR_CRY": "BG", "CITY_NME": null, "STT_NME": "Bihar", "SHAPE_Leng": "0.013287286533894" }, "geometry": { "type": "MultiLineString", "coordinates": [ [ [ 87.554498, 25.529267 ], [ 87.553481, 25.529065 ], [ 87.550177, 25.528353 ], [ 87.54247, 25.526765 ], [ 87.541485, 25.526583 ] ] ] } },
{ "type": "Feature", "properties": { "ID": "150113028", "TRK_NME": null, "FTR_CRY": "MG", "CITY_NME": null, "STT_NME": "Bihar", "SHAPE_Leng": "0.016697937383544" }, "geometry": { "type": "MultiLineString", "coordinates": [ [ [ 87.454158, 25.794883 ], [ 87.452882, 25.795085 ], [ 87.452466, 25.795157 ], [ 87.450876, 25.795403 ], [ 87.448366, 25.795822 ], [ 87.447057, 25.796021 ], [ 87.445588, 25.796252 ], [ 87.444517, 25.796425 ], [ 87.443075, 25.796656 ], [ 87.440448, 25.797084 ], [ 87.437673, 25.79754 ] ] ] } },
{ "type": "Feature", "properties": { "ID": "150113144", "TRK_NME": null, "FTR_CRY": "BG", "CITY_NME": null, "STT_NME": "Bihar", "SHAPE_Leng": "9.66251520031E-4" }, "geometry": { "type": "MultiLineString", "coordinates": [ [ [ 87.527203, 25.846185 ], [ 87.527032, 25.845234 ] ] ] } },
{ "type": "Feature", "properties": { "ID": "150129333", "TRK_NME": null, "FTR_CRY": "BG", "CITY_NME": "Kasba", "STT_NME": "Bihar", "SHAPE_Leng": "6.90162299795E-4" }, "geometry": { "type": "MultiLineString", "coordinates": [ [ [ 87.530671, 25.864928 ], [ 87.530553, 25.864248 ] ] ] } },
{ "type": "Feature", "properties": { "ID": "150129334", "TRK_NME": null, "FTR_CRY": "BG", "CITY_NME": "Kasba", "STT_NME": "Bihar", "SHAPE_Leng": "0.018372733554959" }, "geometry": { "type": "MultiLineString", "coordinates": [ [ [ 87.530553, 25.864248 ], [ 87.530178, 25.862247 ], [ 87.529995, 25.861196 ], [ 87.529791, 25.860091 ], [ 87.529656, 25.85925 ], [ 87.529227, 25.856877 ], [ 87.528267, 25.851509 ], [ 87.527915, 25.84954 ], [ 87.52773, 25.848657 ], [ 87.52744, 25.847343 ], [ 87.527203, 25.846185 ] ] ] } },
{ "type": "Feature", "properties": { "ID": "150164502", "TRK_NME": null, "FTR_CRY": "BG", "CITY_NME": null, "STT_NME": "Bihar", "SHAPE_Leng": "0.019513819925252" }, "geometry": { "type": "MultiLineString", "coordinates": [ [ [ 87.846988, 25.541549 ], [ 87.847438, 25.5425 ], [ 87.848075, 25.543947 ], [ 87.848525, 25.54503 ], [ 87.848813, 25.545765 ], [ 87.849212, 25.546728 ], [ 87.849633, 25.547872 ], [ 87.850362, 25.549916 ], [ 87.851527, 25.552807 ], [ 87.852518, 25.555286 ], [ 87.853557, 25.557898 ], [ 87.853893, 25.558796 ], [ 87.854157, 25.559472 ], [ 87.854213, 25.559669 ] ] ] } },
{ "type": "Feature", "properties": { "ID": "150164505", "TRK_NME": null, "FTR_CRY": "BG", "CITY_NME": "Purnia", "STT_NME": "Bihar", "SHAPE_Leng": "0.012529695617709" }, "geometry": { "type": "MultiLineString", "coordinates": [ [ [ 87.518973, 25.781079 ], [ 87.519078, 25.781533 ], [ 87.519174, 25.783106 ], [ 87.51927, 25.785892 ], [ 87.519356, 25.78752 ], [ 87.519397, 25.789929 ], [ 87.519409, 25.791147 ], [ 87.519406, 25.791952 ], [ 87.51925, 25.793582 ] ] ] } },
{ "type": "Feature", "properties": { "ID": "150164506", "TRK_NME": null, "FTR_CRY": "BG", "CITY_NME": "Katihar", "STT_NME": "Bihar", "SHAPE_Leng": "0.008739297441931" }, "geometry": { "type": "MultiLineString", "coordinates": [ [ [ 87.566695, 25.561346 ], [ 87.566717, 25.560772 ], [ 87.566749, 25.560083 ], [ 87.566765, 25.559787 ], [ 87.566766, 25.559587 ], [ 87.566769, 25.55935 ], [ 87.566813, 25.559077 ], [ 87.566866, 25.558836 ], [ 87.566927, 25.558631 ], [ 87.567109, 25.558225 ], [ 87.567198, 25.558048 ], [ 87.567433, 25.557699 ], [ 87.56781, 25.557264 ], [ 87.568308, 25.556795 ], [ 87.568649, 25.556513 ], [ 87.568927, 25.55634 ], [ 87.569101, 25.556239 ], [ 87.569452, 25.556083 ], [ 87.569722, 25.555986 ], [ 87.570188, 25.555892 ], [ 87.570357, 25.55588 ], [ 87.570702, 25.555891 ], [ 87.571748, 25.555969 ] ] ] } },
{ "type": "Feature", "properties": { "ID": "150164507", "TRK_NME": null, "FTR_CRY": "BG", "CITY_NME": null, "STT_NME": "Bihar", "SHAPE_Leng": "0.008872208625382" }, "geometry": { "type": "MultiLineString", "coordinates": [ [ [ 87.739961, 25.442536 ], [ 87.740677, 25.442024 ], [ 87.743199, 25.440579 ], [ 87.744711, 25.43973 ], [ 87.74555, 25.439258 ], [ 87.746618, 25.438674 ], [ 87.74724, 25.438361 ], [ 87.74767, 25.438159 ] ] ] } },
{ "type": "Feature", "properties": { "ID": "150164508", "TRK_NME": null, "FTR_CRY": "BG", "CITY_NME": "Katihar", "STT_NME": "Bihar", "SHAPE_Leng": "0.009943706478078" }, "geometry": { "type": "MultiLineString", "coordinates": [ [ [ 87.565369, 25.54133 ], [ 87.5653, 25.54392 ], [ 87.56528, 25.545132 ], [ 87.565325, 25.546047 ], [ 87.56559, 25.549683 ], [ 87.565666, 25.550094 ], [ 87.566006, 25.551204 ] ] ] } },
{ "type": "Feature", "properties": { "ID": "150164509", "TRK_NME": null, "FTR_CRY": "BG", "CITY_NME": "Katihar", "STT_NME": "Bihar", "SHAPE_Leng": "0.007777281644117" }, "geometry": { "type": "MultiLineString", "coordinates": [ [ [ 87.56636, 25.552407 ], [ 87.56642, 25.551293 ], [ 87.566328, 25.549641 ], [ 87.566107, 25.546377 ], [ 87.56585, 25.545203 ], [ 87.565743, 25.54468 ] ] ] } },
{ "type": "Feature", "properties": { "ID": "150113143", "TRK_NME": null, "FTR_CRY": "BG", "CITY_NME": null, "STT_NME": "Bihar", "SHAPE_Leng": "0.023126237111906" }, "geometry": { "type": "MultiLineString", "coordinates": [ [ [ 87.534719, 25.887697 ], [ 87.534448, 25.886242 ], [ 87.534012, 25.883776 ], [ 87.533604, 25.881442 ], [ 87.533198, 25.879233 ], [ 87.532985, 25.877988 ], [ 87.532723, 25.876509 ], [ 87.532514, 25.875348 ], [ 87.532278, 25.874056 ], [ 87.53213, 25.873194 ], [ 87.531912, 25.87197 ], [ 87.531659, 25.870508 ], [ 87.531111, 25.867459 ], [ 87.530671, 25.864928 ] ] ] } },
{ "type": "Feature", "properties": { "ID": "150113145", "TRK_NME": null, "FTR_CRY": "BG", "CITY_NME": null, "STT_NME": "Bihar", "SHAPE_Leng": "0.016122193988647" }, "geometry": { "type": "MultiLineString", "coordinates": [ [ [ 87.527032, 25.845234 ], [ 87.526995, 25.845018 ], [ 87.526832, 25.844029 ], [ 87.526541, 25.841827 ], [ 87.526347, 25.840658 ], [ 87.52559, 25.836411 ], [ 87.5255, 25.835875 ], [ 87.525269, 25.834617 ], [ 87.52494, 25.832712 ], [ 87.524573, 25.830623 ], [ 87.524335, 25.829341 ] ] ] } },
{ "type": "Feature", "properties": { "ID": "150113310", "TRK_NME": "Banmankhit", "FTR_CRY": "MG", "CITY_NME": null, "STT_NME": "Bihar", "SHAPE_Leng": "0.203639692383324" }, "geometry": { "type": "MultiLineString", "coordinates": [ [ [ 87.152423, 25.841668 ], [ 87.150974, 25.840098 ], [ 87.1504, 25.839483 ], [ 87.149309, 25.838299 ], [ 87.148528, 25.837455 ], [ 87.147766, 25.836632 ], [ 87.147034, 25.835837 ], [ 87.146274, 25.835016 ], [ 87.14446, 25.833055 ], [ 87.143686, 25.83222 ], [ 87.143203, 25.831704 ], [ 87.139878, 25.828115 ], [ 87.138379, 25.826489 ], [ 87.137434, 25.82547 ], [ 87.135858, 25.823723 ], [ 87.135607, 25.823443 ], [ 87.13548, 25.823315 ], [ 87.134834, 25.822641 ], [ 87.1336, 25.821304 ], [ 87.132307, 25.819904 ], [ 87.131384, 25.818903 ], [ 87.130709, 25.818175 ], [ 87.129511, 25.816894 ], [ 87.128326, 25.815624 ], [ 87.127868, 25.815077 ], [ 87.127633, 25.8148 ], [ 87.127314, 25.814345 ], [ 87.127199, 25.814152 ], [ 87.12661, 25.812792 ], [ 87.126044, 25.811352 ], [ 87.125002, 25.80889 ], [ 87.124413, 25.807493 ], [ 87.122698, 25.803298 ], [ 87.121793, 25.801188 ], [ 87.121114, 25.79956 ], [ 87.121022, 25.799359 ], [ 87.120774, 25.798906 ], [ 87.12059, 25.798616 ], [ 87.119778, 25.797611 ], [ 87.119491, 25.797322 ], [ 87.118137, 25.796128 ], [ 87.117225, 25.795317 ], [ 87.114005, 25.792512 ], [ 87.112701, 25.791335 ], [ 87.112043, 25.790753 ], [ 87.111205, 25.790016 ], [ 87.109622, 25.788596 ], [ 87.108706, 25.787777 ], [ 87.107485, 25.786701 ], [ 87.106208, 25.785575 ], [ 87.104829, 25.784362 ], [ 87.103793, 25.783433 ], [ 87.102643, 25.782426 ], [ 87.101421, 25.781355 ], [ 87.100514, 25.780541 ], [ 87.099359, 25.779507 ], [ 87.098231, 25.778466 ], [ 87.097023, 25.777383 ], [ 87.09662, 25.777016 ], [ 87.095181, 25.775753 ], [ 87.093109, 25.773934 ], [ 87.091432, 25.772428 ], [ 87.090832, 25.771901 ], [ 87.089547, 25.770768 ], [ 87.088996, 25.77028 ], [ 87.086327, 25.767893 ], [ 87.086164, 25.767745 ], [ 87.085346, 25.767135 ], [ 87.084695, 25.766711 ], [ 87.084159, 25.766442 ], [ 87.08402, 25.766382 ], [ 87.082435, 25.765738 ], [ 87.080648, 25.765009 ], [ 87.07629, 25.763273 ], [ 87.075256, 25.762842 ], [ 87.07249, 25.761705 ], [ 87.070349, 25.7608 ], [ 87.066258, 25.759165 ], [ 87.060268, 25.75678 ], [ 87.058751, 25.756162 ], [ 87.055797, 25.75496 ], [ 87.053543, 25.754019 ], [ 87.051047, 25.752967 ], [ 87.049549, 25.752389 ], [ 87.046462, 25.751138 ], [ 87.044466, 25.750321 ], [ 87.041856, 25.749247 ], [ 87.037117, 25.747332 ], [ 87.031988, 25.745251 ], [ 87.030005, 25.744444 ], [ 87.027361, 25.743342 ], [ 87.025806, 25.742705 ], [ 87.024538, 25.742177 ], [ 87.020758, 25.740632 ], [ 87.01889, 25.739884 ], [ 87.015782, 25.73859 ], [ 87.012994, 25.737463 ], [ 87.012032, 25.737066 ], [ 87.011077, 25.736683 ], [ 87.010055, 25.736277 ], [ 87.009794, 25.736204 ], [ 87.005102, 25.735059 ], [ 87.001308, 25.73414 ], [ 86.996282, 25.732961 ], [ 86.995136, 25.732738 ], [ 86.994249, 25.73252 ], [ 86.991961, 25.731961 ], [ 86.989891, 25.73142 ] ] ] } },
{ "type": "Feature", "properties": { "ID": "150164635", "TRK_NME": "Samastipur to Gorakpur", "FTR_CRY": "BG", "CITY_NME": null, "STT_NME": "Bihar", "SHAPE_Leng": "0.015159139082765" }, "geometry": { "type": "MultiLineString", "coordinates": [ [ [ 87.550177, 25.528353 ], [ 87.548522, 25.528106 ], [ 87.547005, 25.527994 ], [ 87.546011, 25.527913 ], [ 87.544499, 25.527713 ], [ 87.540217, 25.526845 ], [ 87.538875, 25.526454 ], [ 87.537971, 25.526124 ], [ 87.537525, 25.525982 ], [ 87.537167, 25.52587 ], [ 87.536765, 25.525762 ], [ 87.535362, 25.525382 ] ] ] } },
{ "type": "Feature", "properties": { "ID": "150132266", "TRK_NME": "Supaul to Forbesgunj", "FTR_CRY": "BG", "CITY_NME": "Katihar", "STT_NME": "Bihar", "SHAPE_Leng": "0.059561025639829" }, "geometry": { "type": "MultiLineString", "coordinates": [ [ [ 87.56614, 25.568011 ], [ 87.566519, 25.563827 ], [ 87.5666, 25.562583 ], [ 87.566695, 25.561346 ], [ 87.566522, 25.55896 ], [ 87.566358, 25.556453 ], [ 87.566006, 25.551204 ], [ 87.565933, 25.549851 ], [ 87.565743, 25.54468 ], [ 87.565636, 25.543258 ], [ 87.565763, 25.54242 ], [ 87.56582, 25.542001 ], [ 87.565871, 25.540693 ], [ 87.565833, 25.540013 ], [ 87.56575, 25.539384 ], [ 87.565633, 25.538762 ], [ 87.565342, 25.537426 ], [ 87.565209, 25.536651 ], [ 87.565105, 25.535848 ], [ 87.56506, 25.535429 ], [ 87.564959, 25.534829 ], [ 87.564806, 25.534111 ], [ 87.564535, 25.533368 ], [ 87.564464, 25.532726 ], [ 87.564488, 25.532482 ], [ 87.564504, 25.532345 ], [ 87.564561, 25.532111 ], [ 87.564678, 25.531808 ], [ 87.564935, 25.531312 ], [ 87.56502, 25.531107 ], [ 87.5651, 25.530873 ], [ 87.565192, 25.530577 ], [ 87.565261, 25.530225 ], [ 87.565349, 25.529699 ], [ 87.565439, 25.529183 ], [ 87.565642, 25.528448 ], [ 87.566355, 25.526332 ], [ 87.567071, 25.524076 ], [ 87.567969, 25.521384 ], [ 87.568198, 25.520702 ], [ 87.568463, 25.5199 ], [ 87.568859, 25.51869 ], [ 87.569714, 25.516139 ], [ 87.570293, 25.514387 ], [ 87.570939, 25.512389 ], [ 87.571218, 25.511559 ], [ 87.571775, 25.509838 ] ] ] } },
{ "type": "Feature", "properties": { "ID": "150113387", "TRK_NME": null, "FTR_CRY": "MG", "CITY_NME": null, "STT_NME": "Bihar", "SHAPE_Leng": "0.041765762740601" }, "geometry": { "type": "MultiLineString", "coordinates": [ [ [ 87.199495, 25.88519 ], [ 87.20087, 25.885239 ], [ 87.202168, 25.885312 ], [ 87.204024, 25.885383 ], [ 87.206978, 25.885488 ], [ 87.208169, 25.88553 ], [ 87.209575, 25.885587 ], [ 87.211134, 25.885625 ], [ 87.21271, 25.885693 ], [ 87.214273, 25.885758 ], [ 87.216533, 25.885853 ], [ 87.217555, 25.885888 ], [ 87.218659, 25.885933 ], [ 87.220834, 25.886018 ], [ 87.223391, 25.886119 ], [ 87.224711, 25.886169 ], [ 87.225521, 25.886197 ], [ 87.225927, 25.886222 ], [ 87.226823, 25.886255 ], [ 87.228621, 25.88632 ], [ 87.229474, 25.886359 ], [ 87.23092, 25.886422 ], [ 87.231701, 25.886434 ], [ 87.232763, 25.886486 ], [ 87.233276, 25.886484 ], [ 87.233834, 25.886451 ], [ 87.234473, 25.886365 ], [ 87.235004, 25.886253 ], [ 87.235993, 25.885974 ], [ 87.237039, 25.885642 ], [ 87.239417, 25.884902 ], [ 87.240943, 25.884432 ] ] ] } },
{ "type": "Feature", "properties": { "ID": "150131079", "TRK_NME": "Purnea to Saharsa", "FTR_CRY": "MG", "CITY_NME": null, "STT_NME": "Bihar", "SHAPE_Leng": "0.001535423068723" }, "geometry": { "type": "MultiLineString", "coordinates": [ [ [ 86.989863, 25.891522 ], [ 86.988395, 25.891972 ] ] ] } },
{ "type": "Feature", "properties": { "ID": "150131080", "TRK_NME": "Purnea to Saharsa", "FTR_CRY": "MG", "CITY_NME": "Murliganj", "STT_NME": "Bihar", "SHAPE_Leng": "0.003561145842828" }, "geometry": { "type": "MultiLineString", "coordinates": [ [ [ 86.993282, 25.890526 ], [ 86.991912, 25.890932 ], [ 86.989863, 25.891522 ] ] ] } },
{ "type": "Feature", "properties": { "ID": "150113132", "TRK_NME": null, "FTR_CRY": "MG", "CITY_NME": null, "STT_NME": "Bihar", "SHAPE_Leng": "0.001309673623455" }, "geometry": { "type": "MultiLineString", "coordinates": [ [ [ 87.198186, 25.885148 ], [ 87.199495, 25.88519 ] ] ] } },
{ "type": "Feature", "properties": { "ID": "150132243", "TRK_NME": null, "FTR_CRY": "MG", "CITY_NME": "Banmankhi Bazar", "STT_NME": "Bihar", "SHAPE_Leng": "0.011072453361512" }, "geometry": { "type": "MultiLineString", "coordinates": [ [ [ 87.187125, 25.884654 ], [ 87.190739, 25.884785 ], [ 87.192862, 25.884903 ], [ 87.194526, 25.884968 ], [ 87.195712, 25.885039 ], [ 87.197546, 25.885123 ], [ 87.198186, 25.885148 ] ] ] } },
{ "type": "Feature", "properties": { "ID": "150113093", "TRK_NME": "Purnea to Saharsa", "FTR_CRY": "MG", "CITY_NME": null, "STT_NME": "Bihar", "SHAPE_Leng": "0.012299908155323" }, "geometry": { "type": "MultiLineString", "coordinates": [ [ [ 87.005099, 25.887114 ], [ 87.002753, 25.887791 ], [ 87.000691, 25.888412 ], [ 86.996784, 25.889531 ], [ 86.993282, 25.890526 ] ] ] } },
{ "type": "Feature", "properties": { "ID": "150164518", "TRK_NME": null, "FTR_CRY": "MG", "CITY_NME": "Banmankhi Bazar", "STT_NME": "Bihar", "SHAPE_Leng": "0.006858655466608" }, "geometry": { "type": "MultiLineString", "coordinates": [ [ [ 87.190739, 25.884785 ], [ 87.191539, 25.884626 ], [ 87.191684, 25.884615 ], [ 87.195279, 25.884766 ], [ 87.196135, 25.884836 ], [ 87.196453, 25.884882 ], [ 87.197546, 25.885123 ] ] ] } },
{ "type": "Feature", "properties": { "ID": "150131064", "TRK_NME": null, "FTR_CRY": "MG", "CITY_NME": "Purnia", "STT_NME": "Bihar", "SHAPE_Leng": "0.067755981665091" }, "geometry": { "type": "MultiLineString", "coordinates": [ [ [ 87.519208, 25.794333 ], [ 87.519214, 25.794728 ], [ 87.519179, 25.795286 ], [ 87.519169, 25.795353 ], [ 87.519112, 25.795615 ], [ 87.519082, 25.795715 ], [ 87.518951, 25.796051 ], [ 87.518904, 25.796137 ], [ 87.518716, 25.796423 ], [ 87.51868, 25.796474 ], [ 87.518516, 25.796662 ], [ 87.518424, 25.79675 ], [ 87.518308, 25.796862 ], [ 87.518137, 25.797014 ], [ 87.518021, 25.797093 ], [ 87.517902, 25.797163 ], [ 87.517722, 25.797267 ], [ 87.517523, 25.797351 ], [ 87.517372, 25.79741 ], [ 87.517039, 25.797511 ], [ 87.516897, 25.79754 ], [ 87.516574, 25.797614 ], [ 87.51609, 25.797666 ], [ 87.515696, 25.797698 ], [ 87.515283, 25.797695 ], [ 87.514434, 25.797684 ], [ 87.513159, 25.797715 ], [ 87.511154, 25.797805 ], [ 87.510606, 25.797851 ], [ 87.51026, 25.79786 ], [ 87.509885, 25.797874 ], [ 87.509512, 25.797863 ], [ 87.508114, 25.797661 ], [ 87.507054, 25.7975 ], [ 87.505959, 25.797336 ], [ 87.505053, 25.797206 ], [ 87.503582, 25.797 ], [ 87.501554, 25.796709 ], [ 87.499369, 25.796391 ], [ 87.495695, 25.795864 ], [ 87.494253, 25.795654 ], [ 87.49323, 25.795503 ], [ 87.491841, 25.795305 ], [ 87.490314, 25.7951 ], [ 87.48769, 25.794716 ], [ 87.487412, 25.794672 ], [ 87.486332, 25.794539 ], [ 87.486263, 25.794531 ], [ 87.486212, 25.794528 ], [ 87.485708, 25.794506 ], [ 87.485404, 25.794502 ], [ 87.484783, 25.794533 ], [ 87.484697, 25.794539 ], [ 87.48427, 25.794579 ], [ 87.482431, 25.794738 ], [ 87.481281, 25.794836 ], [ 87.48008, 25.79493 ], [ 87.47872, 25.795058 ], [ 87.472228, 25.795622 ], [ 87.471798, 25.795663 ], [ 87.469747, 25.795836 ], [ 87.469608, 25.795844 ], [ 87.46912, 25.795831 ], [ 87.468973, 25.795818 ], [ 87.468837, 25.795807 ], [ 87.468748, 25.795794 ], [ 87.468604, 25.795766 ], [ 87.466921, 25.79533 ], [ 87.466249, 25.795152 ], [ 87.462246, 25.79408 ], [ 87.461774, 25.793964 ], [ 87.461701, 25.793949 ], [ 87.461554, 25.793923 ], [ 87.461433, 25.793909 ], [ 87.461027, 25.793879 ], [ 87.460966, 25.793878 ], [ 87.460642, 25.793887 ], [ 87.460515, 25.793895 ], [ 87.460113, 25.793939 ], [ 87.459238, 25.794073 ], [ 87.457001, 25.794421 ], [ 87.454628, 25.794814 ], [ 87.454158, 25.794883 ] ] ] } },
{ "type": "Feature", "properties": { "ID": "150113131", "TRK_NME": null, "FTR_CRY": "MG", "CITY_NME": null, "STT_NME": "Bihar", "SHAPE_Leng": "0.04324610748225" }, "geometry": { "type": "MultiLineString", "coordinates": [ [ [ 87.143584, 25.883072 ], [ 87.144147, 25.883051 ], [ 87.145001, 25.88306 ], [ 87.145846, 25.883079 ], [ 87.146445, 25.883101 ], [ 87.147351, 25.883135 ], [ 87.148688, 25.883185 ], [ 87.149361, 25.883204 ], [ 87.150624, 25.883262 ], [ 87.151455, 25.8833 ], [ 87.153514, 25.883387 ], [ 87.154117, 25.883405 ], [ 87.155003, 25.883438 ], [ 87.156168, 25.883488 ], [ 87.157246, 25.883524 ], [ 87.158556, 25.883584 ], [ 87.160085, 25.883631 ], [ 87.162567, 25.883727 ], [ 87.16536, 25.883842 ], [ 87.168088, 25.883952 ], [ 87.169409, 25.884012 ], [ 87.171306, 25.884083 ], [ 87.173389, 25.884152 ], [ 87.174508, 25.884202 ], [ 87.176764, 25.884296 ], [ 87.178212, 25.884356 ], [ 87.180227, 25.884424 ], [ 87.181924, 25.884488 ], [ 87.185527, 25.884614 ], [ 87.186799, 25.884645 ] ] ] } },
{ "type": "Feature", "properties": { "ID": "150131073", "TRK_NME": null, "FTR_CRY": "MG", "CITY_NME": null, "STT_NME": "Bihar", "SHAPE_Leng": "3.2612420944E-4" }, "geometry": { "type": "MultiLineString", "coordinates": [ [ [ 87.186799, 25.884645 ], [ 87.187125, 25.884654 ] ] ] } },
{ "type": "Feature", "properties": { "ID": "150113414", "TRK_NME": null, "FTR_CRY": "MG", "CITY_NME": null, "STT_NME": "Bihar", "SHAPE_Leng": "0.054734562020989" }, "geometry": { "type": "MultiLineString", "coordinates": [ [ [ 87.152423, 25.841668 ], [ 87.152714, 25.841978 ], [ 87.153116, 25.842429 ], [ 87.153389, 25.842787 ], [ 87.153697, 25.843202 ], [ 87.154349, 25.844111 ], [ 87.154675, 25.84456 ], [ 87.155327, 25.84545 ], [ 87.156124, 25.846558 ], [ 87.156919, 25.847671 ], [ 87.157457, 25.848417 ], [ 87.158705, 25.850161 ], [ 87.16003, 25.852008 ], [ 87.161587, 25.854179 ], [ 87.162241, 25.855062 ], [ 87.162602, 25.855594 ], [ 87.163653, 25.857063 ], [ 87.165355, 25.859439 ], [ 87.166647, 25.861238 ], [ 87.168491, 25.863825 ], [ 87.16887, 25.864345 ], [ 87.169504, 25.865228 ], [ 87.170533, 25.866672 ], [ 87.171913, 25.868594 ], [ 87.172595, 25.86954 ], [ 87.174252, 25.871855 ], [ 87.174827, 25.872655 ], [ 87.175835, 25.874067 ], [ 87.176658, 25.875229 ], [ 87.17956, 25.879302 ], [ 87.180946, 25.881231 ], [ 87.181725, 25.882288 ], [ 87.18224, 25.88299 ], [ 87.182386, 25.883154 ], [ 87.182568, 25.883349 ], [ 87.182745, 25.883509 ], [ 87.183022, 25.88373 ], [ 87.183258, 25.883891 ], [ 87.183424, 25.883994 ], [ 87.183658, 25.884119 ], [ 87.183818, 25.884198 ], [ 87.183984, 25.884264 ], [ 87.184226, 25.884357 ], [ 87.184591, 25.884463 ], [ 87.184718, 25.88449 ], [ 87.185527, 25.884614 ] ] ] } },
{ "type": "Feature", "properties": { "ID": "150113410", "TRK_NME": "Raghunathpur to Radhikapur", "FTR_CRY": "BG", "CITY_NME": null, "STT_NME": "Bihar", "SHAPE_Leng": "0.199207875512722" }, "geometry": { "type": "MultiLineString", "coordinates": [ [ [ 87.80681370721409, 25.438855157778821 ], [ 87.80797, 25.441735 ], [ 87.809607, 25.446037 ], [ 87.811391, 25.450596 ], [ 87.813223, 25.455317 ], [ 87.814173, 25.457745 ], [ 87.814781, 25.459321 ], [ 87.816555, 25.463883 ], [ 87.818769, 25.469589 ], [ 87.820118, 25.473029 ], [ 87.820644, 25.47437 ], [ 87.822218, 25.478472 ], [ 87.822906, 25.480223 ], [ 87.823644, 25.482047 ], [ 87.824249, 25.48362 ], [ 87.824956, 25.485646 ], [ 87.827186, 25.49138 ], [ 87.829204, 25.496501 ], [ 87.830507, 25.499794 ], [ 87.831854, 25.503049 ], [ 87.833413, 25.507178 ], [ 87.835658, 25.512836 ], [ 87.836497, 25.514956 ], [ 87.837306, 25.516986 ], [ 87.838162, 25.519221 ], [ 87.838681, 25.520594 ], [ 87.83897, 25.521271 ], [ 87.839315, 25.522126 ], [ 87.840168, 25.52429 ], [ 87.841074, 25.526603 ], [ 87.84225, 25.529625 ], [ 87.843331, 25.53233 ], [ 87.844029, 25.534108 ], [ 87.844631, 25.535621 ], [ 87.845068, 25.536687 ], [ 87.845753, 25.53838 ], [ 87.846542, 25.540442 ], [ 87.846988, 25.541549 ], [ 87.848449, 25.545144 ], [ 87.849743, 25.548618 ], [ 87.85118, 25.552163 ], [ 87.851671, 25.553348 ], [ 87.852669, 25.55584 ], [ 87.854213, 25.559669 ], [ 87.855049, 25.561755 ], [ 87.855534, 25.562996 ], [ 87.856573, 25.566039 ], [ 87.857753, 25.569388 ], [ 87.859198, 25.572857 ], [ 87.860123, 25.575145 ], [ 87.860931, 25.577134 ], [ 87.863215, 25.582736 ], [ 87.863756, 25.583996 ], [ 87.865204, 25.587558 ], [ 87.867015, 25.591943 ], [ 87.86807, 25.594559 ], [ 87.869695, 25.598488 ], [ 87.871082, 25.601877 ], [ 87.872215, 25.604595 ], [ 87.872544, 25.605412 ], [ 87.873214, 25.607078 ], [ 87.873985, 25.608933 ], [ 87.874795, 25.610933 ], [ 87.875533, 25.612724 ], [ 87.876193, 25.614316 ], [ 87.876611, 25.615341 ], [ 87.877178, 25.616721 ], [ 87.877419, 25.617313 ], [ 87.877915, 25.618525 ], [ 87.878313, 25.619489 ], [ 87.879185, 25.621545 ], [ 87.879606, 25.62257 ], [ 87.879955, 25.623333 ], [ 87.880319, 25.623941 ] ] ] } },
{ "type": "Feature", "properties": { "ID": "150113473", "TRK_NME": "Raghunathpur to Dalkhola", "FTR_CRY": "BG", "CITY_NME": null, "STT_NME": "Bihar", "SHAPE_Leng": "0.196887898340087" }, "geometry": { "type": "MultiLineString", "coordinates": [ [ [ 87.900875, 25.68843 ], [ 87.899966, 25.690521 ], [ 87.89925, 25.692065 ], [ 87.897925, 25.694934 ], [ 87.897434, 25.695986 ], [ 87.89688, 25.697037 ], [ 87.896452, 25.697722 ], [ 87.896081, 25.69833 ], [ 87.895492, 25.699275 ], [ 87.894468, 25.700925 ], [ 87.893163, 25.702997 ], [ 87.892336, 25.704415 ], [ 87.890521, 25.707613 ], [ 87.889273, 25.709864 ], [ 87.888477, 25.711308 ], [ 87.888167, 25.711847 ], [ 87.885799, 25.716084 ], [ 87.885246, 25.717196 ], [ 87.884707, 25.718295 ], [ 87.883494, 25.720599 ], [ 87.882321, 25.722637 ], [ 87.877137, 25.731863 ], [ 87.876228, 25.733445 ], [ 87.8731, 25.739051 ], [ 87.872272, 25.740386 ], [ 87.871822, 25.741076 ], [ 87.871476, 25.741673 ], [ 87.870682, 25.743076 ], [ 87.869564, 25.745074 ], [ 87.868315, 25.747299 ], [ 87.867373, 25.749013 ], [ 87.866874, 25.749852 ], [ 87.866466, 25.750681 ], [ 87.86621, 25.751293 ], [ 87.865636, 25.753478 ], [ 87.865503, 25.753992 ], [ 87.865269, 25.754585 ], [ 87.86499, 25.755139 ], [ 87.864426, 25.756143 ], [ 87.863729, 25.757376 ], [ 87.861942, 25.7606 ], [ 87.861112, 25.762073 ], [ 87.860592, 25.762906 ], [ 87.860136, 25.763522 ], [ 87.859654, 25.764184 ], [ 87.858929, 25.764987 ], [ 87.858075, 25.766027 ], [ 87.857649, 25.766591 ], [ 87.857478, 25.766819 ], [ 87.857276, 25.767105 ], [ 87.856587, 25.76826 ], [ 87.855509, 25.770197 ], [ 87.853355, 25.774024 ], [ 87.852685, 25.775211 ], [ 87.850615, 25.778843 ], [ 87.849261, 25.781239 ], [ 87.847374, 25.784595 ], [ 87.846388, 25.786391 ], [ 87.845911, 25.787196 ], [ 87.845044, 25.788743 ], [ 87.844688, 25.789419 ], [ 87.84447, 25.789874 ], [ 87.844284, 25.790284 ], [ 87.844069, 25.790852 ], [ 87.84393, 25.791238 ], [ 87.843772, 25.79173 ], [ 87.843554, 25.79255 ], [ 87.843402, 25.79335 ], [ 87.84333, 25.793851 ], [ 87.843289, 25.794229 ], [ 87.843229, 25.795013 ], [ 87.843083, 25.797008 ], [ 87.842786, 25.802992 ], [ 87.842584, 25.806598 ], [ 87.842454, 25.808894 ], [ 87.842402, 25.809944 ], [ 87.842434, 25.810624 ], [ 87.842503, 25.811099 ], [ 87.8429, 25.812738 ], [ 87.843129, 25.813709 ], [ 87.843192, 25.814377 ], [ 87.843198, 25.814895 ], [ 87.843174, 25.815505 ], [ 87.843112, 25.817279 ], [ 87.843014, 25.818294 ], [ 87.842926, 25.818838 ], [ 87.842847, 25.819333 ], [ 87.842733, 25.819791 ], [ 87.842616, 25.820251 ], [ 87.842439, 25.820877 ], [ 87.842227, 25.821511 ], [ 87.841709, 25.823465 ], [ 87.841536, 25.824694 ], [ 87.841425, 25.826685 ], [ 87.841348, 25.828164 ], [ 87.841221, 25.83058 ], [ 87.841177, 25.831563 ], [ 87.840912, 25.836287 ], [ 87.840877, 25.837058 ], [ 87.840657, 25.841015 ], [ 87.84048, 25.843868 ], [ 87.840329, 25.846772 ], [ 87.840207, 25.849162 ], [ 87.840193, 25.849995 ], [ 87.840208, 25.850349 ], [ 87.840235, 25.850754 ], [ 87.840301, 25.851565 ], [ 87.840611, 25.853755 ], [ 87.840649, 25.854088 ], [ 87.840662, 25.85433 ], [ 87.840687, 25.854869 ], [ 87.840697, 25.855576 ], [ 87.840671, 25.85619 ], [ 87.840542, 25.859024 ], [ 87.840441, 25.859968 ], [ 87.840019, 25.862096 ], [ 87.839889, 25.862688 ], [ 87.839603, 25.864351 ], [ 87.839436, 25.867061 ], [ 87.839374505850742, 25.868189478726745 ] ] ] } },
{ "type": "Feature", "properties": { "ID": "150127368", "TRK_NME": "Raghunathpur to Dalkhola", "FTR_CRY": "MG", "CITY_NME": null, "STT_NME": "Bihar", "SHAPE_Leng": "0.196884452016026" }, "geometry": { "type": "MultiLineString", "coordinates": [ [ [ 87.900875, 25.68843 ], [ 87.900739, 25.688914 ], [ 87.900571, 25.689334 ], [ 87.900435, 25.689687 ], [ 87.900073, 25.690492 ], [ 87.89936, 25.692028 ], [ 87.897947, 25.695031 ], [ 87.897551, 25.695912 ], [ 87.897028, 25.697023 ], [ 87.896588, 25.69775 ], [ 87.896236, 25.698334 ], [ 87.89463, 25.700885 ], [ 87.893294, 25.702986 ], [ 87.892436, 25.704419 ], [ 87.888397, 25.711578 ], [ 87.887731, 25.71276 ], [ 87.886742, 25.714541 ], [ 87.885881, 25.716103 ], [ 87.884882, 25.718199 ], [ 87.883618, 25.720732 ], [ 87.882772, 25.722159 ], [ 87.881869, 25.723623 ], [ 87.880912, 25.725324 ], [ 87.880195, 25.726595 ], [ 87.876326, 25.733488 ], [ 87.87554, 25.734927 ], [ 87.874258, 25.737327 ], [ 87.872946, 25.739601 ], [ 87.872195, 25.740746 ], [ 87.871592, 25.741686 ], [ 87.870661, 25.743296 ], [ 87.868393, 25.747284 ], [ 87.866947, 25.749872 ], [ 87.866637, 25.750575 ], [ 87.866416, 25.75123 ], [ 87.866223, 25.751922 ], [ 87.866087, 25.752469 ], [ 87.865891, 25.753286 ], [ 87.865667, 25.753938 ], [ 87.865544, 25.754297 ], [ 87.865104, 25.755216 ], [ 87.864475, 25.756393 ], [ 87.862727, 25.759535 ], [ 87.861517, 25.761673 ], [ 87.860894, 25.762771 ], [ 87.860455, 25.763423 ], [ 87.859987, 25.764103 ], [ 87.85963, 25.76456 ], [ 87.857534, 25.76701 ], [ 87.853417, 25.774041 ], [ 87.852739, 25.77522 ], [ 87.850874, 25.778466 ], [ 87.850338, 25.77943 ], [ 87.849965, 25.780102 ], [ 87.849291, 25.781298 ], [ 87.848151, 25.783342 ], [ 87.847488, 25.784524 ], [ 87.84616, 25.786898 ], [ 87.845712, 25.787672 ], [ 87.845102, 25.78879 ], [ 87.844726, 25.789508 ], [ 87.844596, 25.789787 ], [ 87.844353, 25.790333 ], [ 87.844132, 25.790891 ], [ 87.84399, 25.791312 ], [ 87.843838, 25.791779 ], [ 87.843633, 25.792536 ], [ 87.843481, 25.793319 ], [ 87.843366, 25.794089 ], [ 87.843288, 25.794908 ], [ 87.843237, 25.795681 ], [ 87.843208, 25.796401 ], [ 87.843146, 25.797338 ], [ 87.843083, 25.79836 ], [ 87.843043, 25.799115 ], [ 87.843, 25.800347 ], [ 87.842808, 25.803798 ], [ 87.842691, 25.805508 ], [ 87.842568, 25.808012 ], [ 87.842598, 25.808877 ], [ 87.842759, 25.810089 ], [ 87.843202, 25.812255 ], [ 87.843306, 25.813083 ], [ 87.843356, 25.813669 ], [ 87.843366, 25.813974 ], [ 87.843356, 25.8151 ], [ 87.843258, 25.816933 ], [ 87.843235, 25.817512 ], [ 87.843118, 25.818607 ], [ 87.842976, 25.819452 ], [ 87.842813, 25.820195 ], [ 87.842442, 25.821489 ], [ 87.841823, 25.82365 ], [ 87.841656, 25.824563 ], [ 87.841615, 25.824928 ], [ 87.841564, 25.825388 ], [ 87.841393, 25.828203 ], [ 87.841224, 25.831709 ], [ 87.841057, 25.834552 ], [ 87.840978, 25.836288 ], [ 87.840937, 25.837053 ], [ 87.840884, 25.83802 ], [ 87.840787, 25.839577 ], [ 87.840729, 25.840698 ], [ 87.840677, 25.841707 ], [ 87.840603, 25.842916 ], [ 87.840561, 25.843573 ], [ 87.840523, 25.844325 ], [ 87.840477, 25.845211 ], [ 87.840397, 25.846625 ], [ 87.840296, 25.848432 ], [ 87.840267, 25.849174 ], [ 87.840261, 25.849702 ], [ 87.840268, 25.850089 ], [ 87.840279, 25.850377 ], [ 87.840304, 25.85074 ], [ 87.840446, 25.851944 ], [ 87.840703, 25.853434 ], [ 87.840753, 25.853792 ], [ 87.840807, 25.854294 ], [ 87.840836, 25.855042 ], [ 87.840833, 25.855298 ], [ 87.840817, 25.856232 ], [ 87.840655, 25.859004 ], [ 87.840631, 25.859247 ], [ 87.840585, 25.859582 ], [ 87.840528, 25.859978 ], [ 87.840282, 25.861291 ], [ 87.83999, 25.862663 ], [ 87.839652, 25.864471 ], [ 87.839456, 25.867922 ], [ 87.839446211908069, 25.868177026725377 ] ] ] } },
{ "type": "Feature", "properties": { "ID": "150125868", "TRK_NME": null, "FTR_CRY": "BG", "CITY_NME": null, "STT_NME": "West Bengal", "SHAPE_Leng": "0.02447532099176" }, "geometry": { "type": "MultiLineString", "coordinates": [ [ [ 87.781265697545507, 25.432599051828749 ], [ 87.78105, 25.432621 ] ] ] } },
{ "type": "Feature", "properties": { "ID": "150113201", "TRK_NME": null, "FTR_CRY": "BG", "CITY_NME": null, "STT_NME": "Bihar", "SHAPE_Leng": "0.044653985294369" }, "geometry": { "type": "MultiLineString", "coordinates": [ [ [ 87.676454, 25.333865 ], [ 87.676809, 25.333865 ], [ 87.677215, 25.333883 ], [ 87.677573, 25.333928 ], [ 87.678115, 25.334092 ], [ 87.678476, 25.334235 ], [ 87.678919, 25.334452 ], [ 87.679512, 25.334859 ], [ 87.680478, 25.335601 ], [ 87.681251, 25.336205 ], [ 87.682519, 25.337187 ], [ 87.684379, 25.338613 ], [ 87.685665, 25.33961 ], [ 87.686916, 25.340552 ], [ 87.687468, 25.340884 ], [ 87.688117, 25.341159 ], [ 87.688757, 25.341322 ], [ 87.689404, 25.34138 ], [ 87.690018, 25.341345 ], [ 87.690965, 25.341206 ], [ 87.698969, 25.339505 ], [ 87.700306, 25.33921 ], [ 87.70107, 25.339059 ], [ 87.701871, 25.338927 ], [ 87.702616, 25.33889 ], [ 87.703446, 25.338893 ], [ 87.70535, 25.339031 ], [ 87.707863, 25.339188 ], [ 87.712182, 25.339459 ], [ 87.718487, 25.339907 ] ] ] } },
{ "type": "Feature", "properties": { "ID": "150113323", "TRK_NME": "Supaul to Forbesgunj", "FTR_CRY": "BG", "CITY_NME": null, "STT_NME": "Bihar", "SHAPE_Leng": "0.01101968715956" }, "geometry": { "type": "MultiLineString", "coordinates": [ [ [ 87.665466, 25.3347 ], [ 87.670032, 25.334357 ], [ 87.672658, 25.334159 ], [ 87.676454, 25.333865 ] ] ] } },
{ "type": "Feature", "properties": { "ID": "150113006", "TRK_NME": "Broad Gauge Line", "FTR_CRY": "BG", "CITY_NME": null, "STT_NME": "Bihar", "SHAPE_Leng": "0.01483745039419" }, "geometry": { "type": "MultiLineString", "coordinates": [ [ [ 87.902853, 25.673765 ], [ 87.902485, 25.674818 ], [ 87.902384, 25.675218 ], [ 87.902219, 25.676292 ], [ 87.901865, 25.680006 ], [ 87.901571, 25.683116 ], [ 87.901387, 25.684869 ], [ 87.901182, 25.686996 ], [ 87.901055, 25.687779 ], [ 87.900875, 25.68843 ] ] ] } },
{ "type": "Feature", "properties": { "ID": "150113241", "TRK_NME": "Raghunathpur to Radhikapur", "FTR_CRY": "BG", "CITY_NME": null, "STT_NME": "Bihar", "SHAPE_Leng": "0.091641104353073" }, "geometry": { "type": "MultiLineString", "coordinates": [ [ [ 87.953262, 25.656736 ], [ 87.955231, 25.657156 ], [ 87.956378, 25.65738 ], [ 87.957142, 25.657513 ], [ 87.958283, 25.657636 ], [ 87.958856, 25.657639 ], [ 87.959594, 25.657599 ], [ 87.960874, 25.6574 ], [ 87.961514, 25.657216 ], [ 87.962367, 25.656904 ], [ 87.963378, 25.65649 ], [ 87.965282, 25.655713 ], [ 87.967788, 25.654673 ], [ 87.971001, 25.653352 ], [ 87.975274, 25.651614 ], [ 87.977535, 25.650688 ], [ 87.979857, 25.649757 ], [ 87.982385, 25.648719 ], [ 87.983707, 25.648186 ], [ 87.985001, 25.647654 ], [ 87.987014, 25.646864 ], [ 87.987805, 25.646593 ], [ 87.988218, 25.646443 ], [ 87.989631, 25.645885 ], [ 87.990319, 25.645599 ], [ 87.990755, 25.645423 ], [ 87.991203, 25.645231 ], [ 87.994066, 25.644051 ], [ 87.994983, 25.643674 ], [ 87.996299, 25.643149 ], [ 87.996989, 25.642861 ], [ 87.997964, 25.642472 ], [ 87.999, 25.642116 ], [ 88.000371, 25.641718 ], [ 88.001838, 25.641248 ], [ 88.003838, 25.640609 ], [ 88.004428, 25.640423 ], [ 88.005394, 25.640069 ], [ 88.007404, 25.639337 ], [ 88.007944, 25.639153 ], [ 88.015016, 25.636914 ], [ 88.017693, 25.636056 ], [ 88.020315, 25.635222 ], [ 88.022979, 25.634371 ], [ 88.038681, 25.629657 ], [ 88.039503949807113, 25.629382683397701 ] ] ] } },
{ "type": "Feature", "properties": { "ID": "150127366", "TRK_NME": null, "FTR_CRY": "MG", "CITY_NME": null, "STT_NME": "Bihar", "SHAPE_Leng": "0.005515916056056" }, "geometry": { "type": "MultiLineString", "coordinates": [ [ [ 87.899956, 25.668562 ], [ 87.900025, 25.669704 ], [ 87.900183, 25.672057 ], [ 87.900284, 25.674068 ] ] ] } },
{ "type": "Feature", "properties": { "ID": "150127367", "TRK_NME": "Raghunathpur to Dalkhola", "FTR_CRY": "MG", "CITY_NME": null, "STT_NME": "Bihar", "SHAPE_Leng": "0.016578759496848" }, "geometry": { "type": "MultiLineString", "coordinates": [ [ [ 87.900284, 25.674068 ], [ 87.900453, 25.677227 ], [ 87.90061, 25.680037 ], [ 87.900777, 25.682453 ], [ 87.900831, 25.683116 ], [ 87.900865, 25.683961 ], [ 87.9009, 25.684969 ], [ 87.900906, 25.685649 ], [ 87.900742, 25.687255 ], [ 87.90065, 25.687937 ], [ 87.900491, 25.688734 ], [ 87.900384, 25.689165 ], [ 87.90026, 25.689522 ], [ 87.900022, 25.690261 ], [ 87.899966, 25.690521 ] ] ] } },
{ "type": "Feature", "properties": { "ID": "150113455", "TRK_NME": null, "FTR_CRY": "BG", "CITY_NME": null, "STT_NME": "Bihar", "SHAPE_Leng": "0.032113275768924" }, "geometry": { "type": "MultiLineString", "coordinates": [ [ [ 87.880319, 25.623941 ], [ 87.880614, 25.624339 ], [ 87.880893, 25.62469 ], [ 87.881362, 25.625185 ], [ 87.881758, 25.625544 ], [ 87.882246, 25.625933 ], [ 87.883048, 25.626518 ], [ 87.884214, 25.627327 ], [ 87.888292, 25.630156 ], [ 87.891638, 25.632452 ], [ 87.892482, 25.633027 ], [ 87.897499, 25.636474 ], [ 87.8988, 25.637384 ], [ 87.899939, 25.638175 ], [ 87.901087, 25.638952 ], [ 87.902466, 25.639906 ], [ 87.904881, 25.641448 ], [ 87.906443, 25.642503 ] ] ] } },
{ "type": "Feature", "properties": { "ID": "150113204", "TRK_NME": null, "FTR_CRY": "BG", "CITY_NME": null, "STT_NME": "Bihar", "SHAPE_Leng": "0.019616961669799" }, "geometry": { "type": "MultiLineString", "coordinates": [ [ [ 87.263664, 25.239825 ], [ 87.262674, 25.239953 ], [ 87.262445, 25.24 ], [ 87.262118, 25.240118 ], [ 87.261858, 25.240227 ], [ 87.261605, 25.240335 ], [ 87.261369, 25.240476 ], [ 87.261177, 25.240611 ], [ 87.260941, 25.240828 ], [ 87.260694, 25.241094 ], [ 87.260588, 25.241219 ], [ 87.260445, 25.241436 ], [ 87.260309, 25.241681 ], [ 87.260132, 25.242066 ], [ 87.260069, 25.242279 ], [ 87.260011, 25.242506 ], [ 87.259978, 25.242749 ], [ 87.259959, 25.242984 ], [ 87.259959, 25.243248 ], [ 87.259972, 25.243569 ], [ 87.259998, 25.243835 ], [ 87.260097, 25.244341 ], [ 87.260257, 25.244778 ], [ 87.260528, 25.24522 ], [ 87.26072, 25.245486 ], [ 87.26106, 25.245836 ], [ 87.261371, 25.246091 ], [ 87.261739, 25.246316 ], [ 87.261988, 25.246451 ], [ 87.262236, 25.246579 ], [ 87.262481, 25.246678 ], [ 87.262758, 25.246766 ], [ 87.263078, 25.246818 ], [ 87.26336, 25.246864 ], [ 87.263641, 25.246909 ], [ 87.264004, 25.246942 ], [ 87.264779, 25.246954 ], [ 87.265848, 25.246946 ], [ 87.26683, 25.246909 ], [ 87.2673, 25.246903 ], [ 87.267706, 25.246891 ], [ 87.268109, 25.246874 ], [ 87.268444, 25.246819 ], [ 87.268801, 25.246753 ], [ 87.269197, 25.246692 ], [ 87.269559, 25.246673 ], [ 87.270489, 25.246657 ], [ 87.271831, 25.246662 ] ] ] } },
{ "type": "Feature", "properties": { "ID": "150113205", "TRK_NME": null, "FTR_CRY": "BG", "CITY_NME": null, "STT_NME": "Bihar", "SHAPE_Leng": "0.01065332424036" }, "geometry": { "type": "MultiLineString", "coordinates": [ [ [ 87.272584, 25.246635 ], [ 87.273593, 25.246525 ], [ 87.274757, 25.246476 ], [ 87.275281, 25.246433 ], [ 87.275635, 25.246372 ], [ 87.275895, 25.246314 ], [ 87.276278, 25.24621 ], [ 87.276722, 25.246073 ], [ 87.276998, 25.245949 ], [ 87.277326, 25.245757 ], [ 87.277655, 25.245511 ], [ 87.27784, 25.245361 ], [ 87.278337, 25.244957 ], [ 87.278605, 25.244664 ], [ 87.278882, 25.24428 ], [ 87.27903, 25.243974 ], [ 87.279094, 25.243799 ], [ 87.279211, 25.243463 ], [ 87.279571, 25.242539 ], [ 87.279896, 25.241625 ], [ 87.28019, 25.240909 ] ] ] } },
{ "type": "Feature", "properties": { "ID": "150113475", "TRK_NME": null, "FTR_CRY": "BG", "CITY_NME": null, "STT_NME": "Bihar", "SHAPE_Leng": "0.011560080527782" }, "geometry": { "type": "MultiLineString", "coordinates": [ [ [ 87.268898, 25.239602 ], [ 87.263901, 25.239598 ], [ 87.257339, 25.239479 ] ] ] } },
{ "type": "Feature", "properties": { "ID": "150113476", "TRK_NME": null, "FTR_CRY": "BG", "CITY_NME": null, "STT_NME": "Bihar", "SHAPE_Leng": "0.036706753868122" }, "geometry": { "type": "MultiLineString", "coordinates": [ [ [ 87.263664, 25.239825 ], [ 87.262292, 25.239785 ], [ 87.261626, 25.239783 ], [ 87.261223, 25.23975 ], [ 87.260191, 25.239632 ], [ 87.259178, 25.239608 ], [ 87.258327, 25.239596 ], [ 87.257339, 25.239479 ], [ 87.256862, 25.23948 ], [ 87.256445, 25.23951 ], [ 87.256188, 25.239543 ], [ 87.255966, 25.239599 ], [ 87.25568, 25.239693 ], [ 87.255418, 25.239818 ], [ 87.255193, 25.239955 ], [ 87.254906, 25.24017 ], [ 87.254685, 25.240395 ], [ 87.254442, 25.240715 ], [ 87.254264, 25.241048 ], [ 87.254078, 25.24149 ], [ 87.253972, 25.241688 ], [ 87.253823, 25.241944 ], [ 87.253656, 25.242148 ], [ 87.25347, 25.242363 ], [ 87.253238, 25.242583 ], [ 87.253054, 25.242708 ], [ 87.252933, 25.242792 ], [ 87.252823, 25.242852 ], [ 87.252707, 25.242903 ], [ 87.252496, 25.243003 ], [ 87.25233, 25.243062 ], [ 87.252129, 25.243123 ], [ 87.251725, 25.243247 ], [ 87.251152, 25.243394 ], [ 87.250445, 25.243582 ], [ 87.24986, 25.24374 ], [ 87.249019, 25.243977 ], [ 87.248136, 25.24422 ], [ 87.247485, 25.244386 ], [ 87.246291, 25.244682 ], [ 87.245618, 25.244872 ], [ 87.244588, 25.24515 ], [ 87.24308, 25.245569 ], [ 87.24216, 25.245805 ], [ 87.241347, 25.246021 ], [ 87.239789, 25.246416 ], [ 87.238891, 25.246635 ], [ 87.238264, 25.246806 ], [ 87.237907, 25.246898 ], [ 87.237541, 25.247 ], [ 87.237336, 25.24708 ], [ 87.237147, 25.24716 ], [ 87.236938, 25.247258 ], [ 87.236625, 25.247416 ], [ 87.236375, 25.247571 ], [ 87.236178, 25.247699 ], [ 87.236025, 25.24781 ], [ 87.235802, 25.247992 ], [ 87.235525, 25.248268 ], [ 87.235246, 25.248606 ], [ 87.234943, 25.248992 ], [ 87.23406, 25.250211 ], [ 87.233409, 25.251072 ], [ 87.232844, 25.251841 ], [ 87.232541, 25.252285 ], [ 87.232403, 25.252518 ], [ 87.232254, 25.252806 ], [ 87.232067, 25.253232 ] ] ] } },
{ "type": "Feature", "properties": { "ID": "150113164", "TRK_NME": null, "FTR_CRY": "BG", "CITY_NME": "Kahalgaon", "STT_NME": "Bihar", "SHAPE_Leng": "7.81158114636E-4" }, "geometry": { "type": "MultiLineString", "coordinates": [ [ [ 87.238207, 25.268217 ], [ 87.238779, 25.268749 ] ] ] } },
{ "type": "Feature", "properties": { "ID": "150113067", "TRK_NME": null, "FTR_CRY": "BG", "CITY_NME": null, "STT_NME": "Bihar", "SHAPE_Leng": "0.034071163930166" }, "geometry": { "type": "MultiLineString", "coordinates": [ [ [ 87.214998, 25.228449 ], [ 87.215757, 25.229068 ], [ 87.216197, 25.22948 ], [ 87.216553, 25.229826 ], [ 87.217173, 25.230444 ], [ 87.217777, 25.231073 ], [ 87.218328, 25.231685 ], [ 87.219018, 25.232511 ], [ 87.219779, 25.23346 ], [ 87.220365, 25.2343 ], [ 87.221031, 25.23528 ], [ 87.221231, 25.235641 ], [ 87.222169, 25.237261 ], [ 87.223072, 25.238935 ], [ 87.224155, 25.240975 ], [ 87.225189, 25.242971 ], [ 87.225684, 25.243975 ], [ 87.226372, 25.245262 ], [ 87.227545, 25.247508 ], [ 87.228103, 25.248526 ], [ 87.228999, 25.250095 ], [ 87.229821, 25.251523 ], [ 87.230452, 25.252705 ], [ 87.231011, 25.253887 ], [ 87.231629, 25.255111 ], [ 87.232356, 25.2567 ], [ 87.232616, 25.25733 ] ] ] } },
{ "type": "Feature", "properties": { "ID": "150129425", "TRK_NME": null, "FTR_CRY": "BG", "CITY_NME": "Kahalgaon", "STT_NME": "Bihar", "SHAPE_Leng": "0.001324958112547" }, "geometry": { "type": "MultiLineString", "coordinates": [ [ [ 87.232616, 25.25733 ], [ 87.233101, 25.258563 ] ] ] } },
{ "type": "Feature", "properties": { "ID": "150113326", "TRK_NME": null, "FTR_CRY": "BG", "CITY_NME": null, "STT_NME": "Bihar", "SHAPE_Leng": "0.010755985409665" }, "geometry": { "type": "MultiLineString", "coordinates": [ [ [ 87.272584, 25.246635 ], [ 87.274486, 25.246549 ], [ 87.274864, 25.246536 ], [ 87.27512, 25.24652 ], [ 87.275377, 25.246491 ], [ 87.27568, 25.246436 ], [ 87.276011, 25.24637 ], [ 87.276439, 25.246246 ], [ 87.276773, 25.246131 ], [ 87.277017, 25.246033 ], [ 87.277285, 25.245883 ], [ 87.277575, 25.245697 ], [ 87.278025, 25.245364 ], [ 87.278391, 25.24503 ], [ 87.278609, 25.244795 ], [ 87.278748, 25.244629 ], [ 87.278908, 25.244386 ], [ 87.279044, 25.244147 ], [ 87.279201, 25.243863 ], [ 87.279295, 25.243649 ], [ 87.279412, 25.243328 ], [ 87.279589, 25.242743 ], [ 87.2797, 25.24235 ], [ 87.28019, 25.240909 ] ] ] } },
{ "type": "Feature", "properties": { "ID": "150113165", "TRK_NME": null, "FTR_CRY": "BG", "CITY_NME": null, "STT_NME": "Bihar", "SHAPE_Leng": "0.003994975906699" }, "geometry": { "type": "MultiLineString", "coordinates": [ [ [ 87.232067, 25.253232 ], [ 87.231958, 25.253564 ], [ 87.231901, 25.253939 ], [ 87.231879, 25.254416 ], [ 87.231884, 25.254752 ], [ 87.231931, 25.255175 ], [ 87.232018, 25.255515 ], [ 87.23217, 25.255988 ], [ 87.232625, 25.257076 ] ] ] } },
{ "type": "Feature", "properties": { "ID": "150132252", "TRK_NME": null, "FTR_CRY": "BG", "CITY_NME": "Kahalgaon", "STT_NME": "Bihar", "SHAPE_Leng": "0.01269694753915" }, "geometry": { "type": "MultiLineString", "coordinates": [ [ [ 87.232625, 25.257076 ], [ 87.233101, 25.258563 ], [ 87.233308, 25.259294 ], [ 87.233572, 25.260226 ], [ 87.233862, 25.261247 ], [ 87.234286, 25.262573 ], [ 87.234758, 25.26383 ], [ 87.235219, 25.264509 ], [ 87.235628, 25.265261 ], [ 87.236131, 25.265979 ], [ 87.237084, 25.267129 ], [ 87.23784, 25.267885 ], [ 87.238207, 25.268217 ] ] ] } },
{ "type": "Feature", "properties": { "ID": "150133756", "TRK_NME": null, "FTR_CRY": "BG", "CITY_NME": null, "STT_NME": "Bihar", "SHAPE_Leng": "0.043189057575714" }, "geometry": { "type": "MultiLineString", "coordinates": [ [ [ 87.279382, 25.286857 ], [ 87.278779, 25.286534 ], [ 87.277859, 25.286057 ], [ 87.277033, 25.285597 ], [ 87.275845, 25.28496 ], [ 87.274731, 25.284361 ], [ 87.273861, 25.283912 ], [ 87.273088, 25.283487 ], [ 87.271568, 25.282656 ], [ 87.270448, 25.282035 ], [ 87.269608, 25.281585 ], [ 87.268808, 25.281171 ], [ 87.267109, 25.280246 ], [ 87.266005, 25.27965 ], [ 87.264863, 25.279038 ], [ 87.263987, 25.27856 ], [ 87.262996, 25.278026 ], [ 87.261577, 25.277273 ], [ 87.261149, 25.277043 ], [ 87.2605, 25.276687 ], [ 87.259108, 25.27591 ], [ 87.258023, 25.275335 ], [ 87.256952, 25.27475 ], [ 87.256306, 25.2744 ], [ 87.25595, 25.274216 ], [ 87.255228, 25.273896 ], [ 87.254691, 25.273675 ], [ 87.254222, 25.273491 ], [ 87.253635, 25.273286 ], [ 87.253211, 25.273156 ], [ 87.252804, 25.273045 ], [ 87.252107, 25.272891 ], [ 87.251535, 25.272796 ], [ 87.250877, 25.272673 ], [ 87.250208, 25.272575 ], [ 87.249568, 25.272517 ], [ 87.248718, 25.27247 ], [ 87.247982, 25.272421 ], [ 87.247276, 25.272345 ], [ 87.246788, 25.272273 ], [ 87.246178, 25.27217 ], [ 87.24568, 25.272061 ], [ 87.244981, 25.271879 ], [ 87.24446, 25.271732 ], [ 87.244045, 25.2716 ], [ 87.243599, 25.271449 ], [ 87.243041, 25.271234 ], [ 87.242625, 25.271063 ], [ 87.24213, 25.270836 ], [ 87.241444, 25.270502 ], [ 87.240164, 25.26977 ] ] ] } },
{ "type": "Feature", "properties": { "ID": "150164615", "TRK_NME": null, "FTR_CRY": "BG", "CITY_NME": null, "STT_NME": "Bihar", "SHAPE_Leng": "0.001721580688088" }, "geometry": { "type": "MultiLineString", "coordinates": [ [ [ 87.240164, 25.26977 ], [ 87.239638, 25.269416 ], [ 87.238779, 25.268749 ] ] ] } },
{ "type": "Feature", "properties": { "ID": "150164617", "TRK_NME": null, "FTR_CRY": "BG", "CITY_NME": null, "STT_NME": "Bihar", "SHAPE_Leng": "0.006290148512155" }, "geometry": { "type": "MultiLineString", "coordinates": [ [ [ 87.264831, 25.239836 ], [ 87.265598, 25.239772 ], [ 87.266195, 25.239815 ], [ 87.266494, 25.239877 ], [ 87.267065, 25.240128 ], [ 87.267411, 25.240347 ], [ 87.267839, 25.240675 ], [ 87.268268, 25.241161 ], [ 87.26851, 25.241544 ], [ 87.268679, 25.241943 ], [ 87.268748, 25.242393 ], [ 87.268725, 25.243447 ] ] ] } },
{ "type": "Feature", "properties": { "ID": "150164618", "TRK_NME": null, "FTR_CRY": "BG", "CITY_NME": null, "STT_NME": "Bihar", "SHAPE_Leng": "0.012371339900232" }, "geometry": { "type": "MultiLineString", "coordinates": [ [ [ 87.270489, 25.246657 ], [ 87.270333, 25.246595 ], [ 87.268991, 25.246567 ], [ 87.267827, 25.246622 ], [ 87.266681, 25.246633 ], [ 87.264721, 25.246621 ], [ 87.263691, 25.246602 ], [ 87.263115, 25.246567 ], [ 87.262107, 25.246293 ], [ 87.261069, 25.245686 ], [ 87.260471, 25.244935 ], [ 87.260145, 25.244221 ], [ 87.259959, 25.243248 ] ] ] } },
{ "type": "Feature", "properties": { "ID": "150164619", "TRK_NME": null, "FTR_CRY": "BG", "CITY_NME": null, "STT_NME": "Bihar", "SHAPE_Leng": "0.008587512398016" }, "geometry": { "type": "MultiLineString", "coordinates": [ [ [ 87.268898, 25.239602 ], [ 87.269184, 25.239598 ], [ 87.269664, 25.239625 ], [ 87.270335, 25.239695 ], [ 87.270733, 25.239778 ], [ 87.271179, 25.23993 ], [ 87.271624, 25.240177 ], [ 87.271819, 25.24031 ], [ 87.272144, 25.240584 ], [ 87.272403, 25.240858 ], [ 87.272633, 25.241206 ], [ 87.272767, 25.241515 ], [ 87.272853, 25.241813 ], [ 87.272918, 25.242227 ], [ 87.272931, 25.242728 ], [ 87.272862, 25.245464 ] ] ] } },
{ "type": "Feature", "properties": { "ID": "150113051", "TRK_NME": null, "FTR_CRY": "MG", "CITY_NME": null, "STT_NME": "Bihar", "SHAPE_Leng": "0.039691234536881" }, "geometry": { "type": "MultiLineString", "coordinates": [ [ [ 87.929002, 25.652058 ], [ 87.929446, 25.652242 ], [ 87.929846, 25.652453 ], [ 87.930036, 25.652599 ], [ 87.930289, 25.652836 ], [ 87.930521, 25.653101 ], [ 87.930742, 25.653438 ], [ 87.930904, 25.653793 ], [ 87.931019, 25.654187 ], [ 87.931053, 25.654535 ], [ 87.931008, 25.655003 ], [ 87.930945, 25.655312 ], [ 87.930893, 25.655458 ], [ 87.930772, 25.655717 ], [ 87.930664, 25.655923 ], [ 87.9305, 25.65616 ], [ 87.930224, 25.65644 ], [ 87.929834, 25.656737 ], [ 87.929346, 25.656997 ], [ 87.928912, 25.657157 ], [ 87.92862, 25.657209 ], [ 87.928072, 25.657217 ], [ 87.927581, 25.657177 ], [ 87.927065, 25.657063 ], [ 87.926241, 25.656853 ], [ 87.925592, 25.656669 ], [ 87.925031, 25.656533 ], [ 87.924489, 25.656512 ], [ 87.923957, 25.656531 ], [ 87.921897, 25.657364 ], [ 87.910572, 25.661964 ], [ 87.90431, 25.664441 ], [ 87.902498, 25.665178 ], [ 87.902004, 25.665447 ], [ 87.901696, 25.665637 ], [ 87.901372, 25.665889 ], [ 87.900985, 25.666249 ], [ 87.900567, 25.666763 ], [ 87.900288, 25.667277 ], [ 87.900186, 25.66754 ], [ 87.900051, 25.668007 ], [ 87.899956, 25.668562 ] ] ] } },
{ "type": "Feature", "properties": { "ID": "150113121", "TRK_NME": null, "FTR_CRY": "BG", "CITY_NME": null, "STT_NME": "Bihar", "SHAPE_Leng": "0.007490769968919" }, "geometry": { "type": "MultiLineString", "coordinates": [ [ [ 87.914261, 25.648707 ], [ 87.914724, 25.648993 ], [ 87.915186, 25.649247 ], [ 87.915887, 25.649507 ], [ 87.916428, 25.649655 ], [ 87.919414, 25.650266 ], [ 87.921442, 25.650644 ] ] ] } },
{ "type": "Feature", "properties": { "ID": "150127404", "TRK_NME": null, "FTR_CRY": "BG", "CITY_NME": null, "STT_NME": "Bihar", "SHAPE_Leng": "0.003293164178898" }, "geometry": { "type": "MultiLineString", "coordinates": [ [ [ 87.906443, 25.642503 ], [ 87.907634, 25.643337 ], [ 87.908781, 25.644114 ], [ 87.909155, 25.644371 ] ] ] } },
{ "type": "Feature", "properties": { "ID": "150127405", "TRK_NME": null, "FTR_CRY": "BG", "CITY_NME": "Raghunathpur", "STT_NME": "Bihar", "SHAPE_Leng": "0.006723596654286" }, "geometry": { "type": "MultiLineString", "coordinates": [ [ [ 87.909155, 25.644371 ], [ 87.90991, 25.644866 ], [ 87.910655, 25.64538 ], [ 87.91132, 25.645906 ], [ 87.911906, 25.64646 ], [ 87.912721, 25.647265 ], [ 87.913171, 25.647762 ], [ 87.913662, 25.648247 ], [ 87.913893, 25.648424 ], [ 87.914261, 25.648707 ] ] ] } },
{ "type": "Feature", "properties": { "ID": "150127406", "TRK_NME": null, "FTR_CRY": "BG", "CITY_NME": "Raghunathpur", "STT_NME": "Bihar", "SHAPE_Leng": "0.001021107731793" }, "geometry": { "type": "MultiLineString", "coordinates": [ [ [ 87.921442, 25.650644 ], [ 87.922448, 25.650819 ] ] ] } },
{ "type": "Feature", "properties": { "ID": "150113351", "TRK_NME": null, "FTR_CRY": "BG", "CITY_NME": null, "STT_NME": "Bihar", "SHAPE_Leng": "0.037611342514651" }, "geometry": { "type": "MultiLineString", "coordinates": [ [ [ 87.621945, 25.381542 ], [ 87.621901, 25.380982 ], [ 87.621822, 25.38061 ], [ 87.621714, 25.38025 ], [ 87.621255, 25.378908 ], [ 87.620954, 25.37806 ], [ 87.619971, 25.375114 ], [ 87.618769, 25.37151 ], [ 87.618595, 25.370866 ], [ 87.618433, 25.369787 ], [ 87.61834, 25.369119 ], [ 87.618149, 25.367405 ], [ 87.618096, 25.366855 ], [ 87.617911, 25.365266 ], [ 87.617769, 25.364017 ], [ 87.617461, 25.361297 ], [ 87.617411, 25.360828 ], [ 87.617094, 25.358133 ], [ 87.616885, 25.356258 ], [ 87.616752, 25.355027 ], [ 87.616672, 25.354134 ], [ 87.616647, 25.353687 ], [ 87.616672, 25.353183 ], [ 87.616758, 25.352622 ], [ 87.616824, 25.352212 ], [ 87.616957, 25.351525 ], [ 87.617075, 25.35089 ], [ 87.617255, 25.34991 ], [ 87.61743, 25.349017 ], [ 87.61762, 25.347932 ], [ 87.61794, 25.346553 ], [ 87.618269, 25.345637 ], [ 87.618748, 25.344896 ] ] ] } },
{ "type": "Feature", "properties": { "ID": "150113454", "TRK_NME": null, "FTR_CRY": "BG", "CITY_NME": null, "STT_NME": "Bihar", "SHAPE_Leng": "0.02019657095088" }, "geometry": { "type": "MultiLineString", "coordinates": [ [ [ 87.933444, 25.652848 ], [ 87.948193, 25.655687 ], [ 87.95146, 25.656331 ], [ 87.953262, 25.656736 ] ] ] } },
{ "type": "Feature", "properties": { "ID": "150113167", "TRK_NME": null, "FTR_CRY": "BG", "CITY_NME": null, "STT_NME": "Bihar", "SHAPE_Leng": "8.87700718567E-4" }, "geometry": { "type": "MultiLineString", "coordinates": [ [ [ 87.618748, 25.344896 ], [ 87.619058, 25.344518 ], [ 87.619315, 25.344213 ] ] ] } },
{ "type": "Feature", "properties": { "ID": "150129388", "TRK_NME": null, "FTR_CRY": "BG", "CITY_NME": null, "STT_NME": "Bihar", "SHAPE_Leng": "9.842496735E-4" }, "geometry": { "type": "MultiLineString", "coordinates": [ [ [ 87.624766, 25.339503 ], [ 87.624901, 25.33942 ], [ 87.625252, 25.339205 ], [ 87.625601, 25.338982 ] ] ] } },
{ "type": "Feature", "properties": { "ID": "150129389", "TRK_NME": null, "FTR_CRY": "BG", "CITY_NME": "Manihari", "STT_NME": "Bihar", "SHAPE_Leng": "0.007258252503274" }, "geometry": { "type": "MultiLineString", "coordinates": [ [ [ 87.619315, 25.344213 ], [ 87.620093, 25.343345 ], [ 87.620752, 25.34259 ], [ 87.621553, 25.341741 ], [ 87.621884, 25.341431 ], [ 87.622225, 25.341154 ], [ 87.623055, 25.340613 ], [ 87.623508, 25.340331 ], [ 87.623823, 25.340119 ], [ 87.624286, 25.339818 ], [ 87.624766, 25.339503 ] ] ] } },
{ "type": "Feature", "properties": { "ID": "150113050", "TRK_NME": null, "FTR_CRY": "BG", "CITY_NME": null, "STT_NME": "Bihar", "SHAPE_Leng": "0.046931538824891" }, "geometry": { "type": "MultiLineString", "coordinates": [ [ [ 87.929002, 25.652058 ], [ 87.931163, 25.652473 ], [ 87.932495, 25.652796 ], [ 87.932973, 25.652975 ], [ 87.933515, 25.653258 ], [ 87.933923, 25.653552 ], [ 87.934332, 25.653926 ], [ 87.934693, 25.654363 ], [ 87.934956, 25.654786 ], [ 87.935083, 25.655037 ], [ 87.935197, 25.655327 ], [ 87.935282, 25.655627 ], [ 87.935362, 25.656011 ], [ 87.935403, 25.656385 ], [ 87.935409, 25.656628 ], [ 87.935358, 25.657058 ], [ 87.935317, 25.657382 ], [ 87.935177, 25.657819 ], [ 87.935041, 25.658162 ], [ 87.934696, 25.658699 ], [ 87.934265, 25.659201 ], [ 87.933411, 25.659904 ], [ 87.932783, 25.660195 ], [ 87.930065, 25.661154 ], [ 87.924627, 25.663075 ], [ 87.920621, 25.664486 ], [ 87.910603, 25.668024 ], [ 87.908051, 25.668944 ], [ 87.906765, 25.669535 ], [ 87.906411, 25.66974 ], [ 87.905926, 25.670069 ], [ 87.904956, 25.670826 ], [ 87.904519, 25.671255 ], [ 87.904148, 25.671685 ], [ 87.903784, 25.672125 ], [ 87.903378, 25.672768 ], [ 87.903112, 25.673216 ], [ 87.902853, 25.673765 ] ] ] } },
{ "type": "Feature", "properties": { "ID": "150127364", "TRK_NME": null, "FTR_CRY": "BG", "CITY_NME": null, "STT_NME": "Bihar", "SHAPE_Leng": "0.002955316925787" }, "geometry": { "type": "MultiLineString", "coordinates": [ [ [ 87.926101, 25.651494 ], [ 87.927544, 25.651774 ], [ 87.929002, 25.652058 ] ] ] } },
{ "type": "Feature", "properties": { "ID": "150133474", "TRK_NME": null, "FTR_CRY": "BG", "CITY_NME": null, "STT_NME": "Bihar", "SHAPE_Leng": "0.001822362714387" }, "geometry": { "type": "MultiLineString", "coordinates": [ [ [ 87.928963, 25.652002 ], [ 87.929163, 25.652038 ], [ 87.930752, 25.652349 ] ] ] } },
{ "type": "Feature", "properties": { "ID": "150133475", "TRK_NME": null, "FTR_CRY": "BG", "CITY_NME": null, "STT_NME": "Bihar", "SHAPE_Leng": "0.001180557918981" }, "geometry": { "type": "MultiLineString", "coordinates": [ [ [ 87.92346, 25.651013 ], [ 87.924621, 25.651227 ] ] ] } },
{ "type": "Feature", "properties": { "ID": "150133476", "TRK_NME": null, "FTR_CRY": "BG", "CITY_NME": "Raghunathpur", "STT_NME": "Bihar", "SHAPE_Leng": "0.001503891285981" }, "geometry": { "type": "MultiLineString", "coordinates": [ [ [ 87.924621, 25.651227 ], [ 87.926101, 25.651494 ] ] ] } },
{ "type": "Feature", "properties": { "ID": "150133477", "TRK_NME": null, "FTR_CRY": "BG", "CITY_NME": null, "STT_NME": "Bihar", "SHAPE_Leng": "0.002737861050815" }, "geometry": { "type": "MultiLineString", "coordinates": [ [ [ 87.933444, 25.652848 ], [ 87.93181, 25.652543 ], [ 87.930752, 25.652349 ] ] ] } },
{ "type": "Feature", "properties": { "ID": "150133478", "TRK_NME": null, "FTR_CRY": "BG", "CITY_NME": null, "STT_NME": "Bihar", "SHAPE_Leng": "0.001471730953659" }, "geometry": { "type": "MultiLineString", "coordinates": [ [ [ 87.927517, 25.651728 ], [ 87.928963, 25.652002 ] ] ] } },
{ "type": "Feature", "properties": { "ID": "150133479", "TRK_NME": null, "FTR_CRY": "BG", "CITY_NME": "Raghunathpur", "STT_NME": "Bihar", "SHAPE_Leng": "0.001030427095913" }, "geometry": { "type": "MultiLineString", "coordinates": [ [ [ 87.922448, 25.650819 ], [ 87.92346, 25.651013 ] ] ] } },
{ "type": "Feature", "properties": { "ID": "150113219", "TRK_NME": null, "FTR_CRY": "BG", "CITY_NME": null, "STT_NME": "Bihar", "SHAPE_Leng": "0.04159869368603" }, "geometry": { "type": "MultiLineString", "coordinates": [ [ [ 87.625601, 25.338982 ], [ 87.626181, 25.338635 ], [ 87.626612, 25.338421 ], [ 87.627169, 25.338177 ], [ 87.627785, 25.337957 ], [ 87.628332, 25.337808 ], [ 87.628795, 25.337705 ], [ 87.629555, 25.337601 ], [ 87.630826, 25.337555 ], [ 87.632831, 25.337521 ], [ 87.633879, 25.337571 ], [ 87.634398, 25.337649 ], [ 87.634979, 25.337779 ], [ 87.635386, 25.337895 ], [ 87.635997, 25.338109 ], [ 87.636832, 25.338485 ], [ 87.638138, 25.33917 ], [ 87.638747, 25.339476 ], [ 87.639512, 25.339788 ], [ 87.640147, 25.339963 ], [ 87.640799, 25.340085 ], [ 87.641325, 25.340153 ], [ 87.641729, 25.340156 ], [ 87.642034, 25.340159 ], [ 87.642526, 25.340118 ], [ 87.642963, 25.340068 ], [ 87.643735, 25.339931 ], [ 87.644358, 25.339754 ], [ 87.645193, 25.339385 ], [ 87.646276, 25.338869 ], [ 87.649616, 25.337258 ], [ 87.652102, 25.336094 ], [ 87.652787, 25.335873 ], [ 87.653396, 25.335727 ], [ 87.653967, 25.335633 ], [ 87.654269, 25.335577 ], [ 87.655555, 25.335474 ], [ 87.659211, 25.335205 ], [ 87.661656, 25.335004 ], [ 87.662221, 25.334967 ], [ 87.663464, 25.33486 ], [ 87.665466, 25.3347 ] ] ] } },
{ "type": "Feature", "properties": { "ID": "150164503", "TRK_NME": null, "FTR_CRY": "BG", "CITY_NME": null, "STT_NME": "Bihar", "SHAPE_Leng": "0.029970868973779" }, "geometry": { "type": "MultiLineString", "coordinates": [ [ [ 87.901087, 25.638952 ], [ 87.901899, 25.639441 ], [ 87.903927, 25.640586 ], [ 87.90533, 25.641489 ], [ 87.906351, 25.642188 ], [ 87.908185, 25.643468 ], [ 87.909244, 25.644185 ], [ 87.909849, 25.64459 ], [ 87.910796, 25.645324 ], [ 87.911509, 25.64595 ], [ 87.912115, 25.64649 ], [ 87.912638, 25.646944 ], [ 87.912809, 25.647078 ], [ 87.913347, 25.647484 ], [ 87.913899, 25.647872 ], [ 87.914995, 25.648621 ], [ 87.915714, 25.649103 ], [ 87.916082, 25.649326 ], [ 87.916396, 25.64948 ], [ 87.916671, 25.649592 ], [ 87.917201, 25.649752 ], [ 87.918303, 25.64998 ], [ 87.919704, 25.65024 ], [ 87.921586, 25.650602 ], [ 87.923354, 25.650948 ], [ 87.925539, 25.651344 ], [ 87.926307, 25.651482 ], [ 87.927517, 25.651728 ] ] ] } },
{ "type": "Feature", "properties": { "ID": "150164504", "TRK_NME": null, "FTR_CRY": "BG", "CITY_NME": null, "STT_NME": "Bihar", "SHAPE_Leng": "0.01137647402414" }, "geometry": { "type": "MultiLineString", "coordinates": [ [ [ 87.930752, 25.652349 ], [ 87.931554, 25.652523 ], [ 87.932411, 25.652707 ], [ 87.93313, 25.652937 ], [ 87.93345, 25.653089 ], [ 87.933811, 25.653294 ], [ 87.934245, 25.653603 ], [ 87.934543, 25.653888 ], [ 87.934923, 25.654311 ], [ 87.935208, 25.654773 ], [ 87.935306, 25.654979 ], [ 87.935531, 25.655613 ], [ 87.935613, 25.656039 ], [ 87.935632, 25.656473 ], [ 87.935639, 25.656704 ], [ 87.935566, 25.65725 ], [ 87.935442, 25.657684 ], [ 87.935201, 25.658212 ], [ 87.934811, 25.658849 ], [ 87.934409, 25.659269 ], [ 87.933965, 25.659612 ], [ 87.933411, 25.659904 ] ] ] } },
{ "type": "Feature", "properties": { "ID": "150113289", "TRK_NME": "Kiul to Bhagalpur", "FTR_CRY": "BG", "CITY_NME": null, "STT_NME": "Bihar", "SHAPE_Leng": "0.222022504857878" }, "geometry": { "type": "MultiLineString", "coordinates": [ [ [ 87.279382, 25.286857 ], [ 87.281018, 25.287715 ], [ 87.28337, 25.288957 ], [ 87.287551, 25.291236 ], [ 87.289554, 25.292332 ], [ 87.290151, 25.292684 ], [ 87.290818, 25.293149 ], [ 87.291462, 25.293665 ], [ 87.292003, 25.294131 ], [ 87.292843, 25.294948 ], [ 87.293401, 25.295519 ], [ 87.294331, 25.296407 ], [ 87.295045, 25.296986 ], [ 87.295681, 25.297487 ], [ 87.296114, 25.297788 ], [ 87.296798, 25.298207 ], [ 87.297373, 25.298551 ], [ 87.297951, 25.298856 ], [ 87.298671, 25.299182 ], [ 87.299309, 25.299433 ], [ 87.299997, 25.299669 ], [ 87.300833, 25.299947 ], [ 87.301467, 25.300116 ], [ 87.302833, 25.300387 ], [ 87.303533, 25.300518 ], [ 87.304102, 25.300596 ], [ 87.304761, 25.300655 ], [ 87.305404, 25.300686 ], [ 87.306109, 25.300672 ], [ 87.306717, 25.30066 ], [ 87.30749, 25.300602 ], [ 87.308163, 25.300525 ], [ 87.309019, 25.300392 ], [ 87.309766, 25.300236 ], [ 87.310413, 25.300079 ], [ 87.312198, 25.2996 ], [ 87.31403, 25.299114 ], [ 87.31774, 25.298175 ], [ 87.325425, 25.296162 ], [ 87.337353, 25.293049 ], [ 87.339034, 25.29262 ], [ 87.340962, 25.292113 ], [ 87.343574, 25.291431 ], [ 87.344898, 25.291087 ], [ 87.345751, 25.290917 ], [ 87.346268, 25.290833 ], [ 87.346783, 25.290764 ], [ 87.347274, 25.290701 ], [ 87.347856, 25.290637 ], [ 87.348994, 25.290543 ], [ 87.350034, 25.290474 ], [ 87.351274, 25.290462 ], [ 87.35358, 25.29045 ], [ 87.356548, 25.290432 ], [ 87.366684, 25.290373 ], [ 87.373113, 25.290331 ], [ 87.382161, 25.290254 ], [ 87.385751, 25.290226 ], [ 87.387823, 25.290211 ], [ 87.389643, 25.290206 ], [ 87.396584, 25.290151 ], [ 87.40522, 25.29013 ], [ 87.409353, 25.290122 ], [ 87.415365, 25.290071 ], [ 87.421918, 25.289937 ], [ 87.423398, 25.289854 ], [ 87.424034, 25.28978 ], [ 87.425138, 25.289615 ], [ 87.425791, 25.289459 ], [ 87.426483, 25.289263 ], [ 87.427254, 25.289044 ], [ 87.427842, 25.288856 ], [ 87.428565, 25.288582 ], [ 87.429707, 25.288097 ], [ 87.431438, 25.287177 ], [ 87.433549, 25.286004 ], [ 87.436245, 25.284517 ], [ 87.440408, 25.282174 ], [ 87.443861, 25.280284 ], [ 87.446115, 25.279048 ], [ 87.448002, 25.27798 ], [ 87.451031, 25.276313 ], [ 87.453471, 25.274983 ], [ 87.457621, 25.272675 ], [ 87.459893, 25.271431 ], [ 87.461965, 25.270265 ], [ 87.463908, 25.269178 ], [ 87.465392, 25.268376 ], [ 87.46666, 25.267762 ], [ 87.467802, 25.267253 ], [ 87.469274, 25.266686 ], [ 87.470394, 25.266302 ], [ 87.471991, 25.265845 ], [ 87.473583, 25.265399 ], [ 87.477088, 25.264421 ], [ 87.481736, 25.263126 ], [ 87.484799, 25.262262 ], [ 87.488923, 25.261147 ], [ 87.489703, 25.260929 ] ] ] } },
{ "type": "Feature", "properties": { "ID": "150113474", "TRK_NME": null, "FTR_CRY": "BG", "CITY_NME": null, "STT_NME": "Bihar", "SHAPE_Leng": "0.12339237330795" }, "geometry": { "type": "MultiLineString", "coordinates": [ [ [ 87.307119, 25.145585 ], [ 87.307086, 25.145683 ], [ 87.305751, 25.149391 ], [ 87.305054, 25.151302 ], [ 87.304554, 25.152651 ], [ 87.303878, 25.154537 ], [ 87.303419, 25.155819 ], [ 87.302969, 25.157039 ], [ 87.302521, 25.158266 ], [ 87.302168, 25.159265 ], [ 87.301696, 25.160563 ], [ 87.301269, 25.161744 ], [ 87.300765, 25.163098 ], [ 87.299749, 25.165908 ], [ 87.299149, 25.167578 ], [ 87.298811, 25.168547 ], [ 87.298374, 25.169696 ], [ 87.297954, 25.17085 ], [ 87.297298, 25.172672 ], [ 87.297112, 25.173263 ], [ 87.296841, 25.174406 ], [ 87.296718, 25.174842 ], [ 87.296341, 25.175885 ], [ 87.296034, 25.176735 ], [ 87.295763, 25.177492 ], [ 87.295347, 25.17866 ], [ 87.294711, 25.180404 ], [ 87.294066, 25.182236 ], [ 87.293573, 25.183604 ], [ 87.2933, 25.184326 ], [ 87.292813, 25.185673 ], [ 87.29248, 25.186583 ], [ 87.292135, 25.187542 ], [ 87.291532, 25.189209 ], [ 87.291155, 25.190274 ], [ 87.290806, 25.191249 ], [ 87.290638, 25.191695 ], [ 87.290525, 25.192141 ], [ 87.290467, 25.192413 ], [ 87.290419, 25.192652 ], [ 87.290367, 25.193041 ], [ 87.290324, 25.19349 ], [ 87.290308, 25.193777 ], [ 87.290302, 25.194372 ], [ 87.290284, 25.195893 ], [ 87.290258, 25.197316 ], [ 87.290241, 25.198533 ], [ 87.290214, 25.199809 ], [ 87.290195, 25.201251 ], [ 87.290177, 25.202359 ], [ 87.290164, 25.203486 ], [ 87.29016, 25.204388 ], [ 87.290157, 25.20504 ], [ 87.290147, 25.205776 ], [ 87.290138, 25.206647 ], [ 87.29014, 25.206984 ], [ 87.290116, 25.207299 ], [ 87.290077, 25.207625 ], [ 87.290025, 25.207892 ], [ 87.289867, 25.208485 ], [ 87.289543, 25.209413 ], [ 87.287932, 25.213988 ], [ 87.287789, 25.214305 ], [ 87.287174, 25.215603 ], [ 87.287046, 25.21595 ], [ 87.286893, 25.21646 ], [ 87.286095, 25.219505 ], [ 87.285675, 25.221002 ], [ 87.285229, 25.222626 ], [ 87.284778, 25.2243 ], [ 87.284304, 25.226052 ], [ 87.283998, 25.227186 ], [ 87.283529, 25.228888 ], [ 87.282781, 25.231657 ], [ 87.282309, 25.23334 ], [ 87.28133, 25.236941 ], [ 87.280912, 25.238489 ], [ 87.280581, 25.239623 ], [ 87.28019, 25.240909 ], [ 87.27996, 25.241951 ], [ 87.279848, 25.242399 ], [ 87.279649, 25.243108 ], [ 87.279547, 25.243429 ], [ 87.279428, 25.243726 ], [ 87.27932, 25.243979 ], [ 87.279171, 25.24426 ], [ 87.279019, 25.244507 ], [ 87.278827, 25.244785 ], [ 87.278606, 25.245025 ], [ 87.278323, 25.245305 ], [ 87.278096, 25.245505 ], [ 87.277732, 25.245771 ], [ 87.277568, 25.245882 ], [ 87.27728, 25.246041 ], [ 87.276941, 25.246196 ], [ 87.276536, 25.24635 ], [ 87.276248, 25.24643 ], [ 87.275947, 25.246508 ], [ 87.275709, 25.246555 ], [ 87.275395, 25.246592 ], [ 87.275012, 25.246623 ], [ 87.274606, 25.246643 ], [ 87.274227, 25.246633 ], [ 87.273269, 25.246621 ], [ 87.272584, 25.246635 ], [ 87.271831, 25.246662 ], [ 87.271498, 25.246496 ], [ 87.271185, 25.246403 ], [ 87.270939, 25.246335 ], [ 87.270685, 25.246229 ], [ 87.270391, 25.246092 ], [ 87.270216, 25.24599 ], [ 87.269995, 25.245846 ], [ 87.269762, 25.245646 ], [ 87.26956, 25.245458 ], [ 87.269379, 25.245261 ], [ 87.269266, 25.245102 ], [ 87.269164, 25.244969 ], [ 87.26903, 25.244732 ], [ 87.268937, 25.244511 ], [ 87.268866, 25.244327 ], [ 87.26879, 25.24405 ], [ 87.268756, 25.24383 ], [ 87.268725, 25.243447 ], [ 87.268671, 25.242576 ], [ 87.268494, 25.242029 ], [ 87.268351, 25.241723 ], [ 87.268109, 25.241301 ], [ 87.267862, 25.241023 ], [ 87.267602, 25.240749 ], [ 87.267373, 25.240569 ], [ 87.2671, 25.240408 ], [ 87.266841, 25.240271 ], [ 87.266558, 25.240132 ], [ 87.266235, 25.240009 ], [ 87.265599, 25.239892 ], [ 87.264831, 25.239836 ], [ 87.264193, 25.23983 ], [ 87.263664, 25.239825 ] ] ] } },
{ "type": "Feature", "properties": { "ID": "150116067", "TRK_NME": null, "FTR_CRY": "BG", "CITY_NME": null, "STT_NME": "Jharkhand", "SHAPE_Leng": "0.133908030848027" }, "geometry": { "type": "MultiLineString", "coordinates": [ [ [ 87.500112400612352, 25.258046099086989 ], [ 87.489703, 25.260929 ] ] ] } },
{ "type": "Feature", "properties": { "ID": "150113239", "TRK_NME": "Purnea to Saharsa", "FTR_CRY": "MG", "CITY_NME": null, "STT_NME": "Bihar", "SHAPE_Leng": "0.156393072157877" }, "geometry": { "type": "MultiLineString", "coordinates": [ [ [ 86.984504, 25.893098 ], [ 86.982609, 25.89376 ], [ 86.979259, 25.894631 ], [ 86.976592, 25.89542 ], [ 86.970857, 25.897071 ], [ 86.968184, 25.897862 ], [ 86.967524, 25.898049 ], [ 86.967332, 25.898087 ], [ 86.967017, 25.898134 ], [ 86.966882, 25.898147 ], [ 86.965518, 25.898261 ], [ 86.963533, 25.898392 ], [ 86.962431, 25.898487 ], [ 86.960242, 25.898641 ], [ 86.953335, 25.89919 ], [ 86.952607, 25.899239 ], [ 86.951894, 25.899252 ], [ 86.951656, 25.899249 ], [ 86.95132, 25.899226 ], [ 86.950985, 25.899191 ], [ 86.950593, 25.899138 ], [ 86.950229, 25.899083 ], [ 86.949732, 25.898975 ], [ 86.949509, 25.898916 ], [ 86.94789, 25.898378 ], [ 86.947098, 25.898087 ], [ 86.945052, 25.897439 ], [ 86.94379, 25.896994 ], [ 86.942954, 25.896712 ], [ 86.941707, 25.896274 ], [ 86.937205, 25.894753 ], [ 86.932989, 25.893305 ], [ 86.930185, 25.89236 ], [ 86.929128, 25.892079 ], [ 86.928497, 25.89196 ], [ 86.927559, 25.891883 ], [ 86.926893, 25.891886 ], [ 86.926096, 25.891954 ], [ 86.922306, 25.892514 ], [ 86.918732, 25.893047 ], [ 86.915426, 25.893539 ], [ 86.912855, 25.893924 ], [ 86.910575, 25.894261 ], [ 86.907408, 25.894734 ], [ 86.904637, 25.895153 ], [ 86.902004, 25.895535 ], [ 86.898586, 25.896047 ], [ 86.896909, 25.896295 ], [ 86.893697, 25.896769 ], [ 86.892804, 25.896888 ], [ 86.88876, 25.897487 ], [ 86.87855, 25.898985 ], [ 86.875174, 25.899465 ], [ 86.87312, 25.89977 ], [ 86.870761, 25.900109 ], [ 86.869311, 25.900329 ], [ 86.861116, 25.901483 ], [ 86.856348, 25.902174 ], [ 86.850854, 25.902958 ], [ 86.841337, 25.90433 ], [ 86.839363, 25.904616 ], [ 86.838304, 25.904778 ], [ 86.836641, 25.905014 ], [ 86.833072, 25.905528 ], [ 86.831044, 25.905812 ] ] ] } },
{ "type": "Feature", "properties": { "ID": "150113116", "TRK_NME": null, "FTR_CRY": "MG", "CITY_NME": null, "STT_NME": "Bihar", "SHAPE_Leng": "0.002898432937748" }, "geometry": { "type": "MultiLineString", "coordinates": [ [ [ 86.797134, 25.908993 ], [ 86.79518, 25.908939 ], [ 86.794237, 25.908903 ] ] ] } },
{ "type": "Feature", "properties": { "ID": "150131225", "TRK_NME": null, "FTR_CRY": "MG", "CITY_NME": "Madhepura", "STT_NME": "Bihar", "SHAPE_Leng": "0.011792548778521" }, "geometry": { "type": "MultiLineString", "coordinates": [ [ [ 86.794237, 25.908903 ], [ 86.793287, 25.90881 ], [ 86.791195, 25.908742 ], [ 86.788469, 25.908641 ], [ 86.782455, 25.90845 ] ] ] } },
{ "type": "Feature", "properties": { "ID": "150127226", "TRK_NME": null, "FTR_CRY": "BG", "CITY_NME": null, "STT_NME": "Bihar", "SHAPE_Leng": "0.002423192109561" }, "geometry": { "type": "MultiLineString", "coordinates": [ [ [ 86.781035, 25.9084 ], [ 86.778613, 25.908324 ] ] ] } },
{ "type": "Feature", "properties": { "ID": "150131266", "TRK_NME": null, "FTR_CRY": "BG", "CITY_NME": "Madhepura", "STT_NME": "Bihar", "SHAPE_Leng": "0.001420880009063" }, "geometry": { "type": "MultiLineString", "coordinates": [ [ [ 86.782455, 25.90845 ], [ 86.781035, 25.9084 ] ] ] } },
{ "type": "Feature", "properties": { "ID": "150164520", "TRK_NME": null, "FTR_CRY": "BG", "CITY_NME": null, "STT_NME": "Bihar", "SHAPE_Leng": "0.009231436492802" }, "geometry": { "type": "MultiLineString", "coordinates": [ [ [ 86.650531, 25.90009 ], [ 86.651598, 25.900235 ], [ 86.65925, 25.901624 ], [ 86.659609, 25.901741 ] ] ] } },
{ "type": "Feature", "properties": { "ID": "150113423", "TRK_NME": "Samastipur to Gorakpur", "FTR_CRY": "BG", "CITY_NME": null, "STT_NME": "Bihar", "SHAPE_Leng": "0.068198782475711" }, "geometry": { "type": "MultiLineString", "coordinates": [ [ [ 86.620006, 25.475983 ], [ 86.617062, 25.478007 ], [ 86.608808, 25.483639 ], [ 86.599771, 25.489835 ], [ 86.596388, 25.492193 ], [ 86.591853, 25.495301 ], [ 86.590901, 25.495922 ], [ 86.584373, 25.500398 ], [ 86.581778, 25.502173 ], [ 86.578063, 25.504725 ], [ 86.575864, 25.506242 ], [ 86.574534, 25.507088 ], [ 86.573484, 25.507645 ], [ 86.573027, 25.507869 ], [ 86.571544, 25.508489 ], [ 86.57034, 25.508869 ], [ 86.570127, 25.508927 ], [ 86.569336, 25.509098 ], [ 86.568772, 25.509221 ], [ 86.567515, 25.509413 ], [ 86.567208, 25.509443 ], [ 86.566544, 25.509501 ], [ 86.565705, 25.50954 ], [ 86.565025, 25.509521 ], [ 86.561864, 25.509407 ] ] ] } },
{ "type": "Feature", "properties": { "ID": "150113240", "TRK_NME": null, "FTR_CRY": "BG", "CITY_NME": null, "STT_NME": "Bihar", "SHAPE_Leng": "0.137673447034898" }, "geometry": { "type": "MultiLineString", "coordinates": [ [ [ 86.735546, 25.404227 ], [ 86.732613, 25.404359 ], [ 86.728757, 25.404566 ], [ 86.728067, 25.40463 ], [ 86.727081, 25.404729 ], [ 86.726319, 25.404865 ], [ 86.725425, 25.405054 ], [ 86.724988, 25.405166 ], [ 86.723328, 25.405691 ], [ 86.722533, 25.406027 ], [ 86.721173, 25.406667 ], [ 86.719879, 25.407424 ], [ 86.719015, 25.408002 ], [ 86.713109, 25.411995 ], [ 86.70218, 25.419574 ], [ 86.701024, 25.420381 ], [ 86.696965, 25.423156 ], [ 86.694349, 25.424936 ], [ 86.691007, 25.427228 ], [ 86.688043, 25.429268 ], [ 86.68496, 25.431367 ], [ 86.684661, 25.431598 ], [ 86.684067, 25.432074 ], [ 86.683763, 25.432404 ], [ 86.683446, 25.432792 ], [ 86.683285, 25.433018 ], [ 86.682578, 25.434057 ], [ 86.682261, 25.43441 ], [ 86.681702, 25.434918 ], [ 86.68118, 25.435294 ], [ 86.680903, 25.43545 ], [ 86.680601, 25.435606 ], [ 86.679748, 25.435921 ], [ 86.6795, 25.435982 ], [ 86.678793, 25.436159 ], [ 86.67802, 25.436402 ], [ 86.67781, 25.43648 ], [ 86.67755, 25.436601 ], [ 86.676976, 25.436896 ], [ 86.676471, 25.437233 ], [ 86.676313, 25.437335 ], [ 86.674775, 25.438361 ], [ 86.672627, 25.439861 ], [ 86.668748, 25.442532 ], [ 86.667608, 25.443318 ], [ 86.66566, 25.444649 ], [ 86.664413, 25.445499 ], [ 86.662785, 25.446699 ], [ 86.661007, 25.44791 ], [ 86.657142, 25.450572 ], [ 86.654533, 25.452354 ], [ 86.652195, 25.453968 ], [ 86.649479, 25.455844 ], [ 86.647036, 25.457498 ], [ 86.645325, 25.458726 ], [ 86.643619, 25.459874 ], [ 86.641455, 25.46135 ], [ 86.639871, 25.46245 ], [ 86.637964, 25.463665 ], [ 86.632221, 25.467604 ], [ 86.628599, 25.470092 ], [ 86.62762, 25.470768 ], [ 86.622009, 25.474602 ], [ 86.620006, 25.475983 ] ] ] } },
{ "type": "Feature", "properties": { "ID": "150113252", "TRK_NME": "Purnea to Saharsa", "FTR_CRY": "BG", "CITY_NME": null, "STT_NME": "Bihar", "SHAPE_Leng": "0.11051587614381" }, "geometry": { "type": "MultiLineString", "coordinates": [ [ [ 86.733564, 25.906772 ], [ 86.731211, 25.906694 ], [ 86.725045, 25.906469 ], [ 86.719857, 25.906307 ], [ 86.71946, 25.906283 ], [ 86.715549, 25.906139 ], [ 86.712445, 25.90603 ], [ 86.710248, 25.905955 ], [ 86.70599, 25.905804 ], [ 86.701149, 25.905637 ], [ 86.69639, 25.905469 ], [ 86.690833, 25.905269 ], [ 86.688173, 25.905171 ], [ 86.687021, 25.905129 ], [ 86.685279, 25.905072 ], [ 86.683493, 25.905012 ], [ 86.681004, 25.904921 ], [ 86.679474, 25.904866 ], [ 86.677023, 25.904783 ], [ 86.676466, 25.904741 ], [ 86.675802, 25.904676 ], [ 86.674907, 25.904527 ], [ 86.672315, 25.904062 ], [ 86.670909, 25.903802 ], [ 86.668135, 25.903298 ], [ 86.664868, 25.902697 ], [ 86.663116, 25.902381 ], [ 86.659609, 25.901741 ], [ 86.658348, 25.901515 ], [ 86.653241, 25.900586 ], [ 86.650531, 25.90009 ], [ 86.649483, 25.899881 ], [ 86.649165, 25.899813 ], [ 86.648607, 25.899676 ], [ 86.648089, 25.899534 ], [ 86.647173, 25.899273 ], [ 86.64615, 25.898984 ], [ 86.644203, 25.89842 ], [ 86.643569, 25.898234 ], [ 86.641935, 25.897778 ], [ 86.640671, 25.897419 ], [ 86.63166, 25.894826 ], [ 86.630645, 25.894523 ], [ 86.629586, 25.894225 ], [ 86.628337, 25.893873 ], [ 86.624517, 25.892766 ] ] ] } },
{ "type": "Feature", "properties": { "ID": "150113400", "TRK_NME": null, "FTR_CRY": "BG", "CITY_NME": null, "STT_NME": "Bihar", "SHAPE_Leng": "0.04507654603589" }, "geometry": { "type": "MultiLineString", "coordinates": [ [ [ 86.778613, 25.908324 ], [ 86.77552, 25.908204 ], [ 86.77218, 25.908085 ], [ 86.769913, 25.908025 ], [ 86.768226, 25.907959 ], [ 86.766468, 25.907884 ], [ 86.763578, 25.907793 ], [ 86.762821, 25.907756 ], [ 86.761281, 25.90771 ], [ 86.758166, 25.907593 ], [ 86.755521, 25.907518 ], [ 86.754611, 25.907482 ], [ 86.752691, 25.907436 ], [ 86.749786, 25.907311 ], [ 86.747574, 25.907259 ], [ 86.745201, 25.907175 ], [ 86.744491, 25.907149 ], [ 86.743469, 25.90711 ], [ 86.742149, 25.907054 ], [ 86.741329, 25.907035 ], [ 86.740228, 25.906996 ], [ 86.739029, 25.906958 ], [ 86.73738, 25.906903 ], [ 86.734678, 25.906809 ], [ 86.733564, 25.906772 ] ] ] } },
{ "type": "Feature", "properties": { "ID": "150113401", "TRK_NME": null, "FTR_CRY": "MG", "CITY_NME": null, "STT_NME": "Bihar", "SHAPE_Leng": "0.034153186892471" }, "geometry": { "type": "MultiLineString", "coordinates": [ [ [ 86.831044, 25.905812 ], [ 86.829127, 25.906084 ], [ 86.828827, 25.906133 ], [ 86.827052, 25.906383 ], [ 86.825216, 25.906647 ], [ 86.823238, 25.906934 ], [ 86.821852, 25.907129 ], [ 86.820178, 25.907368 ], [ 86.8186, 25.907597 ], [ 86.81781, 25.907711 ], [ 86.815387, 25.908063 ], [ 86.814343, 25.908207 ], [ 86.811597, 25.90861 ], [ 86.810787, 25.908724 ], [ 86.809171, 25.908966 ], [ 86.808128, 25.909102 ], [ 86.807383, 25.909177 ], [ 86.806748, 25.909204 ], [ 86.805337, 25.909207 ], [ 86.802851, 25.909123 ], [ 86.801133, 25.909059 ], [ 86.798837, 25.90899 ], [ 86.797134, 25.908993 ] ] ] } },
{ "type": "Feature", "properties": { "ID": "150113056", "TRK_NME": null, "FTR_CRY": "BG", "CITY_NME": null, "STT_NME": "Bihar", "SHAPE_Leng": "0.014399880136846" }, "geometry": { "type": "MultiLineString", "coordinates": [ [ [ 86.610673, 25.888804 ], [ 86.611463, 25.889039 ], [ 86.613654, 25.889661 ], [ 86.61595, 25.890319 ], [ 86.617965, 25.890892 ], [ 86.619227, 25.891259 ], [ 86.620758, 25.891702 ], [ 86.623249, 25.892411 ], [ 86.624517, 25.892766 ] ] ] } },
{ "type": "Feature", "properties": { "ID": "150131078", "TRK_NME": "Purnea to Saharsa", "FTR_CRY": "MG", "CITY_NME": null, "STT_NME": "Bihar", "SHAPE_Leng": "0.002934016391051" }, "geometry": { "type": "MultiLineString", "coordinates": [ [ [ 86.987319, 25.892271 ], [ 86.985811, 25.892723 ], [ 86.984504, 25.893098 ] ] ] } },
{ "type": "Feature", "properties": { "ID": "150131081", "TRK_NME": "Purnea to Saharsa", "FTR_CRY": "MG", "CITY_NME": "Murliganj", "STT_NME": "Bihar", "SHAPE_Leng": "0.001116770791172" }, "geometry": { "type": "MultiLineString", "coordinates": [ [ [ 86.988395, 25.891972 ], [ 86.987319, 25.892271 ] ] ] } },
{ "type": "Feature", "properties": { "ID": "150113250", "TRK_NME": "Saharsa Supaul to Forbesgunj", "FTR_CRY": "BG", "CITY_NME": null, "STT_NME": "Bihar", "SHAPE_Leng": "0.357916992266022" }, "geometry": { "type": "MultiLineString", "coordinates": [ [ [ 86.561864, 25.509407 ], [ 86.563001, 25.509498 ], [ 86.563548, 25.509551 ], [ 86.563973, 25.509626 ], [ 86.564286, 25.509701 ], [ 86.564813, 25.50984 ], [ 86.565429, 25.510033 ], [ 86.565712, 25.510157 ], [ 86.56617, 25.510393 ], [ 86.56693, 25.510825 ], [ 86.567666, 25.511215 ], [ 86.568052, 25.511484 ], [ 86.568634, 25.511949 ], [ 86.56909, 25.512378 ], [ 86.569598, 25.512922 ], [ 86.569953, 25.513384 ], [ 86.570241, 25.513817 ], [ 86.570515, 25.514258 ], [ 86.572692, 25.519122 ], [ 86.575591, 25.525473 ], [ 86.577332, 25.529317 ], [ 86.578685, 25.532121 ], [ 86.580198, 25.53557 ], [ 86.58054, 25.536549 ], [ 86.580808, 25.537383 ], [ 86.581176, 25.538302 ], [ 86.581383, 25.53881 ], [ 86.5823, 25.54084 ], [ 86.583439, 25.5431 ], [ 86.584035, 25.544285 ], [ 86.584707, 25.545695 ], [ 86.585413, 25.547325 ], [ 86.585649, 25.547953 ], [ 86.585776, 25.548358 ], [ 86.586118, 25.549802 ], [ 86.586336, 25.551059 ], [ 86.586855, 25.553561 ], [ 86.587411, 25.556406 ], [ 86.588374, 25.561083 ], [ 86.589051, 25.564431 ], [ 86.58952, 25.566805 ], [ 86.589621, 25.567598 ], [ 86.589735, 25.569005 ], [ 86.589832, 25.569966 ], [ 86.590044, 25.571002 ], [ 86.590371, 25.572842 ], [ 86.590766, 25.574691 ], [ 86.590967, 25.575417 ], [ 86.591148, 25.575876 ], [ 86.591322, 25.576293 ], [ 86.591597, 25.57683 ], [ 86.592729, 25.578631 ], [ 86.594022, 25.580812 ], [ 86.594624, 25.581888 ], [ 86.595268, 25.582976 ], [ 86.596306, 25.584571 ], [ 86.596949, 25.585489 ], [ 86.597385, 25.586221 ], [ 86.598075, 25.587508 ], [ 86.598356, 25.588045 ], [ 86.598805, 25.58926 ], [ 86.59993, 25.592239 ], [ 86.600419, 25.593605 ], [ 86.600591, 25.594315 ], [ 86.60066, 25.594625 ], [ 86.600754, 25.595133 ], [ 86.600781, 25.595441 ], [ 86.600781, 25.596076 ], [ 86.60078, 25.596825 ], [ 86.600835, 25.597194 ], [ 86.600935, 25.597798 ], [ 86.601109, 25.598414 ], [ 86.601927, 25.600505 ], [ 86.602489, 25.602022 ], [ 86.602597, 25.602233 ], [ 86.602851, 25.602668 ], [ 86.603193, 25.603157 ], [ 86.603756, 25.603802 ], [ 86.604258, 25.604451 ], [ 86.604593, 25.604989 ], [ 86.604848, 25.605515 ], [ 86.605578, 25.607557 ], [ 86.605785, 25.608209 ], [ 86.605852, 25.60859 ], [ 86.605886, 25.609037 ], [ 86.605877, 25.609689 ], [ 86.605685, 25.610771 ], [ 86.605511, 25.61169 ], [ 86.605136, 25.613721 ], [ 86.604653, 25.616645 ], [ 86.604265, 25.619219 ], [ 86.602978, 25.626102 ], [ 86.599922, 25.641915 ], [ 86.598843, 25.647601 ], [ 86.598756, 25.648429 ], [ 86.598716, 25.649063 ], [ 86.598655, 25.651148 ], [ 86.598575, 25.654145 ], [ 86.598702, 25.657668 ], [ 86.598709, 25.659317 ], [ 86.598649, 25.660882 ], [ 86.598605, 25.663957 ], [ 86.598545, 25.666428 ], [ 86.598498, 25.669443 ], [ 86.598438, 25.672348 ], [ 86.598398, 25.674982 ], [ 86.598337, 25.677767 ], [ 86.598284, 25.681029 ], [ 86.598264, 25.683191 ], [ 86.598083, 25.691383 ], [ 86.598076, 25.693152 ], [ 86.597955, 25.700293 ], [ 86.597888, 25.703561 ], [ 86.597794, 25.706285 ], [ 86.597721, 25.710544 ], [ 86.597526, 25.720328 ], [ 86.597426, 25.724514 ], [ 86.597372, 25.727499 ], [ 86.597272, 25.732421 ], [ 86.596982, 25.747138 ], [ 86.59665, 25.764904 ], [ 86.596554, 25.77123 ], [ 86.596467, 25.776884 ], [ 86.596333, 25.781679 ], [ 86.596296, 25.784981 ], [ 86.596192, 25.789068 ], [ 86.596018, 25.798571 ], [ 86.595994, 25.7999 ], [ 86.595961, 25.801446 ], [ 86.595924, 25.804143 ], [ 86.595792, 25.808686 ], [ 86.595522, 25.825081 ], [ 86.595395, 25.830972 ], [ 86.595273, 25.836894 ], [ 86.594986, 25.853684 ] ] ] } },
{ "type": "Feature", "properties": { "ID": "150127222", "TRK_NME": null, "FTR_CRY": "MG", "CITY_NME": "Saharsa", "STT_NME": "Bihar", "SHAPE_Leng": "0.00754969753265" }, "geometry": { "type": "MultiLineString", "coordinates": [ [ [ 86.594562, 25.873693 ], [ 86.594562, 25.874592 ], [ 86.594462, 25.879204 ], [ 86.594452, 25.879998 ], [ 86.594489, 25.881241 ] ] ] } },
{ "type": "Feature", "properties": { "ID": "150113055", "TRK_NME": null, "FTR_CRY": "BG", "CITY_NME": null, "STT_NME": "Bihar", "SHAPE_Leng": "0.004947640051498" }, "geometry": { "type": "MultiLineString", "coordinates": [ [ [ 86.594925, 25.85669 ], [ 86.595019, 25.857475 ], [ 86.595049, 25.858038 ], [ 86.595093, 25.858717 ], [ 86.595123, 25.859035 ], [ 86.59515, 25.859409 ], [ 86.595153, 25.859982 ], [ 86.595116, 25.861627 ] ] ] } },
{ "type": "Feature", "properties": { "ID": "150129437", "TRK_NME": null, "FTR_CRY": "BG", "CITY_NME": "Saharsa", "STT_NME": "Bihar", "SHAPE_Leng": "0.005055968940671" }, "geometry": { "type": "MultiLineString", "coordinates": [ [ [ 86.595116, 25.861627 ], [ 86.595092, 25.863761 ], [ 86.595092, 25.864135 ], [ 86.595159, 25.865044 ], [ 86.595165, 25.86577 ], [ 86.59514, 25.86668 ] ] ] } },
{ "type": "Feature", "properties": { "ID": "150127221", "TRK_NME": null, "FTR_CRY": "BG", "CITY_NME": null, "STT_NME": "Bihar", "SHAPE_Leng": "0.007904791162405" }, "geometry": { "type": "MultiLineString", "coordinates": [ [ [ 86.594986, 25.853684 ], [ 86.594959, 25.854962 ], [ 86.594925, 25.85669 ], [ 86.594831, 25.860462 ], [ 86.594832, 25.861587 ] ] ] } },
{ "type": "Feature", "properties": { "ID": "150133605", "TRK_NME": null, "FTR_CRY": "BG", "CITY_NME": "Saharsa", "STT_NME": "Bihar", "SHAPE_Leng": "0.012110357983187" }, "geometry": { "type": "MultiLineString", "coordinates": [ [ [ 86.594832, 25.861587 ], [ 86.594821, 25.861924 ], [ 86.594794, 25.863472 ], [ 86.59477, 25.864982 ], [ 86.594732, 25.865978 ], [ 86.594642, 25.86799 ], [ 86.594617, 25.868735 ], [ 86.594585, 25.87011 ], [ 86.594562, 25.87129 ], [ 86.594562, 25.873693 ] ] ] } },
{ "type": "Feature", "properties": { "ID": "150132260", "TRK_NME": null, "FTR_CRY": "BG", "CITY_NME": null, "STT_NME": "Bihar", "SHAPE_Leng": "0.002174743892063" }, "geometry": { "type": "MultiLineString", "coordinates": [ [ [ 86.59526, 25.867446 ], [ 86.595263, 25.867442 ], [ 86.59544, 25.867258 ], [ 86.595579, 25.867141 ], [ 86.595796, 25.866985 ], [ 86.596138, 25.866782 ], [ 86.596372, 25.866681 ], [ 86.596625, 25.866581 ], [ 86.59684, 25.866526 ], [ 86.597155, 25.866476 ] ] ] } },
{ "type": "Feature", "properties": { "ID": "150132261", "TRK_NME": null, "FTR_CRY": "BG", "CITY_NME": "Saharsa", "STT_NME": "Bihar", "SHAPE_Leng": "0.027968561094081" }, "geometry": { "type": "MultiLineString", "coordinates": [ [ [ 86.597155, 25.866476 ], [ 86.597361, 25.866435 ], [ 86.597591, 25.866402 ], [ 86.598031, 25.866348 ], [ 86.598313, 25.866342 ], [ 86.598531, 25.866351 ], [ 86.598802, 25.866399 ], [ 86.599101, 25.866469 ], [ 86.599263, 25.866517 ], [ 86.599446, 25.866577 ], [ 86.599611, 25.866646 ], [ 86.599758, 25.866709 ], [ 86.599952, 25.866816 ], [ 86.600097, 25.866907 ], [ 86.600235, 25.867005 ], [ 86.600363, 25.867109 ], [ 86.600507, 25.867246 ], [ 86.600624, 25.867371 ], [ 86.600751, 25.867525 ], [ 86.600866, 25.867676 ], [ 86.600948, 25.86781 ], [ 86.601054, 25.868003 ], [ 86.60116, 25.868258 ], [ 86.601535, 25.869232 ], [ 86.60264, 25.872221 ], [ 86.602974, 25.873113 ], [ 86.603858, 25.875481 ], [ 86.604307, 25.876704 ], [ 86.604754, 25.877894 ], [ 86.605487, 25.879943 ], [ 86.606335, 25.882221 ], [ 86.607108, 25.884337 ], [ 86.607658, 25.885837 ], [ 86.607813, 25.886203 ], [ 86.607934, 25.886482 ], [ 86.608025, 25.886675 ], [ 86.608159, 25.886928 ], [ 86.60827, 25.887099 ], [ 86.608416, 25.887295 ], [ 86.608627, 25.887566 ], [ 86.608732, 25.887672 ], [ 86.60894, 25.887886 ], [ 86.609202, 25.888094 ], [ 86.609303, 25.888172 ], [ 86.609535, 25.888325 ], [ 86.609762, 25.88845 ], [ 86.609964, 25.888549 ], [ 86.610196, 25.888641 ], [ 86.610446, 25.888726 ], [ 86.610673, 25.888804 ] ] ] } },
{ "type": "Feature", "properties": { "ID": "150132262", "TRK_NME": null, "FTR_CRY": "BG", "CITY_NME": "Saharsa", "STT_NME": "Bihar", "SHAPE_Leng": "0.001456882307256" }, "geometry": { "type": "MultiLineString", "coordinates": [ [ [ 86.594617, 25.868735 ], [ 86.594788, 25.868178 ], [ 86.594872, 25.868001 ], [ 86.595053, 25.867708 ], [ 86.59526, 25.867446 ] ] ] } },
{ "type": "Feature", "properties": { "ID": "150113058", "TRK_NME": null, "FTR_CRY": "BG", "CITY_NME": null, "STT_NME": "Bihar", "SHAPE_Leng": "0.001291096621771" }, "geometry": { "type": "MultiLineString", "coordinates": [ [ [ 86.596475, 25.866806 ], [ 86.596266, 25.866935 ], [ 86.5961, 25.867057 ], [ 86.595873, 25.867256 ], [ 86.595747, 25.867388 ], [ 86.595633, 25.867519 ], [ 86.595528, 25.867667 ] ] ] } },
{ "type": "Feature", "properties": { "ID": "150133221", "TRK_NME": null, "FTR_CRY": "BG", "CITY_NME": null, "STT_NME": "Bihar", "SHAPE_Leng": "7.57043869231E-4" }, "geometry": { "type": "MultiLineString", "coordinates": [ [ [ 86.597155, 25.866476 ], [ 86.597009, 25.86653 ], [ 86.596838, 25.866609 ], [ 86.596475, 25.866806 ] ] ] } },
{ "type": "Feature", "properties": { "ID": "150133222", "TRK_NME": null, "FTR_CRY": "BG", "CITY_NME": "Saharsa", "STT_NME": "Bihar", "SHAPE_Leng": "0.013722700619878" }, "geometry": { "type": "MultiLineString", "coordinates": [ [ [ 86.595528, 25.867667 ], [ 86.595433, 25.867798 ], [ 86.595226, 25.868167 ], [ 86.59515, 25.868343 ], [ 86.595105, 25.868455 ], [ 86.595045, 25.86861 ], [ 86.594998, 25.868864 ], [ 86.594982, 25.869134 ], [ 86.594979, 25.869643 ], [ 86.595011, 25.871039 ], [ 86.594985, 25.873056 ], [ 86.594979, 25.874144 ], [ 86.594957, 25.875299 ], [ 86.594903, 25.876451 ], [ 86.594871, 25.877674 ], [ 86.594824, 25.878235 ], [ 86.594777, 25.878675 ], [ 86.594697, 25.879231 ], [ 86.594489, 25.881241 ] ] ] } },
{ "type": "Feature", "properties": { "ID": "150113059", "TRK_NME": null, "FTR_CRY": "MG", "CITY_NME": null, "STT_NME": "Bihar", "SHAPE_Leng": "0.021366744138172" }, "geometry": { "type": "MultiLineString", "coordinates": [ [ [ 86.594037, 25.901043 ], [ 86.594036, 25.901329 ], [ 86.594016, 25.902423 ], [ 86.594001, 25.902722 ], [ 86.593996, 25.903358 ], [ 86.593982, 25.903867 ], [ 86.593954, 25.90478 ], [ 86.593928, 25.905624 ], [ 86.593923, 25.906526 ], [ 86.593902, 25.907672 ], [ 86.593841, 25.910755 ], [ 86.593824, 25.911706 ], [ 86.593801, 25.912771 ], [ 86.59378, 25.913605 ], [ 86.593758, 25.914834 ], [ 86.59373, 25.916249 ], [ 86.593685, 25.9185 ], [ 86.593665, 25.920914 ], [ 86.593636, 25.92159 ], [ 86.593644, 25.922405 ] ] ] } },
{ "type": "Feature", "properties": { "ID": "150131224", "TRK_NME": null, "FTR_CRY": "MG", "CITY_NME": "Saharsa", "STT_NME": "Bihar", "SHAPE_Leng": "0.019809092812469" }, "geometry": { "type": "MultiLineString", "coordinates": [ [ [ 86.594489, 25.881241 ], [ 86.594294, 25.886737 ], [ 86.594234, 25.888605 ], [ 86.594241, 25.891895 ], [ 86.594221, 25.892812 ], [ 86.594201, 25.894182 ], [ 86.594195, 25.895115 ], [ 86.594187, 25.895552 ], [ 86.594154, 25.896741 ], [ 86.59412, 25.898667 ], [ 86.594037, 25.901043 ] ] ] } },
{ "type": "Feature", "properties": { "ID": "150164483", "TRK_NME": null, "FTR_CRY": "BG", "CITY_NME": null, "STT_NME": "Bihar", "SHAPE_Leng": "0.163874448553463" }, "geometry": { "type": "MultiLineString", "coordinates": [ [ [ 86.445457, 25.505654 ], [ 86.44432, 25.505751 ], [ 86.444103, 25.505778 ], [ 86.443554, 25.505887 ], [ 86.442931, 25.506044 ], [ 86.441933, 25.506421 ], [ 86.44107, 25.506808 ], [ 86.439363, 25.507587 ], [ 86.438694, 25.507956 ], [ 86.438145, 25.508337 ], [ 86.437388, 25.508996 ], [ 86.4369, 25.509509 ], [ 86.433927, 25.51259 ], [ 86.430032, 25.516662 ], [ 86.426938, 25.519888 ], [ 86.425586, 25.521447 ], [ 86.425132, 25.522093 ], [ 86.424529, 25.52295 ], [ 86.424188, 25.52347 ], [ 86.423873, 25.524165 ], [ 86.423686, 25.524606 ], [ 86.423592, 25.524974 ], [ 86.423451, 25.525524 ], [ 86.423384, 25.526049 ], [ 86.42329, 25.527318 ], [ 86.423063, 25.530344 ], [ 86.422922, 25.533666 ], [ 86.422822, 25.536874 ], [ 86.422735, 25.539587 ], [ 86.422641, 25.542027 ], [ 86.422628, 25.542335 ], [ 86.422561, 25.544426 ], [ 86.42244, 25.547078 ], [ 86.422347, 25.549632 ], [ 86.422106, 25.556807 ], [ 86.421905, 25.561542 ], [ 86.421731, 25.566036 ], [ 86.421557, 25.570444 ], [ 86.421436, 25.573573 ], [ 86.421303, 25.577776 ], [ 86.421182, 25.582282 ], [ 86.421035, 25.586244 ], [ 86.420861, 25.590628 ], [ 86.420727, 25.596076 ], [ 86.420633, 25.600207 ], [ 86.420459, 25.605232 ], [ 86.420205, 25.610257 ], [ 86.420071, 25.615668 ], [ 86.419964, 25.618797 ], [ 86.41987, 25.620343 ], [ 86.419656, 25.625139 ], [ 86.419522, 25.626696 ], [ 86.419375, 25.627445 ], [ 86.419134, 25.628532 ], [ 86.418799, 25.629559 ], [ 86.418263, 25.6309 ], [ 86.41746, 25.632663 ], [ 86.416442, 25.634922 ], [ 86.414166, 25.63979 ], [ 86.411275, 25.646325 ], [ 86.408838, 25.651887 ], [ 86.40683, 25.65593 ] ] ] } },
{ "type": "Feature", "properties": { "ID": "150164486", "TRK_NME": null, "FTR_CRY": "BG", "CITY_NME": "Saharsa", "STT_NME": "Bihar", "SHAPE_Leng": "0.001887205242207" }, "geometry": { "type": "MultiLineString", "coordinates": [ [ [ 86.595092, 25.864135 ], [ 86.594945, 25.864669 ], [ 86.594911, 25.864838 ], [ 86.594905, 25.865265 ], [ 86.594891, 25.865347 ], [ 86.594816, 25.865641 ], [ 86.594732, 25.865978 ] ] ] } },
{ "type": "Feature", "properties": { "ID": "150164487", "TRK_NME": null, "FTR_CRY": "BG", "CITY_NME": null, "STT_NME": "Bihar", "SHAPE_Leng": "0.002417298105495" }, "geometry": { "type": "MultiLineString", "coordinates": [ [ [ 86.595033, 25.859192 ], [ 86.595009, 25.860483 ], [ 86.594996, 25.861609 ] ] ] } },
{ "type": "Feature", "properties": { "ID": "150164488", "TRK_NME": null, "FTR_CRY": "BG", "CITY_NME": "Saharsa", "STT_NME": "Bihar", "SHAPE_Leng": "0.00323014649372" }, "geometry": { "type": "MultiLineString", "coordinates": [ [ [ 86.594996, 25.861609 ], [ 86.594952, 25.863531 ], [ 86.594911, 25.864838 ] ] ] } },
{ "type": "Feature", "properties": { "ID": "150113057", "TRK_NME": null, "FTR_CRY": "MG", "CITY_NME": "Saharsa", "STT_NME": "Bihar", "SHAPE_Leng": "0.009102700424133" }, "geometry": { "type": "MultiLineString", "coordinates": [ [ [ 86.594462, 25.879204 ], [ 86.594386, 25.878136 ], [ 86.594391, 25.877072 ], [ 86.59441, 25.876108 ], [ 86.594457, 25.874799 ], [ 86.594464, 25.87351 ], [ 86.594469, 25.872455 ], [ 86.594479, 25.871831 ], [ 86.594485, 25.871334 ], [ 86.594498, 25.87095 ], [ 86.594516, 25.870721 ], [ 86.594585, 25.87011 ] ] ] } },
{ "type": "Feature", "properties": { "ID": "150113211", "TRK_NME": "Samastipur to Gorakpur", "FTR_CRY": "BG", "CITY_NME": null, "STT_NME": "Bihar", "SHAPE_Leng": "0.251890355951855" }, "geometry": { "type": "MultiLineString", "coordinates": [ [ [ 86.25629, 25.607761 ], [ 86.248709, 25.616094 ], [ 86.24331, 25.622023 ], [ 86.242444, 25.622804 ], [ 86.241732, 25.623382 ], [ 86.240746, 25.624002 ], [ 86.237667, 25.625694 ], [ 86.233167, 25.628099 ], [ 86.220147, 25.634942 ], [ 86.218396, 25.636057 ], [ 86.217082, 25.637131 ], [ 86.216407, 25.637818 ], [ 86.214978, 25.63955 ], [ 86.214154, 25.640836 ], [ 86.213605, 25.641876 ], [ 86.211902, 25.64633 ], [ 86.208659, 25.655114 ], [ 86.207671, 25.65785 ], [ 86.207162, 25.65931 ], [ 86.206127, 25.662018 ], [ 86.199134, 25.680395 ], [ 86.196144, 25.688401 ], [ 86.191847, 25.699584 ], [ 86.189418, 25.706158 ], [ 86.189228, 25.706552 ], [ 86.188768, 25.707509 ], [ 86.187943, 25.70906 ], [ 86.187397, 25.710475 ], [ 86.184206, 25.718884 ], [ 86.183857, 25.719621 ], [ 86.183776, 25.719758 ], [ 86.183299, 25.720419 ], [ 86.182348, 25.721447 ], [ 86.181181, 25.722344 ], [ 86.180059, 25.722935 ], [ 86.156471, 25.732339 ], [ 86.120392, 25.746848 ], [ 86.115375, 25.748831 ], [ 86.112269, 25.750092 ], [ 86.109421, 25.751231 ], [ 86.106868, 25.752127 ], [ 86.105261, 25.752495 ], [ 86.104382, 25.752644 ], [ 86.103084, 25.752769 ], [ 86.101611, 25.752801 ], [ 86.100373, 25.752751 ], [ 86.098605, 25.752589 ], [ 86.094806, 25.75217 ], [ 86.085305, 25.751144 ], [ 86.077888, 25.750364 ] ] ] } },
{ "type": "Feature", "properties": { "ID": "150113321", "TRK_NME": null, "FTR_CRY": "BG", "CITY_NME": null, "STT_NME": "Bihar", "SHAPE_Leng": "0.245117702132746" }, "geometry": { "type": "MultiLineString", "coordinates": [ [ [ 86.291464, 25.830912 ], [ 86.30135, 25.814277 ], [ 86.30312, 25.811202 ], [ 86.304369, 25.809288 ], [ 86.305286, 25.807656 ], [ 86.305908, 25.806239 ], [ 86.30617, 25.805421 ], [ 86.306458, 25.804524 ], [ 86.306713, 25.802415 ], [ 86.306876, 25.800068 ], [ 86.307101, 25.795923 ], [ 86.307591, 25.785108 ], [ 86.307825, 25.772966 ], [ 86.307932, 25.771342 ], [ 86.307921, 25.769833 ], [ 86.30775, 25.768641 ], [ 86.307494, 25.76718 ], [ 86.306661, 25.762551 ], [ 86.306052, 25.759426 ], [ 86.304355, 25.750554 ], [ 86.303352, 25.74542 ], [ 86.301579, 25.736086 ], [ 86.301003, 25.733432 ], [ 86.29891, 25.722685 ], [ 86.297052, 25.711149 ], [ 86.296122, 25.707207 ], [ 86.295066, 25.701622 ], [ 86.29482, 25.700757 ], [ 86.294564, 25.70018 ], [ 86.294276, 25.699766 ], [ 86.294041, 25.699468 ], [ 86.29354, 25.698949 ], [ 86.293188, 25.698642 ], [ 86.292153, 25.698007 ], [ 86.291278, 25.69768 ], [ 86.290264, 25.697507 ], [ 86.289272, 25.697372 ], [ 86.287714, 25.697391 ], [ 86.286413, 25.697487 ], [ 86.283265, 25.6979 ], [ 86.281494, 25.698227 ], [ 86.279328, 25.698525 ], [ 86.273845, 25.699466 ], [ 86.270825, 25.699898 ], [ 86.27058, 25.699956 ], [ 86.2701, 25.700023 ], [ 86.269428, 25.700071 ], [ 86.267614, 25.700215 ], [ 86.265512, 25.700532 ], [ 86.260391, 25.701397 ], [ 86.258343, 25.701714 ], [ 86.257777, 25.701801 ], [ 86.257233, 25.701858 ], [ 86.254982, 25.701916 ], [ 86.249178, 25.701828 ], [ 86.247385, 25.701799 ], [ 86.245988, 25.70179 ], [ 86.244248, 25.701713 ], [ 86.239996, 25.701634 ], [ 86.238896, 25.701625 ], [ 86.238366, 25.701597 ], [ 86.234059, 25.701192 ], [ 86.23232, 25.701096 ], [ 86.230656, 25.701091 ], [ 86.227668, 25.700995 ], [ 86.224745, 25.70109 ], [ 86.209403, 25.701819 ], [ 86.198755, 25.702438 ], [ 86.196418, 25.702554 ], [ 86.195597, 25.70265 ], [ 86.194765, 25.702784 ], [ 86.194295, 25.702909 ], [ 86.193388, 25.703255 ], [ 86.192546, 25.703649 ], [ 86.192002, 25.703985 ], [ 86.191586, 25.704322 ], [ 86.190688, 25.705055 ], [ 86.190138, 25.705633 ], [ 86.189547, 25.706417 ], [ 86.188768, 25.707509 ] ] ] } },
{ "type": "Feature", "properties": { "ID": "150113365", "TRK_NME": null, "FTR_CRY": "BG", "CITY_NME": null, "STT_NME": "Bihar", "SHAPE_Leng": "0.019476828437485" }, "geometry": { "type": "MultiLineString", "coordinates": [ [ [ 85.808886, 25.846362 ], [ 85.810109, 25.845836 ], [ 85.810982, 25.84546 ], [ 85.812432, 25.844843 ], [ 85.813103, 25.844549 ], [ 85.814016, 25.844156 ], [ 85.814934, 25.843719 ], [ 85.815497, 25.843457 ], [ 85.816009, 25.843206 ], [ 85.816773, 25.84278 ], [ 85.817419, 25.842382 ], [ 85.818561, 25.841574 ], [ 85.819971, 25.84055 ], [ 85.821212, 25.839633 ], [ 85.822655, 25.838592 ], [ 85.823288, 25.838191 ], [ 85.823648, 25.837982 ], [ 85.824117, 25.837722 ], [ 85.825218, 25.837148 ], [ 85.825772, 25.83682 ] ] ] } },
{ "type": "Feature", "properties": { "ID": "150113358", "TRK_NME": null, "FTR_CRY": "BG", "CITY_NME": null, "STT_NME": "Bihar", "SHAPE_Leng": "0.035934125860967" }, "geometry": { "type": "MultiLineString", "coordinates": [ [ [ 86.042164, 25.746494 ], [ 86.043154, 25.746586 ], [ 86.044189, 25.7467 ], [ 86.044767, 25.746751 ], [ 86.045305, 25.746806 ], [ 86.046602, 25.746954 ], [ 86.047123, 25.747024 ], [ 86.048493, 25.747174 ], [ 86.049385, 25.747263 ], [ 86.050983, 25.74743 ], [ 86.052042, 25.747545 ], [ 86.0543, 25.747786 ], [ 86.055841, 25.747954 ], [ 86.056934, 25.748079 ], [ 86.058119, 25.748203 ], [ 86.060447, 25.748464 ], [ 86.061846, 25.748597 ], [ 86.063702, 25.748822 ], [ 86.065604, 25.749016 ], [ 86.06639, 25.749102 ], [ 86.066902, 25.749148 ], [ 86.068533, 25.749332 ], [ 86.069444, 25.749436 ], [ 86.070059, 25.749493 ], [ 86.07192, 25.749701 ], [ 86.072748, 25.749786 ], [ 86.076435, 25.750194 ], [ 86.077551, 25.750324 ], [ 86.077888, 25.750364 ] ] ] } },
{ "type": "Feature", "properties": { "ID": "150113258", "TRK_NME": "Samastipur to Gorakpur", "FTR_CRY": "BG", "CITY_NME": null, "STT_NME": "Bihar", "SHAPE_Leng": "0.181096140709329" }, "geometry": { "type": "MultiLineString", "coordinates": [ [ [ 85.980383, 25.746066 ], [ 85.976343, 25.747288 ], [ 85.961281, 25.751819 ], [ 85.958745, 25.752682 ], [ 85.957427, 25.753312 ], [ 85.955031, 25.754931 ], [ 85.951296, 25.758313 ], [ 85.946923, 25.762198 ], [ 85.942117, 25.766317 ], [ 85.934641, 25.773316 ], [ 85.923389, 25.783234 ], [ 85.917976, 25.788175 ], [ 85.916433, 25.78952 ], [ 85.915001, 25.790567 ], [ 85.911675, 25.792429 ], [ 85.910548, 25.792971 ], [ 85.907172, 25.794745 ], [ 85.9017, 25.797578 ], [ 85.893048, 25.801968 ], [ 85.882962, 25.807224 ], [ 85.858963, 25.819709 ], [ 85.834622, 25.832274 ], [ 85.825772, 25.83682 ] ] ] } },
{ "type": "Feature", "properties": { "ID": "150113359", "TRK_NME": null, "FTR_CRY": "BG", "CITY_NME": null, "STT_NME": "Bihar", "SHAPE_Leng": "0.04656300023487" }, "geometry": { "type": "MultiLineString", "coordinates": [ [ [ 85.980383, 25.746066 ], [ 85.985103, 25.744635 ], [ 85.986751, 25.744154 ], [ 85.988132, 25.74374 ], [ 85.989333, 25.743393 ], [ 85.990919, 25.742902 ], [ 85.992305, 25.742489 ], [ 85.993413, 25.742204 ], [ 85.994334, 25.742026 ], [ 85.995524, 25.741858 ], [ 85.997069, 25.741761 ], [ 85.997894, 25.741753 ], [ 85.999369, 25.741834 ], [ 86.00077, 25.741994 ], [ 86.002738, 25.742214 ], [ 86.003843, 25.742322 ], [ 86.004422, 25.742384 ], [ 86.006387, 25.742598 ], [ 86.007837, 25.742765 ], [ 86.009917, 25.742995 ], [ 86.011451, 25.743156 ], [ 86.01195, 25.743204 ], [ 86.013457, 25.743313 ], [ 86.014155, 25.743316 ], [ 86.01482, 25.743285 ], [ 86.015999, 25.743303 ], [ 86.016808, 25.743344 ], [ 86.018343, 25.743482 ], [ 86.019324, 25.74356 ], [ 86.02001, 25.743641 ], [ 86.021104, 25.743772 ], [ 86.022342, 25.74394 ], [ 86.022955, 25.744046 ], [ 86.023335, 25.744087 ], [ 86.0238, 25.744189 ], [ 86.024453, 25.744335 ], [ 86.026159, 25.744704 ] ] ] } },
{ "type": "Feature", "properties": { "ID": "150113161", "TRK_NME": null, "FTR_CRY": "BG", "CITY_NME": null, "STT_NME": "Bihar", "SHAPE_Leng": "0.006279295266342" }, "geometry": { "type": "MultiLineString", "coordinates": [ [ [ 86.035922, 25.745813 ], [ 86.036271, 25.745851 ], [ 86.038583, 25.746124 ], [ 86.040408, 25.74631 ], [ 86.041079, 25.746371 ], [ 86.042164, 25.746494 ] ] ] } },
{ "type": "Feature", "properties": { "ID": "150129398", "TRK_NME": null, "FTR_CRY": "BG", "CITY_NME": null, "STT_NME": "Bihar", "SHAPE_Leng": "0.003925519073945" }, "geometry": { "type": "MultiLineString", "coordinates": [ [ [ 86.026159, 25.744704 ], [ 86.030057, 25.745168 ] ] ] } },
{ "type": "Feature", "properties": { "ID": "150129399", "TRK_NME": null, "FTR_CRY": "BG", "CITY_NME": "Rosera", "STT_NME": "Bihar", "SHAPE_Leng": "0.0059003971161" }, "geometry": { "type": "MultiLineString", "coordinates": [ [ [ 86.030057, 25.745168 ], [ 86.030873, 25.745265 ], [ 86.03202, 25.745389 ], [ 86.035922, 25.745813 ] ] ] } },
{ "type": "Feature", "properties": { "ID": "150113155", "TRK_NME": null, "FTR_CRY": "BG", "CITY_NME": null, "STT_NME": "Bihar", "SHAPE_Leng": "0.001663169263736" }, "geometry": { "type": "MultiLineString", "coordinates": [ [ [ 85.807362, 25.847028 ], [ 85.808886, 25.846362 ] ] ] } },
{ "type": "Feature", "properties": { "ID": "150113315", "TRK_NME": null, "FTR_CRY": "BG", "CITY_NME": null, "STT_NME": "Bihar", "SHAPE_Leng": "0.02113692487615" }, "geometry": { "type": "MultiLineString", "coordinates": [ [ [ 85.792472, 25.882199 ], [ 85.789841, 25.881355 ], [ 85.78884, 25.8812 ], [ 85.787261, 25.881264 ], [ 85.786041, 25.881527 ], [ 85.784885, 25.882042 ], [ 85.783017, 25.883209 ], [ 85.779777, 25.885188 ], [ 85.776841, 25.887052 ], [ 85.776297, 25.887456 ], [ 85.773855, 25.889386 ] ] ] } },
{ "type": "Feature", "properties": { "ID": "150129405", "TRK_NME": null, "FTR_CRY": "BG", "CITY_NME": null, "STT_NME": "Bihar", "SHAPE_Leng": "0.001072652255163" }, "geometry": { "type": "MultiLineString", "coordinates": [ [ [ 85.779133, 25.869882 ], [ 85.77881, 25.869482 ], [ 85.778637, 25.869208 ], [ 85.778525, 25.869002 ] ] ] } },
{ "type": "Feature", "properties": { "ID": "150129406", "TRK_NME": null, "FTR_CRY": "BG", "CITY_NME": "Samastipur", "STT_NME": "Bihar", "SHAPE_Leng": "0.038020359305324" }, "geometry": { "type": "MultiLineString", "coordinates": [ [ [ 85.778525, 25.869002 ], [ 85.778519, 25.86899 ], [ 85.778459, 25.868835 ], [ 85.778341, 25.868506 ], [ 85.778283, 25.868304 ], [ 85.778203, 25.867952 ], [ 85.778174, 25.867756 ], [ 85.778141, 25.867436 ], [ 85.778146, 25.867165 ], [ 85.778184, 25.866812 ], [ 85.778226, 25.86658 ], [ 85.778314, 25.86621 ], [ 85.778391, 25.865975 ], [ 85.778497, 25.865704 ], [ 85.778717, 25.865276 ], [ 85.778843, 25.865096 ], [ 85.779076, 25.864794 ], [ 85.779367, 25.864516 ], [ 85.780117, 25.864044 ], [ 85.780936, 25.863418 ], [ 85.781869, 25.862765 ], [ 85.782619, 25.862239 ], [ 85.783022, 25.861962 ], [ 85.783291, 25.861772 ], [ 85.783683, 25.86149 ], [ 85.783983, 25.861279 ], [ 85.784445, 25.860908 ], [ 85.785158, 25.860395 ], [ 85.786856, 25.859213 ], [ 85.788513, 25.85806 ], [ 85.789443, 25.857416 ], [ 85.790069, 25.856981 ], [ 85.791448, 25.856025 ], [ 85.79193, 25.855695 ], [ 85.792479, 25.855356 ], [ 85.79322, 25.854845 ], [ 85.79415, 25.854207 ], [ 85.795894, 25.852977 ], [ 85.796676, 25.852372 ], [ 85.796929, 25.85218 ], [ 85.797562, 25.851732 ], [ 85.797987, 25.851462 ], [ 85.798904, 25.850915 ], [ 85.799814, 25.850357 ], [ 85.800486, 25.849986 ], [ 85.800812, 25.849856 ], [ 85.801808, 25.849417 ], [ 85.80253, 25.8491 ], [ 85.80323, 25.848799 ], [ 85.804123, 25.848425 ], [ 85.805334, 25.8479 ], [ 85.806472, 25.847403 ], [ 85.807305, 25.847052 ], [ 85.807362, 25.847028 ] ] ] } },
{ "type": "Feature", "properties": { "ID": "150113257", "TRK_NME": "Samastipur to Kiul", "FTR_CRY": "BG", "CITY_NME": null, "STT_NME": "Bihar", "SHAPE_Leng": "0.129879596389542" }, "geometry": { "type": "MultiLineString", "coordinates": [ [ [ 85.800101, 25.825216 ], [ 85.800741, 25.823025 ], [ 85.801789, 25.819114 ], [ 85.801934, 25.818677 ], [ 85.802078, 25.818119 ], [ 85.802134, 25.817847 ], [ 85.802195, 25.817469 ], [ 85.802252, 25.816888 ], [ 85.802274, 25.816548 ], [ 85.802259, 25.81618 ], [ 85.802186, 25.815539 ], [ 85.802144, 25.815313 ], [ 85.802033, 25.814796 ], [ 85.80186, 25.814231 ], [ 85.801287, 25.812641 ], [ 85.800834, 25.811245 ], [ 85.80054, 25.810097 ], [ 85.80026, 25.809233 ], [ 85.800112, 25.808775 ], [ 85.799091, 25.805628 ], [ 85.798646, 25.804288 ], [ 85.798427, 25.803567 ], [ 85.798328, 25.803142 ], [ 85.798264, 25.802754 ], [ 85.798208, 25.802404 ], [ 85.798166, 25.801924 ], [ 85.79817, 25.801319 ], [ 85.798189, 25.800853 ], [ 85.798223, 25.800434 ], [ 85.798318, 25.799662 ], [ 85.799192, 25.791804 ], [ 85.799468, 25.789402 ], [ 85.799732, 25.787045 ], [ 85.799886, 25.785572 ], [ 85.799937, 25.784616 ], [ 85.799965, 25.783966 ], [ 85.800158, 25.781723 ], [ 85.800289, 25.780424 ], [ 85.800553, 25.778178 ], [ 85.800641, 25.777482 ], [ 85.80081, 25.776308 ], [ 85.800955, 25.775462 ], [ 85.801167, 25.774093 ], [ 85.801318, 25.772882 ], [ 85.801509, 25.771203 ], [ 85.801713, 25.769445 ], [ 85.802132, 25.765799 ], [ 85.80223, 25.764924 ], [ 85.802476, 25.762842 ], [ 85.802684, 25.760756 ], [ 85.803084, 25.75734 ], [ 85.804421, 25.745994 ], [ 85.805063, 25.740509 ], [ 85.805925, 25.732992 ], [ 85.806178, 25.730883 ], [ 85.80631, 25.729866 ], [ 85.806465, 25.728546 ], [ 85.806831, 25.72549 ], [ 85.807077, 25.723482 ], [ 85.807553, 25.719277 ], [ 85.807724, 25.717761 ], [ 85.808009, 25.715202 ], [ 85.80814, 25.714062 ], [ 85.808326, 25.712558 ], [ 85.808728, 25.709377 ], [ 85.809111, 25.706056 ], [ 85.809604, 25.702042 ], [ 85.8102, 25.696934 ] ] ] } },
{ "type": "Feature", "properties": { "ID": "150113421", "TRK_NME": "Samastipur to Gorakpur", "FTR_CRY": "BG", "CITY_NME": null, "STT_NME": "Bihar", "SHAPE_Leng": "0.376281994405845" }, "geometry": { "type": "MultiLineString", "coordinates": [ [ [ 85.730576, 25.86979 ], [ 85.726177, 25.869875 ], [ 85.722331, 25.869935 ], [ 85.719012, 25.869984 ], [ 85.716563, 25.870037 ], [ 85.71555, 25.870045 ], [ 85.713127, 25.870089 ], [ 85.71114, 25.870106 ], [ 85.710245, 25.87012 ], [ 85.709657, 25.870146 ], [ 85.709342, 25.870174 ], [ 85.708979, 25.870219 ], [ 85.70838, 25.870332 ], [ 85.707859, 25.870453 ], [ 85.70751, 25.870548 ], [ 85.706983, 25.870716 ], [ 85.706556, 25.870897 ], [ 85.706121, 25.871092 ], [ 85.70522, 25.871551 ], [ 85.704833, 25.871821 ], [ 85.704404, 25.872144 ], [ 85.704232, 25.872283 ], [ 85.704004, 25.872487 ], [ 85.703704, 25.872759 ], [ 85.701771, 25.874769 ], [ 85.700292, 25.876346 ], [ 85.699684, 25.877007 ], [ 85.69914, 25.877595 ], [ 85.699002, 25.877739 ], [ 85.69735, 25.879474 ], [ 85.696377, 25.880495 ], [ 85.694911, 25.882099 ], [ 85.686923, 25.890671 ], [ 85.682128, 25.895772 ], [ 85.680379, 25.897644 ], [ 85.679829, 25.898241 ], [ 85.675538, 25.902834 ], [ 85.674144, 25.904349 ], [ 85.673714, 25.90478 ], [ 85.671984, 25.90662 ], [ 85.671457, 25.907178 ], [ 85.66998, 25.908737 ], [ 85.669111, 25.909644 ], [ 85.668477, 25.910317 ], [ 85.664018, 25.915131 ], [ 85.662194, 25.917068 ], [ 85.661087, 25.91825 ], [ 85.659955, 25.91944 ], [ 85.654873, 25.924864 ], [ 85.65415, 25.925513 ], [ 85.653633, 25.925936 ], [ 85.653129, 25.926291 ], [ 85.652787, 25.926533 ], [ 85.652184, 25.926929 ], [ 85.651578, 25.927286 ], [ 85.649604, 25.928475 ], [ 85.644435, 25.931565 ], [ 85.642265, 25.932908 ], [ 85.640086, 25.934244 ], [ 85.638843, 25.93501 ], [ 85.637207, 25.936024 ], [ 85.635876, 25.936834 ], [ 85.634497, 25.937678 ], [ 85.631586, 25.939452 ], [ 85.629513, 25.940725 ], [ 85.627023, 25.942247 ], [ 85.624859, 25.943573 ], [ 85.620391, 25.946313 ], [ 85.618756, 25.947334 ], [ 85.618101, 25.947724 ], [ 85.61498, 25.949416 ], [ 85.609589, 25.952277 ], [ 85.60787, 25.953215 ], [ 85.606944, 25.95369 ], [ 85.605654, 25.95437 ], [ 85.604475, 25.955012 ], [ 85.601334, 25.956705 ], [ 85.599625, 25.957625 ], [ 85.595911, 25.959595 ], [ 85.591132, 25.962164 ], [ 85.583213, 25.966433 ], [ 85.578315, 25.969084 ], [ 85.5735, 25.971674 ], [ 85.57265, 25.972156 ], [ 85.568962, 25.974142 ], [ 85.568306, 25.974487 ], [ 85.56179, 25.978041 ], [ 85.559781, 25.979162 ], [ 85.556648, 25.980945 ], [ 85.553173, 25.982893 ], [ 85.550596, 25.984336 ], [ 85.546832, 25.986442 ], [ 85.537086, 25.99192 ], [ 85.526493, 25.997865 ], [ 85.515517, 26.004028 ], [ 85.512465, 26.005715 ], [ 85.504876, 26.010016 ], [ 85.503127, 26.010959 ], [ 85.500857, 26.012263 ], [ 85.498088, 26.01379 ], [ 85.494563, 26.015776 ], [ 85.489314, 26.018734 ], [ 85.487091, 26.019999 ], [ 85.483602, 26.021957 ], [ 85.473937, 26.027401 ], [ 85.472151, 26.028399 ], [ 85.470317, 26.029417 ], [ 85.467425, 26.031067 ], [ 85.464682, 26.032615 ], [ 85.463694, 26.033165 ], [ 85.46218, 26.034027 ], [ 85.46034, 26.035081 ], [ 85.458537, 26.036075 ], [ 85.454177, 26.038532 ], [ 85.453057, 26.039158 ], [ 85.452583, 26.039443 ], [ 85.452249, 26.039662 ], [ 85.452003, 26.039829 ], [ 85.451609, 26.040125 ], [ 85.451203, 26.040466 ], [ 85.450769, 26.04084 ], [ 85.450476, 26.041131 ], [ 85.450223, 26.041383 ], [ 85.449217, 26.042544 ], [ 85.448276, 26.043658 ], [ 85.445813, 26.046512 ], [ 85.444276, 26.048317 ], [ 85.442863, 26.049919 ], [ 85.442034, 26.050852 ], [ 85.441207, 26.051814 ], [ 85.43824, 26.055234 ], [ 85.436053, 26.057761 ], [ 85.434649, 26.05938 ], [ 85.433648, 26.060555 ], [ 85.432482, 26.061899 ], [ 85.430842, 26.063786 ], [ 85.429226, 26.065676 ], [ 85.428341, 26.066685 ], [ 85.427097, 26.068117 ], [ 85.425885, 26.069532 ], [ 85.424151, 26.071529 ], [ 85.423389, 26.072408 ], [ 85.422948, 26.072909 ] ] ] } },
{ "type": "Feature", "properties": { "ID": "150113088", "TRK_NME": null, "FTR_CRY": "BG", "CITY_NME": null, "STT_NME": "Bihar", "SHAPE_Leng": "0.026682516249776" }, "geometry": { "type": "MultiLineString", "coordinates": [ [ [ 85.730576, 25.86979 ], [ 85.731512, 25.869777 ], [ 85.733356, 25.869746 ], [ 85.735167, 25.869721 ], [ 85.737262, 25.869704 ], [ 85.738705, 25.869666 ], [ 85.739714, 25.869612 ], [ 85.74076, 25.869496 ], [ 85.742615, 25.869303 ], [ 85.745021, 25.869024 ], [ 85.746687, 25.868827 ], [ 85.748496, 25.868627 ], [ 85.750465, 25.868412 ], [ 85.753258, 25.868107 ], [ 85.755098, 25.867903 ], [ 85.757153, 25.867719 ] ] ] } },
{ "type": "Feature", "properties": { "ID": "150132229", "TRK_NME": null, "FTR_CRY": "BG", "CITY_NME": null, "STT_NME": "Bihar", "SHAPE_Leng": "0.021013524376592" }, "geometry": { "type": "MultiLineString", "coordinates": [ [ [ 85.7945, 25.845469 ], [ 85.794673, 25.844844 ], [ 85.794771, 25.844531 ], [ 85.794959, 25.84384 ], [ 85.795221, 25.842886 ], [ 85.795553, 25.841686 ], [ 85.795984, 25.840106 ], [ 85.796422, 25.838546 ], [ 85.796798, 25.837175 ], [ 85.797108, 25.836026 ], [ 85.797531, 25.834527 ], [ 85.79791, 25.833135 ], [ 85.798345, 25.831583 ], [ 85.798878, 25.829671 ], [ 85.799514, 25.827372 ], [ 85.799744, 25.826521 ], [ 85.800101, 25.825216 ] ] ] } },
{ "type": "Feature", "properties": { "ID": "150164577", "TRK_NME": null, "FTR_CRY": "BG", "CITY_NME": null, "STT_NME": "Bihar", "SHAPE_Leng": "0.010147936847739" }, "geometry": { "type": "MultiLineString", "coordinates": [ [ [ 85.80026, 25.809233 ], [ 85.800411, 25.809921 ], [ 85.800528, 25.810523 ], [ 85.800585, 25.810937 ], [ 85.80066, 25.811325 ], [ 85.800883, 25.811958 ], [ 85.800983, 25.812264 ], [ 85.801098, 25.81264 ], [ 85.80148, 25.813825 ], [ 85.801736, 25.814648 ], [ 85.801872, 25.815202 ], [ 85.80197, 25.815611 ], [ 85.802038, 25.81608 ], [ 85.802076, 25.81677 ], [ 85.802068, 25.817434 ], [ 85.801989, 25.81808 ], [ 85.801906, 25.818522 ], [ 85.801789, 25.819114 ] ] ] } },
{ "type": "Feature", "properties": { "ID": "150164578", "TRK_NME": null, "FTR_CRY": "BG", "CITY_NME": null, "STT_NME": "Bihar", "SHAPE_Leng": "0.008571388780556" }, "geometry": { "type": "MultiLineString", "coordinates": [ [ [ 85.800955, 25.775462 ], [ 85.800974, 25.775835 ], [ 85.800838, 25.776842 ], [ 85.800679, 25.77821 ], [ 85.800577, 25.779373 ], [ 85.800456, 25.780448 ], [ 85.800334, 25.781316 ], [ 85.800264, 25.781869 ], [ 85.800143, 25.783075 ], [ 85.800047, 25.783643 ], [ 85.799965, 25.783966 ] ] ] } },
{ "type": "Feature", "properties": { "ID": "150164579", "TRK_NME": null, "FTR_CRY": "BG", "CITY_NME": null, "STT_NME": "Bihar", "SHAPE_Leng": "0.007731211549267" }, "geometry": { "type": "MultiLineString", "coordinates": [ [ [ 85.799965, 25.783966 ], [ 85.799912, 25.783538 ], [ 85.800018, 25.782201 ], [ 85.800088, 25.78134 ], [ 85.800149, 25.78059 ], [ 85.8003, 25.779384 ], [ 85.800385, 25.77865 ], [ 85.800515, 25.777669 ], [ 85.800629, 25.776845 ], [ 85.80081, 25.776308 ] ] ] } },
{ "type": "Feature", "properties": { "ID": "150113366", "TRK_NME": null, "FTR_CRY": "BG", "CITY_NME": null, "STT_NME": "Bihar", "SHAPE_Leng": "0.039453215713366" }, "geometry": { "type": "MultiLineString", "coordinates": [ [ [ 85.817553, 25.902669 ], [ 85.817105, 25.902296 ], [ 85.816047, 25.901442 ], [ 85.815116, 25.900673 ], [ 85.814162, 25.899866 ], [ 85.813214, 25.899118 ], [ 85.812448, 25.898477 ], [ 85.811497, 25.897738 ], [ 85.810229, 25.896678 ], [ 85.808688, 25.895478 ], [ 85.808019, 25.894939 ], [ 85.806884, 25.894023 ], [ 85.805818, 25.893149 ], [ 85.804808, 25.892319 ], [ 85.804379, 25.891972 ], [ 85.802729, 25.890551 ], [ 85.801738, 25.889734 ], [ 85.801151, 25.889249 ], [ 85.800415, 25.888657 ], [ 85.799637, 25.888008 ], [ 85.799111, 25.887583 ], [ 85.797973, 25.886657 ], [ 85.79731, 25.886128 ], [ 85.796329, 25.885341 ], [ 85.79533, 25.884544 ], [ 85.792472, 25.882199 ], [ 85.791249, 25.881167 ], [ 85.790034, 25.880179 ], [ 85.789434, 25.879678 ], [ 85.788459, 25.878874 ], [ 85.787594, 25.878168 ], [ 85.787006, 25.877705 ] ] ] } },
{ "type": "Feature", "properties": { "ID": "150133240", "TRK_NME": null, "FTR_CRY": "BG", "CITY_NME": null, "STT_NME": "Bihar", "SHAPE_Leng": "9.9334974752E-4" }, "geometry": { "type": "MultiLineString", "coordinates": [ [ [ 85.779791, 25.870626 ], [ 85.779707, 25.870523 ], [ 85.779133, 25.869882 ] ] ] } },
{ "type": "Feature", "properties": { "ID": "150133241", "TRK_NME": null, "FTR_CRY": "BG", "CITY_NME": "Mathurapur", "STT_NME": "Bihar", "SHAPE_Leng": "4.07256390531E-4" }, "geometry": { "type": "MultiLineString", "coordinates": [ [ [ 85.781775, 25.872914 ], [ 85.781649, 25.872772 ], [ 85.781504, 25.87261 ] ] ] } },
{ "type": "Feature", "properties": { "ID": "150133242", "TRK_NME": null, "FTR_CRY": "BG", "CITY_NME": "Mathurapur", "STT_NME": "Bihar", "SHAPE_Leng": "1.40121375966E-4" }, "geometry": { "type": "MultiLineString", "coordinates": [ [ [ 85.783118, 25.874474 ], [ 85.783023, 25.874371 ] ] ] } },
{ "type": "Feature", "properties": { "ID": "150133243", "TRK_NME": null, "FTR_CRY": "BG", "CITY_NME": "Mathurapur", "STT_NME": "Bihar", "SHAPE_Leng": "0.005057070962151" }, "geometry": { "type": "MultiLineString", "coordinates": [ [ [ 85.783118, 25.874474 ], [ 85.783641, 25.874964 ], [ 85.784131, 25.875383 ], [ 85.785358, 25.876363 ], [ 85.786926, 25.877644 ], [ 85.787006, 25.877705 ] ] ] } },
{ "type": "Feature", "properties": { "ID": "150133244", "TRK_NME": null, "FTR_CRY": "BG", "CITY_NME": "Mathurapur", "STT_NME": "Bihar", "SHAPE_Leng": "0.002621583750307" }, "geometry": { "type": "MultiLineString", "coordinates": [ [ [ 85.781504, 25.87261 ], [ 85.780976, 25.872001 ], [ 85.780131, 25.871047 ], [ 85.779791, 25.870626 ] ] ] } },
{ "type": "Feature", "properties": { "ID": "150133245", "TRK_NME": null, "FTR_CRY": "BG", "CITY_NME": "Mathurapur", "STT_NME": "Bihar", "SHAPE_Leng": "0.001918571848108" }, "geometry": { "type": "MultiLineString", "coordinates": [ [ [ 85.783023, 25.874371 ], [ 85.782477, 25.873746 ], [ 85.781905, 25.873076 ], [ 85.781775, 25.872914 ] ] ] } },
{ "type": "Feature", "properties": { "ID": "150132230", "TRK_NME": null, "FTR_CRY": "BG", "CITY_NME": "Samastipur", "STT_NME": "Bihar", "SHAPE_Leng": "0.048243395969121" }, "geometry": { "type": "MultiLineString", "coordinates": [ [ [ 85.757153, 25.867719 ], [ 85.759292, 25.867446 ], [ 85.761217, 25.867232 ], [ 85.762778, 25.867061 ], [ 85.764439, 25.866884 ], [ 85.76624, 25.866687 ], [ 85.768598, 25.866417 ], [ 85.772027, 25.866039 ], [ 85.773824, 25.865841 ], [ 85.776164, 25.865617 ], [ 85.776513, 25.865563 ], [ 85.776962, 25.865473 ], [ 85.777528, 25.865317 ], [ 85.777828, 25.865198 ], [ 85.7784, 25.864952 ], [ 85.778783, 25.864761 ], [ 85.779103, 25.864582 ], [ 85.779389, 25.864427 ], [ 85.779765, 25.864185 ], [ 85.780185, 25.863894 ], [ 85.78053, 25.863609 ], [ 85.780982, 25.863237 ], [ 85.781574, 25.862801 ], [ 85.782404, 25.862222 ], [ 85.782847, 25.861895 ], [ 85.783172, 25.861566 ], [ 85.783713, 25.860931 ], [ 85.783862, 25.86076 ], [ 85.784601, 25.859911 ], [ 85.784787, 25.859738 ], [ 85.784933, 25.859615 ], [ 85.785894, 25.858946 ], [ 85.78677, 25.858343 ], [ 85.787342, 25.857948 ], [ 85.788164, 25.85738 ], [ 85.788617, 25.857105 ], [ 85.789516, 25.856608 ], [ 85.789668, 25.856507 ], [ 85.789902, 25.856376 ], [ 85.790096, 25.856266 ], [ 85.790537, 25.856017 ], [ 85.790943, 25.855777 ], [ 85.791123, 25.855645 ], [ 85.791219, 25.855577 ], [ 85.791462, 25.855375 ], [ 85.791485, 25.855349 ], [ 85.791685, 25.855143 ], [ 85.791943, 25.854809 ], [ 85.792077, 25.854618 ], [ 85.792355, 25.854135 ], [ 85.792469, 25.853878 ], [ 85.792645, 25.853297 ], [ 85.792824, 25.852325 ], [ 85.792951, 25.851405 ], [ 85.793061, 25.8509 ], [ 85.793351, 25.849838 ], [ 85.793721, 25.848417 ], [ 85.794097, 25.847033 ], [ 85.7945, 25.845469 ] ] ] } },
{ "type": "Feature", "properties": { "ID": "150164525", "TRK_NME": null, "FTR_CRY": "BG", "CITY_NME": "Samastipur", "STT_NME": "Bihar", "SHAPE_Leng": "0.001497327915229" }, "geometry": { "type": "MultiLineString", "coordinates": [ [ [ 85.791462, 25.855375 ], [ 85.791119, 25.855721 ], [ 85.790253, 25.856241 ] ] ] } },
{ "type": "Feature", "properties": { "ID": "150113089", "TRK_NME": null, "FTR_CRY": "BG", "CITY_NME": "Samastipur", "STT_NME": "Bihar", "SHAPE_Leng": "0.008555960767914" }, "geometry": { "type": "MultiLineString", "coordinates": [ [ [ 85.789516, 25.856608 ], [ 85.78902, 25.85694 ], [ 85.787595, 25.857931 ], [ 85.786507, 25.85868 ], [ 85.784747, 25.859904 ], [ 85.784508, 25.860097 ], [ 85.78409, 25.860569 ], [ 85.783721, 25.860991 ], [ 85.783213, 25.861573 ], [ 85.783063, 25.861719 ], [ 85.782847, 25.861895 ] ] ] } },
{ "type": "Feature", "properties": { "ID": "150164526", "TRK_NME": null, "FTR_CRY": "BG", "CITY_NME": "Samastipur", "STT_NME": "Bihar", "SHAPE_Leng": "0.013100551919095" }, "geometry": { "type": "MultiLineString", "coordinates": [ [ [ 85.780185, 25.863894 ], [ 85.780589, 25.863618 ], [ 85.780984, 25.863337 ], [ 85.781511, 25.862966 ], [ 85.782132, 25.862526 ], [ 85.782771, 25.862082 ], [ 85.782907, 25.861986 ], [ 85.783168, 25.861807 ], [ 85.783425, 25.861584 ], [ 85.783547, 25.86147 ], [ 85.783794, 25.861241 ], [ 85.784207, 25.860858 ], [ 85.784322, 25.860754 ], [ 85.784606, 25.860493 ], [ 85.78491, 25.860235 ], [ 85.785346, 25.859921 ], [ 85.786196, 25.859321 ], [ 85.786775, 25.858913 ], [ 85.787128, 25.858672 ], [ 85.787679, 25.858289 ], [ 85.788371, 25.857815 ], [ 85.78904, 25.857351 ], [ 85.789831, 25.856803 ], [ 85.790377, 25.856427 ], [ 85.790715, 25.856195 ], [ 85.790746, 25.856169 ] ] ] } },
{ "type": "Feature", "properties": { "ID": "150164527", "TRK_NME": null, "FTR_CRY": "BG", "CITY_NME": "Samastipur", "STT_NME": "Bihar", "SHAPE_Leng": "0.007329317842139" }, "geometry": { "type": "MultiLineString", "coordinates": [ [ [ 85.79206, 25.854877 ], [ 85.792287, 25.854619 ], [ 85.792613, 25.854235 ], [ 85.792829, 25.853975 ], [ 85.792886, 25.853893 ], [ 85.793072, 25.853488 ], [ 85.793333, 25.852849 ], [ 85.793428, 25.852636 ], [ 85.793536, 25.852446 ], [ 85.793634, 25.852267 ], [ 85.793688, 25.85215 ], [ 85.793743, 25.851998 ], [ 85.793927, 25.851392 ], [ 85.794111, 25.850784 ], [ 85.79415, 25.85069 ], [ 85.794222, 25.850556 ], [ 85.794323, 25.850428 ], [ 85.794827, 25.849879 ], [ 85.794905, 25.8498 ], [ 85.795114, 25.849528 ], [ 85.79561, 25.848572 ] ] ] } },
{ "type": "Feature", "properties": { "ID": "150164528", "TRK_NME": null, "FTR_CRY": "BG", "CITY_NME": "Samastipur", "STT_NME": "Bihar", "SHAPE_Leng": "0.004697685856142" }, "geometry": { "type": "MultiLineString", "coordinates": [ [ [ 85.795079, 25.849808 ], [ 85.794961, 25.850039 ], [ 85.794854, 25.850223 ], [ 85.794776, 25.850404 ], [ 85.794738, 25.850528 ], [ 85.794705, 25.850932 ], [ 85.794674, 25.851077 ], [ 85.794556, 25.851356 ], [ 85.794411, 25.851641 ], [ 85.794299, 25.851833 ], [ 85.793899, 25.852478 ], [ 85.793739, 25.852732 ], [ 85.793476, 25.853107 ], [ 85.79325, 25.853418 ], [ 85.792886, 25.853893 ] ] ] } },
{ "type": "Feature", "properties": { "ID": "150164529", "TRK_NME": null, "FTR_CRY": "BG", "CITY_NME": "Samastipur", "STT_NME": "Bihar", "SHAPE_Leng": "0.005188768984562" }, "geometry": { "type": "MultiLineString", "coordinates": [ [ [ 85.79206, 25.854877 ], [ 85.79246, 25.854557 ], [ 85.792626, 25.854445 ], [ 85.792943, 25.854303 ], [ 85.793136, 25.854261 ], [ 85.793479, 25.854224 ], [ 85.793687, 25.854191 ], [ 85.793835, 25.854134 ], [ 85.79398, 25.85406 ], [ 85.794196, 25.853931 ], [ 85.794804, 25.853502 ], [ 85.795184, 25.853234 ], [ 85.795776, 25.852813 ], [ 85.796495, 25.852328 ] ] ] } },
{ "type": "Feature", "properties": { "ID": "150164530", "TRK_NME": null, "FTR_CRY": "BG", "CITY_NME": "Samastipur", "STT_NME": "Bihar", "SHAPE_Leng": "6.62989023957E-4" }, "geometry": { "type": "MultiLineString", "coordinates": [ [ [ 85.79206, 25.854877 ], [ 85.791968, 25.854985 ], [ 85.791888, 25.855104 ], [ 85.791628, 25.855378 ] ] ] } },
{ "type": "Feature", "properties": { "ID": "150164531", "TRK_NME": null, "FTR_CRY": "BG", "CITY_NME": "Samastipur", "STT_NME": "Bihar", "SHAPE_Leng": "0.010541207294615" }, "geometry": { "type": "MultiLineString", "coordinates": [ [ [ 85.791628, 25.855378 ], [ 85.791496, 25.855569 ], [ 85.791255, 25.855841 ], [ 85.790893, 25.856155 ], [ 85.790772, 25.85625 ], [ 85.790552, 25.856433 ], [ 85.79028, 25.856648 ], [ 85.789665, 25.857075 ], [ 85.788998, 25.857535 ], [ 85.788449, 25.857916 ], [ 85.788261, 25.858045 ], [ 85.787664, 25.858458 ], [ 85.786975, 25.85893 ], [ 85.786399, 25.85933 ], [ 85.785992, 25.859618 ], [ 85.785596, 25.859894 ], [ 85.785336, 25.860077 ], [ 85.784904, 25.860382 ], [ 85.784758, 25.860484 ], [ 85.784345, 25.860789 ], [ 85.784148, 25.860956 ], [ 85.783762, 25.861343 ], [ 85.783558, 25.861548 ], [ 85.783291, 25.861772 ] ] ] } },
{ "type": "Feature", "properties": { "ID": "150164532", "TRK_NME": null, "FTR_CRY": "BG", "CITY_NME": "Samastipur", "STT_NME": "Bihar", "SHAPE_Leng": "0.009674070329032" }, "geometry": { "type": "MultiLineString", "coordinates": [ [ [ 85.782619, 25.862239 ], [ 85.782818, 25.862125 ], [ 85.783166, 25.861924 ], [ 85.783536, 25.861663 ], [ 85.784055, 25.8613 ], [ 85.784599, 25.860909 ], [ 85.785456, 25.860304 ], [ 85.786088, 25.859855 ], [ 85.786985, 25.859226 ], [ 85.787416, 25.858931 ], [ 85.787893, 25.858603 ], [ 85.788124, 25.858443 ], [ 85.788512, 25.858178 ], [ 85.788635, 25.858092 ], [ 85.788911, 25.857902 ], [ 85.789598, 25.857432 ], [ 85.790073, 25.857102 ], [ 85.790552, 25.85671 ] ] ] } },
{ "type": "Feature", "properties": { "ID": "150164533", "TRK_NME": null, "FTR_CRY": "BG", "CITY_NME": "Samastipur", "STT_NME": "Bihar", "SHAPE_Leng": "0.002355136769656" }, "geometry": { "type": "MultiLineString", "coordinates": [ [ [ 85.790552, 25.85671 ], [ 85.791155, 25.856289 ], [ 85.79203, 25.855673 ], [ 85.792479, 25.855356 ] ] ] } },
{ "type": "Feature", "properties": { "ID": "150164534", "TRK_NME": null, "FTR_CRY": "BG", "CITY_NME": "Samastipur", "STT_NME": "Bihar", "SHAPE_Leng": "0.001241926297142" }, "geometry": { "type": "MultiLineString", "coordinates": [ [ [ 85.791943, 25.854809 ], [ 85.791657, 25.855246 ], [ 85.791399, 25.855508 ], [ 85.791281, 25.855604 ], [ 85.791119, 25.855721 ] ] ] } },
{ "type": "Feature", "properties": { "ID": "150164535", "TRK_NME": null, "FTR_CRY": "BG", "CITY_NME": "Samastipur", "STT_NME": "Bihar", "SHAPE_Leng": "0.009898091025985" }, "geometry": { "type": "MultiLineString", "coordinates": [ [ [ 85.791399, 25.855508 ], [ 85.791226, 25.855684 ], [ 85.791079, 25.855811 ], [ 85.790683, 25.856078 ], [ 85.790141, 25.856409 ], [ 85.789567, 25.85678 ], [ 85.789293, 25.856981 ], [ 85.788845, 25.85736 ], [ 85.78851, 25.857601 ], [ 85.788055, 25.857913 ], [ 85.787808, 25.858087 ], [ 85.787416, 25.858357 ], [ 85.786985, 25.85866 ], [ 85.786636, 25.858898 ], [ 85.786218, 25.859195 ], [ 85.785752, 25.859523 ], [ 85.78533, 25.859821 ], [ 85.785023, 25.860039 ], [ 85.784669, 25.860289 ], [ 85.784421, 25.860484 ], [ 85.784292, 25.860616 ], [ 85.784065, 25.860873 ], [ 85.783929, 25.86103 ], [ 85.783547, 25.86147 ] ] ] } },
{ "type": "Feature", "properties": { "ID": "150164536", "TRK_NME": null, "FTR_CRY": "BG", "CITY_NME": "Samastipur", "STT_NME": "Bihar", "SHAPE_Leng": "0.009367438577714" }, "geometry": { "type": "MultiLineString", "coordinates": [ [ [ 85.782907, 25.861986 ], [ 85.783099, 25.861811 ], [ 85.783222, 25.861698 ], [ 85.783311, 25.861593 ], [ 85.783537, 25.861338 ], [ 85.78379, 25.8611 ], [ 85.78392, 25.86098 ], [ 85.784167, 25.860684 ], [ 85.784435, 25.860379 ], [ 85.784502, 25.860302 ], [ 85.784679, 25.860139 ], [ 85.784961, 25.859903 ], [ 85.78527, 25.85969 ], [ 85.785754, 25.859355 ], [ 85.786208, 25.859038 ], [ 85.786583, 25.858781 ], [ 85.786904, 25.858559 ], [ 85.787393, 25.858223 ], [ 85.787799, 25.857944 ], [ 85.788202, 25.857668 ], [ 85.788496, 25.857465 ], [ 85.788802, 25.857256 ], [ 85.789202, 25.85698 ], [ 85.7896, 25.856705 ], [ 85.790044, 25.856405 ], [ 85.790253, 25.856241 ] ] ] } },
{ "type": "Feature", "properties": { "ID": "150164537", "TRK_NME": null, "FTR_CRY": "BG", "CITY_NME": "Samastipur", "STT_NME": "Bihar", "SHAPE_Leng": "0.008472406089616" }, "geometry": { "type": "MultiLineString", "coordinates": [ [ [ 85.790253, 25.856241 ], [ 85.789896, 25.856437 ], [ 85.78934, 25.856816 ], [ 85.788917, 25.85711 ], [ 85.788393, 25.857478 ], [ 85.787576, 25.858041 ], [ 85.787027, 25.858425 ], [ 85.786545, 25.858762 ], [ 85.786054, 25.859097 ], [ 85.785671, 25.859364 ], [ 85.785074, 25.859779 ], [ 85.784919, 25.859885 ], [ 85.784597, 25.860148 ], [ 85.784466, 25.860269 ], [ 85.784252, 25.860509 ], [ 85.783537, 25.861338 ] ] ] } },
{ "type": "Feature", "properties": { "ID": "150164538", "TRK_NME": null, "FTR_CRY": "BG", "CITY_NME": "Samastipur", "STT_NME": "Bihar", "SHAPE_Leng": "0.008815924992575" }, "geometry": { "type": "MultiLineString", "coordinates": [ [ [ 85.784606, 25.860493 ], [ 85.784766, 25.860315 ], [ 85.78488, 25.860208 ], [ 85.785048, 25.860078 ], [ 85.785374, 25.859848 ], [ 85.785705, 25.859615 ], [ 85.786054, 25.859368 ], [ 85.786692, 25.858921 ], [ 85.787386, 25.858443 ], [ 85.787847, 25.858125 ], [ 85.788369, 25.857761 ], [ 85.788986, 25.857333 ], [ 85.78971, 25.856831 ], [ 85.790397, 25.856358 ], [ 85.790773, 25.856096 ], [ 85.791119, 25.85583 ], [ 85.791343, 25.855627 ], [ 85.791549, 25.855408 ], [ 85.791657, 25.855246 ] ] ] } },
{ "type": "Feature", "properties": { "ID": "150164539", "TRK_NME": null, "FTR_CRY": "BG", "CITY_NME": "Samastipur", "STT_NME": "Bihar", "SHAPE_Leng": "5.04033729004E-4" }, "geometry": { "type": "MultiLineString", "coordinates": [ [ [ 85.791119, 25.85583 ], [ 85.790746, 25.856169 ] ] ] } },
{ "type": "Feature", "properties": { "ID": "150164540", "TRK_NME": null, "FTR_CRY": "BG", "CITY_NME": "Samastipur", "STT_NME": "Bihar", "SHAPE_Leng": "0.001324969080688" }, "geometry": { "type": "MultiLineString", "coordinates": [ [ [ 85.791448, 25.856025 ], [ 85.790991, 25.856262 ], [ 85.790596, 25.856452 ], [ 85.79028, 25.856648 ] ] ] } },
{ "type": "Feature", "properties": { "ID": "150164541", "TRK_NME": null, "FTR_CRY": "BG", "CITY_NME": "Samastipur", "STT_NME": "Bihar", "SHAPE_Leng": "0.007867008457647" }, "geometry": { "type": "MultiLineString", "coordinates": [ [ [ 85.790772, 25.85625 ], [ 85.790618, 25.856357 ], [ 85.790447, 25.856474 ], [ 85.790079, 25.85673 ], [ 85.789666, 25.857017 ], [ 85.78901, 25.857473 ], [ 85.788449, 25.857863 ], [ 85.787677, 25.858398 ], [ 85.786577, 25.859165 ], [ 85.785356, 25.86002 ], [ 85.784903, 25.860337 ], [ 85.784322, 25.860754 ] ] ] } },
{ "type": "Feature", "properties": { "ID": "150164542", "TRK_NME": null, "FTR_CRY": "BG", "CITY_NME": "Samastipur", "STT_NME": "Bihar", "SHAPE_Leng": "0.006760156074702" }, "geometry": { "type": "MultiLineString", "coordinates": [ [ [ 85.784903, 25.860337 ], [ 85.785146, 25.860127 ], [ 85.785289, 25.860016 ], [ 85.785599, 25.859795 ], [ 85.785978, 25.859527 ], [ 85.786843, 25.858922 ], [ 85.787759, 25.858292 ], [ 85.788719, 25.857626 ], [ 85.789535, 25.857065 ], [ 85.790076, 25.856698 ], [ 85.790447, 25.856474 ] ] ] } },
{ "type": "Feature", "properties": { "ID": "150164543", "TRK_NME": null, "FTR_CRY": "BG", "CITY_NME": "Samastipur", "STT_NME": "Bihar", "SHAPE_Leng": "4.12825629093E-4" }, "geometry": { "type": "MultiLineString", "coordinates": [ [ [ 85.789293, 25.856981 ], [ 85.7896, 25.856705 ] ] ] } },
{ "type": "Feature", "properties": { "ID": "150164544", "TRK_NME": null, "FTR_CRY": "BG", "CITY_NME": "Samastipur", "STT_NME": "Bihar", "SHAPE_Leng": "0.011886989399957" }, "geometry": { "type": "MultiLineString", "coordinates": [ [ [ 85.789902, 25.856376 ], [ 85.78939, 25.856728 ], [ 85.788934, 25.857045 ], [ 85.787818, 25.857825 ], [ 85.787202, 25.858249 ], [ 85.78627, 25.858892 ], [ 85.78557, 25.859383 ], [ 85.784994, 25.859782 ], [ 85.784909, 25.859841 ], [ 85.784721, 25.859989 ], [ 85.784548, 25.860132 ], [ 85.784434, 25.860244 ], [ 85.783788, 25.860981 ], [ 85.783519, 25.861289 ], [ 85.783213, 25.861644 ], [ 85.783149, 25.861706 ], [ 85.78294, 25.861894 ], [ 85.782297, 25.862358 ], [ 85.781506, 25.86291 ], [ 85.780942, 25.863308 ], [ 85.78053, 25.863609 ] ] ] } },
{ "type": "Feature", "properties": { "ID": "150164545", "TRK_NME": null, "FTR_CRY": "BG", "CITY_NME": "Samastipur", "STT_NME": "Bihar", "SHAPE_Leng": "7.19098070908E-4" }, "geometry": { "type": "MultiLineString", "coordinates": [ [ [ 85.782297, 25.862358 ], [ 85.782556, 25.86213 ], [ 85.782847, 25.861895 ] ] ] } },
{ "type": "Feature", "properties": { "ID": "150164546", "TRK_NME": null, "FTR_CRY": "BG", "CITY_NME": "Samastipur", "STT_NME": "Bihar", "SHAPE_Leng": "0.008001804392214" }, "geometry": { "type": "MultiLineString", "coordinates": [ [ [ 85.783983, 25.861279 ], [ 85.784211, 25.861119 ], [ 85.784549, 25.860881 ], [ 85.784917, 25.860622 ], [ 85.785281, 25.860366 ], [ 85.785709, 25.860064 ], [ 85.786653, 25.8594 ], [ 85.787417, 25.858873 ], [ 85.788295, 25.858267 ], [ 85.789478, 25.857451 ], [ 85.790055, 25.857053 ], [ 85.790552, 25.85671 ] ] ] } },
{ "type": "Feature", "properties": { "ID": "150164547", "TRK_NME": null, "FTR_CRY": "BG", "CITY_NME": "Samastipur", "STT_NME": "Bihar", "SHAPE_Leng": "0.003831424413859" }, "geometry": { "type": "MultiLineString", "coordinates": [ [ [ 85.783862, 25.86076 ], [ 85.784151, 25.860331 ], [ 85.784289, 25.860108 ], [ 85.78444, 25.859798 ], [ 85.784565, 25.8595 ], [ 85.78467, 25.859255 ], [ 85.784799, 25.858989 ], [ 85.784916, 25.858769 ], [ 85.784975, 25.858621 ], [ 85.785015, 25.858444 ], [ 85.785036, 25.858316 ], [ 85.785057, 25.857918 ], [ 85.785109, 25.857692 ], [ 85.785178, 25.8575 ], [ 85.785306, 25.857265 ] ] ] } },
{ "type": "Feature", "properties": { "ID": "150164548", "TRK_NME": null, "FTR_CRY": "BG", "CITY_NME": "Samastipur", "STT_NME": "Bihar", "SHAPE_Leng": "0.001709295503571" }, "geometry": { "type": "MultiLineString", "coordinates": [ [ [ 85.785674, 25.857599 ], [ 85.785382, 25.857778 ], [ 85.785245, 25.857923 ], [ 85.78516, 25.858089 ], [ 85.785119, 25.858208 ], [ 85.785062, 25.858451 ], [ 85.785008, 25.858643 ], [ 85.784938, 25.858794 ], [ 85.784799, 25.858989 ] ] ] } },
{ "type": "Feature", "properties": { "ID": "150164549", "TRK_NME": null, "FTR_CRY": "BG", "CITY_NME": "Samastipur", "STT_NME": "Bihar", "SHAPE_Leng": "0.002195109019167" }, "geometry": { "type": "MultiLineString", "coordinates": [ [ [ 85.784565, 25.8595 ], [ 85.784782, 25.859145 ], [ 85.784858, 25.859023 ], [ 85.785004, 25.858864 ], [ 85.785121, 25.85876 ], [ 85.785299, 25.858629 ], [ 85.785471, 25.858494 ], [ 85.785607, 25.858382 ], [ 85.785712, 25.858275 ], [ 85.785908, 25.858014 ], [ 85.786036, 25.857901 ] ] ] } },
{ "type": "Feature", "properties": { "ID": "150164552", "TRK_NME": null, "FTR_CRY": "BG", "CITY_NME": "Samastipur", "STT_NME": "Bihar", "SHAPE_Leng": "0.001188899660482" }, "geometry": { "type": "MultiLineString", "coordinates": [ [ [ 85.790746, 25.856169 ], [ 85.791119, 25.855897 ], [ 85.791296, 25.855731 ], [ 85.791628, 25.855378 ] ] ] } },
{ "type": "Feature", "properties": { "ID": "150113026", "TRK_NME": null, "FTR_CRY": "BG", "CITY_NME": null, "STT_NME": "Bihar", "SHAPE_Leng": "0.023075114355109" }, "geometry": { "type": "MultiLineString", "coordinates": [ [ [ 85.373227, 26.176799 ], [ 85.374871, 26.177542 ], [ 85.378279, 26.179137 ], [ 85.384555, 26.181996 ], [ 85.387513, 26.183416 ], [ 85.389157, 26.184247 ], [ 85.390315, 26.185071 ], [ 85.390528, 26.185277 ], [ 85.39122, 26.185991 ], [ 85.392727, 26.188323 ] ] ] } },
{ "type": "Feature", "properties": { "ID": "150129306", "TRK_NME": null, "FTR_CRY": "BG", "CITY_NME": "Muzaffarpur", "STT_NME": "Bihar", "SHAPE_Leng": "0.003258176371855" }, "geometry": { "type": "MultiLineString", "coordinates": [ [ [ 85.381311, 26.081047 ], [ 85.380215, 26.079294 ], [ 85.37953, 26.07832 ] ] ] } },
{ "type": "Feature", "properties": { "ID": "150113185", "TRK_NME": "Samastipur to Gorakpur", "FTR_CRY": "BG", "CITY_NME": null, "STT_NME": "Bihar", "SHAPE_Leng": "0.007240924588117" }, "geometry": { "type": "MultiLineString", "coordinates": [ [ [ 85.101479, 26.343182 ], [ 85.099788, 26.34704 ], [ 85.098517, 26.349789 ] ] ] } },
{ "type": "Feature", "properties": { "ID": "150129366", "TRK_NME": "Samastipur to Gorakpur", "FTR_CRY": "BG", "CITY_NME": null, "STT_NME": "Bihar", "SHAPE_Leng": "0.001251823070562" }, "geometry": { "type": "MultiLineString", "coordinates": [ [ [ 85.092196, 26.364341 ], [ 85.09169, 26.365486 ] ] ] } },
{ "type": "Feature", "properties": { "ID": "150129367", "TRK_NME": "Samastipur to Gorakpur", "FTR_CRY": "BG", "CITY_NME": "Mehsi", "STT_NME": "Bihar", "SHAPE_Leng": "0.01586618064848" }, "geometry": { "type": "MultiLineString", "coordinates": [ [ [ 85.098517, 26.349789 ], [ 85.09798, 26.351035 ], [ 85.097089, 26.353066 ], [ 85.095692, 26.356275 ], [ 85.095124, 26.357517 ], [ 85.094806, 26.358266 ], [ 85.094227, 26.359665 ], [ 85.093192, 26.362088 ], [ 85.092196, 26.364341 ] ] ] } },
{ "type": "Feature", "properties": { "ID": "150129468", "TRK_NME": null, "FTR_CRY": "BG", "CITY_NME": "Muzaffarpur", "STT_NME": "Bihar", "SHAPE_Leng": "0.048738941753349" }, "geometry": { "type": "MultiLineString", "coordinates": [ [ [ 85.341352, 26.149936 ], [ 85.340692, 26.150611 ], [ 85.340478, 26.150841 ], [ 85.34038, 26.150948 ], [ 85.340286, 26.151059 ], [ 85.340206, 26.151164 ], [ 85.340086, 26.151317 ], [ 85.339922, 26.151535 ], [ 85.339776, 26.151743 ], [ 85.339656, 26.151927 ], [ 85.339437, 26.152315 ], [ 85.33924, 26.152688 ], [ 85.33915, 26.152897 ], [ 85.339096, 26.153008 ], [ 85.338982, 26.153292 ], [ 85.338752, 26.15401 ], [ 85.338651, 26.154453 ], [ 85.338636, 26.15455 ], [ 85.338588, 26.154892 ], [ 85.338562, 26.155075 ], [ 85.338544, 26.155379 ], [ 85.338532, 26.155544 ], [ 85.338532, 26.155982 ], [ 85.33855, 26.156395 ], [ 85.338597, 26.15685 ], [ 85.33867, 26.157282 ], [ 85.338746, 26.157618 ], [ 85.338797, 26.157818 ], [ 85.338898, 26.15813 ], [ 85.339126, 26.15872 ], [ 85.339257, 26.158996 ], [ 85.339449, 26.159365 ], [ 85.339715, 26.159806 ], [ 85.339817, 26.159968 ], [ 85.340042, 26.160278 ], [ 85.340333, 26.16063 ], [ 85.340949, 26.161307 ], [ 85.341332, 26.161645 ], [ 85.341894, 26.162066 ], [ 85.342247, 26.162306 ], [ 85.343062, 26.162751 ], [ 85.344572, 26.163483 ], [ 85.346373, 26.16429 ], [ 85.348543, 26.165326 ], [ 85.349646, 26.165823 ], [ 85.352912, 26.167366 ], [ 85.360076, 26.170687 ], [ 85.368868, 26.17477 ], [ 85.373227, 26.176799 ] ] ] } },
{ "type": "Feature", "properties": { "ID": "150113075", "TRK_NME": null, "FTR_CRY": "BG", "CITY_NME": null, "STT_NME": "Bihar", "SHAPE_Leng": "0.009645737492033" }, "geometry": { "type": "MultiLineString", "coordinates": [ [ [ 85.305616, 26.183178 ], [ 85.30899, 26.180065 ], [ 85.309894, 26.179231 ], [ 85.311808, 26.177467 ], [ 85.312691, 26.176622 ] ] ] } },
{ "type": "Feature", "properties": { "ID": "150129421", "TRK_NME": null, "FTR_CRY": "BG", "CITY_NME": null, "STT_NME": "Bihar", "SHAPE_Leng": "0.00198274990359" }, "geometry": { "type": "MultiLineString", "coordinates": [ [ [ 85.281905, 26.202368 ], [ 85.283263, 26.201529 ], [ 85.28359, 26.201323 ] ] ] } },
{ "type": "Feature", "properties": { "ID": "150129422", "TRK_NME": null, "FTR_CRY": "BG", "CITY_NME": "Kanti", "STT_NME": "Bihar", "SHAPE_Leng": "0.028629446193818" }, "geometry": { "type": "MultiLineString", "coordinates": [ [ [ 85.28359, 26.201323 ], [ 85.286075, 26.199755 ], [ 85.288237, 26.19837 ], [ 85.288875, 26.197964 ], [ 85.289755, 26.197401 ], [ 85.290584, 26.196842 ], [ 85.291073, 26.19648 ], [ 85.291621, 26.196062 ], [ 85.292443, 26.195389 ], [ 85.293934, 26.19407 ], [ 85.298757, 26.189557 ], [ 85.301538, 26.18699 ], [ 85.302493, 26.186095 ], [ 85.304089, 26.184604 ], [ 85.304998, 26.183756 ], [ 85.305616, 26.183178 ] ] ] } },
{ "type": "Feature", "properties": { "ID": "150113027", "TRK_NME": null, "FTR_CRY": "BG", "CITY_NME": null, "STT_NME": "Bihar", "SHAPE_Leng": "0.016795172982834" }, "geometry": { "type": "MultiLineString", "coordinates": [ [ [ 85.338558, 26.15253 ], [ 85.33794, 26.153106 ], [ 85.337072, 26.153927 ], [ 85.335008, 26.155855 ], [ 85.332594, 26.158096 ], [ 85.331632, 26.15899 ], [ 85.330467, 26.160058 ], [ 85.329165, 26.161266 ], [ 85.328582, 26.161799 ], [ 85.327641, 26.162688 ], [ 85.326258, 26.163966 ] ] ] } },
{ "type": "Feature", "properties": { "ID": "150132268", "TRK_NME": null, "FTR_CRY": "BG", "CITY_NME": "Muzaffarpur", "STT_NME": "Bihar", "SHAPE_Leng": "0.118169346027284" }, "geometry": { "type": "MultiLineString", "coordinates": [ [ [ 85.422948, 26.072909 ], [ 85.422169, 26.073819 ], [ 85.421328, 26.074783 ], [ 85.420813, 26.075392 ], [ 85.42024, 26.076056 ], [ 85.419819, 26.076523 ], [ 85.419072, 26.07739 ], [ 85.418357, 26.078224 ], [ 85.418085, 26.07853 ], [ 85.417314, 26.079443 ], [ 85.416465, 26.080413 ], [ 85.414868, 26.082287 ], [ 85.414644, 26.082544 ], [ 85.414127, 26.083135 ], [ 85.412753, 26.084761 ], [ 85.412463, 26.085133 ], [ 85.411752, 26.085975 ], [ 85.41, 26.088039 ], [ 85.409341, 26.088811 ], [ 85.407063, 26.091457 ], [ 85.406411, 26.092212 ], [ 85.405735, 26.092897 ], [ 85.40525, 26.093454 ], [ 85.404966, 26.093786 ], [ 85.404771, 26.094043 ], [ 85.404411, 26.09451 ], [ 85.404144, 26.094814 ], [ 85.403605, 26.095443 ], [ 85.403091, 26.096036 ], [ 85.402405, 26.096829 ], [ 85.402114, 26.097158 ], [ 85.401525, 26.097853 ], [ 85.400979, 26.098503 ], [ 85.400461, 26.099109 ], [ 85.400121, 26.099515 ], [ 85.399659, 26.100059 ], [ 85.39908, 26.100741 ], [ 85.398534, 26.101369 ], [ 85.398027, 26.10196 ], [ 85.397702, 26.102328 ], [ 85.397436, 26.102655 ], [ 85.397096, 26.103109 ], [ 85.39689, 26.103402 ], [ 85.396596, 26.103865 ], [ 85.396522, 26.103979 ], [ 85.396349, 26.104312 ], [ 85.396192, 26.104644 ], [ 85.395899, 26.105324 ], [ 85.395375, 26.106558 ], [ 85.394495, 26.108656 ], [ 85.394079, 26.109626 ], [ 85.393108, 26.111884 ], [ 85.392551, 26.113192 ], [ 85.392428, 26.113432 ], [ 85.392342, 26.113592 ], [ 85.392149, 26.113887 ], [ 85.391981, 26.114099 ], [ 85.39172, 26.114423 ], [ 85.391276, 26.114877 ], [ 85.39099, 26.115126 ], [ 85.390413, 26.115515 ], [ 85.389667, 26.115934 ], [ 85.388078, 26.116794 ], [ 85.386907, 26.117435 ], [ 85.385755, 26.118054 ], [ 85.384695, 26.118607 ], [ 85.38449, 26.118742 ], [ 85.384036, 26.118982 ], [ 85.383591, 26.1192 ], [ 85.382629, 26.119634 ], [ 85.381907, 26.119965 ], [ 85.379918, 26.121041 ], [ 85.378504, 26.12184 ], [ 85.376898, 26.1227 ], [ 85.376391, 26.12306 ], [ 85.376035, 26.123327 ], [ 85.373885, 26.124524 ], [ 85.372519, 26.125234 ], [ 85.371901, 26.125578 ], [ 85.37136, 26.125893 ], [ 85.369785, 26.126747 ], [ 85.369201, 26.127061 ], [ 85.368083, 26.127678 ], [ 85.36737, 26.128098 ], [ 85.366253, 26.128776 ], [ 85.365225, 26.129438 ], [ 85.363953, 26.130283 ], [ 85.362643, 26.131172 ], [ 85.361679, 26.131855 ], [ 85.361096, 26.132286 ], [ 85.360601, 26.132641 ], [ 85.359302, 26.133589 ], [ 85.359016, 26.133806 ], [ 85.358612, 26.13413 ], [ 85.358098, 26.134573 ], [ 85.35701, 26.135473 ], [ 85.355539, 26.136733 ], [ 85.353673, 26.138436 ], [ 85.35273, 26.139325 ], [ 85.351481, 26.140484 ], [ 85.349683, 26.142159 ], [ 85.348084, 26.143655 ], [ 85.345707, 26.145864 ], [ 85.344285, 26.147199 ], [ 85.343862, 26.1476 ], [ 85.343052, 26.148353 ], [ 85.341352, 26.149936 ], [ 85.339964, 26.15123 ], [ 85.338558, 26.15253 ] ] ] } },
{ "type": "Feature", "properties": { "ID": "150113341", "TRK_NME": null, "FTR_CRY": "BG", "CITY_NME": null, "STT_NME": "Bihar", "SHAPE_Leng": "0.035963136304286" }, "geometry": { "type": "MultiLineString", "coordinates": [ [ [ 85.175581, 26.25481 ], [ 85.178089, 26.25395 ], [ 85.178976, 26.253639 ], [ 85.181475, 26.252762 ], [ 85.183248, 26.252147 ], [ 85.185542, 26.251346 ], [ 85.187004, 26.250824 ], [ 85.189513, 26.249965 ], [ 85.191468, 26.24929 ], [ 85.194518, 26.248218 ], [ 85.196868, 26.247408 ], [ 85.199728, 26.2464 ], [ 85.202718, 26.245371 ], [ 85.205426, 26.244434 ], [ 85.207016, 26.243867 ], [ 85.208639, 26.243309 ], [ 85.209548, 26.242996 ] ] ] } },
{ "type": "Feature", "properties": { "ID": "150113459", "TRK_NME": null, "FTR_CRY": "BG", "CITY_NME": null, "STT_NME": "Bihar", "SHAPE_Leng": "0.036094319936585" }, "geometry": { "type": "MultiLineString", "coordinates": [ [ [ 85.37953, 26.07832 ], [ 85.379112, 26.077668 ], [ 85.378183, 26.076215 ], [ 85.376788, 26.074076 ], [ 85.37575, 26.072453 ], [ 85.374471, 26.070479 ], [ 85.373582, 26.069096 ], [ 85.372541, 26.0675 ], [ 85.370676, 26.064633 ], [ 85.369288, 26.062446 ], [ 85.367791, 26.060118 ], [ 85.366809, 26.058707 ], [ 85.366309, 26.057958 ], [ 85.365293, 26.056353 ], [ 85.364165, 26.054586 ], [ 85.362504, 26.052108 ], [ 85.361866, 26.051088 ], [ 85.360001, 26.04797 ] ] ] } },
{ "type": "Feature", "properties": { "ID": "150164553", "TRK_NME": null, "FTR_CRY": "BG", "CITY_NME": null, "STT_NME": "Bihar", "SHAPE_Leng": "0.00196971231191" }, "geometry": { "type": "MultiLineString", "coordinates": [ [ [ 85.281905, 26.202368 ], [ 85.282233, 26.202024 ], [ 85.283504, 26.201238 ] ] ] } },
{ "type": "Feature", "properties": { "ID": "150164554", "TRK_NME": null, "FTR_CRY": "BG", "CITY_NME": "Kanti", "STT_NME": "Bihar", "SHAPE_Leng": "0.005544192273316" }, "geometry": { "type": "MultiLineString", "coordinates": [ [ [ 85.283504, 26.201238 ], [ 85.285106, 26.200187 ], [ 85.287682, 26.198588 ], [ 85.288237, 26.19837 ] ] ] } },
{ "type": "Feature", "properties": { "ID": "150164555", "TRK_NME": null, "FTR_CRY": "BG", "CITY_NME": null, "STT_NME": "Bihar", "SHAPE_Leng": "0.010243649218815" }, "geometry": { "type": "MultiLineString", "coordinates": [ [ [ 85.321705, 26.16823 ], [ 85.321984, 26.168052 ], [ 85.322404, 26.167763 ], [ 85.323049, 26.167193 ], [ 85.323332, 26.167018 ], [ 85.32363, 26.166778 ], [ 85.324171, 26.166213 ], [ 85.325014, 26.16543 ], [ 85.325719, 26.164736 ], [ 85.326687, 26.163823 ], [ 85.327328, 26.163214 ], [ 85.328255, 26.162377 ], [ 85.328541, 26.162098 ], [ 85.328783, 26.161818 ], [ 85.329165, 26.161266 ] ] ] } },
{ "type": "Feature", "properties": { "ID": "150164556", "TRK_NME": null, "FTR_CRY": "BG", "CITY_NME": null, "STT_NME": "Bihar", "SHAPE_Leng": "0.006396673637548" }, "geometry": { "type": "MultiLineString", "coordinates": [ [ [ 85.32363, 26.166778 ], [ 85.323934, 26.166545 ], [ 85.324386, 26.166117 ], [ 85.325413, 26.165123 ], [ 85.326513, 26.164098 ], [ 85.327065, 26.163594 ], [ 85.32817, 26.16254 ], [ 85.328255, 26.162377 ] ] ] } },
{ "type": "Feature", "properties": { "ID": "150164557", "TRK_NME": null, "FTR_CRY": "BG", "CITY_NME": null, "STT_NME": "Bihar", "SHAPE_Leng": "0.00856035045854" }, "geometry": { "type": "MultiLineString", "coordinates": [ [ [ 85.322919, 26.167101 ], [ 85.323073, 26.16687 ], [ 85.323638, 26.166345 ], [ 85.325181, 26.164899 ], [ 85.326658, 26.16351 ], [ 85.327846, 26.162405 ], [ 85.328368, 26.161884 ], [ 85.328678, 26.161619 ], [ 85.329165, 26.161266 ] ] ] } },
{ "type": "Feature", "properties": { "ID": "150164558", "TRK_NME": null, "FTR_CRY": "BG", "CITY_NME": null, "STT_NME": "Bihar", "SHAPE_Leng": "0.004313083986907" }, "geometry": { "type": "MultiLineString", "coordinates": [ [ [ 85.30899, 26.180065 ], [ 85.308384, 26.180772 ], [ 85.30809, 26.18115 ], [ 85.307836, 26.181491 ], [ 85.30748, 26.181965 ], [ 85.307189, 26.18241 ], [ 85.306974, 26.182764 ], [ 85.306689, 26.183375 ], [ 85.306621, 26.183523 ], [ 85.306566, 26.183609 ] ] ] } },
{ "type": "Feature", "properties": { "ID": "150164559", "TRK_NME": null, "FTR_CRY": "BG", "CITY_NME": "Kanti", "STT_NME": "Bihar", "SHAPE_Leng": "0.020005961065908" }, "geometry": { "type": "MultiLineString", "coordinates": [ [ [ 85.306566, 26.183609 ], [ 85.305738, 26.184413 ], [ 85.304251, 26.185726 ], [ 85.303101, 26.186734 ], [ 85.299992, 26.189665 ], [ 85.298705, 26.190839 ], [ 85.298013, 26.191472 ], [ 85.297739, 26.191755 ], [ 85.29752, 26.192099 ], [ 85.297355, 26.1924 ], [ 85.297212, 26.192812 ], [ 85.297102, 26.193205 ], [ 85.297082, 26.193709 ], [ 85.297205, 26.194569 ], [ 85.297575, 26.196696 ], [ 85.298075, 26.199517 ] ] ] } },
{ "type": "Feature", "properties": { "ID": "150164560", "TRK_NME": null, "FTR_CRY": "BG", "CITY_NME": "Kanti", "STT_NME": "Bihar", "SHAPE_Leng": "0.003212053180916" }, "geometry": { "type": "MultiLineString", "coordinates": [ [ [ 85.303101, 26.186734 ], [ 85.302642, 26.187299 ], [ 85.301951, 26.187987 ], [ 85.301471, 26.188553 ], [ 85.301047, 26.189192 ] ] ] } },
{ "type": "Feature", "properties": { "ID": "150164561", "TRK_NME": null, "FTR_CRY": "BG", "CITY_NME": null, "STT_NME": "Bihar", "SHAPE_Leng": "9.1104106046E-4" }, "geometry": { "type": "MultiLineString", "coordinates": [ [ [ 85.306974, 26.182764 ], [ 85.306761, 26.183012 ], [ 85.306391, 26.183464 ] ] ] } },
{ "type": "Feature", "properties": { "ID": "150164562", "TRK_NME": null, "FTR_CRY": "BG", "CITY_NME": "Kanti", "STT_NME": "Bihar", "SHAPE_Leng": "0.015402853649067" }, "geometry": { "type": "MultiLineString", "coordinates": [ [ [ 85.306391, 26.183464 ], [ 85.3061, 26.183814 ], [ 85.304971, 26.184859 ], [ 85.303354, 26.186371 ], [ 85.300985, 26.188553 ], [ 85.299239, 26.190138 ], [ 85.297212, 26.192087 ], [ 85.295281, 26.194121 ] ] ] } },
{ "type": "Feature", "properties": { "ID": "150164563", "TRK_NME": null, "FTR_CRY": "BG", "CITY_NME": "Muzaffarpur", "STT_NME": "Bihar", "SHAPE_Leng": "0.010711999047782" }, "geometry": { "type": "MultiLineString", "coordinates": [ [ [ 85.373257, 26.124765 ], [ 85.373969, 26.124289 ], [ 85.374441, 26.124022 ], [ 85.374876, 26.123711 ], [ 85.37526, 26.123453 ], [ 85.375472, 26.123303 ], [ 85.375653, 26.123187 ], [ 85.375738, 26.123141 ], [ 85.376463, 26.122749 ], [ 85.377007, 26.122451 ], [ 85.377672, 26.122086 ], [ 85.378623, 26.121573 ], [ 85.379253, 26.121231 ], [ 85.379729, 26.12097 ], [ 85.380578, 26.120515 ], [ 85.381225, 26.120162 ], [ 85.381407, 26.120088 ], [ 85.382023, 26.119833 ], [ 85.382629, 26.119634 ] ] ] } },
{ "type": "Feature", "properties": { "ID": "150164564", "TRK_NME": null, "FTR_CRY": "BG", "CITY_NME": "Muzaffarpur", "STT_NME": "Bihar", "SHAPE_Leng": "0.005468495760154" }, "geometry": { "type": "MultiLineString", "coordinates": [ [ [ 85.372519, 26.125234 ], [ 85.373241, 26.124979 ], [ 85.373813, 26.124758 ], [ 85.374936, 26.12414 ], [ 85.375884, 26.123627 ], [ 85.377405, 26.122803 ] ] ] } },
{ "type": "Feature", "properties": { "ID": "150164565", "TRK_NME": null, "FTR_CRY": "BG", "CITY_NME": "Muzaffarpur", "STT_NME": "Bihar", "SHAPE_Leng": "0.008005785581332" }, "geometry": { "type": "MultiLineString", "coordinates": [ [ [ 85.374441, 26.124022 ], [ 85.374837, 26.123805 ], [ 85.375165, 26.123584 ], [ 85.375539, 26.123338 ], [ 85.376004, 26.12308 ], [ 85.376614, 26.122745 ], [ 85.377377, 26.122336 ], [ 85.377946, 26.122014 ], [ 85.378531, 26.1217 ], [ 85.378993, 26.121457 ], [ 85.379918, 26.120941 ], [ 85.380373, 26.120704 ], [ 85.380931, 26.120413 ], [ 85.381407, 26.120088 ] ] ] } },
{ "type": "Feature", "properties": { "ID": "150164566", "TRK_NME": null, "FTR_CRY": "BG", "CITY_NME": "Muzaffarpur", "STT_NME": "Bihar", "SHAPE_Leng": "0.008612269433233" }, "geometry": { "type": "MultiLineString", "coordinates": [ [ [ 85.376035, 26.123327 ], [ 85.376682, 26.123018 ], [ 85.377613, 26.122499 ], [ 85.378302, 26.122137 ], [ 85.379051, 26.121731 ], [ 85.380041, 26.121196 ], [ 85.380623, 26.120877 ], [ 85.38152, 26.120394 ], [ 85.382129, 26.120068 ], [ 85.382528, 26.119847 ], [ 85.383102, 26.119503 ], [ 85.383591, 26.1192 ] ] ] } },
{ "type": "Feature", "properties": { "ID": "150164567", "TRK_NME": null, "FTR_CRY": "BG", "CITY_NME": "Muzaffarpur", "STT_NME": "Bihar", "SHAPE_Leng": "0.008999665928508" }, "geometry": { "type": "MultiLineString", "coordinates": [ [ [ 85.384695, 26.118607 ], [ 85.38442, 26.118724 ], [ 85.383701, 26.11907 ], [ 85.383318, 26.119265 ], [ 85.382965, 26.119389 ], [ 85.382246, 26.1197 ], [ 85.381715, 26.119878 ], [ 85.381171, 26.120071 ], [ 85.38, 26.120692 ], [ 85.378247, 26.121614 ], [ 85.376607, 26.122517 ] ] ] } },
{ "type": "Feature", "properties": { "ID": "150164568", "TRK_NME": null, "FTR_CRY": "BG", "CITY_NME": "Muzaffarpur", "STT_NME": "Bihar", "SHAPE_Leng": "0.002936802977373" }, "geometry": { "type": "MultiLineString", "coordinates": [ [ [ 85.381171, 26.120071 ], [ 85.380524, 26.120326 ], [ 85.378538, 26.121365 ] ] ] } },
{ "type": "Feature", "properties": { "ID": "150164569", "TRK_NME": null, "FTR_CRY": "BG", "CITY_NME": "Muzaffarpur", "STT_NME": "Bihar", "SHAPE_Leng": "0.007007194600493" }, "geometry": { "type": "MultiLineString", "coordinates": [ [ [ 85.406411, 26.092212 ], [ 85.406782, 26.091891 ], [ 85.407279, 26.09135 ], [ 85.40808, 26.090427 ], [ 85.408862, 26.089508 ], [ 85.409454, 26.088828 ], [ 85.409916, 26.088285 ], [ 85.411058, 26.086974 ] ] ] } },
{ "type": "Feature", "properties": { "ID": "150164570", "TRK_NME": null, "FTR_CRY": "BG", "CITY_NME": "Muzaffarpur", "STT_NME": "Bihar", "SHAPE_Leng": "0.008225530961398" }, "geometry": { "type": "MultiLineString", "coordinates": [ [ [ 85.406411, 26.092212 ], [ 85.406522, 26.091983 ], [ 85.406825, 26.091605 ], [ 85.40733, 26.091038 ], [ 85.408165, 26.090047 ], [ 85.408501, 26.08966 ], [ 85.409394, 26.088627 ], [ 85.410439, 26.087427 ], [ 85.411103, 26.086639 ], [ 85.411611, 26.086076 ], [ 85.411752, 26.085975 ] ] ] } },
{ "type": "Feature", "properties": { "ID": "150164571", "TRK_NME": null, "FTR_CRY": "BG", "CITY_NME": "Muzaffarpur", "STT_NME": "Bihar", "SHAPE_Leng": "0.010764569883517" }, "geometry": { "type": "MultiLineString", "coordinates": [ [ [ 85.412753, 26.084761 ], [ 85.412436, 26.085077 ], [ 85.412128, 26.085379 ], [ 85.41159, 26.085911 ], [ 85.411334, 26.086174 ], [ 85.410801, 26.08676 ], [ 85.410512, 26.087095 ], [ 85.410028, 26.087635 ], [ 85.409322, 26.088458 ], [ 85.408739, 26.089158 ], [ 85.408193, 26.089801 ], [ 85.407609, 26.090446 ], [ 85.407195, 26.090928 ], [ 85.406998, 26.091178 ], [ 85.406774, 26.091468 ], [ 85.406411, 26.091929 ], [ 85.405824, 26.09269 ], [ 85.405735, 26.092897 ] ] ] } },
{ "type": "Feature", "properties": { "ID": "150164572", "TRK_NME": null, "FTR_CRY": "BG", "CITY_NME": "Muzaffarpur", "STT_NME": "Bihar", "SHAPE_Leng": "0.007335805777952" }, "geometry": { "type": "MultiLineString", "coordinates": [ [ [ 85.406782, 26.091891 ], [ 85.407154, 26.091608 ], [ 85.407423, 26.091379 ], [ 85.40765, 26.091214 ], [ 85.407842, 26.091034 ], [ 85.408207, 26.090615 ], [ 85.408723, 26.089997 ], [ 85.409394, 26.089239 ], [ 85.409987, 26.088525 ], [ 85.410579, 26.087847 ], [ 85.411043, 26.087314 ], [ 85.41152, 26.086731 ], [ 85.411729, 26.086502 ] ] ] } },
{ "type": "Feature", "properties": { "ID": "150164573", "TRK_NME": null, "FTR_CRY": "BG", "CITY_NME": "Muzaffarpur", "STT_NME": "Bihar", "SHAPE_Leng": "0.0067172117727" }, "geometry": { "type": "MultiLineString", "coordinates": [ [ [ 85.411811, 26.0863 ], [ 85.411532, 26.086542 ], [ 85.410916, 26.087261 ], [ 85.410488, 26.087758 ], [ 85.409581, 26.088797 ], [ 85.408814, 26.089692 ], [ 85.40801, 26.090621 ], [ 85.407423, 26.091379 ] ] ] } },
{ "type": "Feature", "properties": { "ID": "150164574", "TRK_NME": null, "FTR_CRY": "BG", "CITY_NME": "Muzaffarpur", "STT_NME": "Bihar", "SHAPE_Leng": "0.007857536702169" }, "geometry": { "type": "MultiLineString", "coordinates": [ [ [ 85.411729, 26.086502 ], [ 85.411293, 26.087181 ], [ 85.410889, 26.087889 ], [ 85.410464, 26.088642 ], [ 85.410252, 26.088986 ], [ 85.410043, 26.08926 ], [ 85.409667, 26.089644 ], [ 85.409098, 26.090173 ], [ 85.408739, 26.090579 ], [ 85.40816, 26.091271 ], [ 85.407599, 26.092065 ], [ 85.407089, 26.092796 ] ] ] } },
{ "type": "Feature", "properties": { "ID": "150164575", "TRK_NME": null, "FTR_CRY": "BG", "CITY_NME": "Muzaffarpur", "STT_NME": "Bihar", "SHAPE_Leng": "0.006625567483224" }, "geometry": { "type": "MultiLineString", "coordinates": [ [ [ 85.407041, 26.092243 ], [ 85.407719, 26.091462 ], [ 85.408465, 26.090653 ], [ 85.408879, 26.090229 ], [ 85.409643, 26.089451 ], [ 85.410197, 26.08874 ], [ 85.410635, 26.088095 ], [ 85.410957, 26.087615 ], [ 85.411293, 26.087181 ] ] ] } },
{ "type": "Feature", "properties": { "ID": "150164576", "TRK_NME": null, "FTR_CRY": "BG", "CITY_NME": "Muzaffarpur", "STT_NME": "Bihar", "SHAPE_Leng": "0.006311101063346" }, "geometry": { "type": "MultiLineString", "coordinates": [ [ [ 85.407873, 26.09268 ], [ 85.408537, 26.091963 ], [ 85.409232, 26.091157 ], [ 85.410153, 26.09009 ], [ 85.410595, 26.089561 ], [ 85.410773, 26.089343 ], [ 85.410896, 26.089109 ], [ 85.410992, 26.088882 ], [ 85.411132, 26.088547 ], [ 85.411221, 26.088208 ], [ 85.411293, 26.087547 ] ] ] } },
{ "type": "Feature", "properties": { "ID": "150164585", "TRK_NME": null, "FTR_CRY": "BG", "CITY_NME": "Kanti", "STT_NME": "Bihar", "SHAPE_Leng": "0.003553868735078" }, "geometry": { "type": "MultiLineString", "coordinates": [ [ [ 85.305738, 26.184413 ], [ 85.305069, 26.185349 ], [ 85.304583, 26.185891 ], [ 85.303579, 26.186806 ], [ 85.303347, 26.187022 ] ] ] } },
{ "type": "Feature", "properties": { "ID": "150164586", "TRK_NME": null, "FTR_CRY": "BG", "CITY_NME": "Kanti", "STT_NME": "Bihar", "SHAPE_Leng": "0.007564237197657" }, "geometry": { "type": "MultiLineString", "coordinates": [ [ [ 85.303347, 26.187022 ], [ 85.303078, 26.187265 ], [ 85.302782, 26.187562 ], [ 85.30254, 26.187848 ], [ 85.302341, 26.188194 ], [ 85.302173, 26.18855 ], [ 85.302099, 26.188881 ], [ 85.302081, 26.189298 ], [ 85.302236, 26.19027 ], [ 85.302369, 26.191133 ], [ 85.302611, 26.192569 ], [ 85.302869, 26.194092 ] ] ] } },
{ "type": "Feature", "properties": { "ID": "150113106", "TRK_NME": null, "FTR_CRY": "BG", "CITY_NME": "Muzaffarpur", "STT_NME": "Bihar", "SHAPE_Leng": "0.069290977792814" }, "geometry": { "type": "MultiLineString", "coordinates": [ [ [ 85.373885, 26.124524 ], [ 85.373257, 26.124765 ], [ 85.372779, 26.125019 ], [ 85.372348, 26.125257 ], [ 85.371884, 26.125517 ], [ 85.371266, 26.125835 ], [ 85.370665, 26.126094 ], [ 85.370196, 26.126259 ], [ 85.369776, 26.126371 ], [ 85.36954, 26.126425 ], [ 85.369176, 26.126495 ], [ 85.368814, 26.126538 ], [ 85.368484, 26.126564 ], [ 85.368155, 26.126583 ], [ 85.367864, 26.12659 ], [ 85.367553, 26.126581 ], [ 85.367236, 26.126557 ], [ 85.36684, 26.126504 ], [ 85.366239, 26.126401 ], [ 85.365716, 26.126277 ], [ 85.365471, 26.126206 ], [ 85.365236, 26.12612 ], [ 85.36481, 26.125949 ], [ 85.364418, 26.125779 ], [ 85.363933, 26.12552 ], [ 85.363507, 26.125262 ], [ 85.363195, 26.125044 ], [ 85.362921, 26.12482 ], [ 85.3625, 26.124438 ], [ 85.362141, 26.124057 ], [ 85.36186, 26.123716 ], [ 85.361664, 26.123436 ], [ 85.36149, 26.123194 ], [ 85.361257, 26.122782 ], [ 85.361099, 26.122438 ], [ 85.360828, 26.121754 ], [ 85.360731, 26.121496 ], [ 85.36065, 26.121187 ], [ 85.360582, 26.120849 ], [ 85.360551, 26.120639 ], [ 85.360513, 26.120151 ], [ 85.360511, 26.119764 ], [ 85.360523, 26.119478 ], [ 85.360576, 26.118925 ], [ 85.360614, 26.118678 ], [ 85.360699, 26.118304 ], [ 85.360805, 26.117922 ], [ 85.360886, 26.117696 ], [ 85.361031, 26.117353 ], [ 85.361213, 26.116975 ], [ 85.361449, 26.116572 ], [ 85.361572, 26.116365 ], [ 85.361666, 26.116231 ], [ 85.361867, 26.115949 ], [ 85.362053, 26.115717 ], [ 85.362294, 26.115457 ], [ 85.362642, 26.115123 ], [ 85.363053, 26.114761 ], [ 85.363173, 26.114668 ], [ 85.363431, 26.114482 ], [ 85.363774, 26.114262 ], [ 85.363986, 26.114139 ], [ 85.36432, 26.113947 ], [ 85.365475, 26.113318 ], [ 85.366412, 26.11281 ], [ 85.367526, 26.112204 ], [ 85.368446, 26.111695 ], [ 85.369338, 26.111223 ], [ 85.369852, 26.110936 ], [ 85.370694, 26.110483 ], [ 85.372238, 26.109642 ], [ 85.373669, 26.108861 ], [ 85.37527, 26.107979 ], [ 85.376653, 26.107223 ], [ 85.377786, 26.106613 ], [ 85.379628, 26.105623 ], [ 85.380929, 26.104888 ], [ 85.381155, 26.104749 ], [ 85.381741, 26.104297 ], [ 85.382059, 26.104017 ], [ 85.382545, 26.10351 ], [ 85.382861, 26.10315 ], [ 85.383015, 26.102904 ], [ 85.383192, 26.10256 ], [ 85.383384, 26.102209 ], [ 85.383682, 26.101551 ], [ 85.383867, 26.100964 ], [ 85.383939, 26.100687 ], [ 85.384031, 26.100214 ], [ 85.384086, 26.09962 ], [ 85.384096, 26.098645 ], [ 85.384089, 26.096856 ], [ 85.384099, 26.095417 ], [ 85.384121, 26.094235 ], [ 85.384144, 26.092756 ], [ 85.384127, 26.090895 ], [ 85.384093, 26.090157 ], [ 85.384041, 26.08937 ], [ 85.383952, 26.088463 ], [ 85.383794, 26.087645 ], [ 85.383627, 26.086852 ], [ 85.383431, 26.086028 ], [ 85.383229, 26.085367 ], [ 85.382962, 26.084604 ], [ 85.38263, 26.083716 ], [ 85.382082, 26.082467 ], [ 85.381811, 26.081942 ], [ 85.381311, 26.081047 ] ] ] } },
{ "type": "Feature", "properties": { "ID": "150113228", "TRK_NME": null, "FTR_CRY": "BG", "CITY_NME": null, "STT_NME": "Bihar", "SHAPE_Leng": "0.033540994111453" }, "geometry": { "type": "MultiLineString", "coordinates": [ [ [ 85.07857, 26.383803 ], [ 85.078241, 26.384181 ], [ 85.077449, 26.385076 ], [ 85.076898, 26.385714 ], [ 85.07612, 26.386607 ], [ 85.07532, 26.387519 ], [ 85.074559, 26.388403 ], [ 85.072717, 26.390531 ], [ 85.071593, 26.391828 ], [ 85.070208, 26.3934 ], [ 85.068657, 26.395179 ], [ 85.066461, 26.39771 ], [ 85.064252, 26.40027 ], [ 85.062656, 26.402104 ], [ 85.061751, 26.403149 ], [ 85.061248, 26.40371 ], [ 85.06038, 26.404724 ], [ 85.059145, 26.406169 ], [ 85.058562, 26.40682 ], [ 85.057581, 26.40781 ], [ 85.057245, 26.408131 ], [ 85.056344, 26.4089 ] ] ] } },
{ "type": "Feature", "properties": { "ID": "150113303", "TRK_NME": "Hajipur to Muzaffarpur", "FTR_CRY": "BG", "CITY_NME": null, "STT_NME": "Bihar", "SHAPE_Leng": "0.296841374022662" }, "geometry": { "type": "MultiLineString", "coordinates": [ [ [ 85.269783, 25.76706 ], [ 85.27152, 25.770426 ], [ 85.272475, 25.772321 ], [ 85.273746, 25.774763 ], [ 85.274593, 25.776345 ], [ 85.275165, 25.777447 ], [ 85.277362, 25.781767 ], [ 85.278096, 25.78318 ], [ 85.278939, 25.784805 ], [ 85.279265, 25.785457 ], [ 85.279821, 25.786556 ], [ 85.280283, 25.78746 ], [ 85.280959, 25.788788 ], [ 85.281496, 25.78982 ], [ 85.283549, 25.793749 ], [ 85.284681, 25.795952 ], [ 85.28553, 25.797633 ], [ 85.28602, 25.798607 ], [ 85.286387, 25.799629 ], [ 85.28679, 25.800804 ], [ 85.287147, 25.801836 ], [ 85.287603, 25.803241 ], [ 85.287884, 25.80411 ], [ 85.288357, 25.805515 ], [ 85.289077, 25.807718 ], [ 85.289608, 25.809336 ], [ 85.289824, 25.810002 ], [ 85.290175, 25.811011 ], [ 85.290394, 25.81177 ], [ 85.290812, 25.813065 ], [ 85.291106, 25.814313 ], [ 85.291287, 25.815109 ], [ 85.291473, 25.81593 ], [ 85.29177, 25.817155 ], [ 85.292255, 25.819268 ], [ 85.292518, 25.820468 ], [ 85.292718, 25.821247 ], [ 85.293227, 25.823433 ], [ 85.294151, 25.827516 ], [ 85.294542, 25.829144 ], [ 85.294806, 25.830296 ], [ 85.295124, 25.831664 ], [ 85.295441, 25.833075 ], [ 85.295574, 25.833672 ], [ 85.295651, 25.834017 ], [ 85.295755, 25.834484 ], [ 85.295865, 25.834966 ], [ 85.295992, 25.835544 ], [ 85.296162, 25.836266 ], [ 85.296288, 25.836805 ], [ 85.296373, 25.837176 ], [ 85.296597, 25.838132 ], [ 85.296703, 25.838634 ], [ 85.296937, 25.839653 ], [ 85.297201, 25.840829 ], [ 85.297672, 25.842879 ], [ 85.297872, 25.843826 ], [ 85.300588, 25.855613 ], [ 85.300844, 25.856721 ], [ 85.301125, 25.858005 ], [ 85.301576, 25.85996 ], [ 85.301727, 25.860573 ], [ 85.302144, 25.86234 ], [ 85.302682, 25.864711 ], [ 85.303445, 25.867969 ], [ 85.303876, 25.869836 ], [ 85.304296, 25.871682 ], [ 85.304763, 25.873681 ], [ 85.306032, 25.879121 ], [ 85.306488, 25.881062 ], [ 85.306936, 25.883143 ], [ 85.308415, 25.889474 ], [ 85.30908, 25.892397 ], [ 85.309322, 25.893413 ], [ 85.309664, 25.894874 ], [ 85.309926, 25.895832 ], [ 85.310348, 25.897711 ], [ 85.311366, 25.902312 ], [ 85.311786, 25.904121 ], [ 85.312159, 25.905697 ], [ 85.312821, 25.90857 ], [ 85.31291, 25.90892 ], [ 85.313177, 25.910053 ], [ 85.314148, 25.914344 ], [ 85.314691, 25.916408 ], [ 85.315895, 25.921728 ], [ 85.316128, 25.922883 ], [ 85.31646, 25.924327 ], [ 85.316691, 25.925327 ], [ 85.316849, 25.926072 ], [ 85.317228, 25.927568 ], [ 85.317395, 25.928176 ], [ 85.317473, 25.928389 ], [ 85.31782, 25.929249 ], [ 85.318249, 25.930255 ], [ 85.319014, 25.932048 ], [ 85.320135, 25.934692 ], [ 85.32033, 25.93516 ], [ 85.321028, 25.936758 ], [ 85.32149, 25.937819 ], [ 85.322534, 25.940297 ], [ 85.323139, 25.941675 ], [ 85.325386, 25.946849 ], [ 85.327652, 25.952278 ], [ 85.328528, 25.954306 ], [ 85.330226, 25.95825 ], [ 85.331055, 25.960121 ], [ 85.332662, 25.963854 ], [ 85.333143, 25.964955 ], [ 85.333485, 25.965785 ], [ 85.334316, 25.967818 ], [ 85.335214, 25.969866 ], [ 85.335565, 25.970736 ], [ 85.336015, 25.971759 ], [ 85.336627, 25.97318 ], [ 85.338374, 25.977354 ], [ 85.340376, 25.981988 ], [ 85.345264, 25.99322 ], [ 85.349389, 26.002449 ], [ 85.349736, 26.00334 ], [ 85.350003, 26.004015 ], [ 85.350243, 26.00493 ], [ 85.350445, 26.006093 ], [ 85.350884, 26.008616 ], [ 85.351274, 26.011676 ], [ 85.351692, 26.014231 ], [ 85.352242, 26.01761 ], [ 85.352943, 26.021834 ], [ 85.353822, 26.027067 ], [ 85.354189, 26.029117 ], [ 85.354356, 26.029857 ], [ 85.354719, 26.032103 ], [ 85.355261, 26.035236 ], [ 85.355532, 26.036822 ], [ 85.355915, 26.039106 ], [ 85.356284, 26.040672 ], [ 85.356619, 26.041742 ], [ 85.356964, 26.042625 ], [ 85.357751, 26.044244 ], [ 85.358172, 26.045018 ], [ 85.35857, 26.045663 ], [ 85.360001, 26.04797 ] ] ] } },
{ "type": "Feature", "properties": { "ID": "150113333", "TRK_NME": null, "FTR_CRY": "BG", "CITY_NME": "Muzaffarpur", "STT_NME": "Bihar", "SHAPE_Leng": "0.006527635940267" }, "geometry": { "type": "MultiLineString", "coordinates": [ [ [ 85.412463, 26.085133 ], [ 85.412258, 26.085496 ], [ 85.412125, 26.085701 ], [ 85.412017, 26.085884 ], [ 85.411924, 26.086056 ], [ 85.411811, 26.0863 ], [ 85.411729, 26.086502 ], [ 85.411546, 26.086966 ], [ 85.411293, 26.087547 ], [ 85.410903, 26.088344 ], [ 85.410612, 26.088928 ], [ 85.410422, 26.089207 ], [ 85.410173, 26.089654 ], [ 85.409906, 26.090087 ], [ 85.409318, 26.090822 ] ] ] } },
{ "type": "Feature", "properties": { "ID": "150113335", "TRK_NME": "Samastipur to Gorakpur", "FTR_CRY": "BG", "CITY_NME": null, "STT_NME": "Bihar", "SHAPE_Leng": "0.051104703644072" }, "geometry": { "type": "MultiLineString", "coordinates": [ [ [ 85.127592, 26.29953 ], [ 85.127051, 26.300324 ], [ 85.126133, 26.30161 ], [ 85.115533, 26.316446 ], [ 85.111893, 26.321594 ], [ 85.11155, 26.322066 ], [ 85.110071, 26.324232 ], [ 85.109862, 26.324564 ], [ 85.109045, 26.326 ], [ 85.10846, 26.327236 ], [ 85.10784, 26.328658 ], [ 85.105507, 26.33399 ], [ 85.102566, 26.340692 ], [ 85.101479, 26.343182 ] ] ] } },
{ "type": "Feature", "properties": { "ID": "150113336", "TRK_NME": "Samastipur to Gorakpur", "FTR_CRY": "BG", "CITY_NME": null, "STT_NME": "Bihar", "SHAPE_Leng": "0.022625899093091" }, "geometry": { "type": "MultiLineString", "coordinates": [ [ [ 85.09169, 26.365486 ], [ 85.090335, 26.368166 ], [ 85.089493, 26.369705 ], [ 85.088844, 26.370796 ], [ 85.087292, 26.37323 ], [ 85.085223, 26.376016 ], [ 85.079511, 26.382676 ], [ 85.07857, 26.383803 ] ] ] } },
{ "type": "Feature", "properties": { "ID": "150113266", "TRK_NME": "Samastipur to Gorakpur", "FTR_CRY": "BG", "CITY_NME": null, "STT_NME": "Bihar", "SHAPE_Leng": "0.083300346272947" }, "geometry": { "type": "MultiLineString", "coordinates": [ [ [ 85.281905, 26.202368 ], [ 85.279685, 26.203836 ], [ 85.279395, 26.204014 ], [ 85.277408, 26.205286 ], [ 85.274337, 26.207224 ], [ 85.273364, 26.207814 ], [ 85.272851, 26.208164 ], [ 85.270337, 26.209746 ], [ 85.267069, 26.211857 ], [ 85.266431, 26.212241 ], [ 85.264773, 26.213319 ], [ 85.263318, 26.214224 ], [ 85.261673, 26.215269 ], [ 85.260074, 26.216278 ], [ 85.259086, 26.216915 ], [ 85.25576, 26.219028 ], [ 85.253166, 26.220651 ], [ 85.250485, 26.222367 ], [ 85.24387, 26.226551 ], [ 85.240923, 26.228427 ], [ 85.239172, 26.229522 ], [ 85.234886, 26.232237 ], [ 85.233763, 26.232918 ], [ 85.232669, 26.233529 ], [ 85.230879, 26.234534 ], [ 85.230188, 26.234885 ], [ 85.228722, 26.23563 ], [ 85.225015, 26.237362 ], [ 85.222488, 26.23838 ], [ 85.218715, 26.239806 ], [ 85.21658, 26.240548 ], [ 85.213966, 26.241445 ], [ 85.209548, 26.242996 ] ] ] } },
{ "type": "Feature", "properties": { "ID": "150113428", "TRK_NME": "Samastipur to Gorakpur", "FTR_CRY": "BG", "CITY_NME": null, "STT_NME": "Bihar", "SHAPE_Leng": "0.018553953766026" }, "geometry": { "type": "MultiLineString", "coordinates": [ [ [ 85.326258, 26.163966 ], [ 85.322919, 26.167101 ], [ 85.322015, 26.167934 ], [ 85.321705, 26.16823 ], [ 85.320841, 26.169052 ], [ 85.320219, 26.169638 ], [ 85.318714, 26.171031 ], [ 85.317434, 26.172227 ], [ 85.315746, 26.173792 ], [ 85.314339, 26.175086 ], [ 85.313296, 26.176045 ], [ 85.312691, 26.176622 ] ] ] } },
{ "type": "Feature", "properties": { "ID": "150164608", "TRK_NME": null, "FTR_CRY": "BG", "CITY_NME": null, "STT_NME": "Bihar", "SHAPE_Leng": "0.008168757418009" }, "geometry": { "type": "MultiLineString", "coordinates": [ [ [ 85.56179, 25.978041 ], [ 85.561953, 25.977914 ], [ 85.56216, 25.977789 ], [ 85.56444, 25.976549 ], [ 85.56621, 25.975587 ], [ 85.56785, 25.974693 ], [ 85.568601, 25.974289 ], [ 85.568962, 25.974142 ] ] ] } },
{ "type": "Feature", "properties": { "ID": "150164609", "TRK_NME": null, "FTR_CRY": "BG", "CITY_NME": null, "STT_NME": "Bihar", "SHAPE_Leng": "0.008234370210017" }, "geometry": { "type": "MultiLineString", "coordinates": [ [ [ 85.674144, 25.904349 ], [ 85.673673, 25.90475 ], [ 85.671624, 25.906954 ], [ 85.670139, 25.908511 ], [ 85.669109, 25.909595 ], [ 85.668477, 25.910317 ] ] ] } },
{ "type": "Feature", "properties": { "ID": "150165958", "TRK_NME": null, "FTR_CRY": "BG", "CITY_NME": null, "STT_NME": "Bihar", "SHAPE_Leng": "0.227958713422997" }, "geometry": { "type": "MultiLineString", "coordinates": [ [ [ 85.138054, 25.973923 ], [ 85.13863, 25.968454 ], [ 85.139125, 25.9645 ], [ 85.139549, 25.961171 ], [ 85.139771, 25.959348 ], [ 85.140205, 25.955521 ], [ 85.140195, 25.95514 ], [ 85.140236, 25.954088 ], [ 85.140347, 25.953281 ], [ 85.140488, 25.952374 ], [ 85.140953, 25.949172 ], [ 85.141114, 25.948438 ], [ 85.141336, 25.947848 ], [ 85.141619, 25.947232 ], [ 85.142002, 25.946633 ], [ 85.142638, 25.945926 ], [ 85.143243, 25.945418 ], [ 85.144474, 25.944601 ], [ 85.145493, 25.943867 ], [ 85.1463, 25.94315 ], [ 85.147369, 25.941989 ], [ 85.149218, 25.93986 ], [ 85.150459, 25.938482 ], [ 85.151205, 25.937571 ], [ 85.15233, 25.936346 ], [ 85.153298, 25.935213 ], [ 85.154912, 25.933376 ], [ 85.155996, 25.932048 ], [ 85.156828, 25.9311 ], [ 85.162322, 25.924633 ], [ 85.163823, 25.922836 ], [ 85.164827, 25.92146 ], [ 85.165388, 25.920784 ], [ 85.166958, 25.918938 ], [ 85.167708, 25.91806 ], [ 85.168495, 25.917117 ], [ 85.168933, 25.916569 ], [ 85.169434, 25.915892 ], [ 85.169866, 25.915227 ], [ 85.170241, 25.914602 ], [ 85.170511, 25.914115 ], [ 85.170841, 25.913397 ], [ 85.171111, 25.912773 ], [ 85.171355, 25.912099 ], [ 85.171499, 25.911641 ], [ 85.17172, 25.910793 ], [ 85.172072, 25.909211 ], [ 85.172329, 25.907986 ], [ 85.172568, 25.906927 ], [ 85.172971, 25.905068 ], [ 85.173341, 25.903307 ], [ 85.173612, 25.902041 ], [ 85.173864, 25.900856 ], [ 85.174162, 25.899753 ], [ 85.174342, 25.899258 ], [ 85.174613, 25.898649 ], [ 85.174974, 25.897951 ], [ 85.17538, 25.897294 ], [ 85.175795, 25.89671 ], [ 85.176173, 25.896247 ], [ 85.176552, 25.895842 ], [ 85.17703, 25.895379 ], [ 85.177716, 25.894771 ], [ 85.178762, 25.893829 ], [ 85.180661, 25.892158 ], [ 85.182059, 25.890904 ], [ 85.183064, 25.890011 ], [ 85.184904, 25.888368 ], [ 85.186401, 25.887037 ], [ 85.187934, 25.885698 ], [ 85.18949, 25.884311 ], [ 85.190874, 25.883097 ], [ 85.192042, 25.882042 ], [ 85.192763, 25.881405 ], [ 85.193548, 25.880679 ], [ 85.193859, 25.880334 ], [ 85.194119, 25.880008 ], [ 85.194369, 25.879665 ], [ 85.194725, 25.879076 ], [ 85.194937, 25.878667 ], [ 85.195167, 25.878139 ], [ 85.195293, 25.877786 ], [ 85.195423, 25.87738 ], [ 85.195505, 25.877015 ], [ 85.195572, 25.876654 ], [ 85.195635, 25.876167 ], [ 85.195653, 25.875798 ], [ 85.195662, 25.875424 ], [ 85.195635, 25.874897 ], [ 85.195454, 25.873537 ], [ 85.195211, 25.871825 ], [ 85.194931, 25.869889 ], [ 85.194678, 25.868043 ], [ 85.194425, 25.866184 ], [ 85.194186, 25.864484 ], [ 85.193915, 25.862536 ], [ 85.193676, 25.860808 ], [ 85.193409, 25.859014 ], [ 85.193102, 25.8569 ], [ 85.192818, 25.85483 ], [ 85.192606, 25.853337 ], [ 85.192353, 25.851835 ], [ 85.19224, 25.850679 ], [ 85.192091, 25.849563 ], [ 85.191987, 25.84882 ], [ 85.191942, 25.848402 ], [ 85.19191, 25.848001 ], [ 85.191892, 25.847611 ], [ 85.191897, 25.847152 ], [ 85.191924, 25.846751 ], [ 85.191991, 25.846134 ], [ 85.192108, 25.845598 ], [ 85.192253, 25.845055 ], [ 85.192609, 25.844105 ], [ 85.193113, 25.842977 ], [ 85.19365, 25.841674 ], [ 85.193821, 25.841114 ], [ 85.19393, 25.840728 ], [ 85.194085, 25.840081 ], [ 85.194175, 25.839318 ], [ 85.19422, 25.838563 ], [ 85.194229, 25.837703 ], [ 85.194184, 25.834805 ], [ 85.194138, 25.831834 ], [ 85.194192, 25.83004 ], [ 85.194201, 25.829074 ], [ 85.194119, 25.826354 ], [ 85.194083, 25.823797 ], [ 85.194101, 25.82072 ], [ 85.194065, 25.818844 ], [ 85.194147, 25.818072 ], [ 85.194291, 25.817212 ], [ 85.194454, 25.816091 ], [ 85.194634, 25.815255 ], [ 85.194869, 25.814434 ], [ 85.195203, 25.813452 ], [ 85.196159, 25.811121 ], [ 85.197693, 25.80767 ], [ 85.199172, 25.804349 ], [ 85.200733, 25.800839 ], [ 85.2026, 25.796753 ], [ 85.204313, 25.793065 ], [ 85.205524, 25.79009 ], [ 85.209168, 25.782666 ], [ 85.212145, 25.776606 ], [ 85.21461, 25.771703 ] ] ] } },
{ "type": "Feature", "properties": { "ID": "150113177", "TRK_NME": null, "FTR_CRY": "BG", "CITY_NME": null, "STT_NME": "Bihar", "SHAPE_Leng": "0.001041618932238" }, "geometry": { "type": "MultiLineString", "coordinates": [ [ [ 85.161312, 26.259861 ], [ 85.162283, 26.259484 ] ] ] } },
{ "type": "Feature", "properties": { "ID": "150133797", "TRK_NME": null, "FTR_CRY": "BG", "CITY_NME": "Motipur", "STT_NME": "Bihar", "SHAPE_Leng": "0.014096958584364" }, "geometry": { "type": "MultiLineString", "coordinates": [ [ [ 85.175581, 26.25481 ], [ 85.175574, 26.254812 ], [ 85.174019, 26.255323 ], [ 85.172908, 26.255729 ], [ 85.171921, 26.256061 ], [ 85.169492, 26.256906 ], [ 85.166681, 26.257881 ], [ 85.165747, 26.258209 ], [ 85.165345, 26.258351 ], [ 85.163849, 26.258876 ], [ 85.162283, 26.259484 ] ] ] } },
{ "type": "Feature", "properties": { "ID": "150113216", "TRK_NME": null, "FTR_CRY": "BG", "CITY_NME": null, "STT_NME": "Bihar", "SHAPE_Leng": "0.052702493100818" }, "geometry": { "type": "MultiLineString", "coordinates": [ [ [ 85.127592, 26.29953 ], [ 85.127958, 26.298996 ], [ 85.128397, 26.298419 ], [ 85.129065, 26.297482 ], [ 85.129664, 26.296638 ], [ 85.131102, 26.294564 ], [ 85.131674, 26.293775 ], [ 85.132462, 26.292703 ], [ 85.133811, 26.29081 ], [ 85.13453, 26.289803 ], [ 85.135728, 26.288115 ], [ 85.136495, 26.28704 ], [ 85.137327, 26.285852 ], [ 85.139005, 26.283495 ], [ 85.139444, 26.282922 ], [ 85.14113, 26.280544 ], [ 85.142376, 26.278771 ], [ 85.143114, 26.277724 ], [ 85.143836, 26.276742 ], [ 85.14473, 26.275489 ], [ 85.146055, 26.273596 ], [ 85.147209, 26.271987 ], [ 85.147962, 26.270925 ], [ 85.148499, 26.270201 ], [ 85.149328, 26.269059 ], [ 85.149814, 26.268428 ], [ 85.150603, 26.267505 ], [ 85.15205, 26.266002 ], [ 85.152557, 26.26552 ], [ 85.153786, 26.264433 ], [ 85.15442, 26.263917 ], [ 85.155345, 26.263216 ], [ 85.156946, 26.262166 ], [ 85.157844, 26.261625 ], [ 85.158529, 26.261229 ], [ 85.159071, 26.260932 ], [ 85.16045, 26.260259 ], [ 85.161312, 26.259861 ] ] ] } },
{ "type": "Feature", "properties": { "ID": "150113079", "TRK_NME": null, "FTR_CRY": "BG", "CITY_NME": "Motipur", "STT_NME": "Bihar", "SHAPE_Leng": "0.009190561410553" }, "geometry": { "type": "MultiLineString", "coordinates": [ [ [ 85.165345, 26.258351 ], [ 85.16557, 26.258301 ], [ 85.166252, 26.258077 ], [ 85.167081, 26.257789 ], [ 85.169017, 26.257117 ], [ 85.17023, 26.256695 ], [ 85.171899, 26.256108 ], [ 85.173264, 26.255639 ], [ 85.174019, 26.255323 ] ] ] } },
{ "type": "Feature", "properties": { "ID": "150113080", "TRK_NME": null, "FTR_CRY": "BG", "CITY_NME": "Motipur", "STT_NME": "Bihar", "SHAPE_Leng": "0.008763890684058" }, "geometry": { "type": "MultiLineString", "coordinates": [ [ [ 85.165747, 26.258209 ], [ 85.166049, 26.258077 ], [ 85.166686, 26.257837 ], [ 85.167722, 26.257477 ], [ 85.169531, 26.256846 ], [ 85.171649, 26.256107 ], [ 85.173064, 26.255627 ], [ 85.173574, 26.255438 ], [ 85.174019, 26.255323 ] ] ] } },
{ "type": "Feature", "properties": { "ID": "150113263", "TRK_NME": "Chhapra to Thawe", "FTR_CRY": "MG", "CITY_NME": null, "STT_NME": "Bihar", "SHAPE_Leng": "0.432651198764879" }, "geometry": { "type": "MultiLineString", "coordinates": [ [ [ 84.846538, 26.001531 ], [ 84.846244, 26.002318 ], [ 84.84485, 26.006076 ], [ 84.843712, 26.009094 ], [ 84.843169, 26.010541 ], [ 84.840736, 26.016912 ], [ 84.839335, 26.020701 ], [ 84.836028, 26.029492 ], [ 84.835346, 26.031314 ], [ 84.834611, 26.033286 ], [ 84.833765, 26.035501 ], [ 84.832572, 26.038669 ], [ 84.831589, 26.041271 ], [ 84.831188, 26.042349 ], [ 84.829647, 26.046417 ], [ 84.828476, 26.049525 ], [ 84.826793, 26.053998 ], [ 84.826597, 26.054513 ], [ 84.825979, 26.056162 ], [ 84.825227, 26.058163 ], [ 84.824311, 26.060584 ], [ 84.823141, 26.063694 ], [ 84.821796, 26.067255 ], [ 84.821428, 26.068205 ], [ 84.820935, 26.069536 ], [ 84.817484, 26.078666 ], [ 84.816425, 26.081438 ], [ 84.813677, 26.088766 ], [ 84.811463, 26.094628 ], [ 84.81051, 26.09715 ], [ 84.809748, 26.099142 ], [ 84.809464, 26.099866 ], [ 84.808961, 26.101185 ], [ 84.808779, 26.10161 ], [ 84.808408, 26.102455 ], [ 84.807873, 26.103846 ], [ 84.807823, 26.104009 ], [ 84.807778, 26.104172 ], [ 84.807756, 26.104302 ], [ 84.807731, 26.104476 ], [ 84.807711, 26.104657 ], [ 84.807694, 26.104881 ], [ 84.807696, 26.105037 ], [ 84.807708, 26.105296 ], [ 84.807748, 26.105701 ], [ 84.807791, 26.106041 ], [ 84.807861, 26.106617 ], [ 84.808033, 26.107699 ], [ 84.808516, 26.111176 ], [ 84.809324, 26.117099 ], [ 84.809538, 26.118498 ], [ 84.809714, 26.119685 ], [ 84.81053, 26.125482 ], [ 84.811055, 26.129157 ], [ 84.811631, 26.133263 ], [ 84.812268, 26.137791 ], [ 84.81486, 26.156185 ], [ 84.815266, 26.159174 ], [ 84.815856, 26.163234 ], [ 84.815912, 26.163828 ], [ 84.815945, 26.164208 ], [ 84.815966, 26.16453 ], [ 84.815975, 26.164911 ], [ 84.815987, 26.165241 ], [ 84.815981, 26.165693 ], [ 84.815959, 26.166109 ], [ 84.815927, 26.166513 ], [ 84.815889, 26.166819 ], [ 84.815835, 26.167239 ], [ 84.815767, 26.167702 ], [ 84.815672, 26.168261 ], [ 84.815533, 26.168838 ], [ 84.815427, 26.169217 ], [ 84.815251, 26.169803 ], [ 84.815179, 26.170029 ], [ 84.815115, 26.17022 ], [ 84.815002, 26.170499 ], [ 84.81486, 26.170861 ], [ 84.814736, 26.171169 ], [ 84.814475, 26.171698 ], [ 84.814304, 26.172054 ], [ 84.814048, 26.172518 ], [ 84.813897, 26.172778 ], [ 84.813686, 26.173119 ], [ 84.813248, 26.173792 ], [ 84.812735, 26.174518 ], [ 84.81186, 26.175816 ], [ 84.811078, 26.176968 ], [ 84.806122, 26.184184 ], [ 84.805478, 26.185078 ], [ 84.804598, 26.186177 ], [ 84.804272, 26.186674 ], [ 84.803125, 26.188424 ], [ 84.801838, 26.190499 ], [ 84.792764, 26.203762 ], [ 84.792379, 26.20431 ], [ 84.791762, 26.20518 ], [ 84.791148, 26.206058 ], [ 84.790695, 26.206683 ], [ 84.79024, 26.207345 ], [ 84.789449, 26.208498 ], [ 84.788474, 26.209934 ], [ 84.788103, 26.210471 ], [ 84.787442, 26.211477 ], [ 84.786983, 26.212137 ], [ 84.786757, 26.212472 ], [ 84.786163, 26.213397 ], [ 84.785559, 26.214257 ], [ 84.785376, 26.214512 ], [ 84.785112, 26.214866 ], [ 84.784716, 26.215373 ], [ 84.784397, 26.215763 ], [ 84.778512, 26.222927 ], [ 84.77391, 26.228545 ], [ 84.771144, 26.231992 ], [ 84.770622, 26.23263 ], [ 84.77018, 26.233164 ], [ 84.768881, 26.234766 ], [ 84.765035, 26.239456 ], [ 84.762686, 26.242333 ], [ 84.760557, 26.244934 ], [ 84.758822, 26.24706 ], [ 84.753493, 26.25358 ], [ 84.751972, 26.25543 ], [ 84.750649, 26.25705 ], [ 84.748594, 26.25954 ], [ 84.746827, 26.261721 ], [ 84.743782, 26.265463 ], [ 84.740155, 26.269884 ], [ 84.728548, 26.284109 ], [ 84.728293, 26.284402 ], [ 84.727872, 26.284845 ], [ 84.727374, 26.285371 ], [ 84.72689, 26.285937 ], [ 84.724494, 26.288847 ], [ 84.722083, 26.291801 ], [ 84.721131, 26.292949 ], [ 84.72081, 26.293296 ], [ 84.720509, 26.293606 ], [ 84.719942, 26.29411 ], [ 84.719554, 26.294429 ], [ 84.718881, 26.294955 ], [ 84.706691, 26.304363 ], [ 84.704051, 26.306422 ], [ 84.699363, 26.310076 ], [ 84.693071, 26.314906 ], [ 84.689296, 26.31785 ], [ 84.686625, 26.319922 ], [ 84.682441, 26.323179 ], [ 84.680261, 26.324877 ], [ 84.673681, 26.329973 ], [ 84.672522, 26.330892 ], [ 84.671229, 26.331915 ], [ 84.670867, 26.332173 ], [ 84.666277, 26.335708 ], [ 84.665883, 26.33603 ], [ 84.665584, 26.336341 ], [ 84.665338, 26.336514 ], [ 84.665089, 26.336681 ], [ 84.664801, 26.336867 ], [ 84.664386, 26.337125 ], [ 84.663885, 26.337425 ], [ 84.663458, 26.337661 ], [ 84.661833, 26.338671 ], [ 84.661451, 26.338891 ], [ 84.661036, 26.339122 ], [ 84.660502, 26.339428 ], [ 84.659966, 26.339691 ], [ 84.659384, 26.339964 ], [ 84.656983, 26.340876 ], [ 84.655154, 26.341548 ], [ 84.650258, 26.343373 ], [ 84.64367, 26.345801 ], [ 84.640857, 26.346869 ], [ 84.640332, 26.347079 ], [ 84.639251, 26.347546 ], [ 84.63718, 26.348306 ] ] ] } },
{ "type": "Feature", "properties": { "ID": "150113413", "TRK_NME": null, "FTR_CRY": "MG", "CITY_NME": null, "STT_NME": "Bihar", "SHAPE_Leng": "0.11024728212321" }, "geometry": { "type": "MultiLineString", "coordinates": [ [ [ 84.539715, 26.397449 ], [ 84.540139, 26.397205 ], [ 84.540548, 26.396974 ], [ 84.540803, 26.396825 ], [ 84.54117, 26.396618 ], [ 84.541523, 26.39641 ], [ 84.542336, 26.395947 ], [ 84.543148, 26.395477 ], [ 84.544476, 26.394718 ], [ 84.546024, 26.393828 ], [ 84.546615, 26.393493 ], [ 84.54697, 26.393288 ], [ 84.547653, 26.392892 ], [ 84.548024, 26.392682 ], [ 84.548985, 26.392121 ], [ 84.549741, 26.391665 ], [ 84.550803, 26.390985 ], [ 84.55163, 26.390478 ], [ 84.552143, 26.39017 ], [ 84.554446, 26.388848 ], [ 84.555057, 26.388485 ], [ 84.55728, 26.387216 ], [ 84.558007, 26.38678 ], [ 84.55841, 26.386518 ], [ 84.559112, 26.386005 ], [ 84.559726, 26.385504 ], [ 84.561709, 26.383839 ], [ 84.562397, 26.383267 ], [ 84.563152, 26.382625 ], [ 84.563681, 26.382177 ], [ 84.564872, 26.381181 ], [ 84.565251, 26.380848 ], [ 84.565824, 26.380378 ], [ 84.566278, 26.38003 ], [ 84.566977, 26.379497 ], [ 84.567926, 26.378718 ], [ 84.56813, 26.37854 ], [ 84.568786, 26.378009 ], [ 84.570455, 26.37658 ], [ 84.571649, 26.375597 ], [ 84.572328, 26.375029 ], [ 84.57269, 26.374758 ], [ 84.57306, 26.374495 ], [ 84.574077, 26.373615 ], [ 84.574765, 26.373044 ], [ 84.575696, 26.372253 ], [ 84.576784, 26.37136 ], [ 84.577365, 26.370853 ], [ 84.577635, 26.370632 ], [ 84.57797, 26.370372 ], [ 84.578159, 26.370237 ], [ 84.578346, 26.37012 ], [ 84.578566, 26.369987 ], [ 84.5788, 26.369862 ], [ 84.579117, 26.36966 ], [ 84.579348, 26.369543 ], [ 84.580149, 26.369225 ], [ 84.581839, 26.368606 ], [ 84.582245, 26.368465 ], [ 84.583683, 26.367939 ], [ 84.584827, 26.367525 ], [ 84.587031, 26.366713 ], [ 84.588687, 26.366117 ], [ 84.589606, 26.365772 ], [ 84.592269, 26.364784 ], [ 84.594199, 26.364069 ], [ 84.596493, 26.363233 ], [ 84.600422, 26.361785 ], [ 84.602153, 26.361145 ], [ 84.603564, 26.360632 ], [ 84.604377, 26.360324 ], [ 84.605767, 26.35983 ], [ 84.606396, 26.359608 ], [ 84.6077, 26.359116 ], [ 84.610229, 26.358175 ], [ 84.611264, 26.357803 ], [ 84.613233, 26.357089 ], [ 84.614282, 26.356701 ], [ 84.614994, 26.356454 ], [ 84.616506, 26.355893 ], [ 84.618682, 26.355088 ], [ 84.621164, 26.354177 ], [ 84.621889, 26.353918 ], [ 84.623046, 26.353494 ], [ 84.624298, 26.353029 ], [ 84.624809, 26.352845 ], [ 84.625777, 26.35249 ], [ 84.626478, 26.352235 ], [ 84.626928, 26.352073 ], [ 84.632819, 26.349903 ], [ 84.633342, 26.349715 ], [ 84.634609, 26.349253 ], [ 84.636109, 26.348703 ], [ 84.63679, 26.348453 ], [ 84.63718, 26.348306 ] ] ] } },
{ "type": "Feature", "properties": { "ID": "150164385", "TRK_NME": null, "FTR_CRY": "MG", "CITY_NME": null, "STT_NME": "Bihar", "SHAPE_Leng": "0.00718259375603" }, "geometry": { "type": "MultiLineString", "coordinates": [ [ [ 84.671229, 26.331915 ], [ 84.670897, 26.332279 ], [ 84.669892, 26.333036 ], [ 84.669344, 26.333472 ], [ 84.668122, 26.334418 ], [ 84.665984, 26.336086 ], [ 84.665584, 26.336341 ] ] ] } },
{ "type": "Feature", "properties": { "ID": "150113084", "TRK_NME": null, "FTR_CRY": "BG", "CITY_NME": null, "STT_NME": "Bihar", "SHAPE_Leng": "0.009657072541326" }, "geometry": { "type": "MultiLineString", "coordinates": [ [ [ 84.336472, 26.214355 ], [ 84.337451, 26.214348 ], [ 84.339579, 26.214309 ], [ 84.341071, 26.214269 ], [ 84.342457, 26.214215 ], [ 84.343286, 26.214166 ], [ 84.343821, 26.21411 ], [ 84.34437, 26.214024 ], [ 84.345352, 26.213823 ], [ 84.346068, 26.213622 ] ] ] } },
{ "type": "Feature", "properties": { "ID": "150113073", "TRK_NME": null, "FTR_CRY": "MG", "CITY_NME": "Gopalganj", "STT_NME": "Bihar", "SHAPE_Leng": "0.006552981363663" }, "geometry": { "type": "MultiLineString", "coordinates": [ [ [ 84.438713, 26.453784 ], [ 84.438422, 26.453825 ], [ 84.437273, 26.4538 ], [ 84.435157, 26.45373 ], [ 84.433728, 26.453675 ], [ 84.432626, 26.453607 ], [ 84.432176, 26.453519 ] ] ] } },
{ "type": "Feature", "properties": { "ID": "150113074", "TRK_NME": null, "FTR_CRY": "MG", "CITY_NME": "Gopalganj", "STT_NME": "Bihar", "SHAPE_Leng": "0.007490507397732" }, "geometry": { "type": "MultiLineString", "coordinates": [ [ [ 84.432176, 26.453519 ], [ 84.432646, 26.453476 ], [ 84.433834, 26.453537 ], [ 84.435388, 26.453593 ], [ 84.437438, 26.453685 ], [ 84.438825, 26.453745 ], [ 84.439063, 26.45375 ], [ 84.439655, 26.453815 ] ] ] } },
{ "type": "Feature", "properties": { "ID": "150113261", "TRK_NME": "Chhapra to Thawe", "FTR_CRY": "MG", "CITY_NME": null, "STT_NME": "Bihar", "SHAPE_Leng": "0.014031821260342" }, "geometry": { "type": "MultiLineString", "coordinates": [ [ [ 84.404129, 26.449177 ], [ 84.401659, 26.447673 ], [ 84.399684, 26.446484 ], [ 84.398767, 26.445739 ], [ 84.397992, 26.444903 ], [ 84.397157, 26.443672 ], [ 84.394631, 26.439634 ], [ 84.394765, 26.43986 ] ] ] } },
{ "type": "Feature", "properties": { "ID": "150113265", "TRK_NME": "Chhapra To Dehli", "FTR_CRY": "BG", "CITY_NME": null, "STT_NME": "Bihar", "SHAPE_Leng": "0.116405118433643" }, "geometry": { "type": "MultiLineString", "coordinates": [ [ [ 84.312712, 26.215471 ], [ 84.301387, 26.215945 ], [ 84.299467, 26.216037 ], [ 84.297753, 26.216122 ], [ 84.295394, 26.216228 ], [ 84.293442, 26.216323 ], [ 84.29161, 26.216406 ], [ 84.289818, 26.216487 ], [ 84.288282, 26.216553 ], [ 84.286385, 26.21664 ], [ 84.285632, 26.21667 ], [ 84.284997, 26.21673 ], [ 84.284307, 26.216818 ], [ 84.28243, 26.217118 ], [ 84.280601, 26.217404 ], [ 84.278689, 26.217705 ], [ 84.276528, 26.218041 ], [ 84.273926, 26.218448 ], [ 84.271665, 26.218806 ], [ 84.270186, 26.219023 ], [ 84.266173, 26.219633 ], [ 84.261948, 26.22031 ], [ 84.261561, 26.220423 ], [ 84.261014, 26.220466 ], [ 84.260475, 26.220461 ], [ 84.25928, 26.220466 ], [ 84.256387, 26.220479 ], [ 84.253112, 26.220504 ], [ 84.252643, 26.220443 ], [ 84.250239, 26.220459 ], [ 84.24923, 26.220473 ], [ 84.248341, 26.220489 ], [ 84.247968, 26.220509 ], [ 84.247481, 26.22056 ], [ 84.24676, 26.220662 ], [ 84.246193, 26.220777 ], [ 84.24528, 26.220999 ], [ 84.243257, 26.221538 ], [ 84.240344, 26.222314 ], [ 84.23802, 26.222938 ], [ 84.234763, 26.223809 ], [ 84.233116, 26.224255 ], [ 84.231352, 26.224717 ], [ 84.229455, 26.225214 ], [ 84.227806, 26.22566 ], [ 84.225964, 26.226151 ], [ 84.224177, 26.226628 ], [ 84.222167, 26.227164 ], [ 84.220112, 26.227702 ], [ 84.21843, 26.228175 ], [ 84.216029, 26.228826 ], [ 84.214242, 26.229305 ], [ 84.213579, 26.229476 ], [ 84.212756, 26.229677 ], [ 84.212021, 26.229839 ], [ 84.21168, 26.229908 ], [ 84.210641, 26.230089 ], [ 84.209291, 26.23032 ], [ 84.207702, 26.230593 ], [ 84.205406, 26.230971 ], [ 84.202803, 26.231419 ], [ 84.201049, 26.231732 ], [ 84.198049, 26.232264 ] ] ] } },
{ "type": "Feature", "properties": { "ID": "150113259", "TRK_NME": "Siwan to Gopalganj", "FTR_CRY": "BG", "CITY_NME": null, "STT_NME": "Bihar", "SHAPE_Leng": "0.084156476258481" }, "geometry": { "type": "MultiLineString", "coordinates": [ [ [ 84.348706, 26.259896 ], [ 84.348504, 26.262324 ], [ 84.34799, 26.269188 ], [ 84.347834, 26.271294 ], [ 84.347671, 26.273626 ], [ 84.345685, 26.298655 ], [ 84.343594, 26.325553 ], [ 84.3429, 26.334247 ], [ 84.342169, 26.343798 ] ] ] } },
{ "type": "Feature", "properties": { "ID": "150164386", "TRK_NME": null, "FTR_CRY": "BG", "CITY_NME": null, "STT_NME": "Bihar", "SHAPE_Leng": "0.184832705705506" }, "geometry": { "type": "MultiLineString", "coordinates": [ [ [ 84.349271, 26.383614 ], [ 84.349728, 26.384193 ], [ 84.35049, 26.385326 ], [ 84.350928, 26.386337 ], [ 84.351219, 26.38749 ], [ 84.351327, 26.388878 ], [ 84.351234, 26.389785 ], [ 84.35079, 26.39154 ], [ 84.350008, 26.393298 ], [ 84.349233, 26.394856 ], [ 84.348521, 26.396086 ], [ 84.348038, 26.396679 ], [ 84.34767, 26.397093 ], [ 84.346305, 26.39819 ], [ 84.345775, 26.398503 ], [ 84.345021, 26.398866 ], [ 84.343832, 26.399305 ], [ 84.34084, 26.400244 ], [ 84.338172, 26.401082 ], [ 84.334324, 26.402246 ], [ 84.330731, 26.403324 ], [ 84.32606, 26.404774 ], [ 84.322885, 26.405723 ], [ 84.319134, 26.406863 ], [ 84.317782, 26.407277 ], [ 84.316391, 26.407708 ], [ 84.314923, 26.40803 ], [ 84.314193, 26.40815 ], [ 84.313115, 26.408279 ], [ 84.312483, 26.408329 ], [ 84.31092, 26.408367 ], [ 84.307852, 26.408389 ], [ 84.305584, 26.4084 ], [ 84.302565, 26.408417 ], [ 84.300297, 26.408466 ], [ 84.299461, 26.408485 ], [ 84.298569, 26.40857 ], [ 84.297518, 26.408768 ], [ 84.296951, 26.40893 ], [ 84.29326, 26.40998 ], [ 84.290894, 26.410611 ], [ 84.28885, 26.411231 ], [ 84.287605, 26.41178 ], [ 84.286989, 26.412197 ], [ 84.286331, 26.412819 ], [ 84.285929, 26.413207 ], [ 84.285512, 26.41372 ], [ 84.285162, 26.414291 ], [ 84.285009, 26.414541 ], [ 84.284791, 26.415087 ], [ 84.284623, 26.415504 ], [ 84.284522, 26.415935 ], [ 84.284381, 26.416637 ], [ 84.284123, 26.417697 ], [ 84.283921, 26.418405 ], [ 84.283451, 26.420419 ], [ 84.282666, 26.424042 ], [ 84.281685, 26.42818 ], [ 84.280906, 26.431347 ], [ 84.27998, 26.435096 ], [ 84.279287, 26.438087 ], [ 84.278784, 26.440008 ], [ 84.278691, 26.440312 ], [ 84.278502, 26.440732 ], [ 84.277919, 26.441923 ], [ 84.276926, 26.4434 ], [ 84.275166, 26.445919 ], [ 84.272934, 26.449025 ], [ 84.271665, 26.450831 ], [ 84.269176, 26.454343 ], [ 84.266877, 26.457571 ], [ 84.263689, 26.462033 ], [ 84.262886, 26.463169 ], [ 84.262303, 26.463948 ], [ 84.26188, 26.464453 ], [ 84.261267, 26.465051 ], [ 84.26074, 26.465484 ], [ 84.259925, 26.466088 ], [ 84.258702, 26.466845 ], [ 84.257883, 26.467363 ], [ 84.254714, 26.469258 ], [ 84.251618, 26.471041 ], [ 84.250374, 26.471869 ], [ 84.249488, 26.472591 ], [ 84.248669, 26.473317 ], [ 84.247903, 26.474184 ], [ 84.247014, 26.475188 ], [ 84.245996, 26.476466 ], [ 84.245432, 26.477328 ], [ 84.244764, 26.478535 ], [ 84.244126, 26.47989 ], [ 84.242915, 26.482484 ], [ 84.242005, 26.484459 ], [ 84.241625, 26.485183 ], [ 84.2413, 26.485797 ], [ 84.240598, 26.486755 ], [ 84.239844, 26.487739 ], [ 84.239054, 26.488724 ], [ 84.238401, 26.489557 ], [ 84.237785, 26.490331 ], [ 84.236271, 26.492234 ], [ 84.234193, 26.494894 ], [ 84.230748, 26.499194 ] ] ] } },
{ "type": "Feature", "properties": { "ID": "150113426", "TRK_NME": "Siwan to Gopalganj", "FTR_CRY": "BG", "CITY_NME": null, "STT_NME": "Bihar", "SHAPE_Leng": "0.073808505325273" }, "geometry": { "type": "MultiLineString", "coordinates": [ [ [ 84.348637, 26.382979 ], [ 84.349195, 26.383534 ], [ 84.349271, 26.383614 ], [ 84.349688, 26.383971 ], [ 84.350387, 26.384649 ], [ 84.355821, 26.390044 ], [ 84.357482, 26.391733 ], [ 84.358128, 26.392436 ], [ 84.359202, 26.393504 ], [ 84.36016, 26.394452 ], [ 84.362343, 26.396437 ], [ 84.365384, 26.399462 ], [ 84.369179, 26.403177 ], [ 84.376278, 26.410166 ], [ 84.376982, 26.410864 ], [ 84.377427, 26.411345 ], [ 84.377741, 26.41171 ], [ 84.377962, 26.411983 ], [ 84.378239, 26.412357 ], [ 84.378702, 26.413033 ], [ 84.37925, 26.413949 ], [ 84.388739, 26.429825 ], [ 84.391479, 26.434358 ], [ 84.394765, 26.43986 ] ] ] } },
{ "type": "Feature", "properties": { "ID": "150127210", "TRK_NME": "Siwan to Gopalganj", "FTR_CRY": "BG", "CITY_NME": null, "STT_NME": "Bihar", "SHAPE_Leng": "0.184592285817152" }, "geometry": { "type": "MultiLineString", "coordinates": [ [ [ 84.394765, 26.43986 ], [ 84.395027, 26.440439 ], [ 84.395637, 26.441456 ], [ 84.395818, 26.441786 ], [ 84.39604, 26.442334 ], [ 84.396212, 26.44262 ], [ 84.396421, 26.442883 ], [ 84.396742, 26.443277 ], [ 84.397081, 26.443788 ], [ 84.397577, 26.444599 ], [ 84.398519, 26.446533 ], [ 84.398838, 26.447454 ], [ 84.399136, 26.44845 ], [ 84.39927, 26.449063 ], [ 84.399396, 26.44988 ], [ 84.399458, 26.450611 ], [ 84.399492, 26.451293 ], [ 84.399424, 26.452723 ], [ 84.39936, 26.453561 ], [ 84.399062, 26.455121 ], [ 84.398899, 26.455706 ], [ 84.398686, 26.456401 ], [ 84.398317, 26.457384 ], [ 84.397937, 26.458199 ], [ 84.39716, 26.459689 ], [ 84.396214, 26.46151 ], [ 84.392202, 26.469224 ], [ 84.391258, 26.471077 ], [ 84.389007, 26.475407 ], [ 84.383594, 26.485874 ], [ 84.372913, 26.506335 ], [ 84.370236, 26.511482 ], [ 84.36922, 26.513379 ], [ 84.368614, 26.514335 ], [ 84.367954, 26.515233 ], [ 84.367632, 26.515607 ], [ 84.366395, 26.51697 ], [ 84.365057, 26.518405 ], [ 84.364009, 26.519532 ], [ 84.36363, 26.51993 ], [ 84.362104, 26.521567 ], [ 84.361488, 26.522228 ], [ 84.358689, 26.525199 ], [ 84.358144, 26.525781 ], [ 84.35694, 26.52719 ], [ 84.355623, 26.528625 ], [ 84.353383, 26.530918 ], [ 84.352322, 26.531992 ], [ 84.349594, 26.53492 ], [ 84.343484, 26.54144 ], [ 84.341714, 26.543308 ], [ 84.339513, 26.545668 ], [ 84.33761, 26.547694 ], [ 84.337033, 26.548296 ], [ 84.336436, 26.548987 ], [ 84.335765, 26.54977 ], [ 84.335384, 26.550343 ], [ 84.334232, 26.552145 ], [ 84.333473, 26.553368 ], [ 84.33247, 26.554937 ], [ 84.332067, 26.555644 ], [ 84.327877, 26.562446 ], [ 84.326796, 26.56414 ], [ 84.323908, 26.568807 ], [ 84.322663, 26.570823 ], [ 84.312327, 26.587488 ], [ 84.308774, 26.593216 ], [ 84.307692, 26.594973 ] ] ] } },
{ "type": "Feature", "properties": { "ID": "150113072", "TRK_NME": null, "FTR_CRY": "MG", "CITY_NME": null, "STT_NME": "Bihar", "SHAPE_Leng": "0.027577935939445" }, "geometry": { "type": "MultiLineString", "coordinates": [ [ [ 84.404129, 26.449177 ], [ 84.404385, 26.44932 ], [ 84.405026, 26.449701 ], [ 84.405581, 26.450026 ], [ 84.406092, 26.450342 ], [ 84.407095, 26.450902 ], [ 84.407415, 26.451056 ], [ 84.408263, 26.451454 ], [ 84.408624, 26.451603 ], [ 84.409233, 26.451845 ], [ 84.409654, 26.451985 ], [ 84.410349, 26.452207 ], [ 84.411046, 26.452405 ], [ 84.412189, 26.452662 ], [ 84.412753, 26.45276 ], [ 84.413332, 26.45284 ], [ 84.413879, 26.45293 ], [ 84.414152, 26.452958 ], [ 84.414581, 26.452986 ], [ 84.415015, 26.453011 ], [ 84.415203, 26.453018 ], [ 84.415489, 26.453025 ], [ 84.416775, 26.453033 ], [ 84.417309, 26.453059 ], [ 84.418213, 26.453099 ], [ 84.420208, 26.453193 ], [ 84.420595, 26.453225 ], [ 84.421967, 26.453277 ], [ 84.423707, 26.453296 ], [ 84.425004, 26.45328 ], [ 84.425596, 26.453276 ], [ 84.426591, 26.45326 ], [ 84.429315, 26.453408 ], [ 84.430892, 26.453469 ] ] ] } },
{ "type": "Feature", "properties": { "ID": "150129418", "TRK_NME": null, "FTR_CRY": "BG", "CITY_NME": null, "STT_NME": "Bihar", "SHAPE_Leng": "0.007472615612308" }, "geometry": { "type": "MultiLineString", "coordinates": [ [ [ 84.348637, 26.382979 ], [ 84.348233, 26.382557 ], [ 84.347656, 26.381985 ], [ 84.346458, 26.380807 ], [ 84.345532, 26.379905 ], [ 84.343629, 26.378045 ], [ 84.343309, 26.37774 ] ] ] } },
{ "type": "Feature", "properties": { "ID": "150113085", "TRK_NME": null, "FTR_CRY": "BG", "CITY_NME": null, "STT_NME": "Bihar", "SHAPE_Leng": "0.031558166509778" }, "geometry": { "type": "MultiLineString", "coordinates": [ [ [ 84.348706, 26.259896 ], [ 84.348768, 26.259181 ], [ 84.348829, 26.258401 ], [ 84.348899, 26.257571 ], [ 84.348951, 26.256779 ], [ 84.348991, 26.256432 ], [ 84.349045, 26.255692 ], [ 84.349091, 26.255088 ], [ 84.349189, 26.253874 ], [ 84.349266, 26.252975 ], [ 84.349336, 26.252058 ], [ 84.349415, 26.251018 ], [ 84.349489, 26.250083 ], [ 84.349575, 26.248998 ], [ 84.349643, 26.248128 ], [ 84.349718, 26.247174 ], [ 84.3498, 26.246094 ], [ 84.349884, 26.245061 ], [ 84.349958, 26.244108 ], [ 84.350027, 26.242985 ], [ 84.350101, 26.242116 ], [ 84.350127, 26.241667 ], [ 84.350182, 26.241022 ], [ 84.350233, 26.240424 ], [ 84.350301, 26.239528 ], [ 84.350357, 26.238774 ], [ 84.350421, 26.23791 ], [ 84.350506, 26.236908 ], [ 84.350604, 26.235779 ], [ 84.350666, 26.234822 ], [ 84.350751, 26.233782 ], [ 84.350768, 26.233162 ], [ 84.350742, 26.232665 ], [ 84.350702, 26.232298 ], [ 84.350623, 26.23188 ], [ 84.350508, 26.231372 ], [ 84.350267, 26.230648 ], [ 84.349905, 26.229858 ], [ 84.349437, 26.228849 ], [ 84.34936, 26.22868 ] ] ] } },
{ "type": "Feature", "properties": { "ID": "150129315", "TRK_NME": null, "FTR_CRY": "BG", "CITY_NME": null, "STT_NME": "Bihar", "SHAPE_Leng": "0.001660956485846" }, "geometry": { "type": "MultiLineString", "coordinates": [ [ [ 84.346094, 26.220131 ], [ 84.346109, 26.219875 ], [ 84.346205, 26.219352 ], [ 84.346416, 26.218656 ], [ 84.346465, 26.218519 ] ] ] } },
{ "type": "Feature", "properties": { "ID": "150129317", "TRK_NME": null, "FTR_CRY": "BG", "CITY_NME": "Siwan", "STT_NME": "Bihar", "SHAPE_Leng": "0.009264277787281" }, "geometry": { "type": "MultiLineString", "coordinates": [ [ [ 84.34936, 26.22868 ], [ 84.349029, 26.227953 ], [ 84.348748, 26.227353 ], [ 84.348482, 26.226853 ], [ 84.348101, 26.226085 ], [ 84.347682, 26.225272 ], [ 84.347247, 26.224383 ], [ 84.346816, 26.223443 ], [ 84.346505, 26.222757 ], [ 84.346342, 26.222341 ], [ 84.346227, 26.221961 ], [ 84.34618, 26.221746 ], [ 84.346096, 26.221246 ], [ 84.346064, 26.220662 ], [ 84.346094, 26.220131 ] ] ] } },
{ "type": "Feature", "properties": { "ID": "150131067", "TRK_NME": null, "FTR_CRY": "MG", "CITY_NME": "Gopalganj", "STT_NME": "Bihar", "SHAPE_Leng": "0.024981980632846" }, "geometry": { "type": "MultiLineString", "coordinates": [ [ [ 84.430892, 26.453469 ], [ 84.432176, 26.453519 ], [ 84.436374, 26.453706 ], [ 84.438713, 26.453784 ], [ 84.439655, 26.453815 ], [ 84.440758, 26.45385 ], [ 84.442768, 26.453921 ], [ 84.444662, 26.453991 ], [ 84.446404, 26.454061 ], [ 84.447427, 26.45408 ], [ 84.447702, 26.454081 ], [ 84.44801, 26.454069 ], [ 84.44851, 26.454046 ], [ 84.448937, 26.454016 ], [ 84.449314, 26.453987 ], [ 84.449937, 26.453901 ], [ 84.450566, 26.453739 ], [ 84.450967, 26.453654 ], [ 84.451137, 26.453614 ], [ 84.451527, 26.45349 ], [ 84.451909, 26.453343 ], [ 84.452489, 26.453142 ], [ 84.452682, 26.453047 ], [ 84.453117, 26.452839 ], [ 84.453616, 26.45257 ], [ 84.453998, 26.452339 ], [ 84.454346, 26.452141 ], [ 84.455265, 26.451468 ] ] ] } },
{ "type": "Feature", "properties": { "ID": "150113260", "TRK_NME": "Chhapra to Thawe", "FTR_CRY": "MG", "CITY_NME": null, "STT_NME": "Bihar", "SHAPE_Leng": "0.080796550227725" }, "geometry": { "type": "MultiLineString", "coordinates": [ [ [ 84.539715, 26.397449 ], [ 84.538058, 26.398399 ], [ 84.534572, 26.400403 ], [ 84.52405, 26.406432 ], [ 84.517133, 26.410393 ], [ 84.514186, 26.412078 ], [ 84.510427, 26.414239 ], [ 84.50555, 26.417045 ], [ 84.501667, 26.419262 ], [ 84.498563, 26.421051 ], [ 84.497709, 26.421621 ], [ 84.494946, 26.423506 ], [ 84.490048, 26.426801 ], [ 84.486823, 26.428991 ], [ 84.48012, 26.433512 ], [ 84.478395, 26.434674 ], [ 84.477739, 26.435141 ], [ 84.476856, 26.43579 ], [ 84.471093, 26.439967 ] ] ] } },
{ "type": "Feature", "properties": { "ID": "150131066", "TRK_NME": null, "FTR_CRY": "MG", "CITY_NME": null, "STT_NME": "Bihar", "SHAPE_Leng": "0.019565603422048" }, "geometry": { "type": "MultiLineString", "coordinates": [ [ [ 84.455265, 26.451468 ], [ 84.455492, 26.451302 ], [ 84.455794, 26.451083 ], [ 84.456037, 26.450904 ], [ 84.45654, 26.450542 ], [ 84.457148, 26.450105 ], [ 84.458145, 26.449376 ], [ 84.458448, 26.449153 ], [ 84.458727, 26.44896 ], [ 84.459051, 26.448725 ], [ 84.459589, 26.448331 ], [ 84.460054, 26.447981 ], [ 84.460841, 26.4474 ], [ 84.461574, 26.446878 ], [ 84.462668, 26.446093 ], [ 84.46313, 26.445756 ], [ 84.46345, 26.445525 ], [ 84.463871, 26.445225 ], [ 84.464402, 26.44484 ], [ 84.465733, 26.443866 ], [ 84.46648, 26.443325 ], [ 84.467805, 26.442367 ], [ 84.469768, 26.440934 ], [ 84.470485, 26.440408 ], [ 84.471093, 26.439967 ] ] ] } },
{ "type": "Feature", "properties": { "ID": "150164384", "TRK_NME": null, "FTR_CRY": "MG", "CITY_NME": null, "STT_NME": "Bihar", "SHAPE_Leng": "0.00824704679251" }, "geometry": { "type": "MultiLineString", "coordinates": [ [ [ 84.579117, 26.36966 ], [ 84.578729, 26.369801 ], [ 84.578459, 26.369942 ], [ 84.578287, 26.370051 ], [ 84.578071, 26.370186 ], [ 84.577869, 26.370324 ], [ 84.577652, 26.370489 ], [ 84.577368, 26.370715 ], [ 84.57708, 26.370951 ], [ 84.576532, 26.371419 ], [ 84.572951, 26.374428 ], [ 84.57269, 26.374758 ] ] ] } },
{ "type": "Feature", "properties": { "ID": "150164405", "TRK_NME": null, "FTR_CRY": "BG", "CITY_NME": "Siwan", "STT_NME": "Bihar", "SHAPE_Leng": "0.005637751658529" }, "geometry": { "type": "MultiLineString", "coordinates": [ [ [ 84.353331, 26.212004 ], [ 84.354121, 26.21195 ], [ 84.354799, 26.211871 ], [ 84.355259, 26.21183 ], [ 84.355856, 26.211767 ], [ 84.356193, 26.211715 ], [ 84.357307, 26.211481 ], [ 84.358898, 26.211166 ] ] ] } },
{ "type": "Feature", "properties": { "ID": "150164406", "TRK_NME": null, "FTR_CRY": "BG", "CITY_NME": "Siwan", "STT_NME": "Bihar", "SHAPE_Leng": "0.008890083335186" }, "geometry": { "type": "MultiLineString", "coordinates": [ [ [ 84.354121, 26.21195 ], [ 84.35553, 26.211638 ], [ 84.356873, 26.211337 ], [ 84.358363, 26.211015 ], [ 84.3601, 26.210634 ], [ 84.361964, 26.210242 ], [ 84.362454, 26.210101 ], [ 84.362787, 26.209983 ] ] ] } },
{ "type": "Feature", "properties": { "ID": "150164407", "TRK_NME": null, "FTR_CRY": "BG", "CITY_NME": "Siwan", "STT_NME": "Bihar", "SHAPE_Leng": "0.00836243657179" }, "geometry": { "type": "MultiLineString", "coordinates": [ [ [ 84.362787, 26.209983 ], [ 84.361209, 26.210323 ], [ 84.35881, 26.210823 ], [ 84.35539, 26.21158 ], [ 84.354607, 26.211717 ] ] ] } },
{ "type": "Feature", "properties": { "ID": "150164408", "TRK_NME": null, "FTR_CRY": "BG", "CITY_NME": "Siwan", "STT_NME": "Bihar", "SHAPE_Leng": "0.004069616953048" }, "geometry": { "type": "MultiLineString", "coordinates": [ [ [ 84.349363, 26.212906 ], [ 84.351993, 26.212334 ], [ 84.352841, 26.21213 ], [ 84.353331, 26.212004 ] ] ] } },
{ "type": "Feature", "properties": { "ID": "150132233", "TRK_NME": null, "FTR_CRY": "BG", "CITY_NME": "Siwan", "STT_NME": "Bihar", "SHAPE_Leng": "0.015687016946484" }, "geometry": { "type": "MultiLineString", "coordinates": [ [ [ 84.353885, 26.211862 ], [ 84.354649, 26.211601 ], [ 84.355154, 26.211385 ], [ 84.355831, 26.211168 ], [ 84.356742, 26.210973 ], [ 84.358802, 26.210516 ], [ 84.361199, 26.210018 ], [ 84.361681, 26.210025 ], [ 84.362198, 26.210022 ], [ 84.363287, 26.209842 ], [ 84.363593, 26.209786 ], [ 84.364554, 26.209602 ], [ 84.365152, 26.209485 ], [ 84.367086, 26.209034 ], [ 84.369178, 26.208574 ] ] ] } },
{ "type": "Feature", "properties": { "ID": "150164409", "TRK_NME": null, "FTR_CRY": "BG", "CITY_NME": "Siwan", "STT_NME": "Bihar", "SHAPE_Leng": "5.71909083646E-4" }, "geometry": { "type": "MultiLineString", "coordinates": [ [ [ 84.353331, 26.212004 ], [ 84.353885, 26.211862 ] ] ] } },
{ "type": "Feature", "properties": { "ID": "150164410", "TRK_NME": null, "FTR_CRY": "BG", "CITY_NME": "Siwan", "STT_NME": "Bihar", "SHAPE_Leng": "6.17602623094E-4" }, "geometry": { "type": "MultiLineString", "coordinates": [ [ [ 84.352779, 26.212281 ], [ 84.353331, 26.212004 ] ] ] } },
{ "type": "Feature", "properties": { "ID": "150164411", "TRK_NME": null, "FTR_CRY": "BG", "CITY_NME": "Siwan", "STT_NME": "Bihar", "SHAPE_Leng": "0.009407146814495" }, "geometry": { "type": "MultiLineString", "coordinates": [ [ [ 84.346465, 26.218519 ], [ 84.346821, 26.217528 ], [ 84.347083, 26.216795 ], [ 84.347268, 26.216369 ], [ 84.347511, 26.215937 ], [ 84.347847, 26.215413 ], [ 84.348067, 26.215123 ], [ 84.348373, 26.214752 ], [ 84.348674, 26.214458 ], [ 84.349012, 26.214129 ], [ 84.349453, 26.213752 ], [ 84.349954, 26.213385 ], [ 84.350054, 26.213312 ], [ 84.350321, 26.213152 ], [ 84.350664, 26.212955 ], [ 84.351117, 26.212765 ], [ 84.351627, 26.21258 ], [ 84.352181, 26.212441 ], [ 84.352779, 26.212281 ] ] ] } },
{ "type": "Feature", "properties": { "ID": "150129316", "TRK_NME": null, "FTR_CRY": "BG", "CITY_NME": "Siwan", "STT_NME": "Bihar", "SHAPE_Leng": "0.001382217421418" }, "geometry": { "type": "MultiLineString", "coordinates": [ [ [ 84.352779, 26.212281 ], [ 84.354121, 26.21195 ] ] ] } },
{ "type": "Feature", "properties": { "ID": "150164412", "TRK_NME": null, "FTR_CRY": "BG", "CITY_NME": "Siwan", "STT_NME": "Bihar", "SHAPE_Leng": "5.19500721832E-4" }, "geometry": { "type": "MultiLineString", "coordinates": [ [ [ 84.362787, 26.209983 ], [ 84.363287, 26.209842 ] ] ] } },
{ "type": "Feature", "properties": { "ID": "150166491", "TRK_NME": null, "FTR_CRY": "BG", "CITY_NME": null, "STT_NME": "Bihar", "SHAPE_Leng": "0.095614707514225" }, "geometry": { "type": "MultiLineString", "coordinates": [ [ [ 84.230748, 26.499194 ], [ 84.229982, 26.50019 ], [ 84.229106, 26.501264 ], [ 84.228406, 26.502171 ], [ 84.227873, 26.502785 ], [ 84.22753, 26.50315 ], [ 84.226942, 26.503746 ], [ 84.222506, 26.508073 ], [ 84.222019, 26.508629 ], [ 84.221683, 26.509078 ], [ 84.221395, 26.50948 ], [ 84.221174, 26.509862 ], [ 84.220893, 26.510359 ], [ 84.220656, 26.510848 ], [ 84.220431, 26.511385 ], [ 84.220225, 26.511939 ], [ 84.220033, 26.512554 ], [ 84.218104, 26.518668 ], [ 84.217711, 26.519743 ], [ 84.217521, 26.520169 ], [ 84.216685, 26.521617 ], [ 84.213708, 26.525627 ], [ 84.212514, 26.527239 ], [ 84.211923, 26.528057 ], [ 84.210281, 26.530276 ], [ 84.20572, 26.536457 ], [ 84.205285, 26.537065 ], [ 84.204738, 26.537785 ], [ 84.204231, 26.538353 ], [ 84.203913, 26.538702 ], [ 84.203376, 26.539209 ], [ 84.202666, 26.539803 ], [ 84.202216, 26.540149 ], [ 84.200436, 26.541317 ], [ 84.191194, 26.547265 ], [ 84.190442, 26.54777 ], [ 84.189984, 26.548137 ], [ 84.189619, 26.548473 ], [ 84.189155, 26.548994 ], [ 84.188713, 26.549524 ], [ 84.188343, 26.550066 ], [ 84.187248, 26.55173 ], [ 84.186148, 26.553387 ], [ 84.184861, 26.555378 ], [ 84.184193, 26.556426 ], [ 84.183469, 26.557508 ], [ 84.182781, 26.55856 ], [ 84.181945, 26.559748 ], [ 84.181726, 26.559991 ], [ 84.181466, 26.56026 ], [ 84.181168, 26.56055 ], [ 84.180689, 26.560945 ], [ 84.180164, 26.561315 ], [ 84.179582, 26.561702 ], [ 84.175024, 26.564373 ], [ 84.173608, 26.565209 ], [ 84.172202, 26.566015 ], [ 84.170892, 26.566786 ], [ 84.169733, 26.567465 ], [ 84.168194, 26.568397 ] ] ] } },
{ "type": "Feature", "properties": { "ID": "150164417", "TRK_NME": null, "FTR_CRY": "BG", "CITY_NME": null, "STT_NME": "Bihar", "SHAPE_Leng": "0.009214965613002" }, "geometry": { "type": "MultiLineString", "coordinates": [ [ [ 84.391479, 26.434358 ], [ 84.391685, 26.435033 ], [ 84.392155, 26.43592 ], [ 84.392541, 26.436538 ], [ 84.39305, 26.437392 ], [ 84.393421, 26.438008 ], [ 84.393804, 26.438645 ], [ 84.394249, 26.439409 ], [ 84.394763, 26.440265 ], [ 84.395359, 26.441242 ], [ 84.395488, 26.441503 ], [ 84.395637, 26.441807 ], [ 84.395843, 26.442082 ], [ 84.39604, 26.442334 ] ] ] } },
{ "type": "Feature", "properties": { "ID": "150113086", "TRK_NME": null, "FTR_CRY": "BG", "CITY_NME": null, "STT_NME": "Bihar", "SHAPE_Leng": "0.046080383130476" }, "geometry": { "type": "MultiLineString", "coordinates": [ [ [ 84.369178, 26.208574 ], [ 84.369432, 26.208522 ], [ 84.377198, 26.206846 ], [ 84.384902, 26.205165 ], [ 84.385565, 26.204969 ], [ 84.386225, 26.204743 ], [ 84.38701, 26.204408 ], [ 84.387701, 26.204075 ], [ 84.38843, 26.203654 ], [ 84.389196, 26.203126 ], [ 84.389849, 26.202603 ], [ 84.390416, 26.202098 ], [ 84.390958, 26.201517 ], [ 84.391356, 26.201042 ], [ 84.392032, 26.200073 ], [ 84.393, 26.1986 ], [ 84.393719, 26.197483 ], [ 84.395017, 26.195491 ], [ 84.395833, 26.194237 ], [ 84.396396, 26.193374 ], [ 84.39714, 26.192206 ], [ 84.39828, 26.19047 ], [ 84.399176, 26.189103 ], [ 84.400635, 26.186876 ], [ 84.401804, 26.185086 ], [ 84.403483, 26.182449 ] ] ] } },
{ "type": "Feature", "properties": { "ID": "150132232", "TRK_NME": null, "FTR_CRY": "BG", "CITY_NME": null, "STT_NME": "Bihar", "SHAPE_Leng": "0.036794082407348" }, "geometry": { "type": "MultiLineString", "coordinates": [ [ [ 84.312712, 26.215471 ], [ 84.320597, 26.21508 ], [ 84.321691, 26.21503 ], [ 84.323146, 26.214967 ], [ 84.327674, 26.214765 ], [ 84.33014, 26.214636 ], [ 84.3333, 26.214504 ], [ 84.336472, 26.214355 ], [ 84.337445, 26.214285 ], [ 84.340562, 26.214166 ], [ 84.341429, 26.21411 ], [ 84.342341, 26.21406 ], [ 84.342892, 26.214042 ], [ 84.343309, 26.214024 ], [ 84.343768, 26.213983 ], [ 84.344775, 26.213863 ], [ 84.346068, 26.213622 ], [ 84.349363, 26.212906 ] ] ] } },
{ "type": "Feature", "properties": { "ID": "150163189", "TRK_NME": null, "FTR_CRY": "BG", "CITY_NME": null, "STT_NME": "Bihar", "SHAPE_Leng": "0.006793882100845" }, "geometry": { "type": "MultiLineString", "coordinates": [ [ [ 84.131329, 26.254054 ], [ 84.137782, 26.251929 ] ] ] } },
{ "type": "Feature", "properties": { "ID": "150164402", "TRK_NME": null, "FTR_CRY": "BG", "CITY_NME": null, "STT_NME": "Bihar", "SHAPE_Leng": "0.009314482028594" }, "geometry": { "type": "MultiLineString", "coordinates": [ [ [ 84.261948, 26.22031 ], [ 84.261612, 26.220297 ], [ 84.261044, 26.220342 ], [ 84.260329, 26.220356 ], [ 84.257948, 26.220351 ], [ 84.255022, 26.220369 ], [ 84.253443, 26.220367 ], [ 84.253094, 26.220362 ], [ 84.252643, 26.220443 ] ] ] } },
{ "type": "Feature", "properties": { "ID": "150164403", "TRK_NME": null, "FTR_CRY": "BG", "CITY_NME": "Siwan", "STT_NME": "Bihar", "SHAPE_Leng": "0.007210724224191" }, "geometry": { "type": "MultiLineString", "coordinates": [ [ [ 84.354649, 26.211601 ], [ 84.355322, 26.211394 ], [ 84.355914, 26.211234 ], [ 84.356501, 26.211112 ], [ 84.358569, 26.210667 ], [ 84.36071, 26.210196 ], [ 84.361342, 26.210072 ], [ 84.361681, 26.210025 ] ] ] } },
{ "type": "Feature", "properties": { "ID": "150164404", "TRK_NME": null, "FTR_CRY": "BG", "CITY_NME": "Siwan", "STT_NME": "Bihar", "SHAPE_Leng": "0.008520326338566" }, "geometry": { "type": "MultiLineString", "coordinates": [ [ [ 84.353885, 26.211862 ], [ 84.354607, 26.211717 ], [ 84.355587, 26.211416 ], [ 84.356257, 26.211247 ], [ 84.358068, 26.210841 ], [ 84.360661, 26.210274 ], [ 84.362198, 26.210022 ] ] ] } },
{ "type": "Feature", "properties": { "ID": "150113096", "TRK_NME": null, "FTR_CRY": "BG", "CITY_NME": null, "STT_NME": "Bihar", "SHAPE_Leng": "3.14663312138E-4" }, "geometry": { "type": "MultiLineString", "coordinates": [ [ [ 84.146273, 26.245674 ], [ 84.146495, 26.245451 ] ] ] } },
{ "type": "Feature", "properties": { "ID": "150129471", "TRK_NME": null, "FTR_CRY": "BG", "CITY_NME": "Mairwa", "STT_NME": "Bihar", "SHAPE_Leng": "0.012332245026917" }, "geometry": { "type": "MultiLineString", "coordinates": [ [ [ 84.146495, 26.245451 ], [ 84.147185, 26.244692 ], [ 84.14743, 26.244435 ], [ 84.149388, 26.242292 ], [ 84.150082, 26.241518 ], [ 84.15089, 26.240647 ], [ 84.151397, 26.240089 ], [ 84.152036, 26.239393 ], [ 84.15253, 26.238863 ], [ 84.153156, 26.238166 ], [ 84.153483, 26.237818 ], [ 84.154111, 26.237161 ], [ 84.154629, 26.236658 ], [ 84.154859, 26.236391 ] ] ] } },
{ "type": "Feature", "properties": { "ID": "150113078", "TRK_NME": null, "FTR_CRY": "BG", "CITY_NME": null, "STT_NME": "Bihar", "SHAPE_Leng": "0.016374362956462" }, "geometry": { "type": "MultiLineString", "coordinates": [ [ [ 84.340901, 26.360123 ], [ 84.34101, 26.358917 ], [ 84.341467, 26.352712 ], [ 84.341864, 26.3475 ], [ 84.342169, 26.343798 ] ] ] } },
{ "type": "Feature", "properties": { "ID": "150129419", "TRK_NME": null, "FTR_CRY": "BG", "CITY_NME": "Mirganj", "STT_NME": "Bihar", "SHAPE_Leng": "0.01884032439982" }, "geometry": { "type": "MultiLineString", "coordinates": [ [ [ 84.343309, 26.37774 ], [ 84.342791, 26.377244 ], [ 84.341312, 26.375751 ], [ 84.341071, 26.37549 ], [ 84.340794, 26.375112 ], [ 84.340582, 26.374786 ], [ 84.34049, 26.374615 ], [ 84.340162, 26.37375 ], [ 84.340069, 26.373408 ], [ 84.340006, 26.373102 ], [ 84.339964, 26.372786 ], [ 84.339945, 26.372567 ], [ 84.33993, 26.372164 ], [ 84.339941, 26.371791 ], [ 84.339969, 26.371481 ], [ 84.340169, 26.369235 ], [ 84.340357, 26.366848 ], [ 84.340524, 26.364918 ], [ 84.34062, 26.363645 ], [ 84.34079, 26.361711 ], [ 84.340901, 26.360123 ] ] ] } },
{ "type": "Feature", "properties": { "ID": "150113077", "TRK_NME": null, "FTR_CRY": "BG", "CITY_NME": null, "STT_NME": "Bihar", "SHAPE_Leng": "0.033482148036191" }, "geometry": { "type": "MultiLineString", "coordinates": [ [ [ 84.156907, 26.23525 ], [ 84.157245, 26.23512 ], [ 84.158023, 26.23487 ], [ 84.158605, 26.234734 ], [ 84.159391, 26.234602 ], [ 84.159999, 26.234556 ], [ 84.160724, 26.234542 ], [ 84.16146, 26.234585 ], [ 84.161804, 26.234633 ], [ 84.162234, 26.2347 ], [ 84.162373, 26.234734 ], [ 84.163368, 26.234962 ], [ 84.16432, 26.235184 ], [ 84.165386, 26.235436 ], [ 84.166389, 26.235677 ], [ 84.1678, 26.23603 ], [ 84.168386, 26.236171 ], [ 84.169166, 26.236356 ], [ 84.169655, 26.23645 ], [ 84.170073, 26.236526 ], [ 84.170369, 26.236575 ], [ 84.170857, 26.236632 ], [ 84.171334, 26.236675 ], [ 84.171699, 26.236692 ], [ 84.171946, 26.236699 ], [ 84.172318, 26.236699 ], [ 84.172688, 26.236692 ], [ 84.172911, 26.236685 ], [ 84.173364, 26.236649 ], [ 84.173635, 26.236623 ], [ 84.173897, 26.236589 ], [ 84.174385, 26.236517 ], [ 84.174979, 26.236419 ], [ 84.175503, 26.236323 ], [ 84.176115, 26.236221 ], [ 84.179398, 26.23564 ], [ 84.182937, 26.235016 ], [ 84.184948, 26.234693 ], [ 84.187029, 26.234268 ], [ 84.187842, 26.234079 ], [ 84.189799, 26.233701 ] ] ] } },
{ "type": "Feature", "properties": { "ID": "150129420", "TRK_NME": null, "FTR_CRY": "BG", "CITY_NME": "Mairwa", "STT_NME": "Bihar", "SHAPE_Leng": "0.002688032917604" }, "geometry": { "type": "MultiLineString", "coordinates": [ [ [ 84.154629, 26.236658 ], [ 84.155222, 26.236193 ], [ 84.155764, 26.235842 ], [ 84.156256, 26.235559 ], [ 84.156767, 26.235304 ], [ 84.156907, 26.23525 ] ] ] } },
{ "type": "Feature", "properties": { "ID": "150113098", "TRK_NME": null, "FTR_CRY": "BG", "CITY_NME": null, "STT_NME": "Bihar", "SHAPE_Leng": "0.041792725747121" }, "geometry": { "type": "MultiLineString", "coordinates": [ [ [ 84.156941, 26.235168 ], [ 84.1574, 26.234988 ], [ 84.157747, 26.23487 ], [ 84.158303, 26.234715 ], [ 84.158922, 26.234577 ], [ 84.159445, 26.234498 ], [ 84.160017, 26.234449 ], [ 84.160592, 26.234431 ], [ 84.161146, 26.234446 ], [ 84.161731, 26.234494 ], [ 84.162279, 26.234581 ], [ 84.162833, 26.234691 ], [ 84.163661, 26.234881 ], [ 84.164925, 26.235204 ], [ 84.165631, 26.235356 ], [ 84.166061, 26.235473 ], [ 84.166368, 26.235538 ], [ 84.16705, 26.235704 ], [ 84.167761, 26.235865 ], [ 84.168678, 26.236089 ], [ 84.169616, 26.236301 ], [ 84.170019, 26.236373 ], [ 84.17051, 26.236447 ], [ 84.17107, 26.236511 ], [ 84.172224, 26.23655 ], [ 84.172645, 26.236533 ], [ 84.173274, 26.236484 ], [ 84.173586, 26.236459 ], [ 84.173838, 26.236433 ], [ 84.174131, 26.236383 ], [ 84.17438, 26.236348 ], [ 84.174774, 26.23628 ], [ 84.1751, 26.236222 ], [ 84.175684, 26.236124 ], [ 84.176201, 26.236031 ], [ 84.178456, 26.235656 ], [ 84.181128, 26.235198 ], [ 84.18622, 26.234319 ], [ 84.189799, 26.233701 ], [ 84.192571, 26.233222 ], [ 84.198049, 26.232264 ] ] ] } },
{ "type": "Feature", "properties": { "ID": "150132259", "TRK_NME": null, "FTR_CRY": "BG", "CITY_NME": "Mairwa", "STT_NME": "Bihar", "SHAPE_Leng": "7.83343952935E-4" }, "geometry": { "type": "MultiLineString", "coordinates": [ [ [ 84.156235, 26.235504 ], [ 84.156612, 26.235303 ], [ 84.15678, 26.235224 ], [ 84.156941, 26.235168 ] ] ] } },
{ "type": "Feature", "properties": { "ID": "150164400", "TRK_NME": null, "FTR_CRY": "BG", "CITY_NME": "Mairwa", "STT_NME": "Bihar", "SHAPE_Leng": "5.70320085575E-4" }, "geometry": { "type": "MultiLineString", "coordinates": [ [ [ 84.155735, 26.235791 ], [ 84.156256, 26.235559 ] ] ] } },
{ "type": "Feature", "properties": { "ID": "150164401", "TRK_NME": null, "FTR_CRY": "BG", "CITY_NME": "Mairwa", "STT_NME": "Bihar", "SHAPE_Leng": "0.008977864551622" }, "geometry": { "type": "MultiLineString", "coordinates": [ [ [ 84.14743, 26.244435 ], [ 84.147726, 26.244211 ], [ 84.148431, 26.243453 ], [ 84.149041, 26.242762 ], [ 84.149859, 26.241892 ], [ 84.15073, 26.240936 ], [ 84.151855, 26.239706 ], [ 84.15311, 26.238324 ], [ 84.153483, 26.237818 ] ] ] } },
{ "type": "Feature", "properties": { "ID": "150113099", "TRK_NME": null, "FTR_CRY": "BG", "CITY_NME": null, "STT_NME": "Bihar", "SHAPE_Leng": "0.006683817103351" }, "geometry": { "type": "MultiLineString", "coordinates": [ [ [ 84.141562, 26.250388 ], [ 84.141986, 26.250102 ], [ 84.142173, 26.249962 ], [ 84.142671, 26.24955 ], [ 84.1429, 26.249333 ], [ 84.143304, 26.248923 ], [ 84.144215, 26.247946 ], [ 84.145177, 26.246878 ], [ 84.145894, 26.246093 ], [ 84.146273, 26.245674 ] ] ] } },
{ "type": "Feature", "properties": { "ID": "150113097", "TRK_NME": null, "FTR_CRY": "BG", "CITY_NME": "Mairwa", "STT_NME": "Bihar", "SHAPE_Leng": "0.003390381964311" }, "geometry": { "type": "MultiLineString", "coordinates": [ [ [ 84.153595, 26.237598 ], [ 84.153799, 26.237383 ], [ 84.154108, 26.237046 ], [ 84.154388, 26.236769 ], [ 84.154587, 26.236597 ], [ 84.154859, 26.236391 ], [ 84.155358, 26.236032 ], [ 84.155735, 26.235791 ], [ 84.156235, 26.235504 ] ] ] } },
{ "type": "Feature", "properties": { "ID": "150113076", "TRK_NME": null, "FTR_CRY": "BG", "CITY_NME": "Mairwa", "STT_NME": "Bihar", "SHAPE_Leng": "0.009565394910122" }, "geometry": { "type": "MultiLineString", "coordinates": [ [ [ 84.153595, 26.237598 ], [ 84.153392, 26.237828 ], [ 84.153004, 26.238234 ], [ 84.152691, 26.238589 ], [ 84.152288, 26.239023 ], [ 84.15199, 26.23935 ], [ 84.151506, 26.239878 ], [ 84.15115, 26.240263 ], [ 84.150808, 26.240644 ], [ 84.150436, 26.241057 ], [ 84.150148, 26.241368 ], [ 84.149776, 26.241776 ], [ 84.149367, 26.242219 ], [ 84.149089, 26.242505 ], [ 84.148477, 26.243197 ], [ 84.147324, 26.244474 ], [ 84.147185, 26.244692 ] ] ] } },
{ "type": "Feature", "properties": { "ID": "150123822", "TRK_NME": null, "FTR_CRY": "BG", "CITY_NME": null, "STT_NME": "Uttar Pradesh", "SHAPE_Leng": "0.139476525119291" }, "geometry": { "type": "MultiLineString", "coordinates": [ [ [ 84.300889505566502, 26.605996229690415 ], [ 84.301277, 26.605372 ], [ 84.302971, 26.602617 ], [ 84.303754, 26.601347 ], [ 84.305787, 26.598099 ], [ 84.307692, 26.594973 ] ] ] } },
{ "type": "Feature", "properties": { "ID": "150163188", "TRK_NME": null, "FTR_CRY": "BG", "CITY_NME": null, "STT_NME": "Uttar Pradesh", "SHAPE_Leng": "0.004094354275999" }, "geometry": { "type": "MultiLineString", "coordinates": [ [ [ 84.137782, 26.251929 ], [ 84.138788, 26.251601 ], [ 84.139942, 26.251206 ], [ 84.140697, 26.250867 ], [ 84.141139, 26.250631 ], [ 84.141562, 26.250388 ] ] ] } },
{ "type": "Feature", "properties": { "ID": "150124368", "TRK_NME": null, "FTR_CRY": "BG", "CITY_NME": null, "STT_NME": "Uttar Pradesh", "SHAPE_Leng": "0.104715465656628" }, "geometry": { "type": "MultiLineString", "coordinates": [ [ [ 84.121218510583248, 26.257397528217741 ], [ 84.121824, 26.25719 ], [ 84.123529, 26.256627 ], [ 84.126724, 26.255565 ], [ 84.128023216325218, 26.255137001369974 ] ], [ [ 84.129323949580922, 26.254709637692756 ], [ 84.131329, 26.254054 ] ] ] } },
{ "type": "Feature", "properties": { "ID": "150166481", "TRK_NME": null, "FTR_CRY": "BG", "CITY_NME": null, "STT_NME": "Bihar", "SHAPE_Leng": "0.018681316660865" }, "geometry": { "type": "MultiLineString", "coordinates": [ [ [ 84.524216, 26.120355 ], [ 84.519968, 26.115091 ], [ 84.519535, 26.114591 ], [ 84.519211, 26.114251 ], [ 84.518894, 26.114006 ], [ 84.51856, 26.113781 ], [ 84.51794, 26.113425 ], [ 84.517468, 26.113175 ], [ 84.517021, 26.112991 ], [ 84.516397, 26.112754 ], [ 84.515571, 26.112488 ], [ 84.513527, 26.11183 ], [ 84.512686, 26.111511 ], [ 84.512076, 26.111236 ], [ 84.511523, 26.11098 ], [ 84.51103, 26.110723 ], [ 84.51058, 26.11048 ], [ 84.509457, 26.109782 ] ] ] } },
{ "type": "Feature", "properties": { "ID": "150166482", "TRK_NME": null, "FTR_CRY": "BG", "CITY_NME": null, "STT_NME": "Bihar", "SHAPE_Leng": "0.098791621145978" }, "geometry": { "type": "MultiLineString", "coordinates": [ [ [ 84.531658, 26.125891 ], [ 84.537703, 26.126187 ], [ 84.538711, 26.126231 ], [ 84.542621, 26.126431 ], [ 84.543297, 26.126434 ], [ 84.544169, 26.126353 ], [ 84.545068, 26.126227 ], [ 84.546005, 26.125997 ], [ 84.546242, 26.125922 ], [ 84.548403, 26.125237 ], [ 84.552494, 26.123918 ], [ 84.554211, 26.123356 ], [ 84.556831, 26.122496 ], [ 84.560233, 26.121432 ], [ 84.562299, 26.120757 ], [ 84.566189, 26.119492 ], [ 84.569852, 26.118315 ], [ 84.571246, 26.117865 ], [ 84.572134, 26.117644 ], [ 84.572984, 26.117539 ], [ 84.573537, 26.11751 ], [ 84.574057, 26.117519 ], [ 84.574593, 26.117586 ], [ 84.575086, 26.117681 ], [ 84.575579, 26.117794 ], [ 84.576044, 26.117937 ], [ 84.576762, 26.118221 ], [ 84.57721, 26.118411 ], [ 84.582573, 26.120814 ], [ 84.586074, 26.122398 ], [ 84.589694, 26.124029 ], [ 84.593981, 26.125933 ], [ 84.595805, 26.126764 ], [ 84.598481, 26.127975 ], [ 84.598848, 26.128162 ], [ 84.599179, 26.128348 ], [ 84.599633, 26.128633 ], [ 84.599954, 26.128851 ], [ 84.600158, 26.129006 ], [ 84.600348, 26.129154 ], [ 84.600644, 26.129388 ], [ 84.601116, 26.129812 ], [ 84.601996, 26.130694 ], [ 84.603349, 26.132031 ], [ 84.606575, 26.135237 ], [ 84.607209, 26.135853 ], [ 84.607762, 26.136309 ], [ 84.608139, 26.136552 ], [ 84.608565, 26.136805 ], [ 84.609343, 26.137153 ], [ 84.610055, 26.137409 ], [ 84.610805, 26.137602 ], [ 84.612802, 26.137861 ], [ 84.616087, 26.138241 ], [ 84.618876, 26.138582 ], [ 84.619634, 26.138712 ], [ 84.620356, 26.138865 ], [ 84.620845, 26.138978 ], [ 84.621183, 26.139076 ], [ 84.621687, 26.13924 ], [ 84.622402, 26.139474 ], [ 84.623131, 26.139775 ] ] ] } },
{ "type": "Feature", "properties": { "ID": "150166484", "TRK_NME": null, "FTR_CRY": "BG", "CITY_NME": null, "STT_NME": "Bihar", "SHAPE_Leng": "0.00970290001233" }, "geometry": { "type": "MultiLineString", "coordinates": [ [ [ 84.531658, 26.125891 ], [ 84.530929, 26.125846 ], [ 84.530489, 26.125786 ], [ 84.529936, 26.125672 ], [ 84.529633, 26.125574 ], [ 84.529214, 26.125422 ], [ 84.52877, 26.125214 ], [ 84.528506, 26.125068 ], [ 84.528362, 26.124974 ], [ 84.528026, 26.12475 ], [ 84.527784, 26.124559 ], [ 84.527213, 26.124054 ], [ 84.527062, 26.123892 ], [ 84.524216, 26.120355 ] ] ] } },
{ "type": "Feature", "properties": { "ID": "150166485", "TRK_NME": null, "FTR_CRY": "BG", "CITY_NME": null, "STT_NME": "Bihar", "SHAPE_Leng": "0.010623580533668" }, "geometry": { "type": "MultiLineString", "coordinates": [ [ [ 84.632719, 26.14435 ], [ 84.624222, 26.140299 ], [ 84.623131, 26.139775 ] ] ] } },
{ "type": "Feature", "properties": { "ID": "150166486", "TRK_NME": null, "FTR_CRY": "BG", "CITY_NME": null, "STT_NME": "Bihar", "SHAPE_Leng": "0.011468045677407" }, "geometry": { "type": "MultiLineString", "coordinates": [ [ [ 84.746839, 26.147792 ], [ 84.745767, 26.147791 ], [ 84.745215, 26.147795 ], [ 84.744587, 26.14783 ], [ 84.743909, 26.147912 ], [ 84.743128, 26.148042 ], [ 84.74281, 26.148114 ], [ 84.742461, 26.148212 ], [ 84.74163, 26.14849 ], [ 84.739359, 26.149394 ], [ 84.735911, 26.15082 ] ] ] } },
{ "type": "Feature", "properties": { "ID": "150166487", "TRK_NME": null, "FTR_CRY": "BG", "CITY_NME": null, "STT_NME": "Bihar", "SHAPE_Leng": "0.014401020134099" }, "geometry": { "type": "MultiLineString", "coordinates": [ [ [ 84.678422, 26.159334 ], [ 84.677545, 26.158949 ], [ 84.676837, 26.158642 ], [ 84.676274, 26.158459 ], [ 84.676052, 26.158402 ], [ 84.675809, 26.158355 ], [ 84.67539, 26.158292 ], [ 84.674932, 26.158241 ], [ 84.674548, 26.158241 ], [ 84.674157, 26.158273 ], [ 84.671435, 26.158668 ], [ 84.670858, 26.158731 ], [ 84.670209, 26.158728 ], [ 84.669741, 26.15869 ], [ 84.669392, 26.158627 ], [ 84.669005, 26.158542 ], [ 84.668445, 26.158393 ], [ 84.66803, 26.158239 ], [ 84.667308, 26.157885 ], [ 84.666839, 26.157603 ], [ 84.666702, 26.157515 ], [ 84.666346, 26.157262 ], [ 84.665011, 26.156102 ] ] ] } },
{ "type": "Feature", "properties": { "ID": "150166488", "TRK_NME": null, "FTR_CRY": "BG", "CITY_NME": null, "STT_NME": "Bihar", "SHAPE_Leng": "0.042741322928183" }, "geometry": { "type": "MultiLineString", "coordinates": [ [ [ 84.785954, 26.132832 ], [ 84.784198, 26.133845 ], [ 84.776922, 26.13871 ], [ 84.77651, 26.138932 ], [ 84.776034, 26.139147 ], [ 84.774415, 26.139876 ], [ 84.771221, 26.141185 ], [ 84.759699, 26.145903 ], [ 84.755548, 26.147615 ], [ 84.75509, 26.147802 ], [ 84.754755, 26.147902 ], [ 84.754019, 26.148077 ], [ 84.75373, 26.148131 ], [ 84.753174, 26.148182 ], [ 84.75291, 26.148197 ], [ 84.752667, 26.148191 ], [ 84.752131, 26.148152 ], [ 84.75147, 26.14809 ], [ 84.74917, 26.147912 ], [ 84.74757, 26.14782 ], [ 84.746839, 26.147792 ] ] ] } },
{ "type": "Feature", "properties": { "ID": "150166489", "TRK_NME": null, "FTR_CRY": "BG", "CITY_NME": null, "STT_NME": "Bihar", "SHAPE_Leng": "0.034910241754618" }, "geometry": { "type": "MultiLineString", "coordinates": [ [ [ 84.665011, 26.156102 ], [ 84.663222, 26.154563 ], [ 84.663032, 26.154417 ], [ 84.662789, 26.154259 ], [ 84.662377, 26.154009 ], [ 84.661986, 26.15381 ], [ 84.661705, 26.153671 ], [ 84.661437, 26.153564 ], [ 84.661081, 26.153447 ], [ 84.660666, 26.153329 ], [ 84.654791, 26.151777 ], [ 84.653763, 26.151492 ], [ 84.652985, 26.151331 ], [ 84.652464, 26.151261 ], [ 84.651706, 26.151208 ], [ 84.649234, 26.151195 ], [ 84.648819, 26.151188 ], [ 84.648315, 26.151144 ], [ 84.647635, 26.151059 ], [ 84.64709, 26.150964 ], [ 84.646308, 26.150755 ], [ 84.645855, 26.150603 ], [ 84.645311, 26.150385 ], [ 84.639794, 26.147751 ], [ 84.638558, 26.147163 ], [ 84.637301, 26.146585 ], [ 84.632719, 26.14435 ] ] ] } },
{ "type": "Feature", "properties": { "ID": "150166490", "TRK_NME": null, "FTR_CRY": "BG", "CITY_NME": null, "STT_NME": "Bihar", "SHAPE_Leng": "0.061284947663036" }, "geometry": { "type": "MultiLineString", "coordinates": [ [ [ 84.735911, 26.15082 ], [ 84.731227, 26.152728 ], [ 84.730964, 26.152833 ], [ 84.727109, 26.154408 ], [ 84.72286, 26.156166 ], [ 84.717043, 26.158556 ], [ 84.710352, 26.161269 ], [ 84.706799, 26.162751 ], [ 84.703471, 26.164111 ], [ 84.701344, 26.164939 ], [ 84.700928, 26.165062 ], [ 84.700534, 26.165145 ], [ 84.699748, 26.165296 ], [ 84.699333, 26.16535 ], [ 84.698893, 26.165366 ], [ 84.698163, 26.165357 ], [ 84.697611, 26.165303 ], [ 84.697199, 26.165252 ], [ 84.696561, 26.165167 ], [ 84.696068, 26.165079 ], [ 84.691867, 26.163938 ], [ 84.690621, 26.163604 ], [ 84.688029, 26.16294 ], [ 84.68481, 26.162074 ], [ 84.68356, 26.161609 ], [ 84.681316, 26.160624 ], [ 84.679369, 26.159745 ], [ 84.678422, 26.159334 ] ] ] } },
{ "type": "Feature", "properties": { "ID": "150113232", "TRK_NME": null, "FTR_CRY": "BG", "CITY_NME": null, "STT_NME": "Bihar", "SHAPE_Leng": "0.051917520661535" }, "geometry": { "type": "MultiLineString", "coordinates": [ [ [ 84.460991, 26.084932 ], [ 84.46128, 26.084549 ], [ 84.461682, 26.084002 ], [ 84.461854, 26.083758 ], [ 84.462018, 26.0836 ], [ 84.462264, 26.083374 ], [ 84.462517, 26.083147 ], [ 84.463086, 26.082705 ], [ 84.463434, 26.082468 ], [ 84.463737, 26.082307 ], [ 84.464098, 26.082144 ], [ 84.464684, 26.081932 ], [ 84.465177, 26.081763 ], [ 84.46552, 26.081669 ], [ 84.466034, 26.081593 ], [ 84.466688, 26.081546 ], [ 84.467418, 26.08155 ], [ 84.467928, 26.081593 ], [ 84.468385, 26.081662 ], [ 84.468795, 26.081764 ], [ 84.469352, 26.081932 ], [ 84.469907, 26.082148 ], [ 84.470476, 26.082432 ], [ 84.470946, 26.082702 ], [ 84.473622, 26.084637 ], [ 84.476058, 26.086413 ], [ 84.478511, 26.088115 ], [ 84.481296, 26.090065 ], [ 84.484619, 26.092414 ], [ 84.486336, 26.093612 ], [ 84.48905, 26.095535 ], [ 84.491624, 26.097258 ], [ 84.495611, 26.100046 ], [ 84.497135, 26.101113 ], [ 84.498608, 26.102151 ], [ 84.49904, 26.102461 ], [ 84.49993, 26.10307 ], [ 84.504083, 26.10602 ] ] ] } },
{ "type": "Feature", "properties": { "ID": "150113102", "TRK_NME": null, "FTR_CRY": "BG", "CITY_NME": null, "STT_NME": "Bihar", "SHAPE_Leng": "0.00435093093488" }, "geometry": { "type": "MultiLineString", "coordinates": [ [ [ 84.505923, 26.107244 ], [ 84.509457, 26.109782 ] ] ] } },
{ "type": "Feature", "properties": { "ID": "150129416", "TRK_NME": null, "FTR_CRY": "BG", "CITY_NME": null, "STT_NME": "Bihar", "SHAPE_Leng": "1.34792433013E-4" }, "geometry": { "type": "MultiLineString", "coordinates": [ [ [ 84.504083, 26.10602 ], [ 84.504195, 26.106095 ] ] ] } },
{ "type": "Feature", "properties": { "ID": "150129417", "TRK_NME": null, "FTR_CRY": "BG", "CITY_NME": "Maharajganj", "STT_NME": "Bihar", "SHAPE_Leng": "0.002075134935382" }, "geometry": { "type": "MultiLineString", "coordinates": [ [ [ 84.504195, 26.106095 ], [ 84.505923, 26.107244 ] ] ] } },
{ "type": "Feature", "properties": { "ID": "150164393", "TRK_NME": null, "FTR_CRY": "BG", "CITY_NME": null, "STT_NME": "Bihar", "SHAPE_Leng": "0.009476283858371" }, "geometry": { "type": "MultiLineString", "coordinates": [ [ [ 84.593784, 25.903658 ], [ 84.593559, 25.903869 ], [ 84.59296, 25.904517 ], [ 84.592148, 25.905461 ], [ 84.59033, 25.907537 ], [ 84.58779, 25.910454 ], [ 84.587553, 25.910792 ] ] ] } },
{ "type": "Feature", "properties": { "ID": "150164394", "TRK_NME": null, "FTR_CRY": "BG", "CITY_NME": null, "STT_NME": "Bihar", "SHAPE_Leng": "0.009371802279087" }, "geometry": { "type": "MultiLineString", "coordinates": [ [ [ 84.540101, 25.963039 ], [ 84.539975, 25.963111 ], [ 84.539411, 25.963705 ], [ 84.538818, 25.964316 ], [ 84.53809, 25.965076 ], [ 84.537334, 25.965876 ], [ 84.536463, 25.96677 ], [ 84.535836, 25.967442 ], [ 84.535049, 25.96829 ], [ 84.534222, 25.969112 ], [ 84.533743, 25.969618 ], [ 84.533625, 25.969799 ] ] ] } },
{ "type": "Feature", "properties": { "ID": "150164395", "TRK_NME": null, "FTR_CRY": "BG", "CITY_NME": null, "STT_NME": "Bihar", "SHAPE_Leng": "0.009238405764329" }, "geometry": { "type": "MultiLineString", "coordinates": [ [ [ 84.498742, 26.017558 ], [ 84.498491, 26.017953 ], [ 84.498156, 26.018708 ], [ 84.497477, 26.020107 ], [ 84.4971, 26.020922 ], [ 84.496302, 26.022537 ], [ 84.495335, 26.024516 ], [ 84.494773, 26.025615 ], [ 84.494696, 26.025856 ] ] ] } },
{ "type": "Feature", "properties": { "ID": "150164396", "TRK_NME": null, "FTR_CRY": "BG", "CITY_NME": null, "STT_NME": "Bihar", "SHAPE_Leng": "0.010661917257336" }, "geometry": { "type": "MultiLineString", "coordinates": [ [ [ 84.461468, 26.084037 ], [ 84.460539, 26.08537 ], [ 84.459217, 26.087459 ], [ 84.457994, 26.089303 ], [ 84.457204, 26.090589 ], [ 84.456121, 26.092299 ], [ 84.455762, 26.093035 ] ] ] } },
{ "type": "Feature", "properties": { "ID": "150164397", "TRK_NME": null, "FTR_CRY": "BG", "CITY_NME": null, "STT_NME": "Bihar", "SHAPE_Leng": "0.008084197178539" }, "geometry": { "type": "MultiLineString", "coordinates": [ [ [ 84.456851, 26.091413 ], [ 84.457045, 26.091216 ], [ 84.45752, 26.090504 ], [ 84.457853, 26.090087 ], [ 84.458213, 26.089553 ], [ 84.458827, 26.088571 ], [ 84.459443, 26.087611 ], [ 84.460335, 26.086232 ], [ 84.460805, 26.085527 ], [ 84.461352, 26.084707 ] ] ] } },
{ "type": "Feature", "properties": { "ID": "150164398", "TRK_NME": null, "FTR_CRY": "BG", "CITY_NME": null, "STT_NME": "Bihar", "SHAPE_Leng": "0.001087248361717" }, "geometry": { "type": "MultiLineString", "coordinates": [ [ [ 84.460805, 26.085527 ], [ 84.46128, 26.084549 ] ] ] } },
{ "type": "Feature", "properties": { "ID": "150164399", "TRK_NME": null, "FTR_CRY": "BG", "CITY_NME": null, "STT_NME": "Bihar", "SHAPE_Leng": "0.009202726616615" }, "geometry": { "type": "MultiLineString", "coordinates": [ [ [ 84.419356, 26.158005 ], [ 84.419057, 26.158544 ], [ 84.414765, 26.165204 ], [ 84.414586, 26.165454 ], [ 84.414351, 26.165721 ] ] ] } },
{ "type": "Feature", "properties": { "ID": "150113262", "TRK_NME": "Chhapra to Thawe", "FTR_CRY": "MG", "CITY_NME": null, "STT_NME": "Bihar", "SHAPE_Leng": "0.158597414745817" }, "geometry": { "type": "MultiLineString", "coordinates": [ [ [ 84.759234, 25.80906 ], [ 84.759355, 25.81286 ], [ 84.75933, 25.813588 ], [ 84.759316, 25.814406 ], [ 84.759703, 25.827541 ], [ 84.759842, 25.833159 ], [ 84.760096, 25.841494 ], [ 84.76012, 25.842345 ], [ 84.760227, 25.846165 ], [ 84.760234, 25.846946 ], [ 84.760342, 25.850346 ], [ 84.760352, 25.850836 ], [ 84.760358, 25.851405 ], [ 84.760578, 25.858964 ], [ 84.760717, 25.8637 ], [ 84.760734, 25.864732 ], [ 84.760768, 25.865287 ], [ 84.760807, 25.865693 ], [ 84.760853, 25.866091 ], [ 84.760914, 25.866493 ], [ 84.760963, 25.866783 ], [ 84.760995, 25.866974 ], [ 84.761063, 25.867294 ], [ 84.761224, 25.867912 ], [ 84.761297, 25.868218 ], [ 84.761373, 25.868493 ], [ 84.761434, 25.868674 ], [ 84.761529, 25.868914 ], [ 84.761677, 25.86934 ], [ 84.761891, 25.869836 ], [ 84.762124, 25.870344 ], [ 84.76229, 25.8707 ], [ 84.762436, 25.871004 ], [ 84.76262, 25.871347 ], [ 84.762776, 25.871621 ], [ 84.762958, 25.871914 ], [ 84.763139, 25.872205 ], [ 84.763399, 25.872582 ], [ 84.763712, 25.873016 ], [ 84.763977, 25.873373 ], [ 84.764315, 25.873775 ], [ 84.764706, 25.874229 ], [ 84.765015, 25.874622 ], [ 84.765417, 25.875107 ], [ 84.765691, 25.875445 ], [ 84.770591, 25.881328 ], [ 84.771571, 25.882486 ], [ 84.772142, 25.883151 ], [ 84.77264, 25.883758 ], [ 84.77299, 25.884195 ], [ 84.773288, 25.884543 ], [ 84.773643, 25.884972 ], [ 84.773917, 25.885289 ], [ 84.77443, 25.885903 ], [ 84.776313, 25.888146 ], [ 84.776685, 25.888603 ], [ 84.777207, 25.889241 ], [ 84.777977, 25.890143 ], [ 84.778757, 25.891067 ], [ 84.779177, 25.891578 ], [ 84.779581, 25.892143 ], [ 84.7799, 25.89258 ], [ 84.780113, 25.892831 ], [ 84.78075, 25.893608 ], [ 84.781279, 25.894204 ], [ 84.781613, 25.89458 ], [ 84.782205, 25.895227 ], [ 84.782564, 25.895618 ], [ 84.782873, 25.895995 ], [ 84.783592, 25.896872 ], [ 84.78382, 25.897153 ], [ 84.784227, 25.897629 ], [ 84.785119, 25.89869 ], [ 84.785821, 25.899544 ], [ 84.786809, 25.900713 ], [ 84.787547, 25.901586 ], [ 84.788123, 25.902278 ], [ 84.788728, 25.903027 ], [ 84.788976, 25.903326 ], [ 84.789402, 25.903831 ], [ 84.791676, 25.906548 ], [ 84.792399, 25.907413 ], [ 84.793297, 25.908493 ], [ 84.794592, 25.910035 ], [ 84.795189, 25.910756 ], [ 84.796276, 25.912075 ], [ 84.7969, 25.912809 ], [ 84.798219, 25.914365 ], [ 84.799859, 25.916349 ], [ 84.801152, 25.917888 ], [ 84.801966, 25.918891 ], [ 84.803036, 25.920171 ], [ 84.803745, 25.921031 ], [ 84.805488, 25.923069 ], [ 84.806513, 25.924301 ], [ 84.807633, 25.925653 ], [ 84.811465, 25.930208 ], [ 84.812097, 25.930989 ], [ 84.813863, 25.933098 ], [ 84.814396, 25.933739 ], [ 84.815607, 25.93518 ], [ 84.816444, 25.936179 ], [ 84.817192, 25.937076 ], [ 84.817741, 25.937737 ], [ 84.818332, 25.938384 ], [ 84.818729, 25.938794 ], [ 84.819218, 25.939257 ], [ 84.819906, 25.939909 ], [ 84.820478, 25.940457 ], [ 84.821001, 25.940938 ], [ 84.821774, 25.941659 ], [ 84.82249, 25.942324 ], [ 84.823703, 25.943453 ], [ 84.824715, 25.944398 ] ] ] } },
{ "type": "Feature", "properties": { "ID": "150113427", "TRK_NME": "Chhapra To Dehli", "FTR_CRY": "BG", "CITY_NME": null, "STT_NME": "Bihar", "SHAPE_Leng": "0.473695374673492" }, "geometry": { "type": "MultiLineString", "coordinates": [ [ [ 84.687216, 25.809742 ], [ 84.686299, 25.810553 ], [ 84.684179, 25.812445 ], [ 84.683422, 25.813106 ], [ 84.68276, 25.81379 ], [ 84.682288, 25.814381 ], [ 84.681748, 25.815131 ], [ 84.681164, 25.816079 ], [ 84.680606, 25.817047 ], [ 84.679114, 25.819729 ], [ 84.678833, 25.820352 ], [ 84.678268, 25.821347 ], [ 84.675182, 25.826877 ], [ 84.673883, 25.829214 ], [ 84.673297, 25.830267 ], [ 84.671915, 25.832761 ], [ 84.671913, 25.832765 ], [ 84.67139, 25.833694 ], [ 84.671061, 25.834272 ], [ 84.669505, 25.837043 ], [ 84.669137, 25.837678 ], [ 84.668833, 25.838134 ], [ 84.668599, 25.838481 ], [ 84.668422, 25.83871 ], [ 84.668011, 25.839202 ], [ 84.66787, 25.839357 ], [ 84.667721, 25.839504 ], [ 84.667531, 25.839702 ], [ 84.667324, 25.839907 ], [ 84.667063, 25.840148 ], [ 84.666837, 25.840349 ], [ 84.660535, 25.845568 ], [ 84.659513, 25.846417 ], [ 84.65887, 25.846947 ], [ 84.656826, 25.848655 ], [ 84.656513, 25.848872 ], [ 84.655613, 25.849587 ], [ 84.654443, 25.850566 ], [ 84.652559, 25.852123 ], [ 84.650636, 25.853739 ], [ 84.649554, 25.854623 ], [ 84.649188, 25.854913 ], [ 84.649024, 25.855112 ], [ 84.648622, 25.855434 ], [ 84.628625, 25.872019 ], [ 84.624519, 25.875388 ], [ 84.623892, 25.875916 ], [ 84.622875, 25.876752 ], [ 84.622144, 25.87736 ], [ 84.621597, 25.877815 ], [ 84.621127, 25.8782 ], [ 84.620629, 25.878608 ], [ 84.618857, 25.880076 ], [ 84.616115, 25.882352 ], [ 84.615284, 25.88304 ], [ 84.613842, 25.88423 ], [ 84.612767, 25.885118 ], [ 84.611869, 25.885867 ], [ 84.610993, 25.886587 ], [ 84.610213, 25.887239 ], [ 84.609551, 25.88779 ], [ 84.608224, 25.888889 ], [ 84.607441, 25.889538 ], [ 84.60622, 25.890545 ], [ 84.60367, 25.892593 ], [ 84.602645, 25.893559 ], [ 84.602067, 25.894207 ], [ 84.60181, 25.894507 ], [ 84.600065, 25.896498 ], [ 84.598508, 25.898279 ], [ 84.597727, 25.899162 ], [ 84.596774, 25.900245 ], [ 84.595709, 25.901457 ], [ 84.594712, 25.902599 ], [ 84.594105, 25.903298 ], [ 84.593784, 25.903658 ], [ 84.591703, 25.906147 ], [ 84.587863, 25.910484 ], [ 84.587553, 25.910792 ], [ 84.583834, 25.915045 ], [ 84.583002, 25.916017 ], [ 84.58202, 25.917129 ], [ 84.580663, 25.918653 ], [ 84.579042, 25.920513 ], [ 84.578045, 25.921633 ], [ 84.577101, 25.922702 ], [ 84.576154, 25.92379 ], [ 84.57473, 25.925416 ], [ 84.569468, 25.93143 ], [ 84.567967, 25.933154 ], [ 84.565165, 25.936334 ], [ 84.563645, 25.938069 ], [ 84.563172, 25.938615 ], [ 84.562644, 25.939219 ], [ 84.561625, 25.940362 ], [ 84.560382, 25.941745 ], [ 84.554496, 25.947927 ], [ 84.548629, 25.954117 ], [ 84.543648, 25.95934 ], [ 84.540101, 25.963039 ], [ 84.540014, 25.963173 ], [ 84.538818, 25.964441 ], [ 84.537481, 25.965852 ], [ 84.535287, 25.968157 ], [ 84.53465, 25.968811 ], [ 84.533827, 25.969637 ], [ 84.533625, 25.969799 ], [ 84.532613, 25.970851 ], [ 84.532024, 25.97146 ], [ 84.531429, 25.972086 ], [ 84.531155, 25.972396 ], [ 84.530955, 25.972638 ], [ 84.530745, 25.972914 ], [ 84.530577, 25.973146 ], [ 84.530373, 25.973446 ], [ 84.529671, 25.974642 ], [ 84.52917, 25.975499 ], [ 84.528869, 25.976008 ], [ 84.528447, 25.976702 ], [ 84.528056, 25.977374 ], [ 84.527677, 25.978036 ], [ 84.527552, 25.978249 ], [ 84.527358, 25.978576 ], [ 84.527095, 25.979014 ], [ 84.526816, 25.979503 ], [ 84.526552, 25.97995 ], [ 84.526277, 25.980421 ], [ 84.526009, 25.980869 ], [ 84.525742, 25.981322 ], [ 84.52537, 25.981942 ], [ 84.520435, 25.99033 ], [ 84.520113, 25.990876 ], [ 84.51982, 25.991315 ], [ 84.51957, 25.991675 ], [ 84.519289, 25.992038 ], [ 84.519109, 25.992261 ], [ 84.5188, 25.992608 ], [ 84.518504, 25.992919 ], [ 84.517932, 25.993475 ], [ 84.517383, 25.994023 ], [ 84.517059, 25.994349 ], [ 84.515891, 25.995508 ], [ 84.513781, 25.997577 ], [ 84.513005, 25.998354 ], [ 84.512142, 25.999204 ], [ 84.511431, 25.9999 ], [ 84.510782, 26.000542 ], [ 84.510197, 26.001122 ], [ 84.509552, 26.001769 ], [ 84.50736, 26.003928 ], [ 84.505055, 26.006204 ], [ 84.504399, 26.006882 ], [ 84.504084, 26.007248 ], [ 84.503869, 26.007523 ], [ 84.503663, 26.0078 ], [ 84.503236, 26.008479 ], [ 84.502988, 26.008901 ], [ 84.502795, 26.009302 ], [ 84.502059, 26.010801 ], [ 84.501722, 26.011485 ], [ 84.50142, 26.012103 ], [ 84.501155, 26.012668 ], [ 84.500635, 26.013725 ], [ 84.500276, 26.014479 ], [ 84.49986, 26.015353 ], [ 84.499395, 26.016276 ], [ 84.498742, 26.017558 ], [ 84.498598, 26.01798 ], [ 84.49822, 26.018787 ], [ 84.497639, 26.019975 ], [ 84.494875, 26.025646 ], [ 84.494696, 26.025856 ], [ 84.491779, 26.031888 ], [ 84.49138, 26.032689 ], [ 84.48926, 26.037022 ], [ 84.486076, 26.043577 ], [ 84.485037, 26.045717 ], [ 84.484279, 26.04724 ], [ 84.483563, 26.048683 ], [ 84.482753, 26.050325 ], [ 84.481948, 26.051979 ], [ 84.48161, 26.052622 ], [ 84.481194, 26.0533 ], [ 84.480841, 26.053849 ], [ 84.480477, 26.054418 ], [ 84.480016, 26.055131 ], [ 84.478893, 26.056874 ], [ 84.476911, 26.059971 ], [ 84.475925, 26.061514 ], [ 84.475147, 26.06273 ], [ 84.47454, 26.06368 ], [ 84.473937, 26.064613 ], [ 84.473512, 26.065287 ], [ 84.473178, 26.065798 ], [ 84.472835, 26.066332 ], [ 84.471785, 26.067974 ], [ 84.470584, 26.06984 ], [ 84.469287, 26.071863 ], [ 84.468373, 26.073282 ], [ 84.467805, 26.074168 ], [ 84.467343, 26.074883 ], [ 84.466889, 26.075582 ], [ 84.466334, 26.07646 ], [ 84.465992, 26.076981 ], [ 84.464741, 26.078947 ], [ 84.463988, 26.08012 ], [ 84.463274, 26.081232 ], [ 84.462685, 26.082149 ], [ 84.462211, 26.082884 ], [ 84.461872, 26.083393 ], [ 84.461468, 26.084037 ], [ 84.460991, 26.084932 ], [ 84.457696, 26.090055 ], [ 84.457256, 26.090727 ], [ 84.456851, 26.091413 ], [ 84.455762, 26.093035 ], [ 84.454428, 26.09502 ], [ 84.453596, 26.096381 ], [ 84.453045, 26.09741 ], [ 84.452569, 26.098307 ], [ 84.451464, 26.100343 ], [ 84.450815, 26.101542 ], [ 84.449944, 26.103137 ], [ 84.449393, 26.104156 ], [ 84.448825, 26.105196 ], [ 84.448507, 26.105783 ], [ 84.448196, 26.106387 ], [ 84.447754, 26.107167 ], [ 84.446817, 26.108893 ], [ 84.444864, 26.112499 ], [ 84.44424, 26.113637 ], [ 84.442996, 26.11591 ], [ 84.442389, 26.117054 ], [ 84.441156, 26.119317 ], [ 84.440701, 26.120164 ], [ 84.439696, 26.122009 ], [ 84.438705, 26.123827 ], [ 84.438173, 26.124785 ], [ 84.437821, 26.12546 ], [ 84.437416, 26.12618 ], [ 84.436346, 26.128159 ], [ 84.433834, 26.132791 ], [ 84.432736, 26.134812 ], [ 84.431625, 26.136857 ], [ 84.429591, 26.140587 ], [ 84.427843, 26.143792 ], [ 84.426468, 26.146241 ], [ 84.425212, 26.148591 ], [ 84.424501, 26.149892 ], [ 84.424075, 26.150665 ], [ 84.423686, 26.151317 ], [ 84.423258, 26.151961 ], [ 84.422199, 26.153595 ], [ 84.421387, 26.154853 ], [ 84.420876, 26.155634 ], [ 84.419966, 26.157053 ], [ 84.419356, 26.158005 ], [ 84.418982, 26.1585 ], [ 84.418265, 26.159637 ], [ 84.415072, 26.164554 ], [ 84.414718, 26.16508 ], [ 84.41446, 26.165488 ], [ 84.414351, 26.165721 ], [ 84.412179, 26.169099 ], [ 84.410868, 26.171094 ], [ 84.406852, 26.177237 ], [ 84.404955, 26.18016 ], [ 84.403483, 26.182449 ] ] ] } },
{ "type": "Feature", "properties": { "ID": "150113306", "TRK_NME": null, "FTR_CRY": "BG", "CITY_NME": "Patna", "STT_NME": "Bihar", "SHAPE_Leng": "0.003032382500311" }, "geometry": { "type": "MultiLineString", "coordinates": [ [ [ 85.126179, 25.599608 ], [ 85.126594, 25.599615 ], [ 85.126977, 25.599655 ], [ 85.127373, 25.599716 ], [ 85.127715, 25.599796 ], [ 85.128251, 25.599937 ], [ 85.129143, 25.600186 ] ] ] } },
{ "type": "Feature", "properties": { "ID": "150113440", "TRK_NME": null, "FTR_CRY": "BG", "CITY_NME": "Patna", "STT_NME": "Bihar", "SHAPE_Leng": "0.08321378448779" }, "geometry": { "type": "MultiLineString", "coordinates": [ [ [ 85.089118, 25.650392 ], [ 85.088381, 25.650596 ], [ 85.087836, 25.650718 ], [ 85.087475, 25.650777 ], [ 85.087037, 25.65082 ], [ 85.086646, 25.650841 ], [ 85.086226, 25.650847 ], [ 85.085793, 25.650815 ], [ 85.085331, 25.650756 ], [ 85.084941, 25.65066 ], [ 85.08452, 25.650559 ], [ 85.084135, 25.650425 ], [ 85.083792, 25.650292 ], [ 85.083466, 25.650137 ], [ 85.083152, 25.649972 ], [ 85.082809, 25.649747 ], [ 85.082447, 25.649493 ], [ 85.082075, 25.649189 ], [ 85.081798, 25.648929 ], [ 85.081549, 25.64867 ], [ 85.081248, 25.648281 ], [ 85.081096, 25.648065 ], [ 85.080949, 25.647831 ], [ 85.080629, 25.647218 ], [ 85.079884, 25.645671 ], [ 85.078758, 25.643299 ], [ 85.077844, 25.641352 ], [ 85.077254, 25.640106 ], [ 85.076423, 25.638358 ], [ 85.075697, 25.636758 ], [ 85.074838, 25.634928 ], [ 85.072622, 25.630195 ], [ 85.070576, 25.625597 ], [ 85.069679, 25.623575 ], [ 85.06762, 25.619051 ], [ 85.066504, 25.61666 ], [ 85.065349, 25.614187 ], [ 85.064913, 25.6133 ], [ 85.063908, 25.611131 ], [ 85.06294, 25.60902 ], [ 85.061809, 25.60655 ], [ 85.060803, 25.604227 ], [ 85.060644, 25.603803 ], [ 85.06052, 25.603414 ], [ 85.060205, 25.60234 ], [ 85.059558, 25.600064 ], [ 85.058945, 25.597995 ], [ 85.058784, 25.597344 ], [ 85.05863, 25.59672 ], [ 85.058547, 25.596318 ], [ 85.058518, 25.59592 ], [ 85.058513, 25.595547 ], [ 85.058536, 25.595103 ], [ 85.058632, 25.594581 ], [ 85.05871, 25.594262 ], [ 85.05892, 25.593492 ], [ 85.059548, 25.591357 ], [ 85.060205, 25.589145 ], [ 85.060472, 25.588419 ], [ 85.060695, 25.58796 ], [ 85.06084, 25.587686 ], [ 85.061043, 25.587377 ], [ 85.061315, 25.587031 ], [ 85.061723, 25.586591 ], [ 85.062084, 25.586279 ], [ 85.062657, 25.585878 ], [ 85.06325, 25.585561 ], [ 85.064026, 25.585258 ], [ 85.064668, 25.585102 ], [ 85.065319, 25.584995 ], [ 85.065668, 25.58498 ], [ 85.066062, 25.584976 ], [ 85.066408, 25.584993 ], [ 85.068573, 25.585206 ] ] ] } },
{ "type": "Feature", "properties": { "ID": "150129361", "TRK_NME": null, "FTR_CRY": "BG", "CITY_NME": "Patna", "STT_NME": "Bihar", "SHAPE_Leng": "0.009311275748446" }, "geometry": { "type": "MultiLineString", "coordinates": [ [ [ 85.089118, 25.650392 ], [ 85.090106, 25.65014 ], [ 85.090454, 25.650066 ], [ 85.090842, 25.650007 ], [ 85.091179, 25.649983 ], [ 85.091391, 25.649973 ], [ 85.091704, 25.649981 ], [ 85.092005, 25.650015 ], [ 85.092397, 25.650092 ], [ 85.092713, 25.65017 ], [ 85.093092, 25.650298 ], [ 85.093581, 25.650502 ], [ 85.093851, 25.650666 ], [ 85.094117, 25.650852 ], [ 85.094864, 25.651521 ], [ 85.09533, 25.652087 ], [ 85.095867, 25.652768 ], [ 85.09654, 25.653625 ], [ 85.096789, 25.653924 ] ] ] } },
{ "type": "Feature", "properties": { "ID": "150113466", "TRK_NME": null, "FTR_CRY": "BG", "CITY_NME": "Patna", "STT_NME": "Bihar", "SHAPE_Leng": "0.074148621259316" }, "geometry": { "type": "MultiLineString", "coordinates": [ [ [ 85.141043, 25.604076 ], [ 85.140872, 25.603942 ], [ 85.140097, 25.603519 ], [ 85.139218, 25.60313 ], [ 85.135304, 25.601708 ], [ 85.134936, 25.601514 ], [ 85.134735, 25.601375 ], [ 85.134494, 25.601147 ], [ 85.134273, 25.600865 ], [ 85.134039, 25.600495 ], [ 85.133876, 25.600106 ], [ 85.133778, 25.599857 ], [ 85.133543, 25.599057 ], [ 85.133073, 25.597409 ], [ 85.132602, 25.595693 ], [ 85.132184, 25.594192 ], [ 85.131251, 25.590883 ], [ 85.130575, 25.588508 ], [ 85.128623, 25.582416 ], [ 85.128007, 25.580551 ], [ 85.127612, 25.579336 ], [ 85.126775, 25.576615 ], [ 85.12551, 25.572237 ], [ 85.124057, 25.567264 ], [ 85.121557, 25.558517 ], [ 85.120945, 25.55639 ], [ 85.118324, 25.547247 ], [ 85.117589, 25.544523 ], [ 85.117357, 25.543562 ], [ 85.116953, 25.54221 ], [ 85.116235, 25.540106 ], [ 85.115235, 25.537105 ] ] ] } },
{ "type": "Feature", "properties": { "ID": "150164333", "TRK_NME": null, "FTR_CRY": "BG", "CITY_NME": "Patna", "STT_NME": "Bihar", "SHAPE_Leng": "0.010099069024386" }, "geometry": { "type": "MultiLineString", "coordinates": [ [ [ 85.152681, 25.603963 ], [ 85.148097, 25.604327 ], [ 85.146708, 25.604403 ], [ 85.145056, 25.604386 ], [ 85.1445, 25.604347 ], [ 85.143409, 25.604283 ], [ 85.142604, 25.604223 ] ] ] } },
{ "type": "Feature", "properties": { "ID": "150164334", "TRK_NME": null, "FTR_CRY": "BG", "CITY_NME": "Patna", "STT_NME": "Bihar", "SHAPE_Leng": "0.012084621524871" }, "geometry": { "type": "MultiLineString", "coordinates": [ [ [ 85.133543, 25.599057 ], [ 85.133844, 25.599756 ], [ 85.134028, 25.600118 ], [ 85.134198, 25.600442 ], [ 85.134404, 25.600807 ], [ 85.134548, 25.60098 ], [ 85.134699, 25.601122 ], [ 85.134917, 25.601292 ], [ 85.135227, 25.601494 ], [ 85.13556, 25.601644 ], [ 85.136264, 25.601904 ], [ 85.138976, 25.602883 ], [ 85.139429, 25.60309 ], [ 85.140388, 25.603576 ], [ 85.140929, 25.603836 ], [ 85.141143, 25.603923 ], [ 85.14131, 25.603977 ], [ 85.142604, 25.604223 ], [ 85.143747, 25.604406 ] ] ] } },
{ "type": "Feature", "properties": { "ID": "150164335", "TRK_NME": null, "FTR_CRY": "BG", "CITY_NME": "Patna", "STT_NME": "Bihar", "SHAPE_Leng": "0.015888361261859" }, "geometry": { "type": "MultiLineString", "coordinates": [ [ [ 85.145945, 25.604576 ], [ 85.145625, 25.604592 ], [ 85.14542, 25.604587 ], [ 85.144221, 25.604526 ], [ 85.142808, 25.604402 ], [ 85.14256, 25.604373 ], [ 85.141385, 25.604181 ], [ 85.140738, 25.604122 ], [ 85.140532, 25.604086 ], [ 85.139798, 25.603943 ], [ 85.139305, 25.603818 ], [ 85.138057, 25.603399 ], [ 85.136242, 25.60273 ], [ 85.134014, 25.601939 ], [ 85.130659, 25.600709 ] ] ] } },
{ "type": "Feature", "properties": { "ID": "150164336", "TRK_NME": null, "FTR_CRY": "BG", "CITY_NME": "Patna", "STT_NME": "Bihar", "SHAPE_Leng": "0.011616513162329" }, "geometry": { "type": "MultiLineString", "coordinates": [ [ [ 85.129812, 25.600417 ], [ 85.131753, 25.600974 ], [ 85.132957, 25.601292 ], [ 85.133859, 25.601511 ], [ 85.136539, 25.602369 ], [ 85.139157, 25.603319 ], [ 85.140872, 25.603942 ] ] ] } },
{ "type": "Feature", "properties": { "ID": "150164340", "TRK_NME": null, "FTR_CRY": "BG", "CITY_NME": "Patna", "STT_NME": "Bihar", "SHAPE_Leng": "0.022515392362818" }, "geometry": { "type": "MultiLineString", "coordinates": [ [ [ 85.152681, 25.603963 ], [ 85.156816, 25.603577 ], [ 85.160351, 25.603192 ], [ 85.163346, 25.602863 ], [ 85.167089, 25.602538 ], [ 85.169953, 25.602269 ], [ 85.17317, 25.601907 ], [ 85.173735, 25.601884 ], [ 85.174107, 25.601899 ], [ 85.175091, 25.601937 ] ] ] } },
{ "type": "Feature", "properties": { "ID": "150164341", "TRK_NME": null, "FTR_CRY": "BG", "CITY_NME": "Patna", "STT_NME": "Bihar", "SHAPE_Leng": "0.00713015093884" }, "geometry": { "type": "MultiLineString", "coordinates": [ [ [ 85.174107, 25.601899 ], [ 85.173086, 25.6017 ], [ 85.172858, 25.601674 ], [ 85.172647, 25.601672 ], [ 85.1723, 25.601697 ], [ 85.168767, 25.602041 ], [ 85.168632, 25.602061 ], [ 85.168128, 25.602201 ], [ 85.167799, 25.602307 ], [ 85.167089, 25.602538 ] ] ] } },
{ "type": "Feature", "properties": { "ID": "150164342", "TRK_NME": null, "FTR_CRY": "BG", "CITY_NME": "Patna", "STT_NME": "Bihar", "SHAPE_Leng": "0.010331974364725" }, "geometry": { "type": "MultiLineString", "coordinates": [ [ [ 85.207362, 25.597517 ], [ 85.206211, 25.597517 ], [ 85.204881, 25.597533 ], [ 85.202992, 25.597639 ], [ 85.200891, 25.597792 ], [ 85.19994, 25.597862 ], [ 85.199596, 25.597899 ], [ 85.199193, 25.597959 ], [ 85.198975, 25.598 ], [ 85.198612, 25.598095 ], [ 85.198052, 25.598274 ], [ 85.197149, 25.598601 ] ] ] } },
{ "type": "Feature", "properties": { "ID": "150164359", "TRK_NME": null, "FTR_CRY": "BG", "CITY_NME": null, "STT_NME": "Bihar", "SHAPE_Leng": "0.008261574207504" }, "geometry": { "type": "MultiLineString", "coordinates": [ [ [ 85.131151, 25.696601 ], [ 85.132932, 25.698347 ], [ 85.135549, 25.700443 ], [ 85.136624, 25.701248 ], [ 85.137549, 25.701789 ] ] ] } },
{ "type": "Feature", "properties": { "ID": "150164360", "TRK_NME": null, "FTR_CRY": "BG", "CITY_NME": "Patna", "STT_NME": "Bihar", "SHAPE_Leng": "0.009847258489055" }, "geometry": { "type": "MultiLineString", "coordinates": [ [ [ 85.066504, 25.61666 ], [ 85.067423, 25.618142 ], [ 85.069548, 25.622887 ], [ 85.070041, 25.623931 ], [ 85.070576, 25.625597 ] ] ] } },
{ "type": "Feature", "properties": { "ID": "150113434", "TRK_NME": null, "FTR_CRY": "BG", "CITY_NME": "Patna", "STT_NME": "Bihar", "SHAPE_Leng": "0.252913667693747" }, "geometry": { "type": "MultiLineString", "coordinates": [ [ [ 85.25951, 25.567293 ], [ 85.258849, 25.567927 ], [ 85.257488, 25.569143 ], [ 85.256439, 25.570008 ], [ 85.255305, 25.570902 ], [ 85.253916, 25.571917 ], [ 85.252733, 25.572721 ], [ 85.249896, 25.574463 ], [ 85.247921, 25.575639 ], [ 85.239173, 25.580808 ], [ 85.234907, 25.583332 ], [ 85.233457, 25.584221 ], [ 85.233285, 25.584327 ], [ 85.232251, 25.584991 ], [ 85.231936, 25.585182 ], [ 85.2315, 25.58543 ], [ 85.22932, 25.586631 ], [ 85.226987, 25.587883 ], [ 85.224858, 25.588981 ], [ 85.224375, 25.589222 ], [ 85.223754, 25.589507 ], [ 85.222872, 25.589887 ], [ 85.222208, 25.590186 ], [ 85.221488, 25.590519 ], [ 85.220917, 25.590816 ], [ 85.220528, 25.591021 ], [ 85.21943, 25.591677 ], [ 85.218855, 25.592047 ], [ 85.218266, 25.592423 ], [ 85.217624, 25.59283 ], [ 85.21699, 25.593208 ], [ 85.216689, 25.593377 ], [ 85.216265, 25.593599 ], [ 85.21515, 25.594167 ], [ 85.21364, 25.594913 ], [ 85.212406, 25.595508 ], [ 85.211114, 25.596145 ], [ 85.209885, 25.596749 ], [ 85.209525, 25.596901 ], [ 85.209083, 25.597082 ], [ 85.20887, 25.597158 ], [ 85.208652, 25.597222 ], [ 85.208357, 25.597305 ], [ 85.208109, 25.597366 ], [ 85.207827, 25.597426 ], [ 85.207362, 25.597517 ], [ 85.207061, 25.597557 ], [ 85.206642, 25.597598 ], [ 85.206149, 25.597635 ], [ 85.203893, 25.597727 ], [ 85.200874, 25.597874 ], [ 85.19968, 25.597979 ], [ 85.199465, 25.598002 ], [ 85.199237, 25.598039 ], [ 85.198972, 25.598089 ], [ 85.198593, 25.598186 ], [ 85.197627, 25.598456 ], [ 85.197149, 25.598601 ], [ 85.195825, 25.599094 ], [ 85.194808, 25.599455 ], [ 85.19406, 25.599675 ], [ 85.193325, 25.599862 ], [ 85.19275, 25.59999 ], [ 85.192121, 25.60011 ], [ 85.19143, 25.600209 ], [ 85.190676, 25.60031 ], [ 85.190161, 25.600383 ], [ 85.189056, 25.600534 ], [ 85.186977, 25.600796 ], [ 85.185226, 25.600999 ], [ 85.183667, 25.601145 ], [ 85.182459, 25.601258 ], [ 85.18085, 25.601414 ], [ 85.178551, 25.601629 ], [ 85.175091, 25.601937 ], [ 85.173906, 25.602042 ], [ 85.170299, 25.602391 ], [ 85.166934, 25.602714 ], [ 85.162588, 25.603148 ], [ 85.158434, 25.60353 ], [ 85.155012, 25.603846 ], [ 85.152536, 25.604095 ], [ 85.150436, 25.604299 ], [ 85.149152, 25.604414 ], [ 85.148617, 25.604467 ], [ 85.148204, 25.604505 ], [ 85.147641, 25.604542 ], [ 85.146917, 25.604573 ], [ 85.145945, 25.604576 ], [ 85.145578, 25.604565 ], [ 85.144846, 25.604519 ], [ 85.144644, 25.604503 ], [ 85.144075, 25.604441 ], [ 85.143747, 25.604406 ], [ 85.141043, 25.604076 ], [ 85.140566, 25.603968 ], [ 85.137795, 25.603016 ], [ 85.135381, 25.602137 ], [ 85.133731, 25.601654 ], [ 85.132544, 25.601306 ], [ 85.130659, 25.600709 ], [ 85.129812, 25.600417 ], [ 85.129143, 25.600186 ], [ 85.128167, 25.59983 ], [ 85.124101, 25.598349 ], [ 85.120084, 25.596915 ], [ 85.114918, 25.595077 ], [ 85.111633, 25.593884 ], [ 85.106069, 25.591915 ], [ 85.10235, 25.590587 ], [ 85.100458, 25.589917 ], [ 85.0988, 25.589377 ], [ 85.098221, 25.589203 ], [ 85.097842, 25.589103 ], [ 85.097447, 25.589009 ], [ 85.096943, 25.588879 ], [ 85.096583, 25.588794 ], [ 85.095922, 25.588656 ], [ 85.095474, 25.588565 ], [ 85.09496, 25.58847 ], [ 85.094349, 25.588376 ], [ 85.093408, 25.588237 ], [ 85.092689, 25.588146 ], [ 85.08967, 25.58778 ], [ 85.086653, 25.587403 ], [ 85.083153, 25.586954 ], [ 85.078098, 25.586351 ], [ 85.075423, 25.586017 ], [ 85.073403, 25.585775 ], [ 85.070429, 25.585428 ], [ 85.068573, 25.585206 ], [ 85.06479, 25.584709 ], [ 85.06058, 25.584212 ], [ 85.057612, 25.583834 ], [ 85.056005, 25.583641 ], [ 85.05498, 25.583523 ], [ 85.053049, 25.583293 ], [ 85.052027, 25.583169 ], [ 85.050798, 25.583033 ], [ 85.049671, 25.582883 ], [ 85.043688, 25.582144 ], [ 85.041227, 25.581844 ], [ 85.039432, 25.581627 ], [ 85.037412, 25.58134 ], [ 85.034941, 25.58104 ], [ 85.032585, 25.580745 ], [ 85.031594, 25.580628 ], [ 85.028386, 25.58025 ], [ 85.026955, 25.580074 ], [ 85.026208, 25.579904 ], [ 85.02431, 25.579422 ], [ 85.023883, 25.579326 ], [ 85.022891, 25.579179 ], [ 85.018787, 25.578679 ] ] ] } },
{ "type": "Feature", "properties": { "ID": "150113198", "TRK_NME": null, "FTR_CRY": "BG", "CITY_NME": null, "STT_NME": "Bihar", "SHAPE_Leng": "0.065784932785276" }, "geometry": { "type": "MultiLineString", "coordinates": [ [ [ 85.096789, 25.653924 ], [ 85.10088, 25.65905 ], [ 85.103824, 25.662701 ], [ 85.105919, 25.665291 ], [ 85.10714, 25.666811 ], [ 85.10983, 25.670206 ], [ 85.113182, 25.674405 ], [ 85.115897, 25.677758 ], [ 85.118226, 25.680683 ], [ 85.122244, 25.68569 ], [ 85.124297, 25.68819 ], [ 85.126506, 25.690953 ], [ 85.129004, 25.694126 ], [ 85.130193, 25.695578 ], [ 85.130631, 25.696079 ], [ 85.131151, 25.696601 ], [ 85.131935, 25.697219 ], [ 85.136433, 25.700865 ], [ 85.137549, 25.701789 ], [ 85.13967, 25.703541 ] ] ] } },
{ "type": "Feature", "properties": { "ID": "150166483", "TRK_NME": null, "FTR_CRY": "BG", "CITY_NME": null, "STT_NME": "Bihar", "SHAPE_Leng": "0.029313051155455" }, "geometry": { "type": "MultiLineString", "coordinates": [ [ [ 84.809538, 26.118498 ], [ 84.809506, 26.11949 ], [ 84.809456, 26.119826 ], [ 84.809416, 26.120009 ], [ 84.809292, 26.120469 ], [ 84.809153, 26.120863 ], [ 84.808958, 26.121251 ], [ 84.808819, 26.121502 ], [ 84.80863, 26.121783 ], [ 84.808481, 26.121993 ], [ 84.808331, 26.122195 ], [ 84.808192, 26.122364 ], [ 84.807968, 26.122592 ], [ 84.807774, 26.122758 ], [ 84.807301, 26.123169 ], [ 84.803977, 26.125793 ], [ 84.800677, 26.128355 ], [ 84.799583, 26.129029 ], [ 84.798751, 26.129451 ], [ 84.798159, 26.12971 ], [ 84.797811, 26.129843 ], [ 84.796532, 26.13025 ], [ 84.795978, 26.130378 ], [ 84.794944, 26.13061 ], [ 84.792888, 26.130996 ], [ 84.788937, 26.131808 ], [ 84.788103, 26.132015 ], [ 84.78732, 26.132231 ], [ 84.787056, 26.132326 ], [ 84.786612, 26.132531 ], [ 84.785954, 26.132832 ] ] ] } },
{ "type": "Feature", "properties": { "ID": "150113318", "TRK_NME": "Chhapra to Ballia", "FTR_CRY": "BG", "CITY_NME": null, "STT_NME": "Bihar", "SHAPE_Leng": "0.025022656971953" }, "geometry": { "type": "MultiLineString", "coordinates": [ [ [ 84.601222, 25.825478 ], [ 84.60098, 25.826156 ], [ 84.60084, 25.826497 ], [ 84.60065, 25.826942 ], [ 84.600497, 25.827243 ], [ 84.600289, 25.827612 ], [ 84.600136, 25.827857 ], [ 84.599847, 25.828266 ], [ 84.599481, 25.828735 ], [ 84.599254, 25.828987 ], [ 84.59883, 25.829415 ], [ 84.59837, 25.829806 ], [ 84.597919, 25.830153 ], [ 84.597476, 25.830454 ], [ 84.597174, 25.830629 ], [ 84.596812, 25.830834 ], [ 84.5963, 25.831088 ], [ 84.595811, 25.831286 ], [ 84.595605, 25.831357 ], [ 84.595107, 25.831523 ], [ 84.594564, 25.831673 ], [ 84.594333, 25.831719 ], [ 84.594017, 25.831781 ], [ 84.593441, 25.831875 ], [ 84.592804, 25.831939 ], [ 84.592244, 25.831953 ], [ 84.59179, 25.831949 ], [ 84.591342, 25.831921 ], [ 84.590833, 25.831869 ], [ 84.590453, 25.83181 ], [ 84.589917, 25.831675 ], [ 84.58939, 25.831524 ], [ 84.588884, 25.831367 ], [ 84.588485, 25.831212 ], [ 84.588164, 25.831073 ], [ 84.5878, 25.83091 ], [ 84.58745, 25.830724 ], [ 84.587127, 25.830538 ], [ 84.586909, 25.830408 ], [ 84.586667, 25.830247 ], [ 84.586318, 25.829981 ], [ 84.585822, 25.829574 ], [ 84.585681, 25.829438 ], [ 84.585356, 25.829096 ], [ 84.584047, 25.827662 ], [ 84.582542, 25.826068 ], [ 84.581637, 25.825079 ] ] ] } },
{ "type": "Feature", "properties": { "ID": "150113375", "TRK_NME": null, "FTR_CRY": "MG", "CITY_NME": null, "STT_NME": "Bihar", "SHAPE_Leng": "0.029563908093378" }, "geometry": { "type": "MultiLineString", "coordinates": [ [ [ 84.824715, 25.944398 ], [ 84.825653, 25.94526 ], [ 84.826776, 25.946337 ], [ 84.827452, 25.946971 ], [ 84.828013, 25.947482 ], [ 84.82838, 25.947822 ], [ 84.828874, 25.948297 ], [ 84.829599, 25.94897 ], [ 84.829989, 25.949327 ], [ 84.831247, 25.9505 ], [ 84.833123, 25.952248 ], [ 84.833505, 25.952611 ], [ 84.833941, 25.953023 ], [ 84.834406, 25.953448 ], [ 84.834586, 25.953617 ], [ 84.835286, 25.954255 ], [ 84.835549, 25.954502 ], [ 84.836228, 25.955154 ], [ 84.836712, 25.955589 ], [ 84.837455, 25.95629 ], [ 84.838101, 25.956894 ], [ 84.83848, 25.957248 ], [ 84.839275, 25.95799 ], [ 84.840205, 25.958828 ], [ 84.841406, 25.959967 ], [ 84.843047, 25.96152 ], [ 84.844605, 25.962982 ], [ 84.846331, 25.964565 ] ] ] } },
{ "type": "Feature", "properties": { "ID": "150113381", "TRK_NME": null, "FTR_CRY": "BG", "CITY_NME": null, "STT_NME": "Bihar", "SHAPE_Leng": "0.071027568557908" }, "geometry": { "type": "MultiLineString", "coordinates": [ [ [ 84.920035, 25.766645 ], [ 84.92169, 25.766854 ], [ 84.924092, 25.767126 ], [ 84.926759, 25.767454 ], [ 84.929822, 25.767832 ], [ 84.932904, 25.76819 ], [ 84.934607, 25.768422 ], [ 84.935359, 25.768517 ], [ 84.935706, 25.76853 ], [ 84.936388, 25.768551 ], [ 84.93754, 25.768557 ], [ 84.938641, 25.768499 ], [ 84.939175, 25.768462 ], [ 84.940025, 25.76834 ], [ 84.940342, 25.768301 ], [ 84.940528, 25.768265 ], [ 84.942794, 25.767794 ], [ 84.943841, 25.767577 ], [ 84.945511, 25.767266 ], [ 84.947624, 25.766845 ], [ 84.949241, 25.766537 ], [ 84.952178, 25.765932 ], [ 84.953995, 25.765577 ], [ 84.955542, 25.765239 ], [ 84.956294, 25.765024 ], [ 84.957298, 25.764673 ], [ 84.957776, 25.764474 ], [ 84.95891, 25.763941 ], [ 84.959422, 25.76365 ], [ 84.960215, 25.763188 ], [ 84.960778, 25.762799 ], [ 84.961666, 25.762106 ], [ 84.962131, 25.761701 ], [ 84.962876, 25.760942 ], [ 84.96352, 25.760239 ], [ 84.963925, 25.759737 ], [ 84.964795, 25.758482 ], [ 84.965746, 25.757211 ], [ 84.966704, 25.755847 ], [ 84.968168, 25.753836 ], [ 84.969147, 25.752481 ], [ 84.970319, 25.750836 ], [ 84.970971, 25.749914 ], [ 84.97128, 25.749486 ], [ 84.971537, 25.749142 ], [ 84.971833, 25.748759 ], [ 84.971956, 25.748623 ], [ 84.972129, 25.74843 ], [ 84.972421, 25.748134 ], [ 84.972744, 25.747829 ], [ 84.973811, 25.747047 ], [ 84.97422, 25.746797 ], [ 84.974542, 25.746638 ], [ 84.975035, 25.746407 ], [ 84.975521, 25.746212 ], [ 84.976057, 25.746038 ], [ 84.976567, 25.745904 ], [ 84.977217, 25.745779 ], [ 84.978388, 25.745606 ], [ 84.980522, 25.745262 ], [ 84.982215, 25.745004 ] ] ] } },
{ "type": "Feature", "properties": { "ID": "150113453", "TRK_NME": null, "FTR_CRY": "BG", "CITY_NME": null, "STT_NME": "Bihar", "SHAPE_Leng": "0.05035130490978" }, "geometry": { "type": "MultiLineString", "coordinates": [ [ [ 84.601222, 25.825478 ], [ 84.601492, 25.82476 ], [ 84.601739, 25.824046 ], [ 84.602088, 25.82312 ], [ 84.602548, 25.821862 ], [ 84.602727, 25.821377 ], [ 84.603128, 25.820239 ], [ 84.603959, 25.817959 ], [ 84.604399, 25.816743 ], [ 84.604766, 25.815799 ], [ 84.604952, 25.815307 ], [ 84.605873, 25.812799 ], [ 84.606292, 25.811671 ], [ 84.606621, 25.810914 ], [ 84.606925, 25.810386 ], [ 84.607263, 25.809962 ], [ 84.60772, 25.809463 ], [ 84.608667, 25.808696 ], [ 84.609247, 25.808216 ], [ 84.609918, 25.807673 ], [ 84.611003, 25.806572 ], [ 84.613066, 25.804478 ], [ 84.613391, 25.804188 ], [ 84.614265, 25.803333 ], [ 84.614889, 25.802721 ], [ 84.615249, 25.802389 ], [ 84.615657, 25.802064 ], [ 84.616053, 25.801769 ], [ 84.616484, 25.801516 ], [ 84.616857, 25.801284 ], [ 84.617167, 25.801119 ], [ 84.617702, 25.80084 ], [ 84.618881, 25.800239 ], [ 84.620547, 25.799374 ], [ 84.621487, 25.798905 ], [ 84.622637, 25.798296 ], [ 84.623053, 25.798072 ], [ 84.623538, 25.79783 ], [ 84.624433, 25.79737 ], [ 84.625334, 25.796888 ], [ 84.625828, 25.796635 ], [ 84.626906, 25.796098 ], [ 84.627855, 25.795613 ], [ 84.628535, 25.795269 ], [ 84.629415, 25.794794 ], [ 84.630151, 25.794422 ], [ 84.631017, 25.793965 ], [ 84.631801, 25.793555 ], [ 84.632621, 25.793113 ], [ 84.633555, 25.792647 ], [ 84.634152, 25.792327 ], [ 84.635228, 25.791764 ] ] ] } },
{ "type": "Feature", "properties": { "ID": "150113140", "TRK_NME": null, "FTR_CRY": "BG", "CITY_NME": null, "STT_NME": "Bihar", "SHAPE_Leng": "0.002866593797538" }, "geometry": { "type": "MultiLineString", "coordinates": [ [ [ 84.982215, 25.745004 ], [ 84.985047, 25.74456 ] ] ] } },
{ "type": "Feature", "properties": { "ID": "150131074", "TRK_NME": null, "FTR_CRY": "MG", "CITY_NME": null, "STT_NME": "Bihar", "SHAPE_Leng": "1.25255738397E-4" }, "geometry": { "type": "MultiLineString", "coordinates": [ [ [ 84.846331, 25.964565 ], [ 84.846423, 25.96465 ] ] ] } },
{ "type": "Feature", "properties": { "ID": "150113124", "TRK_NME": null, "FTR_CRY": "BG", "CITY_NME": "Revelganj", "STT_NME": "Bihar", "SHAPE_Leng": "0.027849714802134" }, "geometry": { "type": "MultiLineString", "coordinates": [ [ [ 84.661628, 25.786432 ], [ 84.660904, 25.786366 ], [ 84.660028, 25.786287 ], [ 84.659025, 25.786183 ], [ 84.657784, 25.786066 ], [ 84.657503, 25.786045 ], [ 84.656726, 25.785966 ], [ 84.656141, 25.785916 ], [ 84.65566, 25.785872 ], [ 84.65504, 25.785804 ], [ 84.653824, 25.785688 ], [ 84.65303, 25.785613 ], [ 84.651922, 25.785507 ], [ 84.650991, 25.785453 ], [ 84.650761, 25.78545 ], [ 84.650032, 25.785473 ], [ 84.649422, 25.785521 ], [ 84.649318, 25.785533 ], [ 84.649069, 25.785562 ], [ 84.648735, 25.785602 ], [ 84.648294, 25.78568 ], [ 84.647937, 25.785748 ], [ 84.647628, 25.785823 ], [ 84.6472, 25.785935 ], [ 84.646387, 25.78619 ], [ 84.645963, 25.786343 ], [ 84.645555, 25.786508 ], [ 84.645085, 25.786737 ], [ 84.64433, 25.787112 ], [ 84.642835, 25.787895 ], [ 84.641251, 25.788664 ], [ 84.63689, 25.790968 ], [ 84.636132, 25.791327 ], [ 84.635624, 25.79158 ], [ 84.635228, 25.791764 ] ] ] } },
{ "type": "Feature", "properties": { "ID": "150164387", "TRK_NME": null, "FTR_CRY": "BG", "CITY_NME": null, "STT_NME": "Bihar", "SHAPE_Leng": "0.03173394446717" }, "geometry": { "type": "MultiLineString", "coordinates": [ [ [ 84.867746, 25.747323 ], [ 84.868098, 25.74751 ], [ 84.868625, 25.747743 ], [ 84.869313, 25.748073 ], [ 84.870016, 25.748449 ], [ 84.870589, 25.748776 ], [ 84.871314, 25.74922 ], [ 84.8726, 25.750045 ], [ 84.874943, 25.751543 ], [ 84.876617, 25.75262 ], [ 84.877548, 25.753218 ], [ 84.878581, 25.753877 ], [ 84.88004, 25.754806 ], [ 84.881278, 25.755608 ], [ 84.882604, 25.756439 ], [ 84.883215, 25.756835 ], [ 84.884259, 25.757496 ], [ 84.885315, 25.758174 ], [ 84.886648, 25.759036 ], [ 84.888052, 25.759936 ], [ 84.888771, 25.760395 ], [ 84.889317, 25.760749 ], [ 84.889798, 25.761052 ], [ 84.890238, 25.761328 ], [ 84.890723, 25.761596 ], [ 84.891204, 25.761854 ], [ 84.891805, 25.762178 ], [ 84.892358, 25.762418 ], [ 84.892678, 25.762554 ], [ 84.893226, 25.762791 ], [ 84.893847, 25.763004 ], [ 84.894451, 25.763217 ], [ 84.895033, 25.763343 ] ] ] } },
{ "type": "Feature", "properties": { "ID": "150164388", "TRK_NME": null, "FTR_CRY": "BG", "CITY_NME": null, "STT_NME": "Bihar", "SHAPE_Leng": "0.010051548900283" }, "geometry": { "type": "MultiLineString", "coordinates": [ [ [ 84.821818, 25.756072 ], [ 84.822127, 25.755979 ], [ 84.822845, 25.755703 ], [ 84.823694, 25.755385 ], [ 84.825234, 25.754807 ], [ 84.827808, 25.753799 ], [ 84.830044, 25.75292 ], [ 84.830804, 25.752626 ], [ 84.83118, 25.752425 ] ] ] } },
{ "type": "Feature", "properties": { "ID": "150164391", "TRK_NME": null, "FTR_CRY": "BG", "CITY_NME": null, "STT_NME": "Bihar", "SHAPE_Leng": "0.009820639656699" }, "geometry": { "type": "MultiLineString", "coordinates": [ [ [ 84.649024, 25.855112 ], [ 84.64931, 25.854875 ], [ 84.649976, 25.854339 ], [ 84.650348, 25.854039 ], [ 84.650952, 25.853544 ], [ 84.651352, 25.85321 ], [ 84.651723, 25.852898 ], [ 84.652195, 25.852509 ], [ 84.652698, 25.852084 ], [ 84.653077, 25.851764 ], [ 84.653519, 25.851402 ], [ 84.654066, 25.85095 ], [ 84.65468, 25.850447 ], [ 84.655347, 25.849899 ], [ 84.655806, 25.849515 ], [ 84.656164, 25.849219 ], [ 84.656451, 25.848978 ], [ 84.65661, 25.848878 ] ] ] } },
{ "type": "Feature", "properties": { "ID": "150164392", "TRK_NME": null, "FTR_CRY": "BG", "CITY_NME": null, "STT_NME": "Bihar", "SHAPE_Leng": "0.00976432437136" }, "geometry": { "type": "MultiLineString", "coordinates": [ [ [ 84.656826, 25.848655 ], [ 84.65661, 25.848878 ], [ 84.656092, 25.849349 ], [ 84.6555, 25.849851 ], [ 84.654789, 25.850426 ], [ 84.654297, 25.850836 ], [ 84.653516, 25.851461 ], [ 84.65293, 25.851953 ], [ 84.652071, 25.852669 ], [ 84.651233, 25.853368 ], [ 84.650295, 25.854139 ], [ 84.649631, 25.85468 ], [ 84.649485, 25.854788 ], [ 84.64931, 25.854875 ] ] ] } },
{ "type": "Feature", "properties": { "ID": "150113457", "TRK_NME": null, "FTR_CRY": "BG", "CITY_NME": null, "STT_NME": "Bihar", "SHAPE_Leng": "0.065193580106888" }, "geometry": { "type": "MultiLineString", "coordinates": [ [ [ 85.22701, 25.718134 ], [ 85.227761, 25.719134 ], [ 85.228373, 25.719948 ], [ 85.228943, 25.720735 ], [ 85.22941, 25.721361 ], [ 85.229721, 25.721793 ], [ 85.230669, 25.723081 ], [ 85.231258, 25.72387 ], [ 85.231443, 25.724115 ], [ 85.231593, 25.72432 ], [ 85.231783, 25.724566 ], [ 85.232022, 25.724898 ], [ 85.232218, 25.725159 ], [ 85.232508, 25.725535 ], [ 85.232884, 25.726041 ], [ 85.233192, 25.726462 ], [ 85.233542, 25.726928 ], [ 85.233834, 25.727313 ], [ 85.234011, 25.727551 ], [ 85.234337, 25.727959 ], [ 85.234576, 25.728247 ], [ 85.235167, 25.728921 ], [ 85.235964, 25.729723 ], [ 85.236439, 25.730216 ], [ 85.236915, 25.730705 ], [ 85.237243, 25.731042 ], [ 85.23767, 25.731482 ], [ 85.239363, 25.733231 ], [ 85.240365, 25.734266 ], [ 85.240973, 25.734905 ], [ 85.241603, 25.73557 ], [ 85.242089, 25.736082 ], [ 85.242704, 25.736716 ], [ 85.243238, 25.737269 ], [ 85.243929, 25.737974 ], [ 85.24471, 25.738776 ], [ 85.245342, 25.739432 ], [ 85.245669, 25.739773 ], [ 85.245814, 25.739925 ], [ 85.246166, 25.74029 ], [ 85.246452, 25.740588 ], [ 85.246698, 25.740846 ], [ 85.246857, 25.74101 ], [ 85.247163, 25.741329 ], [ 85.247399, 25.741574 ], [ 85.247719, 25.741907 ], [ 85.247979, 25.742179 ], [ 85.248166, 25.742374 ], [ 85.248477, 25.742698 ], [ 85.249817, 25.744103 ], [ 85.250935, 25.74526 ], [ 85.252267, 25.746646 ], [ 85.253966, 25.748362 ], [ 85.254658, 25.749086 ], [ 85.255968, 25.750446 ], [ 85.256934, 25.7515 ], [ 85.258599, 25.753179 ], [ 85.259954, 25.754572 ], [ 85.260641, 25.755293 ], [ 85.261595, 25.756305 ], [ 85.262677, 25.757427 ], [ 85.263479, 25.758242 ], [ 85.26409, 25.758865 ], [ 85.265169, 25.760003 ], [ 85.266494, 25.761572 ], [ 85.267002, 25.762267 ], [ 85.267622, 25.763108 ], [ 85.26813, 25.76395 ], [ 85.269203, 25.765948 ], [ 85.269783, 25.76706 ] ] ] } },
{ "type": "Feature", "properties": { "ID": "150113043", "TRK_NME": null, "FTR_CRY": "BG", "CITY_NME": null, "STT_NME": "Bihar", "SHAPE_Leng": "0.081196726491633" }, "geometry": { "type": "MultiLineString", "coordinates": [ [ [ 85.227695, 25.708722 ], [ 85.229267, 25.708351 ], [ 85.230374, 25.708085 ], [ 85.234194, 25.707167 ], [ 85.237299, 25.706434 ], [ 85.242053, 25.705353 ], [ 85.245594, 25.704531 ], [ 85.260689, 25.70109 ], [ 85.266089, 25.699845 ], [ 85.268333, 25.699326 ], [ 85.270923, 25.698727 ], [ 85.27536, 25.697706 ], [ 85.278698, 25.696935 ], [ 85.288563, 25.694647 ], [ 85.294241, 25.693348 ], [ 85.298495, 25.692349 ], [ 85.303507, 25.691185 ], [ 85.306802, 25.690421 ] ] ] } },
{ "type": "Feature", "properties": { "ID": "150129453", "TRK_NME": null, "FTR_CRY": "BG", "CITY_NME": "Hajipur", "STT_NME": "Bihar", "SHAPE_Leng": "0.008707650763926" }, "geometry": { "type": "MultiLineString", "coordinates": [ [ [ 85.219475, 25.707908 ], [ 85.219736, 25.708208 ], [ 85.220019, 25.708496 ], [ 85.220249, 25.708693 ], [ 85.220528, 25.70889 ], [ 85.220744, 25.709001 ], [ 85.220915, 25.709066 ], [ 85.221197, 25.709149 ], [ 85.221515, 25.709217 ], [ 85.221886, 25.709252 ], [ 85.222132, 25.709261 ], [ 85.222384, 25.70925 ], [ 85.223013, 25.709214 ], [ 85.224105, 25.709154 ], [ 85.225645, 25.709053 ], [ 85.226107, 25.709018 ], [ 85.226772, 25.708907 ], [ 85.227695, 25.708722 ] ] ] } },
{ "type": "Feature", "properties": { "ID": "150129335", "TRK_NME": null, "FTR_CRY": "BG", "CITY_NME": null, "STT_NME": "Bihar", "SHAPE_Leng": "3.59300709722E-4" }, "geometry": { "type": "MultiLineString", "coordinates": [ [ [ 85.013447, 25.745052 ], [ 85.013763, 25.745223 ] ] ] } },
{ "type": "Feature", "properties": { "ID": "150129336", "TRK_NME": null, "FTR_CRY": "BG", "CITY_NME": "Dighwara", "STT_NME": "Bihar", "SHAPE_Leng": "0.028770402751363" }, "geometry": { "type": "MultiLineString", "coordinates": [ [ [ 84.985047, 25.74456 ], [ 84.985067, 25.744557 ], [ 84.987222, 25.744206 ], [ 84.988726, 25.743989 ], [ 84.990147, 25.743766 ], [ 84.990515, 25.743714 ], [ 84.990848, 25.743698 ], [ 84.991628, 25.743693 ], [ 84.992243, 25.743726 ], [ 84.992803, 25.743782 ], [ 84.993446, 25.7439 ], [ 84.994625, 25.744129 ], [ 84.99513, 25.744237 ], [ 84.995906, 25.744402 ], [ 84.996638, 25.744525 ], [ 84.997122, 25.744577 ], [ 84.997482, 25.744593 ], [ 84.998098, 25.744588 ], [ 84.998767, 25.744566 ], [ 84.999243, 25.744533 ], [ 85.001109, 25.74442 ], [ 85.002968, 25.744281 ], [ 85.00508, 25.744112 ], [ 85.007526, 25.743933 ], [ 85.008483, 25.743886 ], [ 85.008932, 25.743871 ], [ 85.009691, 25.743916 ], [ 85.010477, 25.744006 ], [ 85.011453, 25.744221 ], [ 85.01213, 25.744449 ], [ 85.012707, 25.744666 ], [ 85.013447, 25.745052 ] ] ] } },
{ "type": "Feature", "properties": { "ID": "150113110", "TRK_NME": null, "FTR_CRY": "BG", "CITY_NME": null, "STT_NME": "Bihar", "SHAPE_Leng": "0.006975145135326" }, "geometry": { "type": "MultiLineString", "coordinates": [ [ [ 85.189768, 25.692477 ], [ 85.191152, 25.692514 ], [ 85.193217, 25.692542 ], [ 85.196742, 25.692599 ] ] ] } },
{ "type": "Feature", "properties": { "ID": "150132255", "TRK_NME": null, "FTR_CRY": "BG", "CITY_NME": null, "STT_NME": "Bihar", "SHAPE_Leng": "7.22014542844E-4" }, "geometry": { "type": "MultiLineString", "coordinates": [ [ [ 85.226591, 25.717546 ], [ 85.22701, 25.718134 ] ] ] } },
{ "type": "Feature", "properties": { "ID": "150132256", "TRK_NME": null, "FTR_CRY": "BG", "CITY_NME": "Sonepur", "STT_NME": "Bihar", "SHAPE_Leng": "0.014430010714854" }, "geometry": { "type": "MultiLineString", "coordinates": [ [ [ 85.175621, 25.694259 ], [ 85.176336, 25.694018 ], [ 85.177282, 25.693714 ], [ 85.178602, 25.693279 ], [ 85.179821, 25.692883 ], [ 85.180691, 25.692634 ], [ 85.181251, 25.692506 ], [ 85.181804, 25.69241 ], [ 85.182272, 25.692351 ], [ 85.182831, 25.692331 ], [ 85.183358, 25.692338 ], [ 85.184405, 25.692353 ], [ 85.185734, 25.692382 ], [ 85.187687, 25.692424 ], [ 85.1895, 25.69247 ], [ 85.189768, 25.692477 ] ] ] } },
{ "type": "Feature", "properties": { "ID": "150113001", "TRK_NME": null, "FTR_CRY": "BG", "CITY_NME": null, "STT_NME": "Bihar", "SHAPE_Leng": "0.008828403756664" }, "geometry": { "type": "MultiLineString", "coordinates": [ [ [ 85.140665, 25.704354 ], [ 85.142078, 25.705443 ], [ 85.142671, 25.705782 ], [ 85.143224, 25.706007 ], [ 85.143668, 25.706135 ], [ 85.144344, 25.706269 ], [ 85.144721, 25.706301 ], [ 85.145043, 25.706304 ], [ 85.145774, 25.706245 ], [ 85.146288, 25.706144 ], [ 85.146776, 25.706018 ], [ 85.147421, 25.705739 ], [ 85.148704, 25.705066 ] ] ] } },
{ "type": "Feature", "properties": { "ID": "150113380", "TRK_NME": null, "FTR_CRY": "BG", "CITY_NME": null, "STT_NME": "Bihar", "SHAPE_Leng": "0.06701636573269" }, "geometry": { "type": "MultiLineString", "coordinates": [ [ [ 85.013763, 25.745223 ], [ 85.014566, 25.745795 ], [ 85.014954, 25.746103 ], [ 85.015649, 25.746797 ], [ 85.016559, 25.74785 ], [ 85.016895, 25.748243 ], [ 85.017279, 25.74866 ], [ 85.017709, 25.749146 ], [ 85.018913, 25.750495 ], [ 85.019877, 25.751575 ], [ 85.020416, 25.75218 ], [ 85.021246, 25.753108 ], [ 85.022034, 25.753994 ], [ 85.022449, 25.754465 ], [ 85.023061, 25.755134 ], [ 85.023922, 25.756095 ], [ 85.024894, 25.757178 ], [ 85.025887, 25.758285 ], [ 85.02664, 25.759148 ], [ 85.026969, 25.759471 ], [ 85.027651, 25.760221 ], [ 85.028471, 25.761153 ], [ 85.029333, 25.762139 ], [ 85.029815, 25.762653 ], [ 85.030105, 25.762928 ], [ 85.030656, 25.763455 ], [ 85.031322, 25.764055 ], [ 85.03215, 25.764874 ], [ 85.032823, 25.765494 ], [ 85.033519, 25.766167 ], [ 85.03463, 25.767176 ], [ 85.036149, 25.768642 ], [ 85.038243, 25.770628 ], [ 85.04047, 25.772714 ], [ 85.043778, 25.775823 ], [ 85.045482, 25.777401 ], [ 85.046113, 25.777912 ], [ 85.046777, 25.77836 ], [ 85.047956, 25.778965 ], [ 85.048716, 25.779265 ], [ 85.049439, 25.779462 ], [ 85.050033, 25.779625 ], [ 85.050648, 25.779808 ], [ 85.052033, 25.780209 ], [ 85.053129, 25.780514 ], [ 85.054397, 25.780874 ], [ 85.055664, 25.781235 ], [ 85.056415, 25.781458 ], [ 85.057545, 25.781763 ], [ 85.058266, 25.781962 ], [ 85.059279, 25.782218 ], [ 85.060117, 25.78234 ], [ 85.060741, 25.782379 ], [ 85.061614, 25.78236 ], [ 85.06249, 25.782277 ], [ 85.063023, 25.782186 ], [ 85.06405, 25.781909 ], [ 85.06452, 25.781734 ], [ 85.065285, 25.781407 ], [ 85.066059, 25.78098 ] ] ] } },
{ "type": "Feature", "properties": { "ID": "150129360", "TRK_NME": null, "FTR_CRY": "BG", "CITY_NME": null, "STT_NME": "Bihar", "SHAPE_Leng": "0.009274814093542" }, "geometry": { "type": "MultiLineString", "coordinates": [ [ [ 85.140665, 25.704354 ], [ 85.141498, 25.705307 ], [ 85.141818, 25.705808 ], [ 85.142038, 25.706298 ], [ 85.14218, 25.706752 ], [ 85.142299, 25.707393 ], [ 85.142332, 25.70801 ], [ 85.1422, 25.708847 ], [ 85.142015, 25.709316 ], [ 85.141776, 25.709801 ], [ 85.14152, 25.710244 ], [ 85.141237, 25.710616 ], [ 85.139626, 25.712202 ] ] ] } },
{ "type": "Feature", "properties": { "ID": "150129362", "TRK_NME": null, "FTR_CRY": "BG", "CITY_NME": "Sonepur", "STT_NME": "Bihar", "SHAPE_Leng": "0.001284910113575" }, "geometry": { "type": "MultiLineString", "coordinates": [ [ [ 85.13967, 25.703541 ], [ 85.140665, 25.704354 ] ] ] } },
{ "type": "Feature", "properties": { "ID": "150113157", "TRK_NME": null, "FTR_CRY": "BG", "CITY_NME": null, "STT_NME": "Bihar", "SHAPE_Leng": "0.004982190349318" }, "geometry": { "type": "MultiLineString", "coordinates": [ [ [ 85.148704, 25.705066 ], [ 85.145338, 25.707724 ], [ 85.144795, 25.708155 ] ] ] } },
{ "type": "Feature", "properties": { "ID": "150129403", "TRK_NME": null, "FTR_CRY": "BG", "CITY_NME": "Sonepur", "STT_NME": "Bihar", "SHAPE_Leng": "0.029248801826817" }, "geometry": { "type": "MultiLineString", "coordinates": [ [ [ 85.175621, 25.694259 ], [ 85.174801, 25.694524 ], [ 85.174438, 25.694638 ], [ 85.173813, 25.694835 ], [ 85.173244, 25.695014 ], [ 85.17244, 25.695273 ], [ 85.171901, 25.695441 ], [ 85.171272, 25.695658 ], [ 85.170527, 25.695925 ], [ 85.170014, 25.696091 ], [ 85.16938, 25.696299 ], [ 85.168685, 25.696518 ], [ 85.167534, 25.696899 ], [ 85.166729, 25.697156 ], [ 85.166036, 25.697375 ], [ 85.16537, 25.697602 ], [ 85.164845, 25.69777 ], [ 85.164113, 25.698025 ], [ 85.16318, 25.698353 ], [ 85.162748, 25.698482 ], [ 85.161894, 25.698765 ], [ 85.160929, 25.699093 ], [ 85.160151, 25.699336 ], [ 85.159079, 25.699675 ], [ 85.158578, 25.699829 ], [ 85.157695, 25.70012 ], [ 85.156846, 25.700405 ], [ 85.156294, 25.700586 ], [ 85.155806, 25.700748 ], [ 85.154902, 25.701036 ], [ 85.15435, 25.70123 ], [ 85.153649, 25.701493 ], [ 85.153221, 25.701709 ], [ 85.152603, 25.702064 ], [ 85.152137, 25.702381 ], [ 85.151458, 25.70291 ], [ 85.151008, 25.703268 ], [ 85.150577, 25.703595 ], [ 85.14994, 25.704101 ], [ 85.149436, 25.704503 ], [ 85.148704, 25.705066 ] ] ] } },
{ "type": "Feature", "properties": { "ID": "150164588", "TRK_NME": null, "FTR_CRY": "BG", "CITY_NME": null, "STT_NME": "Bihar", "SHAPE_Leng": "0.038600903282129" }, "geometry": { "type": "MultiLineString", "coordinates": [ [ [ 85.244139, 25.752424 ], [ 85.242599, 25.752778 ], [ 85.24056, 25.753244 ], [ 85.238833, 25.753632 ], [ 85.237175, 25.754003 ], [ 85.235423, 25.754406 ], [ 85.234029, 25.754682 ], [ 85.233084, 25.754842 ], [ 85.232155, 25.755003 ], [ 85.230903, 25.755196 ], [ 85.229218, 25.755454 ], [ 85.227107, 25.75578 ], [ 85.226506, 25.755872 ], [ 85.226117, 25.755967 ], [ 85.225321, 25.756195 ], [ 85.224793, 25.756396 ], [ 85.224292, 25.756599 ], [ 85.223218, 25.757172 ], [ 85.222367, 25.757824 ], [ 85.222084, 25.758044 ], [ 85.221705, 25.758407 ], [ 85.220916, 25.759256 ], [ 85.220404, 25.760058 ], [ 85.219978, 25.760846 ], [ 85.219542, 25.761735 ], [ 85.218293, 25.764215 ], [ 85.215934, 25.768985 ], [ 85.21461, 25.771703 ] ] ] } },
{ "type": "Feature", "properties": { "ID": "150164589", "TRK_NME": null, "FTR_CRY": "BG", "CITY_NME": "Hajipur", "STT_NME": "Bihar", "SHAPE_Leng": "7.63613776765E-4" }, "geometry": { "type": "MultiLineString", "coordinates": [ [ [ 85.219475, 25.707908 ], [ 85.21989, 25.708549 ] ] ] } },
{ "type": "Feature", "properties": { "ID": "150164590", "TRK_NME": null, "FTR_CRY": "BG", "CITY_NME": "Hajipur", "STT_NME": "Bihar", "SHAPE_Leng": "0.009704990520541" }, "geometry": { "type": "MultiLineString", "coordinates": [ [ [ 85.219475, 25.707908 ], [ 85.2185, 25.706603 ], [ 85.217752, 25.705595 ], [ 85.216854, 25.704387 ], [ 85.215897, 25.703122 ], [ 85.214821, 25.701686 ], [ 85.213679, 25.700124 ] ] ] } },
{ "type": "Feature", "properties": { "ID": "150164591", "TRK_NME": null, "FTR_CRY": "BG", "CITY_NME": "Sonepur", "STT_NME": "Bihar", "SHAPE_Leng": "0.009963151544667" }, "geometry": { "type": "MultiLineString", "coordinates": [ [ [ 85.179821, 25.692883 ], [ 85.180196, 25.692824 ], [ 85.181079, 25.692655 ], [ 85.181486, 25.692597 ], [ 85.182026, 25.692562 ], [ 85.182543, 25.692558 ], [ 85.183392, 25.692575 ], [ 85.184254, 25.692593 ], [ 85.184799, 25.692597 ], [ 85.186635, 25.692692 ], [ 85.18777, 25.692758 ], [ 85.189014, 25.692779 ], [ 85.189753, 25.692801 ] ] ] } },
{ "type": "Feature", "properties": { "ID": "150164592", "TRK_NME": null, "FTR_CRY": "BG", "CITY_NME": null, "STT_NME": "Bihar", "SHAPE_Leng": "0.006820036986506" }, "geometry": { "type": "MultiLineString", "coordinates": [ [ [ 85.189753, 25.692801 ], [ 85.191153, 25.69283 ], [ 85.192782, 25.692859 ], [ 85.194413, 25.692892 ], [ 85.196572, 25.692917 ] ] ] } },
{ "type": "Feature", "properties": { "ID": "150164593", "TRK_NME": null, "FTR_CRY": "BG", "CITY_NME": "Hajipur", "STT_NME": "Bihar", "SHAPE_Leng": "0.023164908547579" }, "geometry": { "type": "MultiLineString", "coordinates": [ [ [ 85.196572, 25.692917 ], [ 85.197568, 25.692934 ], [ 85.198138, 25.692932 ], [ 85.198991, 25.692901 ], [ 85.200002, 25.692848 ], [ 85.20094, 25.692825 ], [ 85.201743, 25.692825 ], [ 85.20336, 25.692872 ], [ 85.204719, 25.692895 ], [ 85.205833, 25.69292 ], [ 85.206292, 25.692938 ], [ 85.206482, 25.692953 ], [ 85.206754, 25.692992 ], [ 85.2071, 25.693068 ], [ 85.207624, 25.693237 ], [ 85.208097, 25.693451 ], [ 85.20828, 25.69355 ], [ 85.208637, 25.693783 ], [ 85.208831, 25.693934 ], [ 85.209076, 25.694158 ], [ 85.209271, 25.694358 ], [ 85.209689, 25.694855 ], [ 85.210332, 25.695712 ], [ 85.211587, 25.697368 ], [ 85.21177, 25.697628 ], [ 85.21187, 25.697791 ], [ 85.212005, 25.698032 ], [ 85.212108, 25.698238 ], [ 85.212221, 25.698472 ], [ 85.212496, 25.698901 ], [ 85.215107, 25.702537 ] ] ] } },
{ "type": "Feature", "properties": { "ID": "150164594", "TRK_NME": null, "FTR_CRY": "BG", "CITY_NME": "Hajipur", "STT_NME": "Bihar", "SHAPE_Leng": "0.020313634768926" }, "geometry": { "type": "MultiLineString", "coordinates": [ [ [ 85.196742, 25.692599 ], [ 85.19769, 25.692614 ], [ 85.199534, 25.692643 ], [ 85.200584, 25.692661 ], [ 85.203358, 25.6927 ], [ 85.205762, 25.692742 ], [ 85.206188, 25.692769 ], [ 85.206611, 25.692803 ], [ 85.207144, 25.692912 ], [ 85.207535, 25.693044 ], [ 85.207921, 25.69321 ], [ 85.208554, 25.693579 ], [ 85.208847, 25.69381 ], [ 85.209162, 25.69411 ], [ 85.209319, 25.694299 ], [ 85.209511, 25.694522 ], [ 85.21019, 25.69541 ], [ 85.21138, 25.697037 ], [ 85.212253, 25.698142 ], [ 85.212804, 25.698891 ], [ 85.213679, 25.700124 ] ] ] } },
{ "type": "Feature", "properties": { "ID": "150132257", "TRK_NME": null, "FTR_CRY": "BG", "CITY_NME": "Hajipur", "STT_NME": "Bihar", "SHAPE_Leng": "0.018906635467076" }, "geometry": { "type": "MultiLineString", "coordinates": [ [ [ 85.215107, 25.702537 ], [ 85.216232, 25.704 ], [ 85.216801, 25.704747 ], [ 85.217221, 25.705301 ], [ 85.218219, 25.706624 ], [ 85.219065, 25.707674 ], [ 85.219348, 25.707977 ], [ 85.21989, 25.708549 ], [ 85.220138, 25.708861 ], [ 85.220337, 25.709118 ], [ 85.220592, 25.70945 ], [ 85.221253, 25.710347 ], [ 85.222295, 25.71176 ], [ 85.223268, 25.713066 ], [ 85.224627, 25.714909 ], [ 85.225703, 25.716345 ], [ 85.226224, 25.71705 ], [ 85.226591, 25.717546 ] ] ] } },
{ "type": "Feature", "properties": { "ID": "150164595", "TRK_NME": null, "FTR_CRY": "BG", "CITY_NME": null, "STT_NME": "Bihar", "SHAPE_Leng": "0.007103315643494" }, "geometry": { "type": "MultiLineString", "coordinates": [ [ [ 85.144795, 25.708155 ], [ 85.144292, 25.708547 ], [ 85.143552, 25.709141 ], [ 85.142714, 25.709797 ], [ 85.14214, 25.710266 ], [ 85.141382, 25.710863 ], [ 85.140552, 25.711533 ], [ 85.140101, 25.711943 ], [ 85.13992, 25.712143 ], [ 85.139378, 25.712732 ] ] ] } },
{ "type": "Feature", "properties": { "ID": "150113362", "TRK_NME": null, "FTR_CRY": "BG", "CITY_NME": null, "STT_NME": "Bihar", "SHAPE_Leng": "0.078018025800547" }, "geometry": { "type": "MultiLineString", "coordinates": [ [ [ 85.139626, 25.712202 ], [ 85.139251, 25.712608 ], [ 85.138787, 25.713181 ], [ 85.138412, 25.713747 ], [ 85.138194, 25.714108 ], [ 85.137954, 25.714505 ], [ 85.13778, 25.714843 ], [ 85.137558, 25.715416 ], [ 85.137366, 25.71596 ], [ 85.137277, 25.716265 ], [ 85.137218, 25.71648 ], [ 85.137144, 25.716789 ], [ 85.137044, 25.717283 ], [ 85.13698, 25.717794 ], [ 85.136943, 25.718425 ], [ 85.136948, 25.719261 ], [ 85.137007, 25.719799 ], [ 85.137078, 25.720473 ], [ 85.137165, 25.72127 ], [ 85.137259, 25.722121 ], [ 85.137405, 25.723473 ], [ 85.137485, 25.724178 ], [ 85.137561, 25.724841 ], [ 85.137673, 25.726022 ], [ 85.137762, 25.726714 ], [ 85.137874, 25.727767 ], [ 85.137986, 25.728806 ], [ 85.138114, 25.729951 ], [ 85.138201, 25.730749 ], [ 85.138281, 25.731618 ], [ 85.138277, 25.732472 ], [ 85.138204, 25.733351 ], [ 85.138048, 25.734176 ], [ 85.137876, 25.735035 ], [ 85.137757, 25.735428 ], [ 85.137599, 25.735833 ], [ 85.137321, 25.73638 ], [ 85.136804, 25.737466 ], [ 85.136413, 25.738098 ], [ 85.136151, 25.738524 ], [ 85.135682, 25.739423 ], [ 85.135104, 25.740405 ], [ 85.134641, 25.741172 ], [ 85.134291, 25.741761 ], [ 85.134152, 25.741998 ], [ 85.133843, 25.74254 ], [ 85.133518, 25.743094 ], [ 85.132975, 25.743937 ], [ 85.132655, 25.744476 ], [ 85.132026, 25.745579 ], [ 85.131485, 25.746456 ], [ 85.1311, 25.747106 ], [ 85.1307, 25.747742 ], [ 85.130325, 25.748281 ], [ 85.12981, 25.748919 ], [ 85.129571, 25.749218 ], [ 85.12879, 25.750035 ], [ 85.128388, 25.750414 ], [ 85.127817, 25.75097 ], [ 85.127346, 25.751376 ], [ 85.126727, 25.751945 ], [ 85.126361, 25.752323 ], [ 85.12583, 25.752824 ], [ 85.125086, 25.753511 ], [ 85.124776, 25.753802 ], [ 85.12414, 25.754411 ], [ 85.123593, 25.754921 ], [ 85.122867, 25.755597 ], [ 85.121949, 25.756423 ], [ 85.121606, 25.756668 ], [ 85.121257, 25.756934 ], [ 85.120941, 25.757167 ], [ 85.120585, 25.757398 ], [ 85.120289, 25.757596 ], [ 85.119614, 25.75801 ], [ 85.119088, 25.758336 ], [ 85.118633, 25.758635 ], [ 85.118237, 25.758875 ], [ 85.117678, 25.759217 ], [ 85.117191, 25.75948 ], [ 85.116798, 25.75969 ], [ 85.116206, 25.760017 ], [ 85.115496, 25.76035 ], [ 85.114807, 25.760669 ], [ 85.113878, 25.761106 ], [ 85.112819, 25.761617 ], [ 85.112033, 25.761988 ], [ 85.111288, 25.762319 ], [ 85.110315, 25.762747 ], [ 85.109747, 25.762919 ], [ 85.108934, 25.763169 ], [ 85.108475, 25.76323 ], [ 85.108206, 25.763262 ], [ 85.107691, 25.763283 ], [ 85.107164, 25.763301 ], [ 85.106657, 25.763283 ], [ 85.106045, 25.763274 ], [ 85.105437, 25.763218 ], [ 85.104995, 25.763195 ], [ 85.10453, 25.763171 ], [ 85.10377, 25.763121 ], [ 85.103215, 25.763084 ], [ 85.102414, 25.763032 ], [ 85.101696, 25.762977 ], [ 85.100586, 25.762905 ], [ 85.099498, 25.762822 ], [ 85.097912, 25.762719 ], [ 85.096286, 25.762612 ] ] ] } },
{ "type": "Feature", "properties": { "ID": "150113068", "TRK_NME": null, "FTR_CRY": "BG", "CITY_NME": "Dighwara", "STT_NME": "Bihar", "SHAPE_Leng": "0.007674428067158" }, "geometry": { "type": "MultiLineString", "coordinates": [ [ [ 84.990515, 25.743714 ], [ 84.991053, 25.743638 ], [ 84.991576, 25.74361 ], [ 84.992119, 25.743625 ], [ 84.992664, 25.743669 ], [ 84.993336, 25.743745 ], [ 84.993996, 25.743873 ], [ 84.994678, 25.744008 ], [ 84.995627, 25.744222 ], [ 84.996162, 25.744315 ], [ 84.996518, 25.74438 ], [ 84.99676, 25.744423 ], [ 84.997181, 25.744503 ], [ 84.997613, 25.744559 ], [ 84.998098, 25.744588 ] ] ] } },
{ "type": "Feature", "properties": { "ID": "150113299", "TRK_NME": "Chhapra To Dehli", "FTR_CRY": "BG", "CITY_NME": null, "STT_NME": "Bihar", "SHAPE_Leng": "0.036117391924581" }, "geometry": { "type": "MultiLineString", "coordinates": [ [ [ 85.096286, 25.762612 ], [ 85.094978, 25.762533 ], [ 85.093652, 25.762513 ], [ 85.093057, 25.762557 ], [ 85.09236, 25.762676 ], [ 85.09148, 25.762879 ], [ 85.090432, 25.763256 ], [ 85.089762, 25.763581 ], [ 85.089237, 25.763844 ], [ 85.087956, 25.764798 ], [ 85.0853, 25.76683 ], [ 85.077888, 25.77239 ], [ 85.07671, 25.773233 ], [ 85.071017, 25.777499 ], [ 85.068337, 25.779316 ], [ 85.066059, 25.78098 ] ] ] } },
{ "type": "Feature", "properties": { "ID": "150164596", "TRK_NME": null, "FTR_CRY": "BG", "CITY_NME": null, "STT_NME": "Bihar", "SHAPE_Leng": "0.025753973688432" }, "geometry": { "type": "MultiLineString", "coordinates": [ [ [ 85.139378, 25.712732 ], [ 85.139037, 25.71318 ], [ 85.138845, 25.713445 ], [ 85.138488, 25.71401 ], [ 85.138092, 25.714729 ], [ 85.137795, 25.715409 ], [ 85.13766, 25.715743 ], [ 85.137463, 25.716312 ], [ 85.137194, 25.717468 ], [ 85.137103, 25.718321 ], [ 85.137103, 25.718892 ], [ 85.137174, 25.719768 ], [ 85.137382, 25.721398 ], [ 85.137492, 25.722245 ], [ 85.137633, 25.72358 ], [ 85.137763, 25.724662 ], [ 85.137909, 25.725975 ], [ 85.138027, 25.727063 ], [ 85.138183, 25.728405 ], [ 85.138329, 25.729726 ], [ 85.138443, 25.730925 ], [ 85.138541, 25.731939 ], [ 85.138573, 25.732516 ], [ 85.138536, 25.733247 ], [ 85.138438, 25.734008 ], [ 85.138362, 25.73435 ], [ 85.138191, 25.734906 ], [ 85.137967, 25.735417 ], [ 85.137701, 25.735972 ], [ 85.137244, 25.736817 ], [ 85.136804, 25.737466 ] ] ] } },
{ "type": "Feature", "properties": { "ID": "150164597", "TRK_NME": null, "FTR_CRY": "BG", "CITY_NME": null, "STT_NME": "Bihar", "SHAPE_Leng": "0.006906503853399" }, "geometry": { "type": "MultiLineString", "coordinates": [ [ [ 85.136151, 25.738524 ], [ 85.135669, 25.739226 ], [ 85.134726, 25.740846 ], [ 85.134185, 25.741748 ], [ 85.133648, 25.742654 ], [ 85.133341, 25.74318 ], [ 85.133139, 25.743545 ], [ 85.132655, 25.744476 ] ] ] } },
{ "type": "Feature", "properties": { "ID": "150164598", "TRK_NME": null, "FTR_CRY": "BG", "CITY_NME": null, "STT_NME": "Bihar", "SHAPE_Leng": "0.006804958125401" }, "geometry": { "type": "MultiLineString", "coordinates": [ [ [ 85.121949, 25.756423 ], [ 85.121412, 25.756925 ], [ 85.120581, 25.75753 ], [ 85.118766, 25.758672 ], [ 85.117935, 25.759187 ], [ 85.117581, 25.759393 ], [ 85.117231, 25.759558 ], [ 85.116652, 25.759832 ], [ 85.116206, 25.760017 ] ] ] } },
{ "type": "Feature", "properties": { "ID": "150164599", "TRK_NME": null, "FTR_CRY": "BG", "CITY_NME": null, "STT_NME": "Bihar", "SHAPE_Leng": "0.005135338791229" }, "geometry": { "type": "MultiLineString", "coordinates": [ [ [ 85.071017, 25.777499 ], [ 85.069792, 25.778499 ], [ 85.067828, 25.779971 ], [ 85.066947, 25.780629 ] ] ] } },
{ "type": "Feature", "properties": { "ID": "150164600", "TRK_NME": null, "FTR_CRY": "BG", "CITY_NME": null, "STT_NME": "Bihar", "SHAPE_Leng": "0.035568825383594" }, "geometry": { "type": "MultiLineString", "coordinates": [ [ [ 85.066947, 25.780629 ], [ 85.065883, 25.781463 ], [ 85.064916, 25.782189 ], [ 85.063696, 25.783109 ], [ 85.062647, 25.783887 ], [ 85.061242, 25.784922 ], [ 85.060367, 25.785573 ], [ 85.058648, 25.786815 ], [ 85.056745, 25.788179 ], [ 85.055331, 25.789187 ], [ 85.053569, 25.790433 ], [ 85.052626, 25.791107 ], [ 85.051278, 25.792063 ], [ 85.049771, 25.793142 ], [ 85.048252, 25.794237 ], [ 85.046908, 25.795185 ], [ 85.046084, 25.795832 ], [ 85.045855, 25.796054 ], [ 85.045595, 25.796328 ], [ 85.045291, 25.796721 ], [ 85.045076, 25.79709 ], [ 85.044036, 25.798982 ], [ 85.041203, 25.804239 ] ] ] } },
{ "type": "Feature", "properties": { "ID": "150164601", "TRK_NME": null, "FTR_CRY": "BG", "CITY_NME": null, "STT_NME": "Bihar", "SHAPE_Leng": "0.019138451014265" }, "geometry": { "type": "MultiLineString", "coordinates": [ [ [ 85.066947, 25.780629 ], [ 85.066222, 25.781103 ], [ 85.065958, 25.781276 ], [ 85.065486, 25.781544 ], [ 85.065072, 25.781753 ], [ 85.064627, 25.781935 ], [ 85.064024, 25.782153 ], [ 85.063411, 25.782329 ], [ 85.062777, 25.782458 ], [ 85.061936, 25.782571 ], [ 85.061627, 25.782593 ], [ 85.06055, 25.782591 ], [ 85.059665, 25.782486 ], [ 85.058995, 25.782355 ], [ 85.057524, 25.781937 ], [ 85.055976, 25.781474 ], [ 85.055106, 25.781218 ], [ 85.052963, 25.780584 ], [ 85.051714, 25.780207 ], [ 85.050209, 25.779747 ], [ 85.049258, 25.779451 ], [ 85.048716, 25.779265 ] ] ] } },
{ "type": "Feature", "properties": { "ID": "150164602", "TRK_NME": null, "FTR_CRY": "BG", "CITY_NME": null, "STT_NME": "Bihar", "SHAPE_Leng": "0.023311211800477" }, "geometry": { "type": "MultiLineString", "coordinates": [ [ [ 85.030656, 25.763455 ], [ 85.030147, 25.762894 ], [ 85.029391, 25.762107 ], [ 85.028609, 25.761197 ], [ 85.027728, 25.760154 ], [ 85.026949, 25.75921 ], [ 85.026755, 25.758966 ], [ 85.026464, 25.758577 ], [ 85.026088, 25.758085 ], [ 85.025266, 25.757064 ], [ 85.024541, 25.756163 ], [ 85.023883, 25.755328 ], [ 85.023057, 25.754279 ], [ 85.021897, 25.752843 ], [ 85.020868, 25.751749 ], [ 85.019621, 25.750495 ], [ 85.018524, 25.74946 ], [ 85.017674, 25.748592 ], [ 85.016665, 25.747648 ], [ 85.015097, 25.746148 ] ] ] } },
{ "type": "Feature", "properties": { "ID": "150164603", "TRK_NME": null, "FTR_CRY": "BG", "CITY_NME": null, "STT_NME": "Bihar", "SHAPE_Leng": "0.002013843236463" }, "geometry": { "type": "MultiLineString", "coordinates": [ [ [ 85.015097, 25.746148 ], [ 85.014661, 25.745772 ], [ 85.013794, 25.745176 ], [ 85.013452, 25.744997 ] ] ] } },
{ "type": "Feature", "properties": { "ID": "150164604", "TRK_NME": null, "FTR_CRY": "BG", "CITY_NME": "Dighwara", "STT_NME": "Bihar", "SHAPE_Leng": "0.005689500408883" }, "geometry": { "type": "MultiLineString", "coordinates": [ [ [ 85.013452, 25.744997 ], [ 85.012684, 25.744588 ], [ 85.011496, 25.744173 ], [ 85.010487, 25.743953 ], [ 85.009703, 25.743863 ], [ 85.008938, 25.743819 ], [ 85.007966, 25.74386 ] ] ] } },
{ "type": "Feature", "properties": { "ID": "150164605", "TRK_NME": null, "FTR_CRY": "BG", "CITY_NME": "Dighwara", "STT_NME": "Bihar", "SHAPE_Leng": "0.01147843175704" }, "geometry": { "type": "MultiLineString", "coordinates": [ [ [ 85.007966, 25.74386 ], [ 85.007267, 25.743871 ], [ 85.006437, 25.743919 ], [ 85.005393, 25.743993 ], [ 85.00382, 25.744104 ], [ 85.002536, 25.744197 ], [ 85.001041, 25.744305 ], [ 85.000135, 25.744364 ], [ 84.999308, 25.744436 ], [ 84.998801, 25.744501 ], [ 84.998021, 25.744506 ], [ 84.997434, 25.744479 ], [ 84.996518, 25.74438 ] ] ] } },
{ "type": "Feature", "properties": { "ID": "150164606", "TRK_NME": null, "FTR_CRY": "BG", "CITY_NME": "Dighwara", "STT_NME": "Bihar", "SHAPE_Leng": "0.009187536457517" }, "geometry": { "type": "MultiLineString", "coordinates": [ [ [ 85.007966, 25.74386 ], [ 85.007333, 25.743898 ], [ 85.006324, 25.743967 ], [ 85.004802, 25.744078 ], [ 85.002866, 25.744215 ], [ 85.001536, 25.744319 ], [ 84.999928, 25.744434 ], [ 84.998801, 25.744501 ] ] ] } },
{ "type": "Feature", "properties": { "ID": "150164607", "TRK_NME": null, "FTR_CRY": "BG", "CITY_NME": "Dighwara", "STT_NME": "Bihar", "SHAPE_Leng": "0.008784441781194" }, "geometry": { "type": "MultiLineString", "coordinates": [ [ [ 84.998767, 25.744566 ], [ 84.999565, 25.744559 ], [ 85.001021, 25.744469 ], [ 85.002254, 25.744372 ], [ 85.003538, 25.744275 ], [ 85.005084, 25.744156 ], [ 85.006126, 25.744076 ], [ 85.006851, 25.744015 ], [ 85.007526, 25.743933 ] ] ] } },
{ "type": "Feature", "properties": { "ID": "150131075", "TRK_NME": null, "FTR_CRY": "MG", "CITY_NME": "Marhaura", "STT_NME": "Bihar", "SHAPE_Leng": "0.008775880607918" }, "geometry": { "type": "MultiLineString", "coordinates": [ [ [ 84.846423, 25.96465 ], [ 84.847761, 25.965897 ], [ 84.84892, 25.966969 ], [ 84.850604, 25.968516 ], [ 84.852456, 25.970256 ], [ 84.852841, 25.970635 ] ] ] } },
{ "type": "Feature", "properties": { "ID": "150113148", "TRK_NME": null, "FTR_CRY": "MG", "CITY_NME": null, "STT_NME": "Bihar", "SHAPE_Leng": "0.001066195934866" }, "geometry": { "type": "MultiLineString", "coordinates": [ [ [ 84.852841, 25.970635 ], [ 84.853458, 25.971217 ], [ 84.853605, 25.971378 ] ] ] } },
{ "type": "Feature", "properties": { "ID": "150113374", "TRK_NME": null, "FTR_CRY": "MG", "CITY_NME": null, "STT_NME": "Bihar", "SHAPE_Leng": "0.03225598499922" }, "geometry": { "type": "MultiLineString", "coordinates": [ [ [ 84.853605, 25.971378 ], [ 84.853829, 25.971653 ], [ 84.854103, 25.971993 ], [ 84.854317, 25.972309 ], [ 84.854469, 25.972544 ], [ 84.854641, 25.97285 ], [ 84.854768, 25.973087 ], [ 84.854893, 25.973336 ], [ 84.854982, 25.973524 ], [ 84.855099, 25.973826 ], [ 84.855241, 25.974246 ], [ 84.855311, 25.974468 ], [ 84.855368, 25.974699 ], [ 84.855388, 25.974859 ], [ 84.85542, 25.975045 ], [ 84.855463, 25.975298 ], [ 84.855498, 25.975575 ], [ 84.855518, 25.975793 ], [ 84.855542, 25.976059 ], [ 84.855552, 25.976271 ], [ 84.85555, 25.976462 ], [ 84.855528, 25.976806 ], [ 84.855478, 25.977361 ], [ 84.855443, 25.977589 ], [ 84.855381, 25.977867 ], [ 84.855281, 25.978263 ], [ 84.855145, 25.978688 ], [ 84.85486, 25.979498 ], [ 84.854459, 25.980585 ], [ 84.854124, 25.98142 ], [ 84.853721, 25.982478 ], [ 84.853233, 25.983801 ], [ 84.85263, 25.985397 ], [ 84.852017, 25.987027 ], [ 84.851798, 25.987599 ], [ 84.851488, 25.988451 ], [ 84.851256, 25.98905 ], [ 84.850702, 25.990545 ], [ 84.85028, 25.991674 ], [ 84.849972, 25.992473 ], [ 84.849785, 25.992962 ], [ 84.84904, 25.994936 ], [ 84.847847, 25.998141 ], [ 84.846538, 26.001531 ] ] ] } },
{ "type": "Feature", "properties": { "ID": "150113264", "TRK_NME": "Chhapra To Dehli", "FTR_CRY": "BG", "CITY_NME": null, "STT_NME": "Bihar", "SHAPE_Leng": "0.13189711186427" }, "geometry": { "type": "MultiLineString", "coordinates": [ [ [ 84.920035, 25.766645 ], [ 84.916314, 25.766214 ], [ 84.914954, 25.766058 ], [ 84.914251, 25.765975 ], [ 84.912704, 25.765781 ], [ 84.907744, 25.765177 ], [ 84.903996, 25.764711 ], [ 84.900401, 25.764286 ], [ 84.898323, 25.764035 ], [ 84.897929, 25.763976 ], [ 84.897188, 25.763861 ], [ 84.896638, 25.763756 ], [ 84.896019, 25.763617 ], [ 84.89557, 25.763497 ], [ 84.895033, 25.763343 ], [ 84.894547, 25.763187 ], [ 84.893807, 25.762914 ], [ 84.89307, 25.76261 ], [ 84.892665, 25.762421 ], [ 84.891968, 25.762094 ], [ 84.891609, 25.761908 ], [ 84.890965, 25.761553 ], [ 84.890228, 25.761073 ], [ 84.888595, 25.760063 ], [ 84.887898, 25.759601 ], [ 84.883085, 25.75659 ], [ 84.879603, 25.754389 ], [ 84.877366, 25.752981 ], [ 84.874796, 25.75138 ], [ 84.873012, 25.750249 ], [ 84.871202, 25.749091 ], [ 84.870595, 25.748718 ], [ 84.87017, 25.748464 ], [ 84.869735, 25.748223 ], [ 84.869378, 25.748039 ], [ 84.868824, 25.747775 ], [ 84.868278, 25.747538 ], [ 84.867746, 25.747323 ], [ 84.867174, 25.747116 ], [ 84.867008, 25.747072 ], [ 84.866475, 25.746909 ], [ 84.865391, 25.746628 ], [ 84.864344, 25.746422 ], [ 84.863733, 25.74632 ], [ 84.86288, 25.746216 ], [ 84.861937, 25.746146 ], [ 84.860131, 25.746139 ], [ 84.859261, 25.7462 ], [ 84.85778, 25.746403 ], [ 84.856875, 25.746551 ], [ 84.855278, 25.74682 ], [ 84.854007, 25.747036 ], [ 84.851084, 25.747552 ], [ 84.848097, 25.748065 ], [ 84.845962, 25.748443 ], [ 84.844528, 25.748694 ], [ 84.843366, 25.748887 ], [ 84.841443, 25.749221 ], [ 84.83953, 25.749552 ], [ 84.838632, 25.749723 ], [ 84.838201, 25.749824 ], [ 84.837438, 25.750016 ], [ 84.837021, 25.750146 ], [ 84.836633, 25.750276 ], [ 84.835586, 25.750666 ], [ 84.833953, 25.751304 ], [ 84.832854, 25.751733 ], [ 84.83118, 25.752425 ], [ 84.830267, 25.752747 ], [ 84.829481, 25.753031 ], [ 84.828933, 25.753253 ], [ 84.827403, 25.75386 ], [ 84.825764, 25.75449 ], [ 84.823327, 25.755467 ], [ 84.822065, 25.75595 ], [ 84.821818, 25.756072 ], [ 84.821194, 25.75631 ], [ 84.820752, 25.756515 ], [ 84.820253, 25.756762 ], [ 84.81961, 25.757124 ], [ 84.81936, 25.757275 ], [ 84.818955, 25.757551 ], [ 84.81856, 25.757835 ], [ 84.81802, 25.758283 ], [ 84.817526, 25.758726 ], [ 84.816667, 25.759526 ], [ 84.816212, 25.75997 ], [ 84.815805, 25.76037 ], [ 84.815053, 25.761064 ], [ 84.814528, 25.761572 ], [ 84.813633, 25.762432 ], [ 84.813125, 25.762907 ], [ 84.812551, 25.763441 ], [ 84.811969, 25.76399 ], [ 84.8114, 25.764524 ], [ 84.810988, 25.76492 ], [ 84.810737, 25.765146 ], [ 84.810507, 25.765377 ], [ 84.810256, 25.765609 ], [ 84.809707, 25.766114 ], [ 84.809203, 25.766597 ], [ 84.808507, 25.767255 ], [ 84.807942, 25.767796 ], [ 84.807314, 25.768402 ], [ 84.806667, 25.769012 ], [ 84.806016, 25.76961 ], [ 84.805524, 25.770079 ], [ 84.805104, 25.770457 ], [ 84.804948, 25.770601 ], [ 84.804859, 25.770665 ], [ 84.804634, 25.770843 ], [ 84.804129, 25.771189 ], [ 84.803655, 25.771498 ], [ 84.803181, 25.771785 ], [ 84.803, 25.77189 ], [ 84.802838, 25.771982 ], [ 84.802607, 25.772084 ], [ 84.802047, 25.772349 ], [ 84.801421, 25.772591 ], [ 84.800514, 25.772917 ] ] ] } },
{ "type": "Feature", "properties": { "ID": "150113392", "TRK_NME": null, "FTR_CRY": "BG", "CITY_NME": null, "STT_NME": "Bihar", "SHAPE_Leng": "0.023394330596072" }, "geometry": { "type": "MultiLineString", "coordinates": [ [ [ 84.661628, 25.786432 ], [ 84.663136, 25.786573 ], [ 84.663936, 25.786653 ], [ 84.665166, 25.786771 ], [ 84.666948, 25.786936 ], [ 84.668093, 25.787056 ], [ 84.669637, 25.787197 ], [ 84.670602, 25.787284 ], [ 84.671298, 25.787362 ], [ 84.671876, 25.787414 ], [ 84.672765, 25.787502 ], [ 84.673847, 25.787598 ], [ 84.675822, 25.787784 ], [ 84.676337, 25.787831 ], [ 84.677132, 25.787906 ], [ 84.678167, 25.788005 ], [ 84.678865, 25.788078 ], [ 84.679571, 25.788142 ], [ 84.680707, 25.788251 ], [ 84.681603, 25.788334 ], [ 84.683171, 25.788476 ], [ 84.68435, 25.78858 ], [ 84.684917, 25.788645 ] ] ] } },
{ "type": "Feature", "properties": { "ID": "150113245", "TRK_NME": null, "FTR_CRY": "BG", "CITY_NME": null, "STT_NME": "Bihar", "SHAPE_Leng": "0.029954412978496" }, "geometry": { "type": "MultiLineString", "coordinates": [ [ [ 84.714615, 25.789928 ], [ 84.713662, 25.790307 ], [ 84.713204, 25.790468 ], [ 84.712628, 25.790634 ], [ 84.712179, 25.790723 ], [ 84.711617, 25.790826 ], [ 84.710995, 25.790904 ], [ 84.710638, 25.790934 ], [ 84.710066, 25.790955 ], [ 84.70933, 25.79094 ], [ 84.708665, 25.790898 ], [ 84.707321, 25.790761 ], [ 84.705909, 25.79063 ], [ 84.704187, 25.790469 ], [ 84.70287, 25.79034 ], [ 84.70122, 25.790183 ], [ 84.699723, 25.790039 ], [ 84.697851, 25.789874 ], [ 84.696302, 25.789717 ], [ 84.694347, 25.789538 ], [ 84.692967, 25.789403 ], [ 84.690067, 25.789137 ], [ 84.688777, 25.789007 ], [ 84.687889, 25.788924 ], [ 84.686157, 25.788763 ], [ 84.684917, 25.788645 ] ] ] } },
{ "type": "Feature", "properties": { "ID": "150113471", "TRK_NME": null, "FTR_CRY": "BG", "CITY_NME": "Chapra", "STT_NME": "Bihar", "SHAPE_Leng": "0.012958783391442" }, "geometry": { "type": "MultiLineString", "coordinates": [ [ [ 84.718812, 25.78829 ], [ 84.719058, 25.788287 ], [ 84.71953, 25.788224 ], [ 84.719927, 25.788141 ], [ 84.720496, 25.788043 ], [ 84.721001, 25.787994 ], [ 84.721369, 25.787937 ], [ 84.721932, 25.787833 ], [ 84.724338, 25.787426 ], [ 84.726564, 25.787056 ], [ 84.727939, 25.786803 ], [ 84.729628, 25.786502 ], [ 84.730927, 25.786254 ], [ 84.731574, 25.786086 ] ] ] } },
{ "type": "Feature", "properties": { "ID": "150127212", "TRK_NME": null, "FTR_CRY": "MG", "CITY_NME": "Chapra", "STT_NME": "Bihar", "SHAPE_Leng": "0.006073707518038" }, "geometry": { "type": "MultiLineString", "coordinates": [ [ [ 84.731574, 25.786086 ], [ 84.730716, 25.786211 ], [ 84.729536, 25.786382 ], [ 84.728154, 25.786651 ], [ 84.725584, 25.787085 ] ] ] } },
{ "type": "Feature", "properties": { "ID": "150127214", "TRK_NME": null, "FTR_CRY": "MG", "CITY_NME": "Chapra", "STT_NME": "Bihar", "SHAPE_Leng": "0.006882383823943" }, "geometry": { "type": "MultiLineString", "coordinates": [ [ [ 84.725584, 25.787085 ], [ 84.72264, 25.787585 ], [ 84.721983, 25.787707 ], [ 84.721499, 25.787854 ], [ 84.720309, 25.788046 ], [ 84.719721, 25.788138 ], [ 84.718812, 25.78829 ] ] ] } },
{ "type": "Feature", "properties": { "ID": "150113065", "TRK_NME": null, "FTR_CRY": "MG", "CITY_NME": null, "STT_NME": "Bihar", "SHAPE_Leng": "0.021452270475983" }, "geometry": { "type": "MultiLineString", "coordinates": [ [ [ 84.756104, 25.788383 ], [ 84.756368, 25.788629 ], [ 84.756656, 25.788925 ], [ 84.756901, 25.789206 ], [ 84.75709, 25.78944 ], [ 84.757351, 25.789768 ], [ 84.757589, 25.790125 ], [ 84.757823, 25.790517 ], [ 84.757979, 25.79083 ], [ 84.758121, 25.791148 ], [ 84.758311, 25.791619 ], [ 84.758484, 25.792177 ], [ 84.758542, 25.792444 ], [ 84.758611, 25.792839 ], [ 84.758667, 25.793297 ], [ 84.758737, 25.794602 ], [ 84.758748, 25.795346 ], [ 84.758757, 25.796129 ], [ 84.758771, 25.796836 ], [ 84.758798, 25.797572 ], [ 84.758831, 25.79826 ], [ 84.758853, 25.798954 ], [ 84.758868, 25.799715 ], [ 84.758887, 25.800198 ], [ 84.758897, 25.80059 ], [ 84.75894, 25.801916 ], [ 84.758975, 25.802867 ], [ 84.758995, 25.803433 ], [ 84.759048, 25.804497 ], [ 84.759093, 25.805572 ], [ 84.759144, 25.806706 ], [ 84.759181, 25.807789 ], [ 84.759219, 25.808499 ], [ 84.759234, 25.80906 ] ] ] } },
{ "type": "Feature", "properties": { "ID": "150131065", "TRK_NME": null, "FTR_CRY": "MG", "CITY_NME": "Chapra", "STT_NME": "Bihar", "SHAPE_Leng": "0.005562549537894" }, "geometry": { "type": "MultiLineString", "coordinates": [ [ [ 84.75112, 25.786062 ], [ 84.751491, 25.786161 ], [ 84.752002, 25.786283 ], [ 84.75232, 25.786357 ], [ 84.752908, 25.786541 ], [ 84.753619, 25.786817 ], [ 84.754037, 25.78701 ], [ 84.754817, 25.787439 ], [ 84.755244, 25.787721 ], [ 84.755534, 25.787929 ], [ 84.756104, 25.788383 ] ] ] } },
{ "type": "Feature", "properties": { "ID": "150129426", "TRK_NME": null, "FTR_CRY": "BG", "CITY_NME": "Chapra", "STT_NME": "Bihar", "SHAPE_Leng": "0.010412233227706" }, "geometry": { "type": "MultiLineString", "coordinates": [ [ [ 84.717313, 25.788838 ], [ 84.717875, 25.788731 ], [ 84.718161, 25.788713 ], [ 84.718427, 25.78871 ], [ 84.718735, 25.788718 ], [ 84.719193, 25.788781 ], [ 84.719661, 25.788846 ], [ 84.72027, 25.788931 ], [ 84.72052, 25.788968 ], [ 84.720806, 25.788995 ], [ 84.721359, 25.788995 ], [ 84.721991, 25.788936 ], [ 84.724432, 25.788569 ], [ 84.727621, 25.788034 ] ] ] } },
{ "type": "Feature", "properties": { "ID": "150127211", "TRK_NME": null, "FTR_CRY": "BG", "CITY_NME": null, "STT_NME": "Bihar", "SHAPE_Leng": "0.003440201797302" }, "geometry": { "type": "MultiLineString", "coordinates": [ [ [ 84.735989, 25.786118 ], [ 84.734446, 25.786116 ], [ 84.732908, 25.786116 ], [ 84.732549, 25.786104 ] ] ] } },
{ "type": "Feature", "properties": { "ID": "150133463", "TRK_NME": null, "FTR_CRY": "BG", "CITY_NME": "Chapra", "STT_NME": "Bihar", "SHAPE_Leng": "0.015133537137388" }, "geometry": { "type": "MultiLineString", "coordinates": [ [ [ 84.75112, 25.786062 ], [ 84.750462, 25.786115 ], [ 84.748041, 25.786144 ], [ 84.74535, 25.786128 ], [ 84.741754, 25.786108 ], [ 84.739919, 25.786107 ], [ 84.738115, 25.786109 ], [ 84.736818, 25.786104 ], [ 84.735989, 25.786118 ] ] ] } },
{ "type": "Feature", "properties": { "ID": "150127215", "TRK_NME": null, "FTR_CRY": "BG", "CITY_NME": null, "STT_NME": "Bihar", "SHAPE_Leng": "0.035204697573044" }, "geometry": { "type": "MultiLineString", "coordinates": [ [ [ 84.715624, 25.789483 ], [ 84.714615, 25.789928 ], [ 84.71286, 25.790812 ], [ 84.711424, 25.791437 ], [ 84.709203, 25.79243 ], [ 84.707951, 25.792977 ], [ 84.707159, 25.793328 ], [ 84.706575, 25.793592 ], [ 84.706044, 25.79386 ], [ 84.705513, 25.794148 ], [ 84.704979, 25.794461 ], [ 84.704419, 25.79481 ], [ 84.703828, 25.795237 ], [ 84.703361, 25.795591 ], [ 84.702882, 25.795969 ], [ 84.702423, 25.796352 ], [ 84.702138, 25.796614 ], [ 84.701652, 25.797032 ], [ 84.700618, 25.797956 ], [ 84.699105, 25.799296 ], [ 84.698552, 25.799731 ], [ 84.696651, 25.801408 ], [ 84.69623, 25.801781 ], [ 84.694111, 25.803665 ], [ 84.692375, 25.805184 ], [ 84.691905, 25.805577 ], [ 84.690505, 25.806832 ], [ 84.689576, 25.807671 ], [ 84.687216, 25.809742 ] ] ] } },
{ "type": "Feature", "properties": { "ID": "150133465", "TRK_NME": null, "FTR_CRY": "BG", "CITY_NME": "Chapra", "STT_NME": "Bihar", "SHAPE_Leng": "0.003416601079366" }, "geometry": { "type": "MultiLineString", "coordinates": [ [ [ 84.718812, 25.78829 ], [ 84.718487, 25.788338 ], [ 84.718148, 25.788423 ], [ 84.718129, 25.788428 ], [ 84.717993, 25.788469 ], [ 84.715624, 25.789483 ] ] ] } },
{ "type": "Feature", "properties": { "ID": "150127213", "TRK_NME": null, "FTR_CRY": "MG", "CITY_NME": null, "STT_NME": "Bihar", "SHAPE_Leng": "0.00364638988356" }, "geometry": { "type": "MultiLineString", "coordinates": [ [ [ 84.735849, 25.786055 ], [ 84.735332, 25.786052 ], [ 84.734428, 25.786039 ], [ 84.733593, 25.786025 ], [ 84.732978, 25.786028 ], [ 84.732574, 25.786028 ], [ 84.732203, 25.786039 ] ] ] } },
{ "type": "Feature", "properties": { "ID": "150133487", "TRK_NME": null, "FTR_CRY": "MG", "CITY_NME": "Chapra", "STT_NME": "Bihar", "SHAPE_Leng": "0.015272606343029" }, "geometry": { "type": "MultiLineString", "coordinates": [ [ [ 84.75112, 25.786062 ], [ 84.750562, 25.786024 ], [ 84.749322, 25.786031 ], [ 84.74803, 25.786033 ], [ 84.745523, 25.786017 ], [ 84.743964, 25.786042 ], [ 84.741811, 25.786042 ], [ 84.741492, 25.786043 ], [ 84.740235, 25.786049 ], [ 84.738245, 25.786047 ], [ 84.736925, 25.786055 ], [ 84.735849, 25.786055 ] ] ] } },
{ "type": "Feature", "properties": { "ID": "150133488", "TRK_NME": null, "FTR_CRY": "MG", "CITY_NME": "Chapra", "STT_NME": "Bihar", "SHAPE_Leng": "6.30889676258E-4" }, "geometry": { "type": "MultiLineString", "coordinates": [ [ [ 84.732203, 25.786039 ], [ 84.731901, 25.786055 ], [ 84.731574, 25.786086 ] ] ] } },
{ "type": "Feature", "properties": { "ID": "150164413", "TRK_NME": null, "FTR_CRY": "BG", "CITY_NME": "Chapra", "STT_NME": "Bihar", "SHAPE_Leng": "0.011288260228434" }, "geometry": { "type": "MultiLineString", "coordinates": [ [ [ 84.719927, 25.788141 ], [ 84.720475, 25.788104 ], [ 84.721157, 25.78807 ], [ 84.722063, 25.787937 ], [ 84.722989, 25.787788 ], [ 84.724307, 25.787557 ], [ 84.725599, 25.787343 ], [ 84.727105, 25.787083 ], [ 84.728826, 25.786785 ], [ 84.730277, 25.786455 ], [ 84.731058, 25.786324 ] ] ] } },
{ "type": "Feature", "properties": { "ID": "150164414", "TRK_NME": null, "FTR_CRY": "BG", "CITY_NME": "Chapra", "STT_NME": "Bihar", "SHAPE_Leng": "7.30729087954E-4" }, "geometry": { "type": "MultiLineString", "coordinates": [ [ [ 84.731653, 25.786171 ], [ 84.730927, 25.786254 ] ] ] } },
{ "type": "Feature", "properties": { "ID": "150164415", "TRK_NME": null, "FTR_CRY": "BG", "CITY_NME": null, "STT_NME": "Bihar", "SHAPE_Leng": "0.018419661036648" }, "geometry": { "type": "MultiLineString", "coordinates": [ [ [ 84.730614, 25.786468 ], [ 84.729231, 25.786809 ], [ 84.728672, 25.786959 ], [ 84.727264, 25.787216 ], [ 84.725249, 25.787562 ], [ 84.722702, 25.787996 ], [ 84.72159, 25.788183 ], [ 84.721171, 25.788231 ], [ 84.720539, 25.788296 ], [ 84.719909, 25.788342 ], [ 84.719347, 25.788351 ], [ 84.718945, 25.78838 ], [ 84.718521, 25.788443 ], [ 84.718167, 25.788527 ], [ 84.717824, 25.788631 ], [ 84.717313, 25.788838 ], [ 84.717036, 25.78895 ], [ 84.715856, 25.789494 ], [ 84.714745, 25.790025 ], [ 84.713796, 25.790457 ], [ 84.71286, 25.790812 ] ] ] } },
{ "type": "Feature", "properties": { "ID": "150164416", "TRK_NME": null, "FTR_CRY": "BG", "CITY_NME": "Chapra", "STT_NME": "Bihar", "SHAPE_Leng": "3.85019480031E-4" }, "geometry": { "type": "MultiLineString", "coordinates": [ [ [ 84.718148, 25.788423 ], [ 84.717824, 25.788631 ] ] ] } },
{ "type": "Feature", "properties": { "ID": "150164418", "TRK_NME": null, "FTR_CRY": "BG", "CITY_NME": "Chapra", "STT_NME": "Bihar", "SHAPE_Leng": "2.6994258651E-4" }, "geometry": { "type": "MultiLineString", "coordinates": [ [ [ 84.741754, 25.786108 ], [ 84.741492, 25.786043 ] ] ] } },
{ "type": "Feature", "properties": { "ID": "150113066", "TRK_NME": null, "FTR_CRY": "BG", "CITY_NME": null, "STT_NME": "Bihar", "SHAPE_Leng": "0.042743866734378" }, "geometry": { "type": "MultiLineString", "coordinates": [ [ [ 84.800514, 25.772917 ], [ 84.79695, 25.774112 ], [ 84.792655, 25.775581 ], [ 84.786667, 25.777604 ], [ 84.784313, 25.778405 ], [ 84.784074, 25.778454 ], [ 84.782494, 25.778972 ], [ 84.780902, 25.779461 ], [ 84.779621, 25.779895 ], [ 84.778607, 25.780236 ], [ 84.777484, 25.78061 ], [ 84.776638, 25.780908 ], [ 84.775275, 25.781344 ], [ 84.773846, 25.781852 ], [ 84.772567, 25.78235 ], [ 84.771941, 25.78257 ], [ 84.770729, 25.782971 ], [ 84.769147, 25.783491 ], [ 84.768837, 25.783634 ], [ 84.768575, 25.783726 ], [ 84.767098, 25.784216 ], [ 84.765837, 25.784663 ], [ 84.765031, 25.78494 ], [ 84.764582, 25.785086 ], [ 84.76439, 25.785145 ], [ 84.764, 25.78527 ], [ 84.76368, 25.785361 ], [ 84.763328, 25.785454 ], [ 84.762792, 25.785579 ], [ 84.762457, 25.785654 ], [ 84.76203, 25.785744 ], [ 84.76162, 25.785805 ], [ 84.761038, 25.785891 ], [ 84.760398, 25.785952 ], [ 84.760057, 25.785985 ], [ 84.759883, 25.786002 ] ] ] } },
{ "type": "Feature", "properties": { "ID": "150131268", "TRK_NME": null, "FTR_CRY": "BG", "CITY_NME": "Chapra", "STT_NME": "Bihar", "SHAPE_Leng": "0.008764349210793" }, "geometry": { "type": "MultiLineString", "coordinates": [ [ [ 84.759883, 25.786002 ], [ 84.759404, 25.786033 ], [ 84.758754, 25.78605 ], [ 84.75819, 25.78605 ], [ 84.757768, 25.786056 ], [ 84.757123, 25.786056 ], [ 84.756496, 25.786049 ], [ 84.755522, 25.78605 ], [ 84.754749, 25.78605 ], [ 84.753446, 25.786054 ], [ 84.752243, 25.786053 ], [ 84.75112, 25.786062 ] ] ] } },
{ "type": "Feature", "properties": { "ID": "150113331", "TRK_NME": null, "FTR_CRY": "BG", "CITY_NME": null, "STT_NME": "Bihar", "SHAPE_Leng": "4.27379222708E-4" }, "geometry": { "type": "MultiLineString", "coordinates": [ [ [ 84.732122, 25.786122 ], [ 84.732549, 25.786104 ] ] ] } },
{ "type": "Feature", "properties": { "ID": "150132225", "TRK_NME": null, "FTR_CRY": "BG", "CITY_NME": "Chapra", "STT_NME": "Bihar", "SHAPE_Leng": "0.012519064124229" }, "geometry": { "type": "MultiLineString", "coordinates": [ [ [ 84.719909, 25.788342 ], [ 84.720531, 25.788396 ], [ 84.721234, 25.788439 ], [ 84.721869, 25.788434 ], [ 84.722283, 25.788385 ], [ 84.727628, 25.787524 ], [ 84.728996, 25.787091 ], [ 84.73007, 25.78673 ], [ 84.730363, 25.786597 ], [ 84.730614, 25.786468 ], [ 84.731058, 25.786324 ], [ 84.731653, 25.786171 ], [ 84.732122, 25.786122 ] ] ] } },
{ "type": "Feature", "properties": { "ID": "150113003", "TRK_NME": null, "FTR_CRY": "BG", "CITY_NME": "Chapra", "STT_NME": "Bihar", "SHAPE_Leng": "0.008723575545641" }, "geometry": { "type": "MultiLineString", "coordinates": [ [ [ 84.741754, 25.786108 ], [ 84.742731, 25.78624 ], [ 84.743692, 25.786238 ], [ 84.744381, 25.786246 ], [ 84.745424, 25.786268 ], [ 84.747819, 25.786282 ], [ 84.748745, 25.786259 ], [ 84.749561, 25.786198 ], [ 84.750462, 25.786115 ] ] ] } },
{ "type": "Feature", "properties": { "ID": "150164389", "TRK_NME": null, "FTR_CRY": "BG", "CITY_NME": null, "STT_NME": "Bihar", "SHAPE_Leng": "0.016342832300098" }, "geometry": { "type": "MultiLineString", "coordinates": [ [ [ 84.768837, 25.783634 ], [ 84.769113, 25.783589 ], [ 84.7699, 25.783317 ], [ 84.770875, 25.782977 ], [ 84.772165, 25.782537 ], [ 84.77289, 25.782309 ], [ 84.775043, 25.781565 ], [ 84.776793, 25.780977 ], [ 84.778274, 25.78047 ], [ 84.779021, 25.780214 ], [ 84.779814, 25.779942 ], [ 84.780333, 25.77977 ], [ 84.781039, 25.779536 ], [ 84.781825, 25.779265 ], [ 84.782592, 25.779018 ], [ 84.783718, 25.778641 ], [ 84.784101, 25.778517 ], [ 84.784313, 25.778405 ] ] ] } },
{ "type": "Feature", "properties": { "ID": "150164390", "TRK_NME": null, "FTR_CRY": "BG", "CITY_NME": null, "STT_NME": "Bihar", "SHAPE_Leng": "0.029468348648166" }, "geometry": { "type": "MultiLineString", "coordinates": [ [ [ 84.678833, 25.820352 ], [ 84.67927, 25.819711 ], [ 84.67976, 25.818811 ], [ 84.6802, 25.818011 ], [ 84.681454, 25.815806 ], [ 84.68181, 25.815236 ], [ 84.682095, 25.814843 ], [ 84.682335, 25.814538 ], [ 84.68278, 25.814015 ], [ 84.683065, 25.813736 ], [ 84.683461, 25.813338 ], [ 84.684486, 25.812411 ], [ 84.685617, 25.811404 ], [ 84.686254, 25.810854 ], [ 84.68741, 25.809824 ], [ 84.688556, 25.808808 ], [ 84.690437, 25.807158 ], [ 84.692323, 25.805481 ], [ 84.693472, 25.804469 ], [ 84.694088, 25.803931 ], [ 84.695633, 25.802547 ], [ 84.696732, 25.801578 ], [ 84.6976, 25.800792 ], [ 84.698666, 25.799762 ], [ 84.699105, 25.799296 ] ] ] } },
{ "type": "Feature", "properties": { "ID": "150173446", "TRK_NME": null, "FTR_CRY": "BG", "CITY_NME": null, "STT_NME": "Bihar", "SHAPE_Leng": "0.015299754578853" }, "geometry": { "type": "MultiLineString", "coordinates": [ [ [ 84.757823, 25.790517 ], [ 84.757591, 25.789929 ], [ 84.757504, 25.789675 ], [ 84.757436, 25.789383 ], [ 84.757404, 25.789072 ], [ 84.757393, 25.788793 ], [ 84.757411, 25.788491 ], [ 84.757447, 25.788306 ], [ 84.757497, 25.788105 ], [ 84.757613, 25.787803 ], [ 84.757804, 25.787476 ], [ 84.757917, 25.787318 ], [ 84.758078, 25.787121 ], [ 84.758474, 25.786797 ], [ 84.758793, 25.786615 ], [ 84.759026, 25.786516 ], [ 84.759377, 25.786396 ], [ 84.760082, 25.786186 ], [ 84.760431, 25.786096 ], [ 84.760815, 25.78602 ], [ 84.76157, 25.785905 ], [ 84.762172, 25.785803 ], [ 84.762893, 25.785659 ], [ 84.763709, 25.785446 ], [ 84.76458, 25.78518 ], [ 84.765578, 25.784845 ], [ 84.766539, 25.784512 ], [ 84.768754, 25.783727 ], [ 84.769113, 25.783589 ] ] ] } },
{ "type": "Feature", "properties": { "ID": "150123565", "TRK_NME": null, "FTR_CRY": "BG", "CITY_NME": null, "STT_NME": "Uttar Pradesh", "SHAPE_Leng": "0.120601426384982" }, "geometry": { "type": "MultiLineString", "coordinates": [ [ [ 84.580783276993969, 25.824191251801711 ], [ 84.581637, 25.825079 ] ] ] } },
{ "type": "Feature", "properties": { "ID": "150113227", "TRK_NME": null, "FTR_CRY": "BG", "CITY_NME": null, "STT_NME": "Bihar", "SHAPE_Leng": "0.023420921381206" }, "geometry": { "type": "MultiLineString", "coordinates": [ [ [ 85.322074, 25.49835 ], [ 85.323901, 25.497963 ], [ 85.326869, 25.497375 ], [ 85.327365, 25.497282 ], [ 85.33058, 25.496638 ], [ 85.331466, 25.496466 ], [ 85.333149, 25.496132 ], [ 85.334416, 25.49587 ], [ 85.338134, 25.495145 ], [ 85.340151, 25.494722 ], [ 85.345038, 25.493748 ] ] ] } },
{ "type": "Feature", "properties": { "ID": "150113305", "TRK_NME": null, "FTR_CRY": "BG", "CITY_NME": "Patna", "STT_NME": "Bihar", "SHAPE_Leng": "0.01254672498587" }, "geometry": { "type": "MultiLineString", "coordinates": [ [ [ 85.233457, 25.584221 ], [ 85.233838, 25.584097 ], [ 85.234105, 25.58402 ], [ 85.234398, 25.583964 ], [ 85.234669, 25.583949 ], [ 85.234875, 25.583959 ], [ 85.235069, 25.583981 ], [ 85.235419, 25.584056 ], [ 85.235707, 25.584146 ], [ 85.236049, 25.584269 ], [ 85.236347, 25.584438 ], [ 85.236635, 25.584644 ], [ 85.23684, 25.584839 ], [ 85.237061, 25.585112 ], [ 85.237246, 25.585404 ], [ 85.237457, 25.585812 ], [ 85.23798, 25.587309 ], [ 85.238143, 25.587893 ], [ 85.239522, 25.59235 ], [ 85.239766, 25.593196 ] ] ] } },
{ "type": "Feature", "properties": { "ID": "150113005", "TRK_NME": null, "FTR_CRY": "BG", "CITY_NME": "Fatwah", "STT_NME": "Bihar", "SHAPE_Leng": "0.007840476894274" }, "geometry": { "type": "MultiLineString", "coordinates": [ [ [ 85.321299, 25.498512 ], [ 85.320387, 25.498476 ], [ 85.319939, 25.498436 ], [ 85.318924, 25.498254 ], [ 85.316977, 25.497903 ], [ 85.315289, 25.497602 ], [ 85.314482, 25.497514 ], [ 85.31354, 25.497514 ] ] ] } },
{ "type": "Feature", "properties": { "ID": "150113472", "TRK_NME": null, "FTR_CRY": "BG", "CITY_NME": "Fatwah", "STT_NME": "Bihar", "SHAPE_Leng": "0.014708026380207" }, "geometry": { "type": "MultiLineString", "coordinates": [ [ [ 85.304777, 25.501818 ], [ 85.306531, 25.500657 ], [ 85.306805, 25.500523 ], [ 85.308304, 25.499975 ], [ 85.309371, 25.499689 ], [ 85.310736, 25.499395 ], [ 85.312268, 25.499091 ], [ 85.315223, 25.498546 ], [ 85.315763, 25.498538 ], [ 85.31618, 25.498584 ], [ 85.318081, 25.498903 ], [ 85.318823, 25.499003 ] ] ] } },
{ "type": "Feature", "properties": { "ID": "150113488", "TRK_NME": null, "FTR_CRY": "BG", "CITY_NME": null, "STT_NME": "Bihar", "SHAPE_Leng": "0.062818953219045" }, "geometry": { "type": "MultiLineString", "coordinates": [ [ [ 85.115235, 25.537105 ], [ 85.114259, 25.53431 ], [ 85.113876, 25.533404 ], [ 85.113649, 25.532896 ], [ 85.113378, 25.532368 ], [ 85.108753, 25.523164 ], [ 85.10843, 25.522502 ], [ 85.108151, 25.521836 ], [ 85.107919, 25.52117 ], [ 85.107807, 25.520811 ], [ 85.107638, 25.520223 ], [ 85.10693, 25.51742 ], [ 85.106066, 25.514071 ], [ 85.105532, 25.511959 ], [ 85.103854, 25.505518 ], [ 85.103555, 25.504483 ], [ 85.103361, 25.503952 ], [ 85.102826, 25.502813 ], [ 85.101696, 25.50074 ], [ 85.101353, 25.500005 ], [ 85.101223, 25.499665 ], [ 85.100994, 25.498979 ], [ 85.100864, 25.498459 ], [ 85.100762, 25.497862 ], [ 85.100706, 25.497345 ], [ 85.100752, 25.494878 ], [ 85.100705, 25.494299 ], [ 85.100639, 25.493892 ], [ 85.100506, 25.493275 ], [ 85.10021, 25.491812 ], [ 85.100052, 25.490884 ], [ 85.099926, 25.49023 ], [ 85.099591, 25.48869 ], [ 85.099099, 25.486242 ], [ 85.09886, 25.48541 ], [ 85.098181, 25.48321 ], [ 85.096391, 25.477658 ] ] ] } },
{ "type": "Feature", "properties": { "ID": "150113379", "TRK_NME": null, "FTR_CRY": "BG", "CITY_NME": null, "STT_NME": "Bihar", "SHAPE_Leng": "0.026829842117706" }, "geometry": { "type": "MultiLineString", "coordinates": [ [ [ 85.280639, 25.535221 ], [ 85.281006, 25.534635 ], [ 85.281836, 25.533261 ], [ 85.282563, 25.532057 ], [ 85.283428, 25.530622 ], [ 85.283779, 25.530032 ], [ 85.284717, 25.528486 ], [ 85.285302, 25.52751 ], [ 85.285909, 25.526494 ], [ 85.287295, 25.524211 ], [ 85.287976, 25.523083 ], [ 85.289056, 25.521273 ], [ 85.290009, 25.519723 ], [ 85.290478, 25.51895 ], [ 85.291025, 25.518051 ], [ 85.291569, 25.517152 ], [ 85.292846, 25.515027 ], [ 85.293401, 25.514108 ], [ 85.294526, 25.512265 ] ] ] } },
{ "type": "Feature", "properties": { "ID": "150133563", "TRK_NME": null, "FTR_CRY": "BG", "CITY_NME": "Fatwah", "STT_NME": "Bihar", "SHAPE_Leng": "0.020691038868189" }, "geometry": { "type": "MultiLineString", "coordinates": [ [ [ 85.301871, 25.504274 ], [ 85.30264, 25.50379 ], [ 85.303595, 25.503237 ], [ 85.304204, 25.502931 ], [ 85.304793, 25.502653 ], [ 85.305842, 25.502176 ], [ 85.306765, 25.501775 ], [ 85.307703, 25.501434 ], [ 85.308643, 25.501132 ], [ 85.309438, 25.500913 ], [ 85.310213, 25.500739 ], [ 85.310803, 25.500604 ], [ 85.313077, 25.500165 ], [ 85.31493, 25.499785 ], [ 85.316915, 25.499378 ], [ 85.317609, 25.499208 ], [ 85.318823, 25.499003 ], [ 85.320537, 25.498664 ], [ 85.321299, 25.498512 ], [ 85.321568, 25.49846 ] ] ] } },
{ "type": "Feature", "properties": { "ID": "150133564", "TRK_NME": null, "FTR_CRY": "BG", "CITY_NME": "Fatwah", "STT_NME": "Bihar", "SHAPE_Leng": "0.007696285006435" }, "geometry": { "type": "MultiLineString", "coordinates": [ [ [ 85.294636, 25.512071 ], [ 85.295105, 25.511288 ], [ 85.295635, 25.510456 ], [ 85.296327, 25.509492 ], [ 85.296709, 25.508991 ], [ 85.297032, 25.50861 ], [ 85.297428, 25.508151 ], [ 85.297957, 25.50759 ], [ 85.298437, 25.507099 ], [ 85.299469, 25.506128 ] ] ] } },
{ "type": "Feature", "properties": { "ID": "150113070", "TRK_NME": null, "FTR_CRY": "BG", "CITY_NME": null, "STT_NME": "Bihar", "SHAPE_Leng": "0.002696287310965" }, "geometry": { "type": "MultiLineString", "coordinates": [ [ [ 85.299784, 25.505843 ], [ 85.300204, 25.505415 ], [ 85.300646, 25.505054 ], [ 85.300977, 25.504808 ], [ 85.301274, 25.504599 ], [ 85.301517, 25.504429 ], [ 85.30189, 25.504173 ] ] ] } },
{ "type": "Feature", "properties": { "ID": "150133226", "TRK_NME": null, "FTR_CRY": "BG", "CITY_NME": "Fatwah", "STT_NME": "Bihar", "SHAPE_Leng": "0.009766242123574" }, "geometry": { "type": "MultiLineString", "coordinates": [ [ [ 85.30189, 25.504173 ], [ 85.301945, 25.504136 ], [ 85.302254, 25.503893 ], [ 85.30244, 25.503738 ], [ 85.302879, 25.503408 ], [ 85.303049, 25.503295 ], [ 85.30345, 25.503031 ], [ 85.303804, 25.502797 ], [ 85.304022, 25.502655 ], [ 85.304148, 25.502584 ], [ 85.30467, 25.502316 ], [ 85.305166, 25.502084 ], [ 85.306155, 25.501653 ], [ 85.306587, 25.501495 ], [ 85.307423, 25.501211 ], [ 85.307964, 25.501027 ], [ 85.308594, 25.500858 ], [ 85.308939, 25.500809 ], [ 85.310206, 25.500664 ], [ 85.310803, 25.500604 ] ] ] } },
{ "type": "Feature", "properties": { "ID": "150113141", "TRK_NME": null, "FTR_CRY": "BG", "CITY_NME": null, "STT_NME": "Bihar", "SHAPE_Leng": "0.003037038729146" }, "geometry": { "type": "MultiLineString", "coordinates": [ [ [ 85.299469, 25.506128 ], [ 85.299784, 25.505843 ], [ 85.300287, 25.505425 ], [ 85.301438, 25.504573 ], [ 85.301871, 25.504274 ] ] ] } },
{ "type": "Feature", "properties": { "ID": "150133561", "TRK_NME": null, "FTR_CRY": "BG", "CITY_NME": null, "STT_NME": "Bihar", "SHAPE_Leng": "5.17818500984E-4" }, "geometry": { "type": "MultiLineString", "coordinates": [ [ [ 85.321568, 25.49846 ], [ 85.322074, 25.49835 ] ] ] } },
{ "type": "Feature", "properties": { "ID": "150133562", "TRK_NME": null, "FTR_CRY": "BG", "CITY_NME": null, "STT_NME": "Bihar", "SHAPE_Leng": "2.23015694537E-4" }, "geometry": { "type": "MultiLineString", "coordinates": [ [ [ 85.294526, 25.512265 ], [ 85.294636, 25.512071 ] ] ] } },
{ "type": "Feature", "properties": { "ID": "150164339", "TRK_NME": null, "FTR_CRY": "BG", "CITY_NME": "Patna", "STT_NME": "Bihar", "SHAPE_Leng": "0.010805726693556" }, "geometry": { "type": "MultiLineString", "coordinates": [ [ [ 85.057612, 25.583834 ], [ 85.05928, 25.583923 ], [ 85.060163, 25.583871 ], [ 85.061087, 25.583774 ], [ 85.062569, 25.583641 ], [ 85.062876, 25.58365 ], [ 85.063123, 25.583676 ], [ 85.068356, 25.584366 ] ] ] } },
{ "type": "Feature", "properties": { "ID": "150164343", "TRK_NME": null, "FTR_CRY": "BG", "CITY_NME": "Patna", "STT_NME": "Bihar", "SHAPE_Leng": "0.009645804591326" }, "geometry": { "type": "MultiLineString", "coordinates": [ [ [ 85.233285, 25.584327 ], [ 85.23281, 25.584694 ], [ 85.23235, 25.585025 ], [ 85.23216, 25.585155 ], [ 85.231695, 25.585433 ], [ 85.229993, 25.586365 ], [ 85.227943, 25.587484 ], [ 85.226543, 25.588221 ], [ 85.225916, 25.58852 ], [ 85.224858, 25.588981 ] ] ] } },
{ "type": "Feature", "properties": { "ID": "150113276", "TRK_NME": null, "FTR_CRY": "BG", "CITY_NME": null, "STT_NME": "Bihar", "SHAPE_Leng": "0.038510995700074" }, "geometry": { "type": "MultiLineString", "coordinates": [ [ [ 85.280639, 25.535221 ], [ 85.275548, 25.543743 ], [ 85.273313, 25.547413 ], [ 85.27197, 25.549652 ], [ 85.271271, 25.550777 ], [ 85.269735, 25.553289 ], [ 85.266875, 25.558033 ], [ 85.266077, 25.559339 ], [ 85.264251, 25.561947 ], [ 85.263239, 25.563263 ], [ 85.262463, 25.56419 ], [ 85.261738, 25.564987 ], [ 85.260604, 25.566212 ], [ 85.25951, 25.567293 ] ] ] } },
{ "type": "Feature", "properties": { "ID": "150113069", "TRK_NME": null, "FTR_CRY": "BG", "CITY_NME": null, "STT_NME": "Bihar", "SHAPE_Leng": "0.023018415809222" }, "geometry": { "type": "MultiLineString", "coordinates": [ [ [ 85.30714, 25.497808 ], [ 85.307158, 25.497433 ], [ 85.307162, 25.497068 ], [ 85.307129, 25.496666 ], [ 85.307084, 25.496448 ], [ 85.307007, 25.496116 ], [ 85.306923, 25.495832 ], [ 85.306789, 25.495477 ], [ 85.306659, 25.495179 ], [ 85.306416, 25.494739 ], [ 85.306322, 25.494593 ], [ 85.306145, 25.494345 ], [ 85.30601, 25.494198 ], [ 85.30533, 25.49347 ], [ 85.305028, 25.493143 ], [ 85.304323, 25.492395 ], [ 85.303713, 25.491716 ], [ 85.303433, 25.491344 ], [ 85.303137, 25.490925 ], [ 85.30287, 25.490468 ], [ 85.302664, 25.490078 ], [ 85.302435, 25.489562 ], [ 85.302357, 25.489329 ], [ 85.302187, 25.488783 ], [ 85.302086, 25.488432 ], [ 85.301887, 25.487516 ], [ 85.301725, 25.486732 ], [ 85.301574, 25.486096 ], [ 85.301228, 25.485014 ], [ 85.301115, 25.484646 ], [ 85.300905, 25.483975 ], [ 85.300841, 25.483763 ], [ 85.300438, 25.482427 ], [ 85.299702, 25.480107 ], [ 85.299178, 25.478364 ], [ 85.298718, 25.476868 ] ] ] } },
{ "type": "Feature", "properties": { "ID": "150129424", "TRK_NME": null, "FTR_CRY": "BG", "CITY_NME": "Fatwah", "STT_NME": "Bihar", "SHAPE_Leng": "0.006572569282055" }, "geometry": { "type": "MultiLineString", "coordinates": [ [ [ 85.30345, 25.503031 ], [ 85.303974, 25.502563 ], [ 85.304344, 25.502241 ], [ 85.304777, 25.501818 ], [ 85.30507, 25.501517 ], [ 85.305664, 25.500898 ], [ 85.305906, 25.500648 ], [ 85.306203, 25.500287 ], [ 85.306364, 25.500057 ], [ 85.306587, 25.499695 ], [ 85.306725, 25.499383 ], [ 85.306843, 25.499084 ], [ 85.306981, 25.498638 ], [ 85.307075, 25.49821 ], [ 85.30714, 25.497808 ] ] ] } },
{ "type": "Feature", "properties": { "ID": "150164587", "TRK_NME": null, "FTR_CRY": "BG", "CITY_NME": null, "STT_NME": "Bihar", "SHAPE_Leng": "0.013356765702101" }, "geometry": { "type": "MultiLineString", "coordinates": [ [ [ 85.248477, 25.742698 ], [ 85.24859, 25.742917 ], [ 85.24894, 25.74337 ], [ 85.249204, 25.743727 ], [ 85.249471, 25.744231 ], [ 85.249602, 25.744539 ], [ 85.249758, 25.74492 ], [ 85.249838, 25.745148 ], [ 85.249922, 25.745468 ], [ 85.250005, 25.745965 ], [ 85.250036, 25.746446 ], [ 85.250036, 25.746786 ], [ 85.249944, 25.747538 ], [ 85.249808, 25.748119 ], [ 85.249585, 25.748733 ], [ 85.249429, 25.749069 ], [ 85.249188, 25.749462 ], [ 85.24889, 25.749886 ], [ 85.24852, 25.750301 ], [ 85.248164, 25.750682 ], [ 85.247218, 25.751364 ], [ 85.246771, 25.751628 ], [ 85.246039, 25.751946 ], [ 85.245352, 25.752156 ], [ 85.244139, 25.752424 ] ] ] } },
{ "type": "Feature", "properties": { "ID": "150113021", "TRK_NME": null, "FTR_CRY": "BG", "CITY_NME": null, "STT_NME": "Bihar", "SHAPE_Leng": "0.691541093133434" }, "geometry": { "type": "MultiLineString", "coordinates": [ [ [ 85.306802, 25.690421 ], [ 85.311381, 25.689359 ], [ 85.314922, 25.68852 ], [ 85.3241, 25.686415 ], [ 85.339447, 25.682853 ], [ 85.345737, 25.681385 ], [ 85.353651, 25.679537 ], [ 85.366132, 25.676653 ], [ 85.367761, 25.676304 ], [ 85.371092, 25.675483 ], [ 85.373259, 25.674999 ], [ 85.375285, 25.674522 ], [ 85.380007, 25.673403 ], [ 85.385795, 25.672086 ], [ 85.388922, 25.671328 ], [ 85.391178, 25.670824 ], [ 85.394054, 25.670142 ], [ 85.395552, 25.669777 ], [ 85.396651, 25.669549 ], [ 85.397728, 25.66936 ], [ 85.399084, 25.669187 ], [ 85.402554, 25.668702 ], [ 85.40504, 25.668331 ], [ 85.414417, 25.667021 ], [ 85.417344, 25.666586 ], [ 85.422016, 25.665948 ], [ 85.422928, 25.665817 ], [ 85.425903, 25.6654 ], [ 85.428844, 25.664969 ], [ 85.435848, 25.663988 ], [ 85.438859, 25.663558 ], [ 85.449872, 25.662005 ], [ 85.482936, 25.6573 ], [ 85.485163, 25.656959 ], [ 85.486932, 25.656722 ], [ 85.490273, 25.656231 ], [ 85.499721, 25.654907 ], [ 85.509028, 25.653591 ], [ 85.527723, 25.650907 ], [ 85.529981, 25.650565 ], [ 85.531225, 25.650303 ], [ 85.535005, 25.649524 ], [ 85.541416, 25.648205 ], [ 85.543057, 25.64785 ], [ 85.546878, 25.647057 ], [ 85.552845, 25.645799 ], [ 85.561717, 25.643945 ], [ 85.561732, 25.643942 ], [ 85.56329, 25.643607 ], [ 85.565916, 25.643073 ], [ 85.569701, 25.642278 ], [ 85.57267, 25.641661 ], [ 85.573976, 25.641327 ], [ 85.577251, 25.640439 ], [ 85.579537, 25.639804 ], [ 85.584283, 25.638493 ], [ 85.587446, 25.637593 ], [ 85.592871, 25.636101 ], [ 85.603486, 25.633169 ], [ 85.608435, 25.631802 ], [ 85.610041, 25.631353 ], [ 85.612626, 25.63065 ], [ 85.615419, 25.62985 ], [ 85.618494, 25.628996 ], [ 85.620566, 25.62843 ], [ 85.624301, 25.627389 ], [ 85.627092, 25.626648 ], [ 85.632001, 25.625295 ], [ 85.633329, 25.624915 ], [ 85.635917, 25.624176 ], [ 85.657025, 25.618313 ], [ 85.659091, 25.617738 ], [ 85.66228, 25.616884 ], [ 85.664355, 25.616308 ], [ 85.667242, 25.615513 ], [ 85.671017, 25.614477 ], [ 85.674228, 25.613575 ], [ 85.676461, 25.612963 ], [ 85.679664, 25.612066 ], [ 85.68147, 25.611561 ], [ 85.685855, 25.610365 ], [ 85.689379, 25.609384 ], [ 85.691991, 25.608669 ], [ 85.694182, 25.608054 ], [ 85.695655, 25.607651 ], [ 85.697199, 25.60724 ], [ 85.698472, 25.606958 ], [ 85.699003, 25.606864 ], [ 85.69953, 25.606791 ], [ 85.701265, 25.60666 ], [ 85.752282, 25.604197 ], [ 85.75364, 25.604134 ], [ 85.756222, 25.604007 ], [ 85.758819, 25.603873 ], [ 85.760934, 25.603787 ], [ 85.763845, 25.603651 ], [ 85.769926, 25.603359 ], [ 85.784092, 25.602687 ], [ 85.786343, 25.602562 ], [ 85.78754, 25.602507 ], [ 85.789336, 25.602435 ], [ 85.798147, 25.602005 ], [ 85.804019, 25.601702 ], [ 85.832222, 25.60037 ], [ 85.836872, 25.600158 ], [ 85.841176, 25.599941 ], [ 85.843216, 25.59984 ], [ 85.84416, 25.599804 ], [ 85.846242, 25.599701 ], [ 85.849058, 25.599562 ], [ 85.851271, 25.599455 ], [ 85.854609, 25.599294 ], [ 85.856929, 25.599187 ], [ 85.857814, 25.599136 ], [ 85.861068, 25.598986 ], [ 85.862699, 25.598902 ], [ 85.863803, 25.598867 ], [ 85.866539, 25.598751 ], [ 85.868124, 25.598705 ], [ 85.873172, 25.598438 ], [ 85.880593, 25.598081 ], [ 85.881615, 25.59802 ], [ 85.882343, 25.597964 ], [ 85.882869, 25.597905 ], [ 85.883287, 25.597843 ], [ 85.883816, 25.597753 ], [ 85.884277, 25.597653 ], [ 85.884637, 25.597579 ], [ 85.885189, 25.597429 ], [ 85.885416, 25.597368 ], [ 85.885912, 25.597208 ], [ 85.886257, 25.597079 ], [ 85.886783, 25.596878 ], [ 85.88758, 25.596552 ], [ 85.887818, 25.596438 ], [ 85.888373, 25.596157 ], [ 85.888862, 25.595892 ], [ 85.889412, 25.595565 ], [ 85.889872, 25.595261 ], [ 85.890729, 25.594636 ], [ 85.891307, 25.594161 ], [ 85.891428, 25.594062 ], [ 85.89166, 25.593845 ], [ 85.892055, 25.59346 ], [ 85.892611, 25.592882 ], [ 85.892873, 25.592574 ], [ 85.892941, 25.592499 ], [ 85.893149, 25.592227 ], [ 85.893348, 25.591956 ], [ 85.89376, 25.591389 ], [ 85.895699, 25.588453 ], [ 85.896592, 25.587141 ], [ 85.897127, 25.58641 ], [ 85.897408, 25.586043 ], [ 85.897534, 25.585814 ], [ 85.897824, 25.58517 ], [ 85.903985, 25.575783 ], [ 85.904925, 25.574776 ], [ 85.905206, 25.574405 ], [ 85.905565, 25.57393 ], [ 85.906241, 25.572947 ], [ 85.906434, 25.572642 ], [ 85.906512, 25.572537 ], [ 85.907683, 25.570761 ], [ 85.912415, 25.563549 ], [ 85.913043, 25.56256 ], [ 85.914187, 25.560825 ], [ 85.915129, 25.559372 ], [ 85.915646, 25.558599 ], [ 85.916045, 25.557962 ], [ 85.916408, 25.557421 ], [ 85.918162, 25.554747 ], [ 85.922214, 25.548626 ], [ 85.92485, 25.544589 ], [ 85.927117, 25.54117 ], [ 85.92833, 25.539081 ], [ 85.929385, 25.536896 ], [ 85.929818, 25.53596 ], [ 85.930571, 25.534401 ], [ 85.935875, 25.522886 ], [ 85.938144, 25.51797 ], [ 85.940988, 25.511806 ] ] ] } },
{ "type": "Feature", "properties": { "ID": "150113337", "TRK_NME": "Samastipur to Gorakpur", "FTR_CRY": "BG", "CITY_NME": null, "STT_NME": "Bihar", "SHAPE_Leng": "0.168796270711756" }, "geometry": { "type": "MultiLineString", "coordinates": [ [ [ 86.406309, 25.511151 ], [ 86.399374, 25.512197 ], [ 86.391255, 25.513393 ], [ 86.381294, 25.514909 ], [ 86.377569, 25.515459 ], [ 86.360521, 25.518017 ], [ 86.356897, 25.51857 ], [ 86.355043, 25.518827 ], [ 86.350732, 25.519477 ], [ 86.345534, 25.520258 ], [ 86.341648, 25.520838 ], [ 86.339278, 25.521192 ], [ 86.338351, 25.521361 ], [ 86.337594, 25.521536 ], [ 86.337022, 25.521688 ], [ 86.336557, 25.521815 ], [ 86.335934, 25.522026 ], [ 86.335288, 25.522258 ], [ 86.334508, 25.522572 ], [ 86.333461, 25.523074 ], [ 86.332708, 25.523476 ], [ 86.331359, 25.524343 ], [ 86.330633, 25.524892 ], [ 86.329886, 25.525517 ], [ 86.329615, 25.52575 ], [ 86.328798, 25.526581 ], [ 86.328139, 25.527306 ], [ 86.326382, 25.529299 ], [ 86.32343, 25.532582 ], [ 86.32112, 25.535162 ], [ 86.314949, 25.542072 ], [ 86.309713, 25.547944 ], [ 86.305991, 25.552148 ], [ 86.301975, 25.556624 ], [ 86.299605, 25.559312 ], [ 86.29842, 25.560623 ], [ 86.297262, 25.561897 ], [ 86.293293, 25.566349 ], [ 86.290656, 25.569321 ], [ 86.286405, 25.574063 ], [ 86.285508, 25.575078 ], [ 86.284785, 25.575845 ], [ 86.283915, 25.576685 ], [ 86.283212, 25.577355 ], [ 86.28271, 25.577911 ], [ 86.280015, 25.580954 ], [ 86.27804, 25.583168 ], [ 86.273354, 25.588656 ], [ 86.270496, 25.591885 ], [ 86.269486, 25.592942 ] ] ] } },
{ "type": "Feature", "properties": { "ID": "150129363", "TRK_NME": "Barauni to Khagaria", "FTR_CRY": "BG", "CITY_NME": "Barauni", "STT_NME": "Bihar", "SHAPE_Leng": "0.036128849273218" }, "geometry": { "type": "MultiLineString", "coordinates": [ [ [ 85.985919, 25.463355 ], [ 85.987606, 25.462462 ], [ 85.992305, 25.459999 ], [ 85.992458, 25.459896 ], [ 85.992668, 25.459706 ], [ 85.993065, 25.459354 ], [ 85.993421, 25.459011 ], [ 85.993895, 25.458731 ], [ 85.994061, 25.458643 ], [ 85.994588, 25.458385 ], [ 85.995219, 25.45814 ], [ 85.995842, 25.457996 ], [ 85.996622, 25.457662 ], [ 85.997143, 25.457466 ], [ 85.997486, 25.457379 ], [ 85.99767, 25.457343 ], [ 85.997903, 25.457328 ], [ 85.99818, 25.45731 ], [ 85.999137, 25.4573 ], [ 85.999908, 25.457497 ], [ 86.00022, 25.45755 ], [ 86.000427, 25.457574 ], [ 86.000794, 25.45755 ], [ 86.001662, 25.457417 ], [ 86.00629, 25.456538 ], [ 86.007617, 25.456285 ], [ 86.009712, 25.455881 ], [ 86.011306, 25.455568 ], [ 86.011996, 25.455409 ], [ 86.015875, 25.45443 ], [ 86.020023, 25.453412 ] ] ] } },
{ "type": "Feature", "properties": { "ID": "150132271", "TRK_NME": null, "FTR_CRY": "BG", "CITY_NME": null, "STT_NME": "Bihar", "SHAPE_Leng": "0.016337912636332" }, "geometry": { "type": "MultiLineString", "coordinates": [ [ [ 85.953448, 25.485218 ], [ 85.954111, 25.484117 ], [ 85.955138, 25.48266 ], [ 85.955745, 25.481862 ], [ 85.956512, 25.480947 ], [ 85.957496, 25.479891 ], [ 85.958103, 25.479286 ], [ 85.959127, 25.478339 ], [ 85.959506, 25.478009 ], [ 85.960177, 25.477449 ], [ 85.961013, 25.476809 ], [ 85.962669, 25.475661 ], [ 85.963671, 25.475038 ], [ 85.964208, 25.474728 ], [ 85.965209, 25.474195 ] ] ] } },
{ "type": "Feature", "properties": { "ID": "150132273", "TRK_NME": null, "FTR_CRY": "BG", "CITY_NME": "Teghra", "STT_NME": "Bihar", "SHAPE_Leng": "0.001639690214598" }, "geometry": { "type": "MultiLineString", "coordinates": [ [ [ 85.951224, 25.489605 ], [ 85.951934, 25.488127 ] ] ] } },
{ "type": "Feature", "properties": { "ID": "150132274", "TRK_NME": null, "FTR_CRY": "BG", "CITY_NME": "Teghra", "STT_NME": "Bihar", "SHAPE_Leng": "0.02444727110942" }, "geometry": { "type": "MultiLineString", "coordinates": [ [ [ 85.940988, 25.511806 ], [ 85.942658, 25.508183 ], [ 85.944659, 25.50384 ], [ 85.945344, 25.502366 ], [ 85.946356, 25.500166 ], [ 85.948269, 25.49609 ], [ 85.950573, 25.491034 ], [ 85.951224, 25.489605 ] ] ] } },
{ "type": "Feature", "properties": { "ID": "150132275", "TRK_NME": null, "FTR_CRY": "BG", "CITY_NME": "Teghra", "STT_NME": "Bihar", "SHAPE_Leng": "0.003282098438774" }, "geometry": { "type": "MultiLineString", "coordinates": [ [ [ 85.951934, 25.488127 ], [ 85.952927, 25.486086 ], [ 85.953448, 25.485218 ] ] ] } },
{ "type": "Feature", "properties": { "ID": "150132276", "TRK_NME": null, "FTR_CRY": "BG", "CITY_NME": "Barauni", "STT_NME": "Bihar", "SHAPE_Leng": "0.076660559175601" }, "geometry": { "type": "MultiLineString", "coordinates": [ [ [ 85.965209, 25.474195 ], [ 85.966095, 25.473725 ], [ 85.970804, 25.471256 ], [ 85.973378, 25.46989 ], [ 85.980874, 25.465964 ], [ 85.984102, 25.464236 ], [ 85.984892, 25.46365 ], [ 85.985118, 25.463454 ], [ 85.985699, 25.463007 ], [ 85.986109, 25.462693 ], [ 85.986588, 25.462423 ], [ 85.987543, 25.461892 ], [ 85.990117, 25.460513 ], [ 85.992411, 25.459333 ], [ 85.993343, 25.458839 ], [ 85.993736, 25.458623 ], [ 85.994032, 25.45846 ], [ 85.995039, 25.457939 ], [ 85.995469, 25.457686 ], [ 85.995776, 25.457463 ], [ 85.995979, 25.457291 ], [ 85.996143, 25.457123 ], [ 85.996409, 25.456834 ], [ 85.997029, 25.456125 ], [ 85.998527, 25.454443 ], [ 85.999246, 25.453696 ], [ 86.000508, 25.452384 ], [ 86.001239, 25.451507 ], [ 86.001911, 25.450588 ], [ 86.002361, 25.449944 ], [ 86.002555, 25.449604 ], [ 86.002705, 25.449296 ], [ 86.002875, 25.448953 ], [ 86.002952, 25.448727 ], [ 86.003156, 25.448135 ], [ 86.003602, 25.446564 ], [ 86.004676, 25.442868 ], [ 86.004836, 25.442351 ], [ 86.005121, 25.441354 ], [ 86.0058, 25.438984 ], [ 86.006199, 25.437526 ], [ 86.007613, 25.43256 ], [ 86.00854, 25.429305 ], [ 86.00993, 25.424537 ], [ 86.01084, 25.421358 ], [ 86.011353, 25.419503 ] ] ] } },
{ "type": "Feature", "properties": { "ID": "150113184", "TRK_NME": "Samastipur to Gorakpur", "FTR_CRY": "BG", "CITY_NME": null, "STT_NME": "Bihar", "SHAPE_Leng": "0.003545711212139" }, "geometry": { "type": "MultiLineString", "coordinates": [ [ [ 86.258648, 25.605113 ], [ 86.25629, 25.607761 ] ] ] } },
{ "type": "Feature", "properties": { "ID": "150129368", "TRK_NME": "Samastipur to Gorakpur", "FTR_CRY": "BG", "CITY_NME": null, "STT_NME": "Bihar", "SHAPE_Leng": "0.002605802179735" }, "geometry": { "type": "MultiLineString", "coordinates": [ [ [ 86.269486, 25.592942 ], [ 86.267753, 25.594888 ] ] ] } },
{ "type": "Feature", "properties": { "ID": "150129369", "TRK_NME": "Samastipur to Gorakpur", "FTR_CRY": "BG", "CITY_NME": "Bakhri", "STT_NME": "Bihar", "SHAPE_Leng": "0.01369129833148" }, "geometry": { "type": "MultiLineString", "coordinates": [ [ [ 86.267753, 25.594888 ], [ 86.258648, 25.605113 ] ] ] } },
{ "type": "Feature", "properties": { "ID": "150164449", "TRK_NME": null, "FTR_CRY": "BG", "CITY_NME": "Barauni", "STT_NME": "Bihar", "SHAPE_Leng": "0.013323521718336" }, "geometry": { "type": "MultiLineString", "coordinates": [ [ [ 85.995842, 25.457996 ], [ 85.99478, 25.458663 ], [ 85.994495, 25.45883 ], [ 85.994212, 25.459001 ], [ 85.993161, 25.459712 ], [ 85.992695, 25.45998 ], [ 85.992044, 25.460326 ], [ 85.98917, 25.461838 ], [ 85.987163, 25.462879 ], [ 85.986879, 25.463036 ], [ 85.986729, 25.463099 ], [ 85.986509, 25.463174 ], [ 85.985919, 25.463355 ], [ 85.984955, 25.463831 ], [ 85.984635, 25.463972 ], [ 85.984102, 25.464236 ] ] ] } },
{ "type": "Feature", "properties": { "ID": "150164450", "TRK_NME": null, "FTR_CRY": "BG", "CITY_NME": "Barauni", "STT_NME": "Bihar", "SHAPE_Leng": "0.002152389494752" }, "geometry": { "type": "MultiLineString", "coordinates": [ [ [ 85.992305, 25.459999 ], [ 85.992898, 25.459685 ], [ 85.99334, 25.459451 ], [ 85.994212, 25.459001 ] ] ] } },
{ "type": "Feature", "properties": { "ID": "150164452", "TRK_NME": null, "FTR_CRY": "BG", "CITY_NME": "Barauni", "STT_NME": "Bihar", "SHAPE_Leng": "0.009762749379873" }, "geometry": { "type": "MultiLineString", "coordinates": [ [ [ 85.984955, 25.463831 ], [ 85.985636, 25.463349 ], [ 85.986022, 25.463012 ], [ 85.986239, 25.462847 ], [ 85.986506, 25.462684 ], [ 85.987739, 25.462052 ], [ 85.989286, 25.461215 ], [ 85.992678, 25.459435 ], [ 85.993421, 25.459011 ] ] ] } },
{ "type": "Feature", "properties": { "ID": "150164454", "TRK_NME": null, "FTR_CRY": "BG", "CITY_NME": "Barauni", "STT_NME": "Bihar", "SHAPE_Leng": "0.00949591734797" }, "geometry": { "type": "MultiLineString", "coordinates": [ [ [ 85.985118, 25.463454 ], [ 85.985966, 25.462636 ], [ 85.986256, 25.462407 ], [ 85.986653, 25.462133 ], [ 85.98704, 25.461899 ], [ 85.987326, 25.461739 ], [ 85.989033, 25.460844 ], [ 85.99024, 25.4602 ], [ 85.991094, 25.459799 ], [ 85.992728, 25.459059 ], [ 85.993343, 25.458839 ] ] ] } },
{ "type": "Feature", "properties": { "ID": "150164463", "TRK_NME": null, "FTR_CRY": "BG", "CITY_NME": "Barauni", "STT_NME": "Bihar", "SHAPE_Leng": "0.007308696426882" }, "geometry": { "type": "MultiLineString", "coordinates": [ [ [ 85.991549, 25.459522 ], [ 85.990634, 25.459901 ], [ 85.990504, 25.459947 ], [ 85.990417, 25.459964 ], [ 85.989483, 25.46001 ], [ 85.987862, 25.460072 ], [ 85.987732, 25.460087 ], [ 85.987549, 25.460111 ], [ 85.987412, 25.460151 ], [ 85.987032, 25.460325 ], [ 85.984695, 25.461592 ] ] ] } },
{ "type": "Feature", "properties": { "ID": "150164479", "TRK_NME": null, "FTR_CRY": "BG", "CITY_NME": null, "STT_NME": "Bihar", "SHAPE_Leng": "0.004397070750706" }, "geometry": { "type": "MultiLineString", "coordinates": [ [ [ 85.942658, 25.508183 ], [ 85.94203, 25.509172 ], [ 85.941676, 25.509697 ], [ 85.941462, 25.510052 ], [ 85.941288, 25.510432 ], [ 85.940994, 25.511087 ], [ 85.940881, 25.511364 ], [ 85.940757, 25.511702 ], [ 85.940697, 25.511865 ], [ 85.940633, 25.512064 ] ] ] } },
{ "type": "Feature", "properties": { "ID": "150164480", "TRK_NME": null, "FTR_CRY": "BG", "CITY_NME": null, "STT_NME": "Bihar", "SHAPE_Leng": "0.002905157893024" }, "geometry": { "type": "MultiLineString", "coordinates": [ [ [ 85.940633, 25.512064 ], [ 85.940309, 25.512986 ], [ 85.939899, 25.513845 ], [ 85.939505, 25.514738 ] ] ] } },
{ "type": "Feature", "properties": { "ID": "150164481", "TRK_NME": null, "FTR_CRY": "BG", "CITY_NME": null, "STT_NME": "Bihar", "SHAPE_Leng": "0.003509237283829" }, "geometry": { "type": "MultiLineString", "coordinates": [ [ [ 85.939505, 25.514738 ], [ 85.938769, 25.516342 ], [ 85.938482, 25.517041 ], [ 85.938328, 25.517433 ], [ 85.938144, 25.51797 ] ] ] } },
{ "type": "Feature", "properties": { "ID": "150113448", "TRK_NME": null, "FTR_CRY": "BG", "CITY_NME": null, "STT_NME": "Bihar", "SHAPE_Leng": "0.025712511122999" }, "geometry": { "type": "MultiLineString", "coordinates": [ [ [ 85.862807, 25.638479 ], [ 85.862119, 25.639427 ], [ 85.861389, 25.640426 ], [ 85.860596, 25.641501 ], [ 85.86001, 25.642295 ], [ 85.858355, 25.644575 ], [ 85.857634, 25.645555 ], [ 85.856592, 25.646904 ], [ 85.855813, 25.647853 ], [ 85.854595, 25.649283 ], [ 85.851547, 25.652955 ], [ 85.850895, 25.653758 ], [ 85.849959, 25.654855 ], [ 85.848776, 25.656257 ], [ 85.847897, 25.657335 ], [ 85.846809, 25.658592 ] ] ] } },
{ "type": "Feature", "properties": { "ID": "150113449", "TRK_NME": null, "FTR_CRY": "BG", "CITY_NME": null, "STT_NME": "Bihar", "SHAPE_Leng": "0.033531472045427" }, "geometry": { "type": "MultiLineString", "coordinates": [ [ [ 85.833146, 25.673339 ], [ 85.831866, 25.674412 ], [ 85.831461, 25.674766 ], [ 85.830661, 25.67548 ], [ 85.829419, 25.676588 ], [ 85.828758, 25.677149 ], [ 85.827676, 25.678095 ], [ 85.826701, 25.678936 ], [ 85.825924, 25.679627 ], [ 85.823741, 25.681558 ], [ 85.822168, 25.682932 ], [ 85.82093, 25.684032 ], [ 85.817157, 25.687346 ], [ 85.814638, 25.689561 ], [ 85.813409, 25.690644 ], [ 85.812738, 25.691239 ], [ 85.812389, 25.691592 ], [ 85.812191, 25.691833 ], [ 85.812012, 25.692033 ], [ 85.811709, 25.692422 ], [ 85.811523, 25.692699 ], [ 85.81135, 25.692972 ], [ 85.81122, 25.693191 ], [ 85.811046, 25.693546 ], [ 85.810834, 25.694018 ], [ 85.810726, 25.694354 ], [ 85.8106, 25.694764 ], [ 85.810489, 25.695186 ], [ 85.81027, 25.696356 ], [ 85.8102, 25.696934 ] ] ] } },
{ "type": "Feature", "properties": { "ID": "150113138", "TRK_NME": null, "FTR_CRY": "BG", "CITY_NME": null, "STT_NME": "Bihar", "SHAPE_Leng": "0.001596027568681" }, "geometry": { "type": "MultiLineString", "coordinates": [ [ [ 85.834348, 25.672289 ], [ 85.833146, 25.673339 ] ] ] } },
{ "type": "Feature", "properties": { "ID": "150129339", "TRK_NME": null, "FTR_CRY": "BG", "CITY_NME": null, "STT_NME": "Bihar", "SHAPE_Leng": "8.02274890544E-4" }, "geometry": { "type": "MultiLineString", "coordinates": [ [ [ 85.846809, 25.658592 ], [ 85.846311, 25.659221 ] ] ] } },
{ "type": "Feature", "properties": { "ID": "150129340", "TRK_NME": null, "FTR_CRY": "BG", "CITY_NME": "Dalsinghsarai", "STT_NME": "Bihar", "SHAPE_Leng": "0.017763217641834" }, "geometry": { "type": "MultiLineString", "coordinates": [ [ [ 85.846311, 25.659221 ], [ 85.844927, 25.660929 ], [ 85.84466, 25.661341 ], [ 85.843914, 25.662231 ], [ 85.84203, 25.664464 ], [ 85.841164, 25.66551 ], [ 85.840392, 25.66641 ], [ 85.839704, 25.667201 ], [ 85.838472, 25.668612 ], [ 85.837986, 25.66908 ], [ 85.837062, 25.669892 ], [ 85.836193, 25.670667 ], [ 85.835316, 25.671446 ], [ 85.834348, 25.672289 ] ] ] } },
{ "type": "Feature", "properties": { "ID": "150164580", "TRK_NME": null, "FTR_CRY": "BG", "CITY_NME": null, "STT_NME": "Bihar", "SHAPE_Leng": "0.00267129185684" }, "geometry": { "type": "MultiLineString", "coordinates": [ [ [ 85.808326, 25.712558 ], [ 85.808342, 25.71284 ], [ 85.808247, 25.713676 ], [ 85.808181, 25.71414 ], [ 85.808115, 25.714653 ], [ 85.808067, 25.71503 ], [ 85.808009, 25.715202 ] ] ] } },
{ "type": "Feature", "properties": { "ID": "150164581", "TRK_NME": null, "FTR_CRY": "BG", "CITY_NME": "Dalsinghsarai", "STT_NME": "Bihar", "SHAPE_Leng": "0.007126728205298" }, "geometry": { "type": "MultiLineString", "coordinates": [ [ [ 85.840392, 25.66641 ], [ 85.840501, 25.666186 ], [ 85.840923, 25.665625 ], [ 85.841853, 25.664508 ], [ 85.842305, 25.66396 ], [ 85.842743, 25.66346 ], [ 85.843661, 25.662347 ], [ 85.844558, 25.661267 ], [ 85.844927, 25.660929 ] ] ] } },
{ "type": "Feature", "properties": { "ID": "150164582", "TRK_NME": null, "FTR_CRY": "BG", "CITY_NME": null, "STT_NME": "Bihar", "SHAPE_Leng": "0.005682299123557" }, "geometry": { "type": "MultiLineString", "coordinates": [ [ [ 85.86987, 25.628825 ], [ 85.869295, 25.629406 ], [ 85.868485, 25.630503 ], [ 85.867268, 25.632139 ], [ 85.866809, 25.632788 ], [ 85.866519, 25.633389 ] ] ] } },
{ "type": "Feature", "properties": { "ID": "150164583", "TRK_NME": null, "FTR_CRY": "BG", "CITY_NME": null, "STT_NME": "Bihar", "SHAPE_Leng": "0.010237206725797" }, "geometry": { "type": "MultiLineString", "coordinates": [ [ [ 85.883654, 25.604927 ], [ 85.88345, 25.605155 ], [ 85.883184, 25.605673 ], [ 85.88292, 25.606389 ], [ 85.882799, 25.60686 ], [ 85.882703, 25.607352 ], [ 85.882675, 25.607616 ], [ 85.882669, 25.607971 ], [ 85.882708, 25.608534 ], [ 85.88278, 25.609442 ], [ 85.882853, 25.610116 ], [ 85.882901, 25.610409 ], [ 85.882981, 25.611049 ], [ 85.883003, 25.611297 ], [ 85.883003, 25.61177 ], [ 85.882979, 25.612157 ], [ 85.882945, 25.612543 ], [ 85.8828, 25.613102 ], [ 85.88265, 25.613504 ], [ 85.882321, 25.614113 ], [ 85.882131, 25.614381 ], [ 85.88197, 25.614701 ] ] ] } },
{ "type": "Feature", "properties": { "ID": "150113256", "TRK_NME": "Samastipur to Kiul", "FTR_CRY": "BG", "CITY_NME": null, "STT_NME": "Bihar", "SHAPE_Leng": "0.064327752379397" }, "geometry": { "type": "MultiLineString", "coordinates": [ [ [ 85.862807, 25.638479 ], [ 85.863458, 25.637627 ], [ 85.865155, 25.6353 ], [ 85.866519, 25.633389 ], [ 85.86713, 25.632581 ], [ 85.869395, 25.629498 ], [ 85.86987, 25.628825 ], [ 85.870556, 25.627854 ], [ 85.871051, 25.627214 ], [ 85.871617, 25.626419 ], [ 85.872624, 25.625096 ], [ 85.87402, 25.623227 ], [ 85.875638, 25.620979 ], [ 85.876697, 25.619752 ], [ 85.876809, 25.619645 ], [ 85.877589, 25.618903 ], [ 85.87846, 25.61809 ], [ 85.879226, 25.617386 ], [ 85.880409, 25.616241 ], [ 85.881381, 25.615339 ], [ 85.88178, 25.614927 ], [ 85.88197, 25.614701 ], [ 85.882205, 25.614446 ], [ 85.882287, 25.614323 ], [ 85.882393, 25.614152 ], [ 85.88252, 25.613916 ], [ 85.882689, 25.613591 ], [ 85.882828, 25.613289 ], [ 85.882932, 25.612984 ], [ 85.883075, 25.612509 ], [ 85.88317, 25.611927 ], [ 85.883191, 25.611533 ], [ 85.883182, 25.611299 ], [ 85.883161, 25.610994 ], [ 85.883076, 25.610297 ], [ 85.88287, 25.608385 ], [ 85.88286, 25.607986 ], [ 85.882883, 25.607191 ], [ 85.882901, 25.607025 ], [ 85.882929, 25.606877 ], [ 85.883184, 25.606036 ], [ 85.883297, 25.605737 ], [ 85.883507, 25.605264 ], [ 85.883654, 25.604927 ], [ 85.883793, 25.604688 ], [ 85.883921, 25.604528 ], [ 85.884083, 25.604307 ], [ 85.884182, 25.604204 ], [ 85.884441, 25.60393 ], [ 85.884878, 25.603498 ], [ 85.886199, 25.60225 ], [ 85.887689, 25.600797 ], [ 85.888341, 25.600028 ], [ 85.889038, 25.599048 ], [ 85.889406, 25.598493 ], [ 85.892009, 25.594507 ], [ 85.892393, 25.593972 ], [ 85.892976, 25.593085 ], [ 85.89426, 25.591161 ], [ 85.895036, 25.589955 ], [ 85.896464, 25.587811 ], [ 85.896735, 25.587369 ], [ 85.896884, 25.587092 ], [ 85.897194, 25.586512 ], [ 85.897408, 25.586043 ] ] ] } },
{ "type": "Feature", "properties": { "ID": "150164584", "TRK_NME": "Samastipur to Kiul", "FTR_CRY": "BG", "CITY_NME": null, "STT_NME": "Bihar", "SHAPE_Leng": "0.014013232398332" }, "geometry": { "type": "MultiLineString", "coordinates": [ [ [ 85.897408, 25.586043 ], [ 85.898382, 25.584719 ], [ 85.901408, 25.580366 ], [ 85.905206, 25.574405 ] ] ] } },
{ "type": "Feature", "properties": { "ID": "150113009", "TRK_NME": null, "FTR_CRY": "BG", "CITY_NME": null, "STT_NME": "Bihar", "SHAPE_Leng": "0.013094264724942" }, "geometry": { "type": "MultiLineString", "coordinates": [ [ [ 85.897824, 25.58517 ], [ 85.898348, 25.584148 ], [ 85.899035, 25.582987 ], [ 85.901052, 25.579919 ], [ 85.902699, 25.577568 ], [ 85.903265, 25.576643 ], [ 85.903712, 25.576004 ], [ 85.904105, 25.575522 ], [ 85.904672, 25.574952 ], [ 85.905206, 25.574405 ] ] ] } },
{ "type": "Feature", "properties": { "ID": "150113464", "TRK_NME": null, "FTR_CRY": "BG", "CITY_NME": null, "STT_NME": "Bihar", "SHAPE_Leng": "0.131984995206422" }, "geometry": { "type": "MultiLineString", "coordinates": [ [ [ 85.790121, 25.482212 ], [ 85.792158, 25.482197 ], [ 85.794704, 25.482146 ], [ 85.799283, 25.482065 ], [ 85.804761, 25.481952 ], [ 85.807474, 25.481813 ], [ 85.808366, 25.481717 ], [ 85.809283, 25.48159 ], [ 85.810287, 25.481412 ], [ 85.810807, 25.481303 ], [ 85.812214, 25.481004 ], [ 85.813287, 25.480712 ], [ 85.814707, 25.4803 ], [ 85.816098, 25.479827 ], [ 85.817158, 25.479411 ], [ 85.819397, 25.478387 ], [ 85.820316, 25.477912 ], [ 85.822265, 25.476779 ], [ 85.823475, 25.475983 ], [ 85.824297, 25.475391 ], [ 85.824924, 25.474912 ], [ 85.825333, 25.474579 ], [ 85.825917, 25.474093 ], [ 85.826679, 25.473397 ], [ 85.82799, 25.472153 ], [ 85.828879, 25.471191 ], [ 85.829341, 25.470631 ], [ 85.829919, 25.469915 ], [ 85.830559, 25.46905 ], [ 85.840901, 25.454695 ], [ 85.846108, 25.4475 ], [ 85.847227, 25.445934 ], [ 85.853529, 25.437216 ], [ 85.853865, 25.436753 ], [ 85.858206, 25.430762 ], [ 85.860548, 25.427484 ], [ 85.864708, 25.421677 ], [ 85.866417, 25.419344 ], [ 85.869865, 25.414692 ], [ 85.870838, 25.413544 ], [ 85.87214, 25.412144 ], [ 85.873843, 25.410449 ], [ 85.874414, 25.409911 ], [ 85.875928, 25.408639 ], [ 85.877293, 25.407523 ], [ 85.878401, 25.4067 ], [ 85.879361, 25.406016 ], [ 85.880032, 25.40558 ], [ 85.881782, 25.404463 ], [ 85.883736, 25.403318 ], [ 85.885802, 25.402241 ] ] ] } },
{ "type": "Feature", "properties": { "ID": "150113133", "TRK_NME": null, "FTR_CRY": "BG", "CITY_NME": null, "STT_NME": "Bihar", "SHAPE_Leng": "0.01842226702452" }, "geometry": { "type": "MultiLineString", "coordinates": [ [ [ 85.771701, 25.482501 ], [ 85.779834, 25.482373 ], [ 85.786908, 25.482262 ], [ 85.790121, 25.482212 ] ] ] } },
{ "type": "Feature", "properties": { "ID": "150129343", "TRK_NME": null, "FTR_CRY": "BG", "CITY_NME": null, "STT_NME": "Bihar", "SHAPE_Leng": "0.014920617648116" }, "geometry": { "type": "MultiLineString", "coordinates": [ [ [ 85.72017, 25.470011 ], [ 85.721413, 25.470926 ], [ 85.723903, 25.472749 ], [ 85.725673, 25.474079 ], [ 85.728873, 25.476496 ], [ 85.730784, 25.477731 ], [ 85.73153, 25.478194 ], [ 85.732329, 25.478637 ] ] ] } },
{ "type": "Feature", "properties": { "ID": "150129344", "TRK_NME": null, "FTR_CRY": "BG", "CITY_NME": "NTPC Barh Township", "STT_NME": "Bihar", "SHAPE_Leng": "0.040088369805765" }, "geometry": { "type": "MultiLineString", "coordinates": [ [ [ 85.732329, 25.478637 ], [ 85.733211, 25.479119 ], [ 85.733772, 25.479412 ], [ 85.734362, 25.479684 ], [ 85.736325, 25.480484 ], [ 85.737729, 25.481013 ], [ 85.738651, 25.481308 ], [ 85.739717, 25.481623 ], [ 85.741792, 25.48212 ], [ 85.74292, 25.482349 ], [ 85.743921, 25.482523 ], [ 85.745237, 25.482681 ], [ 85.746102, 25.482747 ], [ 85.746859, 25.48281 ], [ 85.74743, 25.482855 ], [ 85.748162, 25.482881 ], [ 85.751809, 25.482855 ], [ 85.753356, 25.482808 ], [ 85.756684, 25.482747 ], [ 85.759044, 25.482718 ], [ 85.762562, 25.482657 ], [ 85.765967, 25.482609 ], [ 85.769823, 25.482536 ], [ 85.771701, 25.482501 ] ] ] } },
{ "type": "Feature", "properties": { "ID": "150113134", "TRK_NME": null, "FTR_CRY": "BG", "CITY_NME": null, "STT_NME": "Bihar", "SHAPE_Leng": "0.006876406983323" }, "geometry": { "type": "MultiLineString", "coordinates": [ [ [ 85.714663, 25.465893 ], [ 85.72017, 25.470011 ] ] ] } },
{ "type": "Feature", "properties": { "ID": "150133239", "TRK_NME": null, "FTR_CRY": "BG", "CITY_NME": "Barh", "STT_NME": "Bihar", "SHAPE_Leng": "0.010497188925036" }, "geometry": { "type": "MultiLineString", "coordinates": [ [ [ 85.70623, 25.459642 ], [ 85.709227, 25.461874 ], [ 85.710722, 25.462984 ], [ 85.713807, 25.465264 ], [ 85.714663, 25.465893 ] ] ] } },
{ "type": "Feature", "properties": { "ID": "150113082", "TRK_NME": null, "FTR_CRY": "BG", "CITY_NME": "Jamalpur", "STT_NME": "Bihar", "SHAPE_Leng": "0.00795607547479" }, "geometry": { "type": "MultiLineString", "coordinates": [ [ [ 86.49464, 25.319562 ], [ 86.494982, 25.320062 ], [ 86.495286, 25.320443 ], [ 86.495999, 25.32142 ], [ 86.496461, 25.321924 ], [ 86.496583, 25.322045 ], [ 86.497098, 25.322477 ], [ 86.497419, 25.322749 ], [ 86.497979, 25.32328 ], [ 86.49829, 25.323597 ], [ 86.498482, 25.323757 ], [ 86.498726, 25.32391 ], [ 86.499663, 25.324596 ], [ 86.500288, 25.325079 ] ] ] } },
{ "type": "Feature", "properties": { "ID": "150113225", "TRK_NME": null, "FTR_CRY": "BG", "CITY_NME": null, "STT_NME": "Bihar", "SHAPE_Leng": "0.058633299085353" }, "geometry": { "type": "MultiLineString", "coordinates": [ [ [ 86.489532, 25.507078 ], [ 86.494114, 25.507231 ], [ 86.49731, 25.507359 ], [ 86.50217, 25.50752 ], [ 86.503568, 25.507574 ], [ 86.505627, 25.507611 ], [ 86.508201, 25.507761 ], [ 86.512679, 25.50787 ], [ 86.516428, 25.508003 ], [ 86.521783, 25.50816 ], [ 86.527313, 25.50833 ], [ 86.535659, 25.508612 ], [ 86.54216, 25.508841 ], [ 86.548131, 25.509042 ] ] ] } },
{ "type": "Feature", "properties": { "ID": "150113226", "TRK_NME": null, "FTR_CRY": "BG", "CITY_NME": null, "STT_NME": "Bihar", "SHAPE_Leng": "0.049186286191168" }, "geometry": { "type": "MultiLineString", "coordinates": [ [ [ 86.406309, 25.511151 ], [ 86.40805, 25.510886 ], [ 86.413149, 25.510117 ], [ 86.420037, 25.509078 ], [ 86.428266, 25.507862 ], [ 86.441735, 25.505838 ], [ 86.442911, 25.505714 ], [ 86.443821, 25.505645 ], [ 86.444634, 25.505639 ], [ 86.445457, 25.505654 ], [ 86.4474, 25.505747 ], [ 86.449295, 25.505808 ], [ 86.450975, 25.505859 ], [ 86.452207, 25.505898 ], [ 86.453601, 25.505949 ], [ 86.455084, 25.505976 ] ] ] } },
{ "type": "Feature", "properties": { "ID": "150113411", "TRK_NME": null, "FTR_CRY": "BG", "CITY_NME": null, "STT_NME": "Bihar", "SHAPE_Leng": "0.029897276935635" }, "geometry": { "type": "MultiLineString", "coordinates": [ [ [ 86.445457, 25.505654 ], [ 86.444461, 25.505516 ], [ 86.443731, 25.505371 ], [ 86.442995, 25.505153 ], [ 86.442001, 25.504705 ], [ 86.440884, 25.5041 ], [ 86.439793, 25.503235 ], [ 86.438841, 25.502157 ], [ 86.438386, 25.501487 ], [ 86.437951, 25.500699 ], [ 86.436696, 25.497489 ], [ 86.436254, 25.496277 ], [ 86.43602, 25.495443 ], [ 86.435806, 25.494427 ], [ 86.435758, 25.493779 ], [ 86.435751, 25.492786 ], [ 86.435834, 25.491783 ], [ 86.436034, 25.490718 ], [ 86.436304, 25.489843 ], [ 86.436697, 25.48889 ], [ 86.437263, 25.487756 ], [ 86.43796, 25.486386 ], [ 86.439147, 25.484222 ], [ 86.439506, 25.483331 ], [ 86.439962, 25.481827 ], [ 86.440017, 25.481478 ] ] ] } },
{ "type": "Feature", "properties": { "ID": "150113491", "TRK_NME": "Barauni to Khagaria", "FTR_CRY": "BG", "CITY_NME": null, "STT_NME": "Bihar", "SHAPE_Leng": "0.144066670916393" }, "geometry": { "type": "MultiLineString", "coordinates": [ [ [ 86.328272, 25.427704 ], [ 86.329216, 25.427716 ], [ 86.340971, 25.427547 ], [ 86.353949, 25.427418 ], [ 86.369305, 25.427228 ], [ 86.373879, 25.427167 ], [ 86.389894, 25.426957 ], [ 86.396336, 25.426896 ], [ 86.397937, 25.426878 ], [ 86.399838, 25.426848 ], [ 86.400825, 25.42689 ], [ 86.401658, 25.426969 ], [ 86.40238, 25.427071 ], [ 86.40338, 25.427288 ], [ 86.405601, 25.427872 ], [ 86.407742, 25.428426 ], [ 86.409283, 25.428763 ], [ 86.410696, 25.429167 ], [ 86.411656, 25.429456 ], [ 86.41221, 25.429685 ], [ 86.412697, 25.429932 ], [ 86.413091, 25.430179 ], [ 86.413491, 25.430492 ], [ 86.414051, 25.431011 ], [ 86.414364, 25.431384 ], [ 86.414578, 25.431673 ], [ 86.414871, 25.432221 ], [ 86.415699, 25.433756 ], [ 86.417651, 25.437098 ], [ 86.421572, 25.443745 ], [ 86.425574, 25.450578 ], [ 86.427252, 25.453336 ], [ 86.433474, 25.464016 ], [ 86.435438, 25.46737 ], [ 86.437932, 25.471592 ], [ 86.438145, 25.471932 ], [ 86.43878, 25.473073 ], [ 86.439107, 25.47379 ], [ 86.439394, 25.474451 ], [ 86.439716, 25.475239 ], [ 86.439882, 25.475835 ], [ 86.439969, 25.476204 ], [ 86.440111, 25.476926 ], [ 86.44021, 25.477863 ], [ 86.440237, 25.478297 ], [ 86.440283, 25.478864 ], [ 86.440263, 25.479835 ], [ 86.440204, 25.480516 ], [ 86.440017, 25.481478 ] ] ] } },
{ "type": "Feature", "properties": { "ID": "150113492", "TRK_NME": "Barauni to Khagaria", "FTR_CRY": "BG", "CITY_NME": null, "STT_NME": "Bihar", "SHAPE_Leng": "0.11392938507825" }, "geometry": { "type": "MultiLineString", "coordinates": [ [ [ 86.177829, 25.414517 ], [ 86.178205, 25.414478 ], [ 86.179179, 25.414406 ], [ 86.180366, 25.414406 ], [ 86.180833, 25.414433 ], [ 86.186932, 25.414985 ], [ 86.193265, 25.415575 ], [ 86.201092, 25.41624 ], [ 86.20596, 25.416679 ], [ 86.212544, 25.4173 ], [ 86.215525, 25.417541 ], [ 86.221291, 25.418093 ], [ 86.224913, 25.418418 ], [ 86.232729, 25.419116 ], [ 86.24126, 25.419899 ], [ 86.245562, 25.420279 ], [ 86.254202, 25.421059 ], [ 86.258507, 25.421412 ], [ 86.262462, 25.421773 ], [ 86.264684, 25.422047 ], [ 86.268132, 25.42233 ], [ 86.279817, 25.423372 ], [ 86.285146, 25.423867 ], [ 86.291302, 25.424403 ] ] ] } },
{ "type": "Feature", "properties": { "ID": "150113496", "TRK_NME": null, "FTR_CRY": "BG", "CITY_NME": null, "STT_NME": "Bihar", "SHAPE_Leng": "0.079971942063624" }, "geometry": { "type": "MultiLineString", "coordinates": [ [ [ 86.570973, 25.285232 ], [ 86.568773, 25.287427 ], [ 86.566476, 25.289718 ], [ 86.563529, 25.292719 ], [ 86.562324, 25.293939 ], [ 86.561497, 25.294816 ], [ 86.558522, 25.297777 ], [ 86.556967, 25.299332 ], [ 86.555751, 25.300563 ], [ 86.554554, 25.301776 ], [ 86.553387, 25.302949 ], [ 86.551951, 25.304422 ], [ 86.55033, 25.306068 ], [ 86.54853, 25.307842 ], [ 86.547509, 25.308842 ], [ 86.546391, 25.309973 ], [ 86.545214, 25.311169 ], [ 86.543845, 25.312535 ], [ 86.542635, 25.313758 ], [ 86.541569, 25.314832 ], [ 86.540422, 25.315975 ], [ 86.539557, 25.31687 ], [ 86.538989, 25.317447 ], [ 86.538429, 25.317989 ], [ 86.538, 25.318419 ], [ 86.537288, 25.319104 ], [ 86.537027, 25.319322 ], [ 86.536372, 25.319914 ], [ 86.535712, 25.320432 ], [ 86.535195, 25.320848 ], [ 86.534358, 25.321469 ], [ 86.533664, 25.321933 ], [ 86.533064, 25.322307 ], [ 86.53203, 25.322934 ], [ 86.531029, 25.32349 ], [ 86.528994, 25.324514 ], [ 86.52798, 25.32496 ], [ 86.527053, 25.325316 ], [ 86.525905, 25.325714 ], [ 86.524818, 25.326028 ], [ 86.52375, 25.326317 ], [ 86.52269, 25.326564 ], [ 86.521796, 25.326739 ], [ 86.520969, 25.326884 ], [ 86.520355, 25.326974 ], [ 86.519355, 25.327101 ], [ 86.51824, 25.327191 ], [ 86.51695, 25.327265 ], [ 86.515231, 25.32727 ], [ 86.51161, 25.327184 ], [ 86.507126, 25.327084 ] ] ] } },
{ "type": "Feature", "properties": { "ID": "150113493", "TRK_NME": "Barauni to Khagaria", "FTR_CRY": "BG", "CITY_NME": null, "STT_NME": "Bihar", "SHAPE_Leng": "0.003317955545234" }, "geometry": { "type": "MultiLineString", "coordinates": [ [ [ 86.291302, 25.424403 ], [ 86.294604, 25.424728 ] ] ] } },
{ "type": "Feature", "properties": { "ID": "150129298", "TRK_NME": "Barauni to Khagaria", "FTR_CRY": "BG", "CITY_NME": null, "STT_NME": "Bihar", "SHAPE_Leng": "0.002331147785999" }, "geometry": { "type": "MultiLineString", "coordinates": [ [ [ 86.325945, 25.427565 ], [ 86.328272, 25.427704 ] ] ] } },
{ "type": "Feature", "properties": { "ID": "150129299", "TRK_NME": "Barauni to Khagaria", "FTR_CRY": "BG", "CITY_NME": "Balia", "STT_NME": "Bihar", "SHAPE_Leng": "0.031469419335014" }, "geometry": { "type": "MultiLineString", "coordinates": [ [ [ 86.294604, 25.424728 ], [ 86.299906, 25.42521 ], [ 86.302687, 25.425432 ], [ 86.308543, 25.425963 ], [ 86.313473, 25.42642 ], [ 86.31626, 25.426667 ], [ 86.321543, 25.427143 ], [ 86.324737, 25.427457 ], [ 86.325564, 25.427529 ], [ 86.325945, 25.427565 ] ] ] } },
{ "type": "Feature", "properties": { "ID": "150113458", "TRK_NME": null, "FTR_CRY": "BG", "CITY_NME": null, "STT_NME": "Bihar", "SHAPE_Leng": "0.019042996388704" }, "geometry": { "type": "MultiLineString", "coordinates": [ [ [ 85.993311, 25.371871 ], [ 86.002378, 25.379981 ], [ 86.003364, 25.380788 ], [ 86.004913, 25.382163 ], [ 86.006786, 25.383849 ], [ 86.007555, 25.384508 ] ] ] } },
{ "type": "Feature", "properties": { "ID": "150113191", "TRK_NME": "Barauni to Khagaria", "FTR_CRY": "BG", "CITY_NME": null, "STT_NME": "Bihar", "SHAPE_Leng": "0.020265670568785" }, "geometry": { "type": "MultiLineString", "coordinates": [ [ [ 86.020023, 25.453412 ], [ 86.025655, 25.452018 ], [ 86.030364, 25.450831 ], [ 86.032542, 25.450281 ], [ 86.039692, 25.448531 ] ] ] } },
{ "type": "Feature", "properties": { "ID": "150113031", "TRK_NME": "Barauni to Khagaria", "FTR_CRY": "BG", "CITY_NME": null, "STT_NME": "Bihar", "SHAPE_Leng": "0.01323093676502" }, "geometry": { "type": "MultiLineString", "coordinates": [ [ [ 86.164947, 25.417502 ], [ 86.175651, 25.414875 ], [ 86.176171, 25.414758 ], [ 86.176705, 25.414658 ], [ 86.177195, 25.414586 ], [ 86.177829, 25.414517 ] ] ] } },
{ "type": "Feature", "properties": { "ID": "150129462", "TRK_NME": "Barauni to Khagaria", "FTR_CRY": "BG", "CITY_NME": null, "STT_NME": "Bihar", "SHAPE_Leng": "0.001484874405506" }, "geometry": { "type": "MultiLineString", "coordinates": [ [ [ 86.090291, 25.435975 ], [ 86.091735, 25.435629 ] ] ] } },
{ "type": "Feature", "properties": { "ID": "150129463", "TRK_NME": "Barauni to Khagaria", "FTR_CRY": "BG", "CITY_NME": null, "STT_NME": "Bihar", "SHAPE_Leng": "0.010608541100211" }, "geometry": { "type": "MultiLineString", "coordinates": [ [ [ 86.102029, 25.433084 ], [ 86.107275, 25.431777 ], [ 86.110626, 25.430931 ], [ 86.112322, 25.430516 ] ] ] } },
{ "type": "Feature", "properties": { "ID": "150129465", "TRK_NME": "Barauni to Khagaria", "FTR_CRY": "BG", "CITY_NME": "Barauni IOC Township", "STT_NME": "Bihar", "SHAPE_Leng": "0.010603971335959" }, "geometry": { "type": "MultiLineString", "coordinates": [ [ [ 86.091735, 25.435629 ], [ 86.095805, 25.434609 ], [ 86.102029, 25.433084 ] ] ] } },
{ "type": "Feature", "properties": { "ID": "150129466", "TRK_NME": "Barauni to Khagaria", "FTR_CRY": "BG", "CITY_NME": "Barauni IOC Township", "STT_NME": "Bihar", "SHAPE_Leng": "0.009541940073953" }, "geometry": { "type": "MultiLineString", "coordinates": [ [ [ 86.08103, 25.438273 ], [ 86.086015, 25.437045 ], [ 86.087849, 25.436599 ], [ 86.090291, 25.435975 ] ] ] } },
{ "type": "Feature", "properties": { "ID": "150129326", "TRK_NME": null, "FTR_CRY": "BG", "CITY_NME": "Jamalpur", "STT_NME": "Bihar", "SHAPE_Leng": "0.037193980883867" }, "geometry": { "type": "MultiLineString", "coordinates": [ [ [ 86.504027, 25.326592 ], [ 86.50321, 25.326384 ], [ 86.502616, 25.326194 ], [ 86.502003, 25.325959 ], [ 86.501195, 25.325597 ], [ 86.500288, 25.325079 ], [ 86.499155, 25.324473 ], [ 86.498267, 25.324069 ], [ 86.497229, 25.323487 ], [ 86.496767, 25.323158 ], [ 86.496524, 25.322962 ], [ 86.496308, 25.322762 ], [ 86.49612, 25.322573 ], [ 86.495847, 25.322249 ], [ 86.495654, 25.321967 ], [ 86.495516, 25.321724 ], [ 86.495379, 25.321477 ], [ 86.495251, 25.321195 ], [ 86.494933, 25.320354 ], [ 86.49464, 25.319562 ], [ 86.494471, 25.319021 ], [ 86.493885, 25.317163 ], [ 86.493279, 25.315274 ], [ 86.492557, 25.31322 ], [ 86.491903, 25.311315 ], [ 86.491149, 25.308836 ], [ 86.490522, 25.306906 ], [ 86.488828, 25.3016 ], [ 86.487981, 25.299127 ], [ 86.487812, 25.298648 ], [ 86.487249, 25.296878 ], [ 86.486933, 25.295919 ] ] ] } },
{ "type": "Feature", "properties": { "ID": "150129332", "TRK_NME": null, "FTR_CRY": "BG", "CITY_NME": "Khagaria", "STT_NME": "Bihar", "SHAPE_Leng": "0.034465947192593" }, "geometry": { "type": "MultiLineString", "coordinates": [ [ [ 86.455084, 25.505976 ], [ 86.45743, 25.506054 ], [ 86.459371, 25.5061 ], [ 86.462806, 25.506196 ], [ 86.463395, 25.506214 ], [ 86.469469, 25.506444 ], [ 86.473425, 25.506553 ], [ 86.47707, 25.506667 ], [ 86.479235, 25.506748 ], [ 86.480922, 25.506791 ], [ 86.483285, 25.506872 ], [ 86.486437, 25.506979 ], [ 86.488966, 25.507058 ], [ 86.489532, 25.507078 ] ] ] } },
{ "type": "Feature", "properties": { "ID": "150113192", "TRK_NME": "Barauni to Khagaria", "FTR_CRY": "BG", "CITY_NME": null, "STT_NME": "Bihar", "SHAPE_Leng": "0.009096648493463" }, "geometry": { "type": "MultiLineString", "coordinates": [ [ [ 86.039692, 25.448531 ], [ 86.044277, 25.44736 ], [ 86.048516, 25.446321 ] ] ] } },
{ "type": "Feature", "properties": { "ID": "150132247", "TRK_NME": "Barauni to Khagaria", "FTR_CRY": "BG", "CITY_NME": "Barauni IOC Township", "STT_NME": "Bihar", "SHAPE_Leng": "0.033495376620078" }, "geometry": { "type": "MultiLineString", "coordinates": [ [ [ 86.048516, 25.446321 ], [ 86.060321, 25.443415 ], [ 86.063759, 25.442559 ], [ 86.06712, 25.441712 ], [ 86.069845, 25.44105 ], [ 86.071639, 25.440595 ], [ 86.076207, 25.439463 ], [ 86.078532, 25.4389 ], [ 86.08103, 25.438273 ] ] ] } },
{ "type": "Feature", "properties": { "ID": "150132270", "TRK_NME": null, "FTR_CRY": "BG", "CITY_NME": null, "STT_NME": "Bihar", "SHAPE_Leng": "0.011857275885317" }, "geometry": { "type": "MultiLineString", "coordinates": [ [ [ 86.011353, 25.419503 ], [ 86.011917, 25.417585 ], [ 86.012057, 25.417061 ], [ 86.013013, 25.413624 ], [ 86.013302, 25.412734 ], [ 86.014161, 25.409833 ], [ 86.014663, 25.408118 ] ] ] } },
{ "type": "Feature", "properties": { "ID": "150113107", "TRK_NME": null, "FTR_CRY": "BG", "CITY_NME": null, "STT_NME": "Bihar", "SHAPE_Leng": "0.003023381219771" }, "geometry": { "type": "MultiLineString", "coordinates": [ [ [ 85.991086, 25.369824 ], [ 85.993311, 25.371871 ] ] ] } },
{ "type": "Feature", "properties": { "ID": "150113187", "TRK_NME": "Barauni Oil Refinery", "FTR_CRY": "BG", "CITY_NME": null, "STT_NME": "Bihar", "SHAPE_Leng": "0.00588140271513" }, "geometry": { "type": "MultiLineString", "coordinates": [ [ [ 86.015922, 25.414563 ], [ 86.015244, 25.414668 ], [ 86.015044, 25.414722 ], [ 86.014787, 25.414794 ], [ 86.01446, 25.414936 ], [ 86.014027, 25.415141 ], [ 86.013824, 25.415249 ], [ 86.013574, 25.415438 ], [ 86.01321, 25.41573 ], [ 86.012847, 25.416095 ], [ 86.012677, 25.416303 ], [ 86.012457, 25.41667 ], [ 86.01233, 25.416935 ], [ 86.012214, 25.417223 ], [ 86.012134, 25.417483 ], [ 86.012087, 25.417712 ], [ 86.012004, 25.41826 ] ] ] } },
{ "type": "Feature", "properties": { "ID": "150133233", "TRK_NME": "Barauni Oil Refinery", "FTR_CRY": "BG", "CITY_NME": "Bihta", "STT_NME": "Bihar", "SHAPE_Leng": "0.038972114408325" }, "geometry": { "type": "MultiLineString", "coordinates": [ [ [ 86.048769, 25.43408 ], [ 86.048602, 25.433664 ], [ 86.048369, 25.433273 ], [ 86.048076, 25.432875 ], [ 86.047796, 25.432544 ], [ 86.047496, 25.432303 ], [ 86.046523, 25.431665 ], [ 86.0452, 25.430788 ], [ 86.044589, 25.430383 ], [ 86.044016, 25.429931 ], [ 86.040669, 25.427586 ], [ 86.038222, 25.425945 ], [ 86.037442, 25.425433 ], [ 86.036505, 25.424885 ], [ 86.035338, 25.424141 ], [ 86.033275, 25.422742 ], [ 86.030088, 25.420581 ], [ 86.028085, 25.419223 ], [ 86.023699, 25.416239 ], [ 86.023269, 25.415989 ], [ 86.022555, 25.415667 ], [ 86.022325, 25.41557 ], [ 86.021735, 25.415356 ], [ 86.021438, 25.415272 ], [ 86.021195, 25.415218 ], [ 86.018425, 25.414812 ], [ 86.017248, 25.414623 ], [ 86.016948, 25.414583 ], [ 86.016638, 25.414553 ], [ 86.016358, 25.414541 ], [ 86.016088, 25.414541 ], [ 86.015922, 25.414563 ] ] ] } },
{ "type": "Feature", "properties": { "ID": "150113188", "TRK_NME": "Barauni Oil Refinery", "FTR_CRY": "BG", "CITY_NME": null, "STT_NME": "Bihar", "SHAPE_Leng": "0.001433259713941" }, "geometry": { "type": "MultiLineString", "coordinates": [ [ [ 86.012004, 25.41826 ], [ 86.01198, 25.41872 ], [ 86.011776, 25.419671 ] ] ] } },
{ "type": "Feature", "properties": { "ID": "150133560", "TRK_NME": "Barauni Oil Refinery", "FTR_CRY": "BG", "CITY_NME": "Barauni", "STT_NME": "Bihar", "SHAPE_Leng": "0.033771523885615" }, "geometry": { "type": "MultiLineString", "coordinates": [ [ [ 86.011776, 25.419671 ], [ 86.0114, 25.421432 ], [ 86.011113, 25.422809 ], [ 86.010796, 25.424348 ], [ 86.01027, 25.426572 ], [ 86.010008, 25.427461 ], [ 86.00957, 25.428806 ], [ 86.009186, 25.429887 ], [ 86.009109, 25.430154 ], [ 86.008006, 25.43388 ], [ 86.007323, 25.43619 ], [ 86.006539, 25.438813 ], [ 86.006267, 25.439729 ], [ 86.006032, 25.440299 ], [ 86.005838, 25.440694 ], [ 86.005578, 25.44124 ], [ 86.00506, 25.442996 ], [ 86.004873, 25.443482 ], [ 86.004613, 25.444156 ], [ 86.004223, 25.445167 ], [ 86.003306, 25.448373 ], [ 86.003129, 25.448876 ], [ 86.002989, 25.449171 ], [ 86.002806, 25.449514 ], [ 86.002636, 25.44983 ], [ 86.002509, 25.450045 ], [ 86.002226, 25.450456 ], [ 86.001826, 25.450924 ], [ 86.001625, 25.4511 ], [ 86.001239, 25.451507 ] ] ] } },
{ "type": "Feature", "properties": { "ID": "150113083", "TRK_NME": null, "FTR_CRY": "BG", "CITY_NME": null, "STT_NME": "Bihar", "SHAPE_Leng": "0.002847309416384" }, "geometry": { "type": "MultiLineString", "coordinates": [ [ [ 86.508053, 25.324937 ], [ 86.508827, 25.32351 ], [ 86.509239, 25.322742 ], [ 86.509319, 25.32257 ], [ 86.509377, 25.322418 ] ] ] } },
{ "type": "Feature", "properties": { "ID": "150132235", "TRK_NME": null, "FTR_CRY": "BG", "CITY_NME": "Jamalpur", "STT_NME": "Bihar", "SHAPE_Leng": "0.006732938731649" }, "geometry": { "type": "MultiLineString", "coordinates": [ [ [ 86.509377, 25.322418 ], [ 86.50943, 25.322254 ], [ 86.509465, 25.322119 ], [ 86.50949, 25.321959 ], [ 86.50962, 25.321135 ], [ 86.509665, 25.32064 ], [ 86.509665, 25.32049 ], [ 86.50964, 25.320264 ], [ 86.509579, 25.319809 ], [ 86.509491, 25.319424 ], [ 86.509419, 25.319242 ], [ 86.509309, 25.319064 ], [ 86.509075, 25.318747 ], [ 86.508853, 25.318446 ], [ 86.50872, 25.318223 ], [ 86.508646, 25.318018 ], [ 86.508553, 25.317583 ], [ 86.508373, 25.315992 ] ] ] } },
{ "type": "Feature", "properties": { "ID": "150113081", "TRK_NME": null, "FTR_CRY": "BG", "CITY_NME": null, "STT_NME": "Bihar", "SHAPE_Leng": "0.006372410005584" }, "geometry": { "type": "MultiLineString", "coordinates": [ [ [ 86.490222, 25.341575 ], [ 86.490212, 25.341049 ], [ 86.490217, 25.340666 ], [ 86.490237, 25.340078 ], [ 86.490246, 25.339754 ], [ 86.490289, 25.339275 ], [ 86.490339, 25.338922 ], [ 86.490416, 25.338525 ], [ 86.490546, 25.337994 ], [ 86.490839, 25.337026 ], [ 86.491119, 25.336239 ], [ 86.491422, 25.335375 ] ] ] } },
{ "type": "Feature", "properties": { "ID": "150132238", "TRK_NME": null, "FTR_CRY": "BG", "CITY_NME": null, "STT_NME": "Bihar", "SHAPE_Leng": "0.005143998823783" }, "geometry": { "type": "MultiLineString", "coordinates": [ [ [ 86.490279, 25.352977 ], [ 86.490426, 25.351654 ], [ 86.490662, 25.34952 ], [ 86.490759, 25.348483 ], [ 86.490779, 25.347859 ] ] ] } },
{ "type": "Feature", "properties": { "ID": "150132239", "TRK_NME": null, "FTR_CRY": "BG", "CITY_NME": "Munger", "STT_NME": "Bihar", "SHAPE_Leng": "0.042129940658754" }, "geometry": { "type": "MultiLineString", "coordinates": [ [ [ 86.469437, 25.386839 ], [ 86.469951, 25.386538 ], [ 86.470878, 25.386074 ], [ 86.471878, 25.38555 ], [ 86.472932, 25.384953 ], [ 86.473439, 25.384627 ], [ 86.47384, 25.384339 ], [ 86.47436, 25.383935 ], [ 86.475473, 25.382971 ], [ 86.476214, 25.382302 ], [ 86.477495, 25.381156 ], [ 86.478582, 25.380174 ], [ 86.479274, 25.379557 ], [ 86.480097, 25.378812 ], [ 86.482404, 25.376727 ], [ 86.482831, 25.376305 ], [ 86.483405, 25.375696 ], [ 86.483791, 25.375244 ], [ 86.484138, 25.374817 ], [ 86.484505, 25.374322 ], [ 86.484772, 25.373949 ], [ 86.485079, 25.373461 ], [ 86.4855, 25.372719 ], [ 86.4857, 25.372285 ], [ 86.486693, 25.370031 ], [ 86.487588, 25.368018 ], [ 86.488101, 25.366903 ], [ 86.488308, 25.366367 ], [ 86.488522, 25.365776 ], [ 86.488748, 25.365083 ], [ 86.488955, 25.364221 ], [ 86.489061, 25.363697 ], [ 86.489175, 25.363028 ], [ 86.489382, 25.361304 ], [ 86.489502, 25.360087 ], [ 86.489616, 25.359038 ], [ 86.489736, 25.357881 ], [ 86.489876, 25.356651 ], [ 86.490069, 25.354903 ], [ 86.490216, 25.353583 ], [ 86.490279, 25.352977 ] ] ] } },
{ "type": "Feature", "properties": { "ID": "150132240", "TRK_NME": null, "FTR_CRY": "BG", "CITY_NME": "Munger", "STT_NME": "Bihar", "SHAPE_Leng": "0.006311747172939" }, "geometry": { "type": "MultiLineString", "coordinates": [ [ [ 86.490779, 25.347859 ], [ 86.490776, 25.347386 ], [ 86.490736, 25.346539 ], [ 86.490603, 25.34515 ], [ 86.490333, 25.342681 ], [ 86.490262, 25.342069 ], [ 86.490222, 25.341575 ] ] ] } },
{ "type": "Feature", "properties": { "ID": "150132241", "TRK_NME": null, "FTR_CRY": "BG", "CITY_NME": "Jamalpur", "STT_NME": "Bihar", "SHAPE_Leng": "0.016397475605804" }, "geometry": { "type": "MultiLineString", "coordinates": [ [ [ 86.491422, 25.335375 ], [ 86.49202, 25.333704 ], [ 86.492274, 25.332996 ], [ 86.492914, 25.331229 ], [ 86.493604, 25.329334 ], [ 86.494131, 25.327868 ], [ 86.49422, 25.327576 ], [ 86.494511, 25.326485 ], [ 86.494732, 25.32542 ], [ 86.494845, 25.32466 ], [ 86.494898, 25.324118 ], [ 86.494938, 25.32366 ], [ 86.494965, 25.323027 ], [ 86.494979, 25.322711 ], [ 86.494969, 25.322404 ], [ 86.494962, 25.321879 ], [ 86.494925, 25.321483 ], [ 86.49464, 25.319562 ] ] ] } },
{ "type": "Feature", "properties": { "ID": "150133798", "TRK_NME": null, "FTR_CRY": "BG", "CITY_NME": null, "STT_NME": "Bihar", "SHAPE_Leng": "0.003753446532815" }, "geometry": { "type": "MultiLineString", "coordinates": [ [ [ 86.508053, 25.324937 ], [ 86.507806, 25.325395 ], [ 86.507586, 25.325751 ], [ 86.507469, 25.325913 ], [ 86.507333, 25.326046 ], [ 86.507066, 25.326303 ], [ 86.506899, 25.326438 ], [ 86.506677, 25.326575 ], [ 86.506464, 25.326676 ], [ 86.506355, 25.32672 ], [ 86.506173, 25.326773 ], [ 86.505992, 25.326811 ], [ 86.505818, 25.326841 ], [ 86.505686, 25.326857 ], [ 86.505512, 25.326866 ], [ 86.505146, 25.326842 ] ] ] } },
{ "type": "Feature", "properties": { "ID": "150134192", "TRK_NME": null, "FTR_CRY": "BG", "CITY_NME": "Munger", "STT_NME": "Bihar", "SHAPE_Leng": "0.005324045805054" }, "geometry": { "type": "MultiLineString", "coordinates": [ [ [ 86.464174, 25.386719 ], [ 86.466042, 25.38702 ], [ 86.466308, 25.38705 ], [ 86.467356, 25.387135 ], [ 86.467639, 25.387144 ], [ 86.467866, 25.387141 ], [ 86.468276, 25.387105 ], [ 86.469437, 25.386839 ] ] ] } },
{ "type": "Feature", "properties": { "ID": "150134191", "TRK_NME": null, "FTR_CRY": "BG", "CITY_NME": null, "STT_NME": "Bihar", "SHAPE_Leng": "0.014764564380445" }, "geometry": { "type": "MultiLineString", "coordinates": [ [ [ 86.43074, 25.439687 ], [ 86.430112, 25.440006 ], [ 86.429638, 25.440253 ], [ 86.429103, 25.440495 ], [ 86.428429, 25.440742 ], [ 86.427752, 25.440959 ], [ 86.427066, 25.441105 ], [ 86.426451, 25.441177 ], [ 86.425789, 25.441237 ], [ 86.425348, 25.441237 ], [ 86.424479, 25.441201 ], [ 86.423731, 25.441068 ], [ 86.42303, 25.440905 ], [ 86.422502, 25.440748 ], [ 86.421633, 25.440435 ], [ 86.420978, 25.440115 ], [ 86.420317, 25.439717 ], [ 86.419622, 25.43924 ], [ 86.419075, 25.438751 ], [ 86.41856, 25.438196 ], [ 86.417651, 25.437098 ] ] ] } },
{ "type": "Feature", "properties": { "ID": "150164421", "TRK_NME": null, "FTR_CRY": "BG", "CITY_NME": "Malhipur", "STT_NME": "Bihar", "SHAPE_Leng": "0.003435833734103" }, "geometry": { "type": "MultiLineString", "coordinates": [ [ [ 86.015528, 25.405027 ], [ 86.015608, 25.404686 ], [ 86.015732, 25.404163 ], [ 86.015848, 25.403673 ], [ 86.015918, 25.403345 ], [ 86.016008, 25.402793 ], [ 86.016055, 25.402474 ], [ 86.016088, 25.402131 ], [ 86.01613, 25.40165 ] ] ] } },
{ "type": "Feature", "properties": { "ID": "150132272", "TRK_NME": null, "FTR_CRY": "BG", "CITY_NME": null, "STT_NME": "Bihar", "SHAPE_Leng": "0.02053916353501" }, "geometry": { "type": "MultiLineString", "coordinates": [ [ [ 86.01613, 25.40165 ], [ 86.016162, 25.401144 ], [ 86.016182, 25.400517 ], [ 86.016185, 25.400141 ], [ 86.016158, 25.399632 ], [ 86.016132, 25.399238 ], [ 86.015859, 25.395685 ], [ 86.015745, 25.393948 ], [ 86.015692, 25.393466 ], [ 86.015625, 25.393012 ], [ 86.015559, 25.392738 ], [ 86.015472, 25.392437 ], [ 86.015332, 25.392154 ], [ 86.015149, 25.391787 ], [ 86.014975, 25.39148 ], [ 86.014651, 25.391008 ], [ 86.014329, 25.390619 ], [ 86.013972, 25.390256 ], [ 86.01312, 25.38946 ], [ 86.01101, 25.387636 ], [ 86.008838, 25.385679 ], [ 86.007555, 25.384508 ] ] ] } },
{ "type": "Feature", "properties": { "ID": "150164422", "TRK_NME": null, "FTR_CRY": "BG", "CITY_NME": null, "STT_NME": "Bihar", "SHAPE_Leng": "0.006748582218226" }, "geometry": { "type": "MultiLineString", "coordinates": [ [ [ 86.013013, 25.413624 ], [ 86.013152, 25.412973 ], [ 86.013288, 25.412262 ], [ 86.013328, 25.412037 ], [ 86.013408, 25.411732 ], [ 86.013528, 25.411356 ], [ 86.013858, 25.410218 ], [ 86.014088, 25.40945 ], [ 86.014305, 25.408803 ], [ 86.014518, 25.408195 ], [ 86.014618, 25.407858 ], [ 86.014702, 25.407626 ], [ 86.01489, 25.407153 ] ] ] } },
{ "type": "Feature", "properties": { "ID": "150164423", "TRK_NME": null, "FTR_CRY": "BG", "CITY_NME": "Malhipur", "STT_NME": "Bihar", "SHAPE_Leng": "2.22281353267E-4" }, "geometry": { "type": "MultiLineString", "coordinates": [ [ [ 86.01489, 25.407153 ], [ 86.014987, 25.406953 ] ] ] } },
{ "type": "Feature", "properties": { "ID": "150164424", "TRK_NME": null, "FTR_CRY": "BG", "CITY_NME": "Malhipur", "STT_NME": "Bihar", "SHAPE_Leng": "0.001209215034664" }, "geometry": { "type": "MultiLineString", "coordinates": [ [ [ 86.014663, 25.408118 ], [ 86.014987, 25.406953 ] ] ] } },
{ "type": "Feature", "properties": { "ID": "150132277", "TRK_NME": null, "FTR_CRY": "BG", "CITY_NME": "Malhipur", "STT_NME": "Bihar", "SHAPE_Leng": "0.00200054939877" }, "geometry": { "type": "MultiLineString", "coordinates": [ [ [ 86.014987, 25.406953 ], [ 86.015248, 25.406012 ], [ 86.015528, 25.405027 ] ] ] } },
{ "type": "Feature", "properties": { "ID": "150164425", "TRK_NME": null, "FTR_CRY": "BG", "CITY_NME": "Malhipur", "STT_NME": "Bihar", "SHAPE_Leng": "0.003464686317028" }, "geometry": { "type": "MultiLineString", "coordinates": [ [ [ 86.015528, 25.405027 ], [ 86.015865, 25.403969 ], [ 86.016062, 25.403204 ], [ 86.016145, 25.402864 ], [ 86.016182, 25.402575 ], [ 86.016231, 25.401921 ], [ 86.016246, 25.40184 ], [ 86.01626, 25.401775 ], [ 86.016306, 25.401666 ] ] ] } },
{ "type": "Feature", "properties": { "ID": "150164426", "TRK_NME": null, "FTR_CRY": "BG", "CITY_NME": null, "STT_NME": "Bihar", "SHAPE_Leng": "7.629979203E-4" }, "geometry": { "type": "MultiLineString", "coordinates": [ [ [ 86.016306, 25.401666 ], [ 86.016471, 25.401343 ], [ 86.016595, 25.401118 ], [ 86.016651, 25.400986 ] ] ] } },
{ "type": "Feature", "properties": { "ID": "150164427", "TRK_NME": null, "FTR_CRY": "BG", "CITY_NME": "Barauni Thremal Power Station Township", "STT_NME": "Bihar", "SHAPE_Leng": "0.008360676344851" }, "geometry": { "type": "MultiLineString", "coordinates": [ [ [ 86.016651, 25.400986 ], [ 86.017645, 25.398493 ], [ 86.018271, 25.397318 ], [ 86.018698, 25.396788 ], [ 86.019285, 25.396378 ], [ 86.019818, 25.396126 ], [ 86.020351, 25.395957 ], [ 86.022138, 25.39574 ] ] ] } },
{ "type": "Feature", "properties": { "ID": "150164428", "TRK_NME": null, "FTR_CRY": "BG", "CITY_NME": "Barauni Thremal Power Station Township", "STT_NME": "Bihar", "SHAPE_Leng": "0.011758811747082" }, "geometry": { "type": "MultiLineString", "coordinates": [ [ [ 86.016651, 25.400986 ], [ 86.017545, 25.400263 ], [ 86.017711, 25.400158 ], [ 86.017981, 25.40004 ], [ 86.018818, 25.399793 ], [ 86.019944, 25.399517 ], [ 86.020214, 25.39948 ], [ 86.020785, 25.399423 ], [ 86.021635, 25.399224 ], [ 86.022421, 25.39904 ], [ 86.024051, 25.398577 ], [ 86.026304, 25.39792 ], [ 86.027777, 25.397553 ] ] ] } },
{ "type": "Feature", "properties": { "ID": "150164429", "TRK_NME": null, "FTR_CRY": "BG", "CITY_NME": null, "STT_NME": "Bihar", "SHAPE_Leng": "0.00583985813734" }, "geometry": { "type": "MultiLineString", "coordinates": [ [ [ 86.014663, 25.408118 ], [ 86.014555, 25.408707 ], [ 86.014518, 25.408936 ], [ 86.014505, 25.409155 ], [ 86.014528, 25.409357 ], [ 86.014568, 25.409625 ], [ 86.014781, 25.410679 ], [ 86.015088, 25.412253 ], [ 86.015132, 25.412431 ], [ 86.015195, 25.412566 ], [ 86.015392, 25.412904 ], [ 86.015652, 25.413277 ], [ 86.015938, 25.413635 ] ] ] } },
{ "type": "Feature", "properties": { "ID": "150164430", "TRK_NME": null, "FTR_CRY": "BG", "CITY_NME": "Bihta", "STT_NME": "Bihar", "SHAPE_Leng": "0.002788909343446" }, "geometry": { "type": "MultiLineString", "coordinates": [ [ [ 86.015938, 25.413635 ], [ 86.016071, 25.413768 ], [ 86.016321, 25.413967 ], [ 86.016671, 25.414201 ], [ 86.016938, 25.414322 ], [ 86.017384, 25.414502 ], [ 86.018425, 25.414812 ] ] ] } },
{ "type": "Feature", "properties": { "ID": "150164431", "TRK_NME": null, "FTR_CRY": "BG", "CITY_NME": "Bihta", "STT_NME": "Bihar", "SHAPE_Leng": "0.003777834707059" }, "geometry": { "type": "MultiLineString", "coordinates": [ [ [ 86.0452, 25.430788 ], [ 86.046156, 25.431147 ], [ 86.046586, 25.431283 ], [ 86.047013, 25.431367 ], [ 86.047346, 25.43143 ], [ 86.047592, 25.431451 ], [ 86.048089, 25.43147 ], [ 86.048876, 25.431448 ] ] ] } },
{ "type": "Feature", "properties": { "ID": "150164432", "TRK_NME": null, "FTR_CRY": "BG", "CITY_NME": null, "STT_NME": "Bihar", "SHAPE_Leng": "0.01421627995118" }, "geometry": { "type": "MultiLineString", "coordinates": [ [ [ 86.048769, 25.43408 ], [ 86.048879, 25.434441 ], [ 86.048953, 25.434706 ], [ 86.049033, 25.435236 ], [ 86.049129, 25.435664 ], [ 86.049233, 25.435956 ], [ 86.049373, 25.436335 ], [ 86.049443, 25.43647 ], [ 86.049609, 25.436672 ], [ 86.049939, 25.437009 ], [ 86.050333, 25.437325 ], [ 86.050439, 25.437401 ], [ 86.050759, 25.437548 ], [ 86.051146, 25.437717 ], [ 86.051539, 25.437849 ], [ 86.051772, 25.437918 ], [ 86.051956, 25.437948 ], [ 86.052186, 25.437963 ], [ 86.052989, 25.437948 ], [ 86.054186, 25.437867 ], [ 86.055643, 25.43777 ], [ 86.057273, 25.437605 ], [ 86.05902, 25.437496 ], [ 86.06067, 25.437386 ] ] ] } },
{ "type": "Feature", "properties": { "ID": "150164433", "TRK_NME": null, "FTR_CRY": "BG", "CITY_NME": null, "STT_NME": "Bihar", "SHAPE_Leng": "0.001200397763827" }, "geometry": { "type": "MultiLineString", "coordinates": [ [ [ 86.012057, 25.417061 ], [ 86.012024, 25.417576 ], [ 86.01202, 25.417715 ], [ 86.012012, 25.417874 ], [ 86.012004, 25.41826 ] ] ] } },
{ "type": "Feature", "properties": { "ID": "150164434", "TRK_NME": null, "FTR_CRY": "BG", "CITY_NME": null, "STT_NME": "Bihar", "SHAPE_Leng": "0.002027408055694" }, "geometry": { "type": "MultiLineString", "coordinates": [ [ [ 86.011917, 25.417585 ], [ 86.011823, 25.418196 ], [ 86.011767, 25.418506 ], [ 86.011663, 25.418907 ], [ 86.011477, 25.419561 ] ] ] } },
{ "type": "Feature", "properties": { "ID": "150164435", "TRK_NME": null, "FTR_CRY": "BG", "CITY_NME": "Barauni", "STT_NME": "Bihar", "SHAPE_Leng": "0.020245300664444" }, "geometry": { "type": "MultiLineString", "coordinates": [ [ [ 86.011477, 25.419561 ], [ 86.011187, 25.420563 ], [ 86.010496, 25.422966 ], [ 86.010336, 25.423535 ], [ 86.010019, 25.424673 ], [ 86.009536, 25.426341 ], [ 86.008933, 25.428439 ], [ 86.008207, 25.43092 ], [ 86.007964, 25.431888 ], [ 86.00794, 25.431983 ], [ 86.00785, 25.432341 ], [ 86.00727, 25.434464 ], [ 86.006463, 25.437317 ], [ 86.0058, 25.438984 ] ] ] } },
{ "type": "Feature", "properties": { "ID": "150164436", "TRK_NME": null, "FTR_CRY": "BG", "CITY_NME": null, "STT_NME": "Bihar", "SHAPE_Leng": "0.001004662566995" }, "geometry": { "type": "MultiLineString", "coordinates": [ [ [ 86.01198, 25.41872 ], [ 86.01197, 25.419189 ], [ 86.01193, 25.419547 ], [ 86.011896, 25.419719 ] ] ] } },
{ "type": "Feature", "properties": { "ID": "150164437", "TRK_NME": null, "FTR_CRY": "BG", "CITY_NME": "Barauni", "STT_NME": "Bihar", "SHAPE_Leng": "0.003193609735048" }, "geometry": { "type": "MultiLineString", "coordinates": [ [ [ 86.011896, 25.419719 ], [ 86.01166, 25.420948 ], [ 86.01144, 25.421867 ], [ 86.0113, 25.422285 ], [ 86.011113, 25.422809 ] ] ] } },
{ "type": "Feature", "properties": { "ID": "150164438", "TRK_NME": null, "FTR_CRY": "BG", "CITY_NME": "Barauni", "STT_NME": "Bihar", "SHAPE_Leng": "0.002083818959137" }, "geometry": { "type": "MultiLineString", "coordinates": [ [ [ 86.007964, 25.431888 ], [ 86.008179, 25.43152 ], [ 86.008309, 25.431339 ], [ 86.008471, 25.431137 ], [ 86.008696, 25.43086 ], [ 86.008888, 25.430572 ], [ 86.008994, 25.430374 ], [ 86.009109, 25.430154 ] ] ] } },
{ "type": "Feature", "properties": { "ID": "150164439", "TRK_NME": null, "FTR_CRY": "BG", "CITY_NME": "Barauni", "STT_NME": "Bihar", "SHAPE_Leng": "0.011190589299706" }, "geometry": { "type": "MultiLineString", "coordinates": [ [ [ 86.008888, 25.430572 ], [ 86.008489, 25.431415 ], [ 86.008169, 25.43211 ], [ 86.008072, 25.432366 ], [ 86.007959, 25.432697 ], [ 86.007746, 25.433413 ], [ 86.006452, 25.43793 ], [ 86.005825, 25.440357 ], [ 86.005578, 25.44124 ] ] ] } },
{ "type": "Feature", "properties": { "ID": "150164440", "TRK_NME": null, "FTR_CRY": "BG", "CITY_NME": "Barauni", "STT_NME": "Bihar", "SHAPE_Leng": "0.001777489663505" }, "geometry": { "type": "MultiLineString", "coordinates": [ [ [ 86.008006, 25.43388 ], [ 86.008092, 25.43295 ], [ 86.008169, 25.43211 ] ] ] } },
{ "type": "Feature", "properties": { "ID": "150164441", "TRK_NME": null, "FTR_CRY": "BG", "CITY_NME": "Barauni", "STT_NME": "Bihar", "SHAPE_Leng": "0.008065490740531" }, "geometry": { "type": "MultiLineString", "coordinates": [ [ [ 86.008092, 25.43295 ], [ 86.007342, 25.435594 ], [ 86.006032, 25.440014 ], [ 86.005838, 25.440694 ] ] ] } },
{ "type": "Feature", "properties": { "ID": "150164442", "TRK_NME": null, "FTR_CRY": "BG", "CITY_NME": "Barauni", "STT_NME": "Bihar", "SHAPE_Leng": "0.010443593412976" }, "geometry": { "type": "MultiLineString", "coordinates": [ [ [ 86.005121, 25.441354 ], [ 86.005045, 25.441833 ], [ 86.005002, 25.442028 ], [ 86.004818, 25.442688 ], [ 86.004425, 25.444045 ], [ 86.004329, 25.444443 ], [ 86.003915, 25.445804 ], [ 86.003501, 25.447264 ], [ 86.003311, 25.447939 ], [ 86.003045, 25.448748 ], [ 86.002905, 25.449082 ], [ 86.002668, 25.449562 ], [ 86.002458, 25.449929 ], [ 86.002268, 25.450235 ], [ 86.002045, 25.450555 ], [ 86.001625, 25.4511 ] ] ] } },
{ "type": "Feature", "properties": { "ID": "150164443", "TRK_NME": null, "FTR_CRY": "BG", "CITY_NME": "Barauni", "STT_NME": "Bihar", "SHAPE_Leng": "0.004977635013039" }, "geometry": { "type": "MultiLineString", "coordinates": [ [ [ 86.004873, 25.443482 ], [ 86.005602, 25.441971 ], [ 86.005759, 25.441548 ], [ 86.005902, 25.441164 ], [ 86.006359, 25.439698 ], [ 86.006503, 25.439042 ], [ 86.006539, 25.438813 ] ] ] } },
{ "type": "Feature", "properties": { "ID": "150164444", "TRK_NME": null, "FTR_CRY": "BG", "CITY_NME": "Barauni", "STT_NME": "Bihar", "SHAPE_Leng": "0.006422648744481" }, "geometry": { "type": "MultiLineString", "coordinates": [ [ [ 86.005759, 25.441548 ], [ 86.006226, 25.440722 ], [ 86.006369, 25.440487 ], [ 86.006549, 25.440123 ], [ 86.006682, 25.439755 ], [ 86.006929, 25.43899 ], [ 86.007122, 25.438334 ], [ 86.007903, 25.435527 ] ] ] } },
{ "type": "Feature", "properties": { "ID": "150164445", "TRK_NME": null, "FTR_CRY": "BG", "CITY_NME": "Barauni", "STT_NME": "Bihar", "SHAPE_Leng": "0.008163310656171" }, "geometry": { "type": "MultiLineString", "coordinates": [ [ [ 86.000508, 25.452384 ], [ 86.001445, 25.451469 ], [ 86.001851, 25.451055 ], [ 86.002308, 25.450589 ], [ 86.002848, 25.450005 ], [ 86.003162, 25.449561 ], [ 86.003422, 25.449041 ], [ 86.003668, 25.448475 ], [ 86.004835, 25.445621 ] ] ] } },
{ "type": "Feature", "properties": { "ID": "150164446", "TRK_NME": null, "FTR_CRY": "BG", "CITY_NME": "Barauni", "STT_NME": "Bihar", "SHAPE_Leng": "0.003416608587994" }, "geometry": { "type": "MultiLineString", "coordinates": [ [ [ 86.001851, 25.451055 ], [ 86.002822, 25.450222 ], [ 86.003005, 25.450026 ], [ 86.003355, 25.449605 ], [ 86.003682, 25.449186 ], [ 86.003848, 25.448945 ], [ 86.003948, 25.448753 ], [ 86.004082, 25.448506 ] ] ] } },
{ "type": "Feature", "properties": { "ID": "150164447", "TRK_NME": null, "FTR_CRY": "BG", "CITY_NME": "Barauni", "STT_NME": "Bihar", "SHAPE_Leng": "0.004244251541306" }, "geometry": { "type": "MultiLineString", "coordinates": [ [ [ 85.995039, 25.457939 ], [ 85.995839, 25.457574 ], [ 85.996083, 25.457478 ], [ 85.996379, 25.457382 ], [ 85.996683, 25.457312 ], [ 85.997004, 25.457252 ], [ 85.99741, 25.457216 ], [ 85.998103, 25.457147 ], [ 85.998347, 25.457153 ], [ 85.9987, 25.457195 ], [ 85.999137, 25.4573 ] ] ] } },
{ "type": "Feature", "properties": { "ID": "150164448", "TRK_NME": null, "FTR_CRY": "BG", "CITY_NME": "Barauni", "STT_NME": "Bihar", "SHAPE_Leng": "0.005469296603371" }, "geometry": { "type": "MultiLineString", "coordinates": [ [ [ 85.999246, 25.453696 ], [ 85.998826, 25.454377 ], [ 85.998653, 25.454696 ], [ 85.998523, 25.454988 ], [ 85.998462, 25.455195 ], [ 85.998433, 25.455353 ], [ 85.998436, 25.455728 ], [ 85.998459, 25.455876 ], [ 85.998576, 25.456219 ], [ 85.998766, 25.456553 ], [ 85.998993, 25.456834 ], [ 85.999221, 25.457032 ], [ 85.999487, 25.457201 ], [ 85.999754, 25.45733 ], [ 85.999971, 25.457394 ], [ 86.000794, 25.45755 ] ] ] } },
{ "type": "Feature", "properties": { "ID": "150164451", "TRK_NME": null, "FTR_CRY": "BG", "CITY_NME": "Barauni", "STT_NME": "Bihar", "SHAPE_Leng": "0.001563813261205" }, "geometry": { "type": "MultiLineString", "coordinates": [ [ [ 85.992898, 25.459685 ], [ 85.993431, 25.459182 ], [ 85.993751, 25.458872 ], [ 85.994061, 25.458643 ] ] ] } },
{ "type": "Feature", "properties": { "ID": "150164453", "TRK_NME": null, "FTR_CRY": "BG", "CITY_NME": "Barauni", "STT_NME": "Bihar", "SHAPE_Leng": "8.2275269672E-4" }, "geometry": { "type": "MultiLineString", "coordinates": [ [ [ 85.993421, 25.459011 ], [ 85.994032, 25.45846 ] ] ] } },
{ "type": "Feature", "properties": { "ID": "150164455", "TRK_NME": null, "FTR_CRY": "BG", "CITY_NME": "Barauni", "STT_NME": "Bihar", "SHAPE_Leng": "0.005047674199923" }, "geometry": { "type": "MultiLineString", "coordinates": [ [ [ 85.993736, 25.458623 ], [ 85.994145, 25.458271 ], [ 85.994335, 25.458045 ], [ 85.994398, 25.457952 ], [ 85.994569, 25.457696 ], [ 85.994849, 25.457284 ], [ 85.995271, 25.456685 ], [ 85.995405, 25.456495 ], [ 85.995725, 25.456088 ], [ 85.996205, 25.455573 ], [ 85.996945, 25.454749 ] ] ] } },
{ "type": "Feature", "properties": { "ID": "150164456", "TRK_NME": null, "FTR_CRY": "BG", "CITY_NME": "Barauni", "STT_NME": "Bihar", "SHAPE_Leng": "0.002678658551763" }, "geometry": { "type": "MultiLineString", "coordinates": [ [ [ 85.995405, 25.456495 ], [ 85.996195, 25.455655 ], [ 85.997252, 25.454555 ] ] ] } },
{ "type": "Feature", "properties": { "ID": "150164457", "TRK_NME": null, "FTR_CRY": "BG", "CITY_NME": "Barauni", "STT_NME": "Bihar", "SHAPE_Leng": "0.00289750203832" }, "geometry": { "type": "MultiLineString", "coordinates": [ [ [ 85.995271, 25.456685 ], [ 85.996283, 25.455636 ], [ 85.997282, 25.454599 ] ] ] } },
{ "type": "Feature", "properties": { "ID": "150164458", "TRK_NME": null, "FTR_CRY": "BG", "CITY_NME": "Barauni", "STT_NME": "Bihar", "SHAPE_Leng": "0.004957239454936" }, "geometry": { "type": "MultiLineString", "coordinates": [ [ [ 85.994398, 25.457952 ], [ 85.995035, 25.45769 ], [ 85.995395, 25.457515 ], [ 85.995636, 25.457377 ], [ 85.995902, 25.457169 ], [ 85.996099, 25.456988 ], [ 85.996319, 25.456781 ], [ 85.996646, 25.456389 ], [ 85.99749, 25.455423 ], [ 85.998087, 25.454763 ] ] ] } },
{ "type": "Feature", "properties": { "ID": "150164459", "TRK_NME": null, "FTR_CRY": "BG", "CITY_NME": "Barauni", "STT_NME": "Bihar", "SHAPE_Leng": "0.001349795976483" }, "geometry": { "type": "MultiLineString", "coordinates": [ [ [ 85.996646, 25.456389 ], [ 85.996838, 25.455993 ], [ 85.996963, 25.455736 ], [ 85.997076, 25.455549 ], [ 85.99733, 25.455233 ] ] ] } },
{ "type": "Feature", "properties": { "ID": "150164460", "TRK_NME": null, "FTR_CRY": "BG", "CITY_NME": "Barauni", "STT_NME": "Bihar", "SHAPE_Leng": "9.39801042755E-4" }, "geometry": { "type": "MultiLineString", "coordinates": [ [ [ 85.996838, 25.455993 ], [ 85.997403, 25.455242 ] ] ] } },
{ "type": "Feature", "properties": { "ID": "150164461", "TRK_NME": null, "FTR_CRY": "BG", "CITY_NME": "Barauni", "STT_NME": "Bihar", "SHAPE_Leng": "4.65172011204E-4" }, "geometry": { "type": "MultiLineString", "coordinates": [ [ [ 85.997029, 25.456125 ], [ 85.996646, 25.456389 ] ] ] } },
{ "type": "Feature", "properties": { "ID": "150164462", "TRK_NME": null, "FTR_CRY": "BG", "CITY_NME": "Barauni", "STT_NME": "Bihar", "SHAPE_Leng": "0.003792114351729" }, "geometry": { "type": "MultiLineString", "coordinates": [ [ [ 85.994398, 25.457952 ], [ 85.993951, 25.458139 ], [ 85.993837, 25.458205 ], [ 85.993451, 25.45847 ], [ 85.993178, 25.458648 ], [ 85.992871, 25.45882 ], [ 85.992348, 25.459115 ], [ 85.991549, 25.459522 ], [ 85.991094, 25.459799 ] ] ] } },
{ "type": "Feature", "properties": { "ID": "150164464", "TRK_NME": "Barauni to Khagaria", "FTR_CRY": "BG", "CITY_NME": "Begusarai", "STT_NME": "Bihar", "SHAPE_Leng": "0.006463585324333" }, "geometry": { "type": "MultiLineString", "coordinates": [ [ [ 86.158674, 25.41906 ], [ 86.161248, 25.418424 ], [ 86.164947, 25.417502 ] ] ] } },
{ "type": "Feature", "properties": { "ID": "150164465", "TRK_NME": "Barauni to Khagaria", "FTR_CRY": "BG", "CITY_NME": "Begusarai", "STT_NME": "Bihar", "SHAPE_Leng": "0.046301777604557" }, "geometry": { "type": "MultiLineString", "coordinates": [ [ [ 86.112322, 25.430516 ], [ 86.115094, 25.42982 ], [ 86.11968, 25.428688 ], [ 86.123948, 25.427619 ], [ 86.128704, 25.426474 ], [ 86.130074, 25.426134 ], [ 86.131922, 25.425679 ], [ 86.137751, 25.424233 ], [ 86.139916, 25.423712 ], [ 86.141753, 25.423255 ], [ 86.144184, 25.422661 ], [ 86.147215, 25.421915 ], [ 86.151411, 25.420878 ], [ 86.153548, 25.420354 ], [ 86.155915, 25.419752 ], [ 86.157276, 25.419427 ] ] ] } },
{ "type": "Feature", "properties": { "ID": "150129464", "TRK_NME": "Barauni to Khagaria", "FTR_CRY": "BG", "CITY_NME": null, "STT_NME": "Bihar", "SHAPE_Leng": "0.00144536950292" }, "geometry": { "type": "MultiLineString", "coordinates": [ [ [ 86.157276, 25.419427 ], [ 86.158674, 25.41906 ] ] ] } },
{ "type": "Feature", "properties": { "ID": "150164466", "TRK_NME": null, "FTR_CRY": "BG", "CITY_NME": null, "STT_NME": "Bihar", "SHAPE_Leng": "0.010539964345887" }, "geometry": { "type": "MultiLineString", "coordinates": [ [ [ 86.254202, 25.421059 ], [ 86.255273, 25.421276 ], [ 86.255739, 25.421337 ], [ 86.256413, 25.421415 ], [ 86.257233, 25.421493 ], [ 86.261049, 25.421831 ], [ 86.262683, 25.421987 ], [ 86.26321, 25.422023 ], [ 86.263603, 25.422041 ], [ 86.264684, 25.422047 ] ] ] } },
{ "type": "Feature", "properties": { "ID": "150164467", "TRK_NME": null, "FTR_CRY": "BG", "CITY_NME": "Balia", "STT_NME": "Bihar", "SHAPE_Leng": "0.010846286719726" }, "geometry": { "type": "MultiLineString", "coordinates": [ [ [ 86.313473, 25.42642 ], [ 86.312085, 25.426426 ], [ 86.311578, 25.426396 ], [ 86.308757, 25.426143 ], [ 86.306436, 25.425944 ], [ 86.304155, 25.425722 ], [ 86.303608, 25.425631 ], [ 86.302687, 25.425432 ] ] ] } },
{ "type": "Feature", "properties": { "ID": "150164468", "TRK_NME": null, "FTR_CRY": "BG", "CITY_NME": null, "STT_NME": "Bihar", "SHAPE_Leng": "0.009836736897803" }, "geometry": { "type": "MultiLineString", "coordinates": [ [ [ 86.415699, 25.433756 ], [ 86.414458, 25.432137 ], [ 86.414204, 25.431841 ], [ 86.413904, 25.43154 ], [ 86.413353, 25.43105 ], [ 86.412764, 25.430618 ], [ 86.412357, 25.430354 ], [ 86.412023, 25.430119 ], [ 86.411624, 25.429884 ], [ 86.411203, 25.429667 ], [ 86.410396, 25.429288 ], [ 86.409616, 25.428999 ], [ 86.408919, 25.428758 ], [ 86.407742, 25.428426 ] ] ] } },
{ "type": "Feature", "properties": { "ID": "150164469", "TRK_NME": null, "FTR_CRY": "BG", "CITY_NME": null, "STT_NME": "Bihar", "SHAPE_Leng": "0.007643277281979" }, "geometry": { "type": "MultiLineString", "coordinates": [ [ [ 86.438303, 25.423023 ], [ 86.438539, 25.42384 ], [ 86.438593, 25.424136 ], [ 86.438853, 25.426503 ], [ 86.439173, 25.429395 ], [ 86.439173, 25.429871 ], [ 86.439106, 25.430593 ] ] ] } },
{ "type": "Feature", "properties": { "ID": "150164470", "TRK_NME": null, "FTR_CRY": "BG", "CITY_NME": "Munger", "STT_NME": "Bihar", "SHAPE_Leng": "0.004659115986157" }, "geometry": { "type": "MultiLineString", "coordinates": [ [ [ 86.469437, 25.386839 ], [ 86.468803, 25.387255 ], [ 86.468543, 25.387502 ], [ 86.468216, 25.387791 ], [ 86.467629, 25.388382 ], [ 86.466042, 25.390009 ] ] ] } },
{ "type": "Feature", "properties": { "ID": "150134190", "TRK_NME": null, "FTR_CRY": "BG", "CITY_NME": null, "STT_NME": "Bihar", "SHAPE_Leng": "0.080005468260997" }, "geometry": { "type": "MultiLineString", "coordinates": [ [ [ 86.466042, 25.390009 ], [ 86.46545, 25.390566 ], [ 86.460885, 25.395245 ], [ 86.458037, 25.39812 ], [ 86.453948, 25.402313 ], [ 86.451706, 25.404579 ], [ 86.445615, 25.410744 ], [ 86.441847, 25.414635 ], [ 86.44086, 25.415647 ], [ 86.439813, 25.41669 ], [ 86.439272, 25.417352 ], [ 86.439099, 25.417575 ], [ 86.438886, 25.417955 ], [ 86.438586, 25.418497 ], [ 86.438406, 25.418979 ], [ 86.438319, 25.419292 ], [ 86.438226, 25.419612 ], [ 86.438126, 25.420154 ], [ 86.438086, 25.420804 ], [ 86.438099, 25.421196 ], [ 86.438119, 25.421612 ], [ 86.438303, 25.423023 ], [ 86.438392, 25.424009 ], [ 86.438686, 25.42681 ], [ 86.439053, 25.429853 ], [ 86.439106, 25.430593 ], [ 86.439093, 25.431087 ], [ 86.439046, 25.431461 ], [ 86.438953, 25.431925 ], [ 86.438833, 25.432341 ], [ 86.438706, 25.432678 ], [ 86.438479, 25.433106 ], [ 86.438206, 25.433576 ], [ 86.437832, 25.434148 ], [ 86.437572, 25.434491 ], [ 86.437285, 25.43478 ], [ 86.436911, 25.435112 ], [ 86.436365, 25.435546 ], [ 86.43381, 25.437442 ], [ 86.432035, 25.438817 ], [ 86.43074, 25.439687 ], [ 86.430219, 25.440121 ], [ 86.429558, 25.440688 ], [ 86.429017, 25.441297 ], [ 86.428616, 25.44175 ], [ 86.427954, 25.442643 ], [ 86.427647, 25.44312 ], [ 86.427346, 25.443729 ], [ 86.426805, 25.444869 ], [ 86.426537, 25.445672 ], [ 86.426303, 25.446583 ], [ 86.42619, 25.447337 ], [ 86.426123, 25.448255 ], [ 86.426136, 25.448779 ], [ 86.426176, 25.449473 ], [ 86.42627, 25.450294 ], [ 86.42637, 25.450783 ], [ 86.426584, 25.451555 ], [ 86.427252, 25.453336 ] ] ] } },
{ "type": "Feature", "properties": { "ID": "150164471", "TRK_NME": null, "FTR_CRY": "BG", "CITY_NME": "Jamalpur", "STT_NME": "Bihar", "SHAPE_Leng": "0.005707058764585" }, "geometry": { "type": "MultiLineString", "coordinates": [ [ [ 86.499155, 25.324473 ], [ 86.498147, 25.324209 ], [ 86.49797, 25.324181 ], [ 86.497777, 25.324163 ], [ 86.4976, 25.324157 ], [ 86.497403, 25.324163 ], [ 86.497103, 25.3242 ], [ 86.49686, 25.324245 ], [ 86.49658, 25.324356 ], [ 86.496212, 25.324522 ], [ 86.495879, 25.324751 ], [ 86.495485, 25.325083 ], [ 86.495092, 25.325408 ], [ 86.494958, 25.325553 ], [ 86.494822, 25.325758 ], [ 86.494511, 25.326485 ] ] ] } },
{ "type": "Feature", "properties": { "ID": "150164472", "TRK_NME": null, "FTR_CRY": "BG", "CITY_NME": null, "STT_NME": "Bihar", "SHAPE_Leng": "0.001996397108984" }, "geometry": { "type": "MultiLineString", "coordinates": [ [ [ 86.507126, 25.327084 ], [ 86.506095, 25.326999 ], [ 86.505146, 25.326842 ] ] ] } },
{ "type": "Feature", "properties": { "ID": "150113150", "TRK_NME": null, "FTR_CRY": "BG", "CITY_NME": "Jamalpur", "STT_NME": "Bihar", "SHAPE_Leng": "0.001146586673582" }, "geometry": { "type": "MultiLineString", "coordinates": [ [ [ 86.505146, 25.326842 ], [ 86.504027, 25.326592 ] ] ] } },
{ "type": "Feature", "properties": { "ID": "150164473", "TRK_NME": null, "FTR_CRY": "BG", "CITY_NME": "Jamalpur", "STT_NME": "Bihar", "SHAPE_Leng": "0.001962069810839" }, "geometry": { "type": "MultiLineString", "coordinates": [ [ [ 86.509419, 25.319242 ], [ 86.5091, 25.318874 ], [ 86.508837, 25.318566 ], [ 86.50868, 25.318397 ], [ 86.50849, 25.318255 ], [ 86.507993, 25.317915 ] ] ] } },
{ "type": "Feature", "properties": { "ID": "150164474", "TRK_NME": null, "FTR_CRY": "BG", "CITY_NME": "Jamalpur", "STT_NME": "Bihar", "SHAPE_Leng": "0.003153792102977" }, "geometry": { "type": "MultiLineString", "coordinates": [ [ [ 86.495251, 25.321195 ], [ 86.495736, 25.321843 ], [ 86.495949, 25.32213 ], [ 86.496186, 25.322431 ], [ 86.496459, 25.322712 ], [ 86.496833, 25.323001 ], [ 86.49746, 25.323393 ] ] ] } },
{ "type": "Feature", "properties": { "ID": "150164475", "TRK_NME": null, "FTR_CRY": "BG", "CITY_NME": "Jamalpur", "STT_NME": "Bihar", "SHAPE_Leng": "0.007824745606452" }, "geometry": { "type": "MultiLineString", "coordinates": [ [ [ 86.494471, 25.319021 ], [ 86.494218, 25.317128 ], [ 86.494011, 25.316037 ], [ 86.493911, 25.315494 ], [ 86.493904, 25.31518 ], [ 86.493878, 25.314505 ], [ 86.493891, 25.313691 ], [ 86.493884, 25.311785 ], [ 86.493858, 25.311243 ] ] ] } },
{ "type": "Feature", "properties": { "ID": "150164476", "TRK_NME": null, "FTR_CRY": "BG", "CITY_NME": "Jamalpur", "STT_NME": "Bihar", "SHAPE_Leng": "0.002401742342991" }, "geometry": { "type": "MultiLineString", "coordinates": [ [ [ 86.491903, 25.311315 ], [ 86.492177, 25.312611 ], [ 86.492264, 25.313004 ], [ 86.492417, 25.313661 ] ] ] } },
{ "type": "Feature", "properties": { "ID": "150164482", "TRK_NME": null, "FTR_CRY": "BG", "CITY_NME": null, "STT_NME": "Bihar", "SHAPE_Leng": "0.024275208071672" }, "geometry": { "type": "MultiLineString", "coordinates": [ [ [ 86.436696, 25.497489 ], [ 86.435812, 25.495266 ], [ 86.435659, 25.494742 ], [ 86.435559, 25.494308 ], [ 86.435498, 25.494024 ], [ 86.435411, 25.493209 ], [ 86.435411, 25.492582 ], [ 86.435472, 25.491949 ], [ 86.435517, 25.491355 ], [ 86.435773, 25.490248 ], [ 86.436281, 25.488993 ], [ 86.436962, 25.487678 ], [ 86.437751, 25.486218 ], [ 86.4389, 25.484035 ], [ 86.439234, 25.483202 ], [ 86.439528, 25.482334 ], [ 86.439688, 25.481598 ], [ 86.439902, 25.48067 ], [ 86.440089, 25.479403 ], [ 86.440062, 25.478595 ], [ 86.440009, 25.477183 ], [ 86.439808, 25.475977 ], [ 86.439394, 25.474451 ] ] ] } },
{ "type": "Feature", "properties": { "ID": "150164484", "TRK_NME": null, "FTR_CRY": "BG", "CITY_NME": "Khagaria", "STT_NME": "Bihar", "SHAPE_Leng": "0.010536120826257" }, "geometry": { "type": "MultiLineString", "coordinates": [ [ [ 86.459371, 25.5061 ], [ 86.460473, 25.506269 ], [ 86.460717, 25.506296 ], [ 86.461306, 25.506348 ], [ 86.461925, 25.50639 ], [ 86.4639, 25.506492 ], [ 86.468237, 25.506631 ], [ 86.469884, 25.506655 ] ] ] } },
{ "type": "Feature", "properties": { "ID": "150164489", "TRK_NME": null, "FTR_CRY": "BG", "CITY_NME": "Barauni", "STT_NME": "Bihar", "SHAPE_Leng": "0.007791297991628" }, "geometry": { "type": "MultiLineString", "coordinates": [ [ [ 86.004613, 25.444156 ], [ 86.005096, 25.443566 ], [ 86.005308, 25.443365 ], [ 86.006258, 25.44263 ], [ 86.00694, 25.442114 ], [ 86.007203, 25.441913 ], [ 86.007466, 25.441712 ], [ 86.008139, 25.441192 ], [ 86.008437, 25.440928 ], [ 86.008624, 25.440727 ], [ 86.008796, 25.440471 ], [ 86.009034, 25.440001 ], [ 86.009226, 25.439362 ], [ 86.009514, 25.438412 ] ] ] } },
{ "type": "Feature", "properties": { "ID": "150164490", "TRK_NME": null, "FTR_CRY": "BG", "CITY_NME": "Barauni", "STT_NME": "Bihar", "SHAPE_Leng": "9.80676928169E-4" }, "geometry": { "type": "MultiLineString", "coordinates": [ [ [ 86.009423, 25.438403 ], [ 86.009261, 25.439061 ], [ 86.009226, 25.439362 ] ] ] } },
{ "type": "Feature", "properties": { "ID": "150164491", "TRK_NME": null, "FTR_CRY": "BG", "CITY_NME": "Barauni", "STT_NME": "Bihar", "SHAPE_Leng": "0.003099006143045" }, "geometry": { "type": "MultiLineString", "coordinates": [ [ [ 86.009332, 25.438376 ], [ 86.009119, 25.439074 ], [ 86.009034, 25.439408 ], [ 86.008836, 25.440079 ], [ 86.008745, 25.440334 ], [ 86.008604, 25.440599 ], [ 86.008417, 25.440859 ], [ 86.008139, 25.441192 ] ] ] } },
{ "type": "Feature", "properties": { "ID": "150164492", "TRK_NME": null, "FTR_CRY": "BG", "CITY_NME": "Barauni", "STT_NME": "Bihar", "SHAPE_Leng": "0.001084426226957" }, "geometry": { "type": "MultiLineString", "coordinates": [ [ [ 86.009034, 25.439408 ], [ 86.009093, 25.4389 ], [ 86.009154, 25.438635 ], [ 86.009245, 25.438348 ] ] ] } },
{ "type": "Feature", "properties": { "ID": "150164493", "TRK_NME": null, "FTR_CRY": "BG", "CITY_NME": "Barauni", "STT_NME": "Bihar", "SHAPE_Leng": "0.00384500192486" }, "geometry": { "type": "MultiLineString", "coordinates": [ [ [ 86.009144, 25.43833 ], [ 86.009043, 25.438677 ], [ 86.008932, 25.438987 ], [ 86.008826, 25.439229 ], [ 86.008588, 25.440032 ], [ 86.008467, 25.440375 ], [ 86.0083, 25.440767 ], [ 86.008128, 25.441009 ], [ 86.007885, 25.441283 ], [ 86.007466, 25.441712 ] ] ] } },
{ "type": "Feature", "properties": { "ID": "150164494", "TRK_NME": null, "FTR_CRY": "BG", "CITY_NME": "Barauni", "STT_NME": "Bihar", "SHAPE_Leng": "0.004064260853313" }, "geometry": { "type": "MultiLineString", "coordinates": [ [ [ 86.007203, 25.441913 ], [ 86.007568, 25.441521 ], [ 86.00781, 25.441206 ], [ 86.007901, 25.441033 ], [ 86.007997, 25.440763 ], [ 86.008134, 25.440316 ], [ 86.008446, 25.439231 ], [ 86.008594, 25.438714 ], [ 86.00874, 25.43822 ] ] ] } },
{ "type": "Feature", "properties": { "ID": "150164495", "TRK_NME": null, "FTR_CRY": "BG", "CITY_NME": "Barauni", "STT_NME": "Bihar", "SHAPE_Leng": "0.001060332726904" }, "geometry": { "type": "MultiLineString", "coordinates": [ [ [ 86.008446, 25.439231 ], [ 86.008518, 25.438673 ], [ 86.008634, 25.438189 ] ] ] } },
{ "type": "Feature", "properties": { "ID": "150164496", "TRK_NME": null, "FTR_CRY": "BG", "CITY_NME": "Barauni", "STT_NME": "Bihar", "SHAPE_Leng": "9.63885845891E-4" }, "geometry": { "type": "MultiLineString", "coordinates": [ [ [ 86.008826, 25.439229 ], [ 86.008932, 25.438759 ], [ 86.009073, 25.438298 ] ] ] } },
{ "type": "Feature", "properties": { "ID": "150113371", "TRK_NME": null, "FTR_CRY": "BG", "CITY_NME": null, "STT_NME": "Bihar", "SHAPE_Leng": "0.033613877850519" }, "geometry": { "type": "MultiLineString", "coordinates": [ [ [ 86.486234, 25.293795 ], [ 86.485302, 25.290923 ], [ 86.484845, 25.289568 ], [ 86.48417, 25.287475 ], [ 86.483839, 25.286459 ], [ 86.483367, 25.285052 ], [ 86.482564, 25.282632 ], [ 86.482164, 25.281617 ], [ 86.481804, 25.280773 ], [ 86.48116, 25.279494 ], [ 86.480715, 25.278655 ], [ 86.480255, 25.277864 ], [ 86.479932, 25.277342 ], [ 86.479009, 25.275954 ], [ 86.477854, 25.274463 ], [ 86.476718, 25.273162 ], [ 86.47596, 25.272367 ], [ 86.475434, 25.271855 ], [ 86.474206, 25.270726 ], [ 86.473592, 25.270222 ], [ 86.472603, 25.269456 ], [ 86.471772, 25.268854 ], [ 86.471008, 25.268349 ], [ 86.469884, 25.267624 ], [ 86.469111, 25.267166 ], [ 86.468287, 25.266714 ] ] ] } },
{ "type": "Feature", "properties": { "ID": "150113357", "TRK_NME": null, "FTR_CRY": "BG", "CITY_NME": null, "STT_NME": "Bihar", "SHAPE_Leng": "0.023921507475146" }, "geometry": { "type": "MultiLineString", "coordinates": [ [ [ 86.03104, 25.243392 ], [ 86.030354, 25.244349 ], [ 86.02957, 25.245463 ], [ 86.028919, 25.24639 ], [ 86.028151, 25.247461 ], [ 86.027437, 25.248451 ], [ 86.026601, 25.249663 ], [ 86.025965, 25.250727 ], [ 86.025355, 25.251819 ], [ 86.024704, 25.253135 ], [ 86.024238, 25.254254 ], [ 86.023868, 25.255196 ], [ 86.023336, 25.256843 ], [ 86.022935, 25.258141 ], [ 86.022507, 25.259535 ], [ 86.022022, 25.261122 ], [ 86.021753, 25.261987 ], [ 86.021318, 25.263378 ], [ 86.0209, 25.264803 ] ] ] } },
{ "type": "Feature", "properties": { "ID": "150129393", "TRK_NME": null, "FTR_CRY": "BG", "CITY_NME": null, "STT_NME": "Bihar", "SHAPE_Leng": "0.003816386729659" }, "geometry": { "type": "MultiLineString", "coordinates": [ [ [ 86.0209, 25.264803 ], [ 86.020418, 25.266334 ], [ 86.02005, 25.267527 ], [ 86.019766, 25.268447 ] ] ] } },
{ "type": "Feature", "properties": { "ID": "150113022", "TRK_NME": null, "FTR_CRY": "BG", "CITY_NME": null, "STT_NME": "Bihar", "SHAPE_Leng": "0.007247413384005" }, "geometry": { "type": "MultiLineString", "coordinates": [ [ [ 85.885802, 25.402241 ], [ 85.887293, 25.401555 ], [ 85.889722, 25.400572 ], [ 85.892541, 25.399588 ] ] ] } },
{ "type": "Feature", "properties": { "ID": "150129469", "TRK_NME": null, "FTR_CRY": "BG", "CITY_NME": null, "STT_NME": "Bihar", "SHAPE_Leng": "0.006566873200097" }, "geometry": { "type": "MultiLineString", "coordinates": [ [ [ 85.996637, 25.343951 ], [ 85.997274, 25.34188 ], [ 85.997975, 25.3396 ], [ 85.99855, 25.337669 ] ] ] } },
{ "type": "Feature", "properties": { "ID": "150129470", "TRK_NME": null, "FTR_CRY": "BG", "CITY_NME": "Mokameh", "STT_NME": "Bihar", "SHAPE_Leng": "0.125512510214606" }, "geometry": { "type": "MultiLineString", "coordinates": [ [ [ 85.892541, 25.399588 ], [ 85.894545, 25.398867 ], [ 85.901131, 25.396559 ], [ 85.907999, 25.39416 ], [ 85.909466, 25.393687 ], [ 85.913814, 25.392179 ], [ 85.919712, 25.390108 ], [ 85.923377, 25.388802 ], [ 85.928842, 25.386864 ], [ 85.933996, 25.385059 ], [ 85.937959, 25.383667 ], [ 85.940287, 25.382858 ], [ 85.94172, 25.382354 ], [ 85.942918, 25.381975 ], [ 85.944755, 25.381444 ], [ 85.948031, 25.380574 ], [ 85.951823, 25.379709 ], [ 85.955999, 25.378771 ], [ 85.95803, 25.378381 ], [ 85.95939, 25.378092 ], [ 85.9618, 25.377565 ], [ 85.965746, 25.37667 ], [ 85.968589, 25.376031 ], [ 85.970588, 25.375571 ], [ 85.972029, 25.37522 ], [ 85.972949, 25.374964 ], [ 85.973944, 25.374651 ], [ 85.975115, 25.374231 ], [ 85.977062, 25.373437 ], [ 85.97767, 25.37314 ], [ 85.979369, 25.37228 ], [ 85.980903, 25.37136 ], [ 85.982095, 25.370574 ], [ 85.983789, 25.36931 ], [ 85.984735, 25.368499 ], [ 85.985165, 25.368114 ], [ 85.986281, 25.367046 ], [ 85.987096, 25.366181 ], [ 85.988217, 25.364894 ], [ 85.988624, 25.36437 ], [ 85.989379, 25.363324 ], [ 85.989866, 25.362594 ], [ 85.990281, 25.361943 ], [ 85.990636, 25.361353 ], [ 85.991097, 25.360487 ], [ 85.991608, 25.359467 ], [ 85.992101, 25.358329 ], [ 85.992601, 25.357055 ], [ 85.993019, 25.355732 ], [ 85.993539, 25.35405 ], [ 85.993991, 25.352557 ], [ 85.994177, 25.351935 ], [ 85.994648, 25.350427 ], [ 85.995215, 25.348561 ], [ 85.996087, 25.34574 ], [ 85.996637, 25.343951 ] ] ] } },
{ "type": "Feature", "properties": { "ID": "150129325", "TRK_NME": null, "FTR_CRY": "BG", "CITY_NME": null, "STT_NME": "Bihar", "SHAPE_Leng": "0.002236062834518" }, "geometry": { "type": "MultiLineString", "coordinates": [ [ [ 86.486933, 25.295919 ], [ 86.486234, 25.293795 ] ] ] } },
{ "type": "Feature", "properties": { "ID": "150113024", "TRK_NME": null, "FTR_CRY": "BG", "CITY_NME": "Mokameh", "STT_NME": "Bihar", "SHAPE_Leng": "0.015804463650644" }, "geometry": { "type": "MultiLineString", "coordinates": [ [ [ 85.987116, 25.351715 ], [ 85.984761, 25.354601 ], [ 85.984318, 25.355452 ], [ 85.983875, 25.356454 ], [ 85.983626, 25.357305 ], [ 85.983488, 25.358131 ], [ 85.983449, 25.358489 ], [ 85.983405, 25.359157 ], [ 85.98341, 25.359481 ], [ 85.983445, 25.359866 ], [ 85.983503, 25.360247 ], [ 85.98371, 25.361284 ], [ 85.984181, 25.362611 ], [ 85.984763, 25.363737 ], [ 85.98517, 25.364249 ], [ 85.985648, 25.364807 ], [ 85.986382, 25.365562 ] ] ] } },
{ "type": "Feature", "properties": { "ID": "150113297", "TRK_NME": "Kiul to Bhagalpur", "FTR_CRY": "BG", "CITY_NME": null, "STT_NME": "Bihar", "SHAPE_Leng": "0.344173520694686" }, "geometry": { "type": "MultiLineString", "coordinates": [ [ [ 86.146261, 25.171474 ], [ 86.15024, 25.17146 ], [ 86.154835, 25.171435 ], [ 86.157211, 25.171418 ], [ 86.164361, 25.17134 ], [ 86.166591, 25.171348 ], [ 86.172904, 25.171315 ], [ 86.179911, 25.171286 ], [ 86.188334, 25.171218 ], [ 86.200373, 25.171133 ], [ 86.203383, 25.17111 ], [ 86.205348, 25.171095 ], [ 86.206176, 25.171116 ], [ 86.206907, 25.171102 ], [ 86.210151, 25.171062 ], [ 86.211607, 25.171049 ], [ 86.212533, 25.171056 ], [ 86.213693, 25.171037 ], [ 86.215248, 25.171041 ], [ 86.216709, 25.171033 ], [ 86.217865, 25.171019 ], [ 86.218664, 25.171025 ], [ 86.219927, 25.171033 ], [ 86.222292, 25.171033 ], [ 86.224165, 25.171006 ], [ 86.225918, 25.171 ], [ 86.228441, 25.170971 ], [ 86.230743, 25.171018 ], [ 86.232798, 25.171138 ], [ 86.233839, 25.171242 ], [ 86.234901, 25.171359 ], [ 86.235747, 25.171465 ], [ 86.236746, 25.171626 ], [ 86.23796, 25.171853 ], [ 86.239096, 25.172076 ], [ 86.24013, 25.172307 ], [ 86.241975, 25.172772 ], [ 86.243161, 25.173108 ], [ 86.244429, 25.173504 ], [ 86.24654, 25.174242 ], [ 86.248357, 25.174949 ], [ 86.249893, 25.175637 ], [ 86.25184, 25.176577 ], [ 86.253435, 25.177458 ], [ 86.256076, 25.178921 ], [ 86.257695, 25.179781 ], [ 86.25954, 25.180834 ], [ 86.261545, 25.181915 ], [ 86.264529, 25.18354 ], [ 86.267765, 25.185358 ], [ 86.269539, 25.186324 ], [ 86.274648, 25.189152 ], [ 86.280804, 25.192567 ], [ 86.283667, 25.194127 ], [ 86.302443, 25.204472 ], [ 86.312503, 25.209994 ], [ 86.317827, 25.212916 ], [ 86.321443, 25.214907 ], [ 86.323498, 25.21606 ], [ 86.328359, 25.218742 ], [ 86.329501, 25.219356 ], [ 86.332139, 25.220826 ], [ 86.334306, 25.221998 ], [ 86.335801, 25.222833 ], [ 86.336909, 25.223448 ], [ 86.33823, 25.224162 ], [ 86.340033, 25.22514 ], [ 86.343574, 25.227111 ], [ 86.358271, 25.235204 ], [ 86.37123, 25.242324 ], [ 86.383154, 25.248898 ], [ 86.385188, 25.250014 ], [ 86.386436, 25.250685 ], [ 86.38775, 25.251419 ], [ 86.388414, 25.251781 ], [ 86.389368, 25.252262 ], [ 86.390664, 25.252916 ], [ 86.391492, 25.253287 ], [ 86.393031, 25.253939 ], [ 86.394671, 25.254589 ], [ 86.395874, 25.255013 ], [ 86.396914, 25.255364 ], [ 86.398517, 25.255835 ], [ 86.399555, 25.256117 ], [ 86.401161, 25.256511 ], [ 86.402358, 25.256767 ], [ 86.403701, 25.257037 ], [ 86.404911, 25.257239 ], [ 86.406038, 25.257405 ], [ 86.407589, 25.257597 ], [ 86.40887, 25.257742 ], [ 86.410289, 25.257891 ], [ 86.412797, 25.258173 ], [ 86.41565, 25.258478 ], [ 86.417636, 25.258684 ], [ 86.41938, 25.258887 ], [ 86.423002, 25.259296 ], [ 86.425717, 25.259602 ], [ 86.426511, 25.259693 ], [ 86.432275, 25.260333 ], [ 86.436004, 25.260746 ], [ 86.442522, 25.261458 ], [ 86.443685, 25.261596 ], [ 86.444966, 25.26174 ], [ 86.445928, 25.261849 ], [ 86.447423, 25.262009 ], [ 86.449027, 25.262186 ], [ 86.450567, 25.262362 ], [ 86.452387, 25.262573 ], [ 86.453988, 25.262746 ], [ 86.456882, 25.263078 ], [ 86.457951, 25.263235 ], [ 86.458968, 25.263413 ], [ 86.460126, 25.263658 ], [ 86.461465, 25.263998 ], [ 86.462773, 25.264404 ], [ 86.463322, 25.264584 ], [ 86.464159, 25.264866 ], [ 86.464709, 25.265058 ], [ 86.467052, 25.266077 ], [ 86.468287, 25.266714 ] ] ] } },
{ "type": "Feature", "properties": { "ID": "150113023", "TRK_NME": null, "FTR_CRY": "BG", "CITY_NME": null, "STT_NME": "Bihar", "SHAPE_Leng": "0.007519735497662" }, "geometry": { "type": "MultiLineString", "coordinates": [ [ [ 85.994433, 25.343884 ], [ 85.995141, 25.343143 ], [ 85.995881, 25.34231 ], [ 85.996095, 25.342036 ], [ 85.996447, 25.341583 ], [ 85.996962, 25.34086 ], [ 85.997215, 25.340462 ], [ 85.997418, 25.340114 ], [ 85.997661, 25.339682 ], [ 85.997897, 25.339205 ], [ 85.998184, 25.338567 ], [ 85.99855, 25.337669 ] ] ] } },
{ "type": "Feature", "properties": { "ID": "150132269", "TRK_NME": null, "FTR_CRY": "BG", "CITY_NME": "Mokameh", "STT_NME": "Bihar", "SHAPE_Leng": "0.049434790980551" }, "geometry": { "type": "MultiLineString", "coordinates": [ [ [ 85.95939, 25.378092 ], [ 85.961275, 25.377569 ], [ 85.961792, 25.377401 ], [ 85.962219, 25.377233 ], [ 85.962695, 25.377024 ], [ 85.963013, 25.376868 ], [ 85.963467, 25.376602 ], [ 85.96388, 25.376334 ], [ 85.964242, 25.376073 ], [ 85.964627, 25.375742 ], [ 85.964986, 25.375418 ], [ 85.965443, 25.374947 ], [ 85.967492, 25.372737 ], [ 85.96927, 25.370863 ], [ 85.97377, 25.365964 ], [ 85.976313, 25.363212 ], [ 85.987116, 25.351715 ], [ 85.98778, 25.351008 ], [ 85.988574, 25.350165 ], [ 85.989654, 25.349008 ], [ 85.990935, 25.347635 ], [ 85.99172, 25.346795 ], [ 85.9927, 25.345735 ], [ 85.994433, 25.343884 ] ] ] } },
{ "type": "Feature", "properties": { "ID": "150164627", "TRK_NME": null, "FTR_CRY": "BG", "CITY_NME": null, "STT_NME": "Bihar", "SHAPE_Leng": "0.003513158230088" }, "geometry": { "type": "MultiLineString", "coordinates": [ [ [ 86.001681, 25.327422 ], [ 86.001157, 25.328756 ], [ 86.000552, 25.330746 ] ] ] } },
{ "type": "Feature", "properties": { "ID": "150164628", "TRK_NME": null, "FTR_CRY": "BG", "CITY_NME": null, "STT_NME": "Bihar", "SHAPE_Leng": "0.006498246040129" }, "geometry": { "type": "MultiLineString", "coordinates": [ [ [ 86.000552, 25.330746 ], [ 85.999807, 25.333174 ], [ 85.998855, 25.336439 ], [ 85.998747, 25.336986 ] ] ] } },
{ "type": "Feature", "properties": { "ID": "150133227", "TRK_NME": null, "FTR_CRY": "BG", "CITY_NME": "Mokameh", "STT_NME": "Bihar", "SHAPE_Leng": "0.020219569083364" }, "geometry": { "type": "MultiLineString", "coordinates": [ [ [ 85.97377, 25.365964 ], [ 85.974655, 25.365212 ], [ 85.974933, 25.364994 ], [ 85.975236, 25.364779 ], [ 85.975528, 25.364586 ], [ 85.976017, 25.364306 ], [ 85.976377, 25.364126 ], [ 85.976842, 25.363954 ], [ 85.977471, 25.363745 ], [ 85.978324, 25.363519 ], [ 85.978995, 25.363392 ], [ 85.979336, 25.363357 ], [ 85.97978, 25.363317 ], [ 85.980319, 25.363292 ], [ 85.980991, 25.363317 ], [ 85.981647, 25.363396 ], [ 85.982536, 25.363546 ], [ 85.982973, 25.363659 ], [ 85.983683, 25.363919 ], [ 85.984539, 25.364316 ], [ 85.984985, 25.364543 ], [ 85.985325, 25.364748 ], [ 85.986382, 25.365562 ], [ 85.987096, 25.366181 ], [ 85.991086, 25.369824 ] ] ] } },
{ "type": "Feature", "properties": { "ID": "150164629", "TRK_NME": null, "FTR_CRY": "BG", "CITY_NME": "Mokameh", "STT_NME": "Bihar", "SHAPE_Leng": "0.013624648584969" }, "geometry": { "type": "MultiLineString", "coordinates": [ [ [ 85.95803, 25.378381 ], [ 85.955294, 25.379068 ], [ 85.951754, 25.379853 ], [ 85.94921, 25.380447 ], [ 85.948457, 25.380627 ], [ 85.944755, 25.381444 ] ] ] } },
{ "type": "Feature", "properties": { "ID": "150164630", "TRK_NME": null, "FTR_CRY": "BG", "CITY_NME": "Mokameh", "STT_NME": "Bihar", "SHAPE_Leng": "0.012428819746444" }, "geometry": { "type": "MultiLineString", "coordinates": [ [ [ 85.919712, 25.390108 ], [ 85.918799, 25.390303 ], [ 85.918029, 25.390424 ], [ 85.916112, 25.390995 ], [ 85.913066, 25.392058 ], [ 85.911954, 25.392515 ], [ 85.910318, 25.393101 ], [ 85.907999, 25.39416 ] ] ] } },
{ "type": "Feature", "properties": { "ID": "150113162", "TRK_NME": null, "FTR_CRY": "BG", "CITY_NME": null, "STT_NME": "Bihar", "SHAPE_Leng": "0.009882585043433" }, "geometry": { "type": "MultiLineString", "coordinates": [ [ [ 86.019078, 25.270733 ], [ 86.018599, 25.27233 ], [ 86.018171, 25.273755 ], [ 86.01782, 25.274906 ], [ 86.017418, 25.276203 ], [ 86.016827, 25.278149 ], [ 86.016355, 25.279683 ], [ 86.01619, 25.280184 ] ] ] } },
{ "type": "Feature", "properties": { "ID": "150129392", "TRK_NME": null, "FTR_CRY": "BG", "CITY_NME": null, "STT_NME": "Bihar", "SHAPE_Leng": "0.003551448188499" }, "geometry": { "type": "MultiLineString", "coordinates": [ [ [ 86.011967, 25.29397 ], [ 86.011408, 25.295738 ], [ 86.010915, 25.297362 ] ] ] } },
{ "type": "Feature", "properties": { "ID": "150129394", "TRK_NME": null, "FTR_CRY": "BG", "CITY_NME": null, "STT_NME": "Bihar", "SHAPE_Leng": "0.002051405615636" }, "geometry": { "type": "MultiLineString", "coordinates": [ [ [ 86.014212, 25.286537 ], [ 86.013633, 25.288505 ] ] ] } },
{ "type": "Feature", "properties": { "ID": "150129395", "TRK_NME": null, "FTR_CRY": "BG", "CITY_NME": "Barahiya", "STT_NME": "Bihar", "SHAPE_Leng": "0.005713626592772" }, "geometry": { "type": "MultiLineString", "coordinates": [ [ [ 86.013633, 25.288505 ], [ 86.013087, 25.29025 ], [ 86.01233, 25.292691 ], [ 86.011967, 25.29397 ] ] ] } },
{ "type": "Feature", "properties": { "ID": "150129396", "TRK_NME": null, "FTR_CRY": "BG", "CITY_NME": "Barahiya", "STT_NME": "Bihar", "SHAPE_Leng": "0.002387497728742" }, "geometry": { "type": "MultiLineString", "coordinates": [ [ [ 86.019766, 25.268447 ], [ 86.019511, 25.269348 ], [ 86.019078, 25.270733 ] ] ] } },
{ "type": "Feature", "properties": { "ID": "150129397", "TRK_NME": null, "FTR_CRY": "BG", "CITY_NME": "Barahiya", "STT_NME": "Bihar", "SHAPE_Leng": "0.006653803591152" }, "geometry": { "type": "MultiLineString", "coordinates": [ [ [ 86.01619, 25.280184 ], [ 86.015904, 25.281099 ], [ 86.014615, 25.285242 ], [ 86.014212, 25.286537 ] ] ] } },
{ "type": "Feature", "properties": { "ID": "150113356", "TRK_NME": null, "FTR_CRY": "BG", "CITY_NME": null, "STT_NME": "Bihar", "SHAPE_Leng": "0.042161908978777" }, "geometry": { "type": "MultiLineString", "coordinates": [ [ [ 86.010915, 25.297362 ], [ 86.010205, 25.299631 ], [ 86.009587, 25.301689 ], [ 86.008838, 25.304141 ], [ 86.008072, 25.306649 ], [ 86.007277, 25.309306 ], [ 86.006278, 25.312541 ], [ 86.005469, 25.315177 ], [ 86.004631, 25.317866 ], [ 86.003796, 25.320603 ], [ 86.003094, 25.322812 ], [ 86.002671, 25.324223 ], [ 86.002282, 25.325483 ], [ 86.001681, 25.327422 ], [ 86.00088, 25.330077 ], [ 86.000223, 25.332275 ], [ 85.999106, 25.335919 ], [ 85.998747, 25.336986 ], [ 85.99855, 25.337669 ] ] ] } },
{ "type": "Feature", "properties": { "ID": "150164626", "TRK_NME": null, "FTR_CRY": "BG", "CITY_NME": null, "STT_NME": "Bihar", "SHAPE_Leng": "0.004356180029794" }, "geometry": { "type": "MultiLineString", "coordinates": [ [ [ 86.015904, 25.281099 ], [ 86.015614, 25.281694 ], [ 86.015528, 25.281882 ], [ 86.015069, 25.283302 ], [ 86.014827, 25.284108 ], [ 86.014615, 25.285242 ] ] ] } },
{ "type": "Feature", "properties": { "ID": "150113313", "TRK_NME": null, "FTR_CRY": "BG", "CITY_NME": null, "STT_NME": "Bihar", "SHAPE_Leng": "0.013777445115319" }, "geometry": { "type": "MultiLineString", "coordinates": [ [ [ 86.561864, 25.509407 ], [ 86.560549, 25.509362 ], [ 86.558942, 25.50958 ], [ 86.557811, 25.509628 ], [ 86.551846, 25.509393 ], [ 86.550601, 25.509374 ], [ 86.550079, 25.50932 ], [ 86.549677, 25.509242 ], [ 86.548131, 25.509042 ] ] ] } },
{ "type": "Feature", "properties": { "ID": "150113294", "TRK_NME": "Kiul to Bhagalpur", "FTR_CRY": "BG", "CITY_NME": null, "STT_NME": "Bihar", "SHAPE_Leng": "0.051353738859157" }, "geometry": { "type": "MultiLineString", "coordinates": [ [ [ 86.590018, 25.266703 ], [ 86.602813, 25.258552 ], [ 86.608123, 25.255198 ], [ 86.615898, 25.250283 ], [ 86.620345, 25.247438 ], [ 86.622647, 25.245972 ], [ 86.624101, 25.245019 ], [ 86.626816, 25.243323 ], [ 86.628404, 25.242358 ], [ 86.629025, 25.242035 ], [ 86.630537, 25.241261 ], [ 86.631882, 25.240622 ], [ 86.633728, 25.239826 ] ] ] } },
{ "type": "Feature", "properties": { "ID": "150113494", "TRK_NME": null, "FTR_CRY": "BG", "CITY_NME": null, "STT_NME": "Bihar", "SHAPE_Leng": "0.016208274750624" }, "geometry": { "type": "MultiLineString", "coordinates": [ [ [ 86.590018, 25.266703 ], [ 86.58897, 25.267444 ], [ 86.588349, 25.267932 ], [ 86.587756, 25.268451 ], [ 86.586101, 25.269965 ], [ 86.583476, 25.272576 ], [ 86.581411, 25.274701 ], [ 86.579957, 25.276131 ], [ 86.578296, 25.277862 ] ] ] } },
{ "type": "Feature", "properties": { "ID": "150113495", "TRK_NME": null, "FTR_CRY": "BG", "CITY_NME": null, "STT_NME": "Bihar", "SHAPE_Leng": "9.9948436707E-4" }, "geometry": { "type": "MultiLineString", "coordinates": [ [ [ 86.571661, 25.284507 ], [ 86.570973, 25.285232 ] ] ] } },
{ "type": "Feature", "properties": { "ID": "150129296", "TRK_NME": null, "FTR_CRY": "BG", "CITY_NME": null, "STT_NME": "Bihar", "SHAPE_Leng": "0.001593941655178" }, "geometry": { "type": "MultiLineString", "coordinates": [ [ [ 86.578296, 25.277862 ], [ 86.577155, 25.278975 ] ] ] } },
{ "type": "Feature", "properties": { "ID": "150129297", "TRK_NME": null, "FTR_CRY": "BG", "CITY_NME": "Paria", "STT_NME": "Bihar", "SHAPE_Leng": "0.007796940046953" }, "geometry": { "type": "MultiLineString", "coordinates": [ [ [ 86.577155, 25.278975 ], [ 86.576128, 25.280006 ], [ 86.574553, 25.281574 ], [ 86.573715, 25.282449 ], [ 86.57182, 25.284339 ], [ 86.571661, 25.284507 ] ] ] } },
{ "type": "Feature", "properties": { "ID": "150164477", "TRK_NME": null, "FTR_CRY": "BG", "CITY_NME": null, "STT_NME": "Bihar", "SHAPE_Leng": "0.001605761016076" }, "geometry": { "type": "MultiLineString", "coordinates": [ [ [ 86.578296, 25.277862 ], [ 86.577842, 25.278441 ], [ 86.577572, 25.278755 ], [ 86.577265, 25.279092 ] ] ] } },
{ "type": "Feature", "properties": { "ID": "150164478", "TRK_NME": null, "FTR_CRY": "BG", "CITY_NME": "Paria", "STT_NME": "Bihar", "SHAPE_Leng": "0.004894063757687" }, "geometry": { "type": "MultiLineString", "coordinates": [ [ [ 86.577265, 25.279092 ], [ 86.576374, 25.279991 ], [ 86.574853, 25.281524 ], [ 86.574242, 25.282073 ], [ 86.573979, 25.282263 ], [ 86.573715, 25.282449 ] ] ] } },
{ "type": "Feature", "properties": { "ID": "150164485", "TRK_NME": null, "FTR_CRY": "BG", "CITY_NME": null, "STT_NME": "Bihar", "SHAPE_Leng": "0.012424287800507" }, "geometry": { "type": "MultiLineString", "coordinates": [ [ [ 86.548131, 25.509042 ], [ 86.549771, 25.509012 ], [ 86.550527, 25.509018 ], [ 86.555354, 25.509163 ], [ 86.559083, 25.509308 ], [ 86.560549, 25.509362 ] ] ] } },
{ "type": "Feature", "properties": { "ID": "150113422", "TRK_NME": "Samastipur to Gorakpur", "FTR_CRY": "BG", "CITY_NME": null, "STT_NME": "Bihar", "SHAPE_Leng": "0.311082304764737" }, "geometry": { "type": "MultiLineString", "coordinates": [ [ [ 87.045297, 25.387532 ], [ 87.035169, 25.388087 ], [ 87.030404, 25.388349 ], [ 87.025965, 25.388592 ], [ 87.021396, 25.388841 ], [ 87.016783, 25.3891 ], [ 87.007923, 25.389581 ], [ 86.998156, 25.390139 ], [ 86.995779, 25.390253 ], [ 86.98373, 25.39092 ], [ 86.973842, 25.391465 ], [ 86.962735, 25.392076 ], [ 86.95893, 25.392289 ], [ 86.954303, 25.392535 ], [ 86.946444, 25.392986 ], [ 86.942091, 25.393271 ], [ 86.938449, 25.393421 ], [ 86.935902, 25.393542 ], [ 86.927317, 25.393984 ], [ 86.922344, 25.394246 ], [ 86.916074, 25.394595 ], [ 86.905463, 25.395186 ], [ 86.900047, 25.395476 ], [ 86.897812, 25.395586 ], [ 86.893768, 25.395811 ], [ 86.889134, 25.396055 ], [ 86.874889, 25.396817 ], [ 86.87021, 25.397078 ], [ 86.866757, 25.397275 ], [ 86.863574, 25.397454 ], [ 86.859471, 25.397646 ], [ 86.855031, 25.397878 ], [ 86.849071, 25.3982 ], [ 86.844671, 25.398427 ], [ 86.837852, 25.398821 ], [ 86.836011, 25.398916 ], [ 86.833822, 25.39903 ], [ 86.830645, 25.399201 ], [ 86.829059, 25.399293 ], [ 86.826011, 25.399442 ], [ 86.823654, 25.399575 ], [ 86.82208, 25.399659 ], [ 86.819929, 25.399768 ], [ 86.815293, 25.400021 ], [ 86.810402, 25.400289 ], [ 86.809978, 25.400306 ], [ 86.808998, 25.400345 ], [ 86.808116, 25.400403 ], [ 86.806038, 25.400511 ], [ 86.801921, 25.400734 ], [ 86.800763, 25.400792 ], [ 86.797501, 25.400974 ], [ 86.797064, 25.401011 ], [ 86.796089, 25.401228 ], [ 86.795299, 25.401474 ], [ 86.79463, 25.401689 ], [ 86.793743, 25.401901 ], [ 86.793191, 25.40199 ], [ 86.792527, 25.402058 ], [ 86.791987, 25.402063 ], [ 86.79147, 25.402057 ], [ 86.790975, 25.402008 ], [ 86.790459, 25.401936 ], [ 86.788949, 25.401622 ], [ 86.78849, 25.401554 ], [ 86.788053, 25.401517 ], [ 86.787736, 25.401508 ], [ 86.786605, 25.401542 ], [ 86.784257, 25.401668 ], [ 86.782775, 25.401741 ], [ 86.781453, 25.40182 ], [ 86.780801, 25.401893 ], [ 86.780202, 25.401985 ], [ 86.779752, 25.402098 ], [ 86.779141, 25.402283 ], [ 86.778775, 25.402417 ], [ 86.778366, 25.402571 ], [ 86.778051, 25.402719 ], [ 86.775835, 25.403859 ], [ 86.775527, 25.40398 ], [ 86.774734, 25.40422 ], [ 86.774402, 25.404294 ], [ 86.773481, 25.40443 ], [ 86.773057, 25.404467 ], [ 86.772508, 25.404477 ], [ 86.772075, 25.404465 ], [ 86.77166, 25.404443 ], [ 86.770957, 25.404352 ], [ 86.770389, 25.404245 ], [ 86.769723, 25.404079 ], [ 86.769395, 25.403976 ], [ 86.767787, 25.403334 ], [ 86.767302, 25.403165 ], [ 86.766964, 25.403069 ], [ 86.766501, 25.402952 ], [ 86.765998, 25.402855 ], [ 86.765633, 25.402799 ], [ 86.76489, 25.402744 ], [ 86.764434, 25.402742 ], [ 86.76395, 25.402749 ], [ 86.762368, 25.402834 ], [ 86.758512, 25.403029 ], [ 86.755671, 25.403185 ], [ 86.751828, 25.403392 ], [ 86.748747, 25.403572 ], [ 86.746703, 25.40364 ], [ 86.741143, 25.403948 ], [ 86.739495, 25.404042 ], [ 86.735546, 25.404227 ] ] ] } },
{ "type": "Feature", "properties": { "ID": "150113350", "TRK_NME": null, "FTR_CRY": "BG", "CITY_NME": null, "STT_NME": "Bihar", "SHAPE_Leng": "0.082352173050877" }, "geometry": { "type": "MultiLineString", "coordinates": [ [ [ 86.633728, 25.239826 ], [ 86.63582, 25.239031 ], [ 86.636382, 25.238852 ], [ 86.637443, 25.238503 ], [ 86.638201, 25.238272 ], [ 86.639409, 25.237926 ], [ 86.641214, 25.237457 ], [ 86.642378, 25.237223 ], [ 86.642819, 25.237131 ], [ 86.64317, 25.23706 ], [ 86.643951, 25.236922 ], [ 86.645512, 25.236681 ], [ 86.646529, 25.236547 ], [ 86.647441, 25.236457 ], [ 86.648462, 25.236367 ], [ 86.649379, 25.236296 ], [ 86.651781, 25.236218 ], [ 86.654146, 25.236257 ], [ 86.657171, 25.236344 ], [ 86.659306, 25.236411 ], [ 86.662885, 25.23649 ], [ 86.666995, 25.236635 ], [ 86.669656, 25.236713 ], [ 86.678516, 25.236961 ], [ 86.682118, 25.237069 ], [ 86.683817, 25.237096 ], [ 86.686011, 25.237162 ], [ 86.687188, 25.237213 ], [ 86.688339, 25.237289 ], [ 86.688696, 25.237328 ], [ 86.691718, 25.237612 ], [ 86.69498, 25.237926 ], [ 86.696655, 25.238035 ], [ 86.69913, 25.238276 ], [ 86.701912, 25.238511 ], [ 86.704654, 25.238777 ], [ 86.705191, 25.238822 ], [ 86.705843, 25.238877 ], [ 86.706963, 25.23898 ], [ 86.708258, 25.239092 ], [ 86.708489, 25.239109 ], [ 86.709111, 25.239163 ], [ 86.709621, 25.239196 ], [ 86.7108, 25.2393 ], [ 86.711615, 25.239375 ], [ 86.711946, 25.239408 ], [ 86.71283, 25.239489 ], [ 86.713271, 25.239532 ], [ 86.713885, 25.239594 ], [ 86.714235, 25.239625 ], [ 86.714972, 25.239694 ], [ 86.715488, 25.23973 ] ] ] } },
{ "type": "Feature", "properties": { "ID": "150129384", "TRK_NME": null, "FTR_CRY": "BG", "CITY_NME": null, "STT_NME": "Bihar", "SHAPE_Leng": "3.82259074453E-4" }, "geometry": { "type": "MultiLineString", "coordinates": [ [ [ 86.715488, 25.23973 ], [ 86.715869, 25.239761 ] ] ] } },
{ "type": "Feature", "properties": { "ID": "150113293", "TRK_NME": "Kiul to Bhagalpur", "FTR_CRY": "BG", "CITY_NME": null, "STT_NME": "Bihar", "SHAPE_Leng": "0.026768106961878" }, "geometry": { "type": "MultiLineString", "coordinates": [ [ [ 86.881885, 25.233348 ], [ 86.883536, 25.233104 ], [ 86.888618, 25.232404 ], [ 86.889706, 25.232256 ], [ 86.891095, 25.232075 ], [ 86.893896, 25.23167 ], [ 86.894319, 25.231634 ], [ 86.895204, 25.231581 ], [ 86.897086, 25.231561 ], [ 86.897435, 25.231566 ], [ 86.899467, 25.231708 ], [ 86.899707, 25.231734 ], [ 86.901534, 25.23203 ], [ 86.902543, 25.232239 ], [ 86.903104, 25.232378 ], [ 86.90432, 25.232731 ], [ 86.908296, 25.233708 ] ] ] } },
{ "type": "Feature", "properties": { "ID": "150113180", "TRK_NME": null, "FTR_CRY": "BG", "CITY_NME": null, "STT_NME": "Bihar", "SHAPE_Leng": "0.015594171263607" }, "geometry": { "type": "MultiLineString", "coordinates": [ [ [ 86.908296, 25.233708 ], [ 86.910314, 25.234185 ], [ 86.913198, 25.234882 ], [ 86.916555, 25.235701 ], [ 86.918157, 25.236112 ], [ 86.91904, 25.236317 ], [ 86.920463, 25.236641 ], [ 86.921213, 25.236779 ], [ 86.922284, 25.236936 ], [ 86.923511, 25.23706 ] ] ] } },
{ "type": "Feature", "properties": { "ID": "150113169", "TRK_NME": null, "FTR_CRY": "BG", "CITY_NME": null, "STT_NME": "Bihar", "SHAPE_Leng": "0.012677487514871" }, "geometry": { "type": "MultiLineString", "coordinates": [ [ [ 86.756892, 25.243439 ], [ 86.759206, 25.243643 ], [ 86.760672, 25.24371 ], [ 86.762229, 25.24371 ], [ 86.763444, 25.24367 ], [ 86.765755, 25.243534 ], [ 86.767878, 25.243317 ], [ 86.769523, 25.243058 ] ] ] } },
{ "type": "Feature", "properties": { "ID": "150113349", "TRK_NME": null, "FTR_CRY": "BG", "CITY_NME": null, "STT_NME": "Bihar", "SHAPE_Leng": "0.113507504784803" }, "geometry": { "type": "MultiLineString", "coordinates": [ [ [ 86.769523, 25.243058 ], [ 86.77308, 25.24234 ], [ 86.775204, 25.241933 ], [ 86.779235, 25.241176 ], [ 86.783579, 25.240327 ], [ 86.785628, 25.239924 ], [ 86.787018, 25.239658 ], [ 86.788239, 25.239407 ], [ 86.790555, 25.23895 ], [ 86.793352, 25.238399 ], [ 86.79426, 25.238216 ], [ 86.797784, 25.237531 ], [ 86.798764, 25.237336 ], [ 86.800866, 25.236924 ], [ 86.803344, 25.236435 ], [ 86.804517, 25.236208 ], [ 86.8066, 25.23581 ], [ 86.808164, 25.235486 ], [ 86.809586, 25.235208 ], [ 86.810956, 25.234933 ], [ 86.81142, 25.234847 ], [ 86.811906, 25.234748 ], [ 86.813006, 25.234545 ], [ 86.813488, 25.234481 ], [ 86.814149, 25.23439 ], [ 86.814601, 25.23435 ], [ 86.815411, 25.234289 ], [ 86.816377, 25.234248 ], [ 86.817052, 25.234209 ], [ 86.81805, 25.234199 ], [ 86.819675, 25.234213 ], [ 86.820444, 25.234248 ], [ 86.820709, 25.234256 ], [ 86.822729, 25.234408 ], [ 86.824461, 25.234536 ], [ 86.825409, 25.2346 ], [ 86.826658, 25.23468 ], [ 86.828023, 25.234782 ], [ 86.829573, 25.234893 ], [ 86.830594, 25.234959 ], [ 86.83185, 25.235053 ], [ 86.832117, 25.235078 ], [ 86.832731, 25.235106 ], [ 86.833758, 25.235187 ], [ 86.835138, 25.235271 ], [ 86.835593, 25.235307 ], [ 86.836454, 25.235364 ], [ 86.837193, 25.235414 ], [ 86.83822, 25.235483 ], [ 86.83959, 25.235572 ], [ 86.842164, 25.235766 ], [ 86.842634, 25.235782 ], [ 86.843578, 25.235854 ], [ 86.844384, 25.235918 ], [ 86.844682, 25.235942 ], [ 86.845016, 25.235957 ], [ 86.845902, 25.236018 ], [ 86.846329, 25.236044 ], [ 86.846961, 25.236089 ], [ 86.847402, 25.236123 ], [ 86.849611, 25.236294 ], [ 86.851273, 25.236413 ], [ 86.851837, 25.236443 ], [ 86.85223, 25.236468 ], [ 86.852835, 25.236503 ], [ 86.853649, 25.236543 ], [ 86.85474, 25.236611 ], [ 86.855681, 25.236648 ], [ 86.856416, 25.236644 ], [ 86.857257, 25.236602 ], [ 86.858381, 25.236514 ], [ 86.858615, 25.236486 ], [ 86.859639, 25.236396 ], [ 86.860652, 25.236271 ], [ 86.860964, 25.236236 ], [ 86.862213, 25.236054 ], [ 86.864512, 25.235744 ], [ 86.866135, 25.235523 ], [ 86.867036, 25.235406 ], [ 86.867895, 25.235285 ], [ 86.868322, 25.235218 ], [ 86.871514, 25.234786 ], [ 86.874623, 25.234361 ], [ 86.876635, 25.234087 ], [ 86.879821, 25.233646 ], [ 86.881885, 25.233348 ] ] ] } },
{ "type": "Feature", "properties": { "ID": "150129385", "TRK_NME": null, "FTR_CRY": "BG", "CITY_NME": "Sultanganj", "STT_NME": "Bihar", "SHAPE_Leng": "0.041187717693808" }, "geometry": { "type": "MultiLineString", "coordinates": [ [ [ 86.715869, 25.239761 ], [ 86.716164, 25.239785 ], [ 86.716761, 25.239829 ], [ 86.718238, 25.239964 ], [ 86.719982, 25.240122 ], [ 86.720799, 25.240194 ], [ 86.72235, 25.240336 ], [ 86.725742, 25.240643 ], [ 86.729937, 25.241013 ], [ 86.733384, 25.241309 ], [ 86.740313, 25.24195 ], [ 86.74391, 25.242272 ], [ 86.755072, 25.243283 ], [ 86.756892, 25.243439 ] ] ] } },
{ "type": "Feature", "properties": { "ID": "150113159", "TRK_NME": null, "FTR_CRY": "BG", "CITY_NME": null, "STT_NME": "Bihar", "SHAPE_Leng": "0.005327413352505" }, "geometry": { "type": "MultiLineString", "coordinates": [ [ [ 87.121264, 25.387323 ], [ 87.120757, 25.387044 ], [ 87.120618, 25.386962 ], [ 87.119755, 25.386551 ], [ 87.118152, 25.385797 ], [ 87.117792, 25.385655 ], [ 87.117516, 25.38555 ], [ 87.116395, 25.385189 ] ] ] } },
{ "type": "Feature", "properties": { "ID": "150113220", "TRK_NME": null, "FTR_CRY": "BG", "CITY_NME": null, "STT_NME": "Bihar", "SHAPE_Leng": "0.050052451077556" }, "geometry": { "type": "MultiLineString", "coordinates": [ [ [ 87.16704, 25.400828 ], [ 87.164741, 25.400893 ], [ 87.162051, 25.400974 ], [ 87.159392, 25.401042 ], [ 87.157187, 25.4011 ], [ 87.15398, 25.401179 ], [ 87.152018, 25.401236 ], [ 87.149573, 25.401301 ], [ 87.146084, 25.401393 ], [ 87.145092, 25.401393 ], [ 87.144415, 25.401352 ], [ 87.143954, 25.401298 ], [ 87.142594, 25.401095 ], [ 87.142328, 25.401041 ], [ 87.142051, 25.400979 ], [ 87.140208, 25.400437 ], [ 87.139632, 25.400215 ], [ 87.137958, 25.399437 ], [ 87.136971, 25.398861 ], [ 87.136446, 25.39854 ], [ 87.132539, 25.395686 ], [ 87.131706, 25.395052 ], [ 87.130564, 25.394195 ], [ 87.129032, 25.393023 ], [ 87.126929, 25.391434 ], [ 87.124797, 25.389823 ], [ 87.124076, 25.389275 ], [ 87.123581, 25.388902 ], [ 87.122649, 25.388199 ], [ 87.122513, 25.388107 ], [ 87.121264, 25.387323 ] ] ] } },
{ "type": "Feature", "properties": { "ID": "150113338", "TRK_NME": "Bhagalpur to Dumka Railway Track", "FTR_CRY": "BG", "CITY_NME": null, "STT_NME": "Bihar", "SHAPE_Leng": "0.002709003782349" }, "geometry": { "type": "MultiLineString", "coordinates": [ [ [ 86.98708, 25.13758 ], [ 86.987346, 25.136309 ], [ 86.987623, 25.134926 ] ] ] } },
{ "type": "Feature", "properties": { "ID": "150113339", "TRK_NME": "Bhagalpur to Dumka Railway Track", "FTR_CRY": "BG", "CITY_NME": null, "STT_NME": "Bihar", "SHAPE_Leng": "0.031911484088094" }, "geometry": { "type": "MultiLineString", "coordinates": [ [ [ 86.987269, 25.178621 ], [ 86.987202, 25.177865 ], [ 86.987032, 25.176031 ], [ 86.986909, 25.174492 ], [ 86.986827, 25.173521 ], [ 86.986422, 25.168835 ], [ 86.986064, 25.164684 ], [ 86.985979, 25.163633 ], [ 86.985882, 25.162785 ], [ 86.985694, 25.160495 ], [ 86.98552, 25.158469 ], [ 86.985375, 25.156845 ], [ 86.985141, 25.154066 ], [ 86.984999, 25.152453 ], [ 86.9849, 25.151309 ], [ 86.984856, 25.150721 ], [ 86.984841, 25.150232 ], [ 86.984842, 25.149613 ], [ 86.984861, 25.149121 ], [ 86.984902, 25.148689 ], [ 86.984976, 25.148001 ], [ 86.985054, 25.147565 ], [ 86.985194, 25.146841 ] ] ] } },
{ "type": "Feature", "properties": { "ID": "150113183", "TRK_NME": "Bhagalpur to Dumka Railway Track", "FTR_CRY": "BG", "CITY_NME": null, "STT_NME": "Bihar", "SHAPE_Leng": "0.003080406628995" }, "geometry": { "type": "MultiLineString", "coordinates": [ [ [ 86.986468, 25.140599 ], [ 86.98708, 25.13758 ] ] ] } },
{ "type": "Feature", "properties": { "ID": "150129370", "TRK_NME": "Bhagalpur to Dumka Railway Track", "FTR_CRY": "BG", "CITY_NME": null, "STT_NME": "Bihar", "SHAPE_Leng": "0.001309767154895" }, "geometry": { "type": "MultiLineString", "coordinates": [ [ [ 86.985194, 25.146841 ], [ 86.985467, 25.14556 ] ] ] } },
{ "type": "Feature", "properties": { "ID": "150129371", "TRK_NME": "Bhagalpur to Dumka Railway Track", "FTR_CRY": "BG", "CITY_NME": "Puraini", "STT_NME": "Bihar", "SHAPE_Leng": "0.005061157220644" }, "geometry": { "type": "MultiLineString", "coordinates": [ [ [ 86.985467, 25.14556 ], [ 86.985651, 25.144637 ], [ 86.98589, 25.143505 ], [ 86.986041, 25.142772 ], [ 86.986299, 25.141511 ], [ 86.986468, 25.140599 ] ] ] } },
{ "type": "Feature", "properties": { "ID": "150113181", "TRK_NME": null, "FTR_CRY": "BG", "CITY_NME": null, "STT_NME": "Bihar", "SHAPE_Leng": "0.007362368808899" }, "geometry": { "type": "MultiLineString", "coordinates": [ [ [ 87.056337, 25.232002 ], [ 87.058238, 25.23081 ], [ 87.061075, 25.229084 ], [ 87.061893, 25.22863 ], [ 87.062334, 25.22841 ], [ 87.062665, 25.228246 ] ] ] } },
{ "type": "Feature", "properties": { "ID": "150129376", "TRK_NME": null, "FTR_CRY": "BG", "CITY_NME": "Bhagalpur", "STT_NME": "Bihar", "SHAPE_Leng": "0.023611081540534" }, "geometry": { "type": "MultiLineString", "coordinates": [ [ [ 87.035589, 25.242877 ], [ 87.0363, 25.24276 ], [ 87.036982, 25.242628 ], [ 87.037566, 25.242493 ], [ 87.038232, 25.242331 ], [ 87.038738, 25.242173 ], [ 87.039394, 25.241959 ], [ 87.039877, 25.241794 ], [ 87.040471, 25.241571 ], [ 87.041169, 25.241266 ], [ 87.041929, 25.240925 ], [ 87.042454, 25.240655 ], [ 87.042899, 25.240423 ], [ 87.043399, 25.240139 ], [ 87.045049, 25.2391 ], [ 87.047271, 25.237708 ], [ 87.051189, 25.235232 ], [ 87.0542, 25.233341 ], [ 87.056337, 25.232002 ] ] ] } },
{ "type": "Feature", "properties": { "ID": "150113030", "TRK_NME": null, "FTR_CRY": "BG", "CITY_NME": null, "STT_NME": "Bihar", "SHAPE_Leng": "0.006776726104234" }, "geometry": { "type": "MultiLineString", "coordinates": [ [ [ 86.989773, 25.219402 ], [ 86.990099, 25.217793 ], [ 86.990148, 25.217517 ], [ 86.990194, 25.217203 ], [ 86.990249, 25.216775 ], [ 86.990291, 25.216346 ], [ 86.990317, 25.216035 ], [ 86.990334, 25.215608 ], [ 86.99034, 25.215353 ], [ 86.990347, 25.215017 ], [ 86.990333, 25.214696 ], [ 86.990309, 25.214118 ], [ 86.990268, 25.213623 ], [ 86.990184, 25.212679 ] ] ] } },
{ "type": "Feature", "properties": { "ID": "150129467", "TRK_NME": null, "FTR_CRY": "BG", "CITY_NME": "Bhagalpur", "STT_NME": "Bihar", "SHAPE_Leng": "0.03693130125186" }, "geometry": { "type": "MultiLineString", "coordinates": [ [ [ 86.969179, 25.240583 ], [ 86.970141, 25.240606 ], [ 86.970807, 25.240645 ], [ 86.971084, 25.240688 ], [ 86.971475, 25.240764 ], [ 86.973615, 25.241138 ], [ 86.974654, 25.241369 ], [ 86.975792, 25.24158 ], [ 86.976672, 25.24175 ], [ 86.976984, 25.24183 ], [ 86.977308, 25.241909 ], [ 86.97781, 25.241973 ], [ 86.978324, 25.242014 ], [ 86.978656, 25.242032 ], [ 86.978938, 25.242024 ], [ 86.979197, 25.241993 ], [ 86.979515, 25.241948 ], [ 86.979809, 25.241903 ], [ 86.980184, 25.241811 ], [ 86.980526, 25.241695 ], [ 86.980785, 25.241599 ], [ 86.981127, 25.241464 ], [ 86.981692, 25.24119 ], [ 86.981997, 25.241022 ], [ 86.982503, 25.240724 ], [ 86.982901, 25.240485 ], [ 86.983262, 25.240258 ], [ 86.983704, 25.239945 ], [ 86.984016, 25.239694 ], [ 86.984381, 25.239325 ], [ 86.984632, 25.239065 ], [ 86.984799, 25.238879 ], [ 86.985043, 25.238615 ], [ 86.985374, 25.2381 ], [ 86.985547, 25.23781 ], [ 86.985824, 25.237337 ], [ 86.985984, 25.236984 ], [ 86.986146, 25.236601 ], [ 86.986257, 25.236305 ], [ 86.986345, 25.236025 ], [ 86.986488, 25.235405 ], [ 86.986705, 25.234315 ], [ 86.986869, 25.23353 ], [ 86.987036, 25.232732 ], [ 86.9873, 25.231526 ], [ 86.987544, 25.230322 ], [ 86.987774, 25.229153 ], [ 86.988034, 25.227914 ], [ 86.988396, 25.226128 ], [ 86.988774, 25.224332 ], [ 86.989109, 25.222618 ], [ 86.98946, 25.220929 ], [ 86.989719, 25.21967 ], [ 86.989773, 25.219402 ] ] ] } },
{ "type": "Feature", "properties": { "ID": "150132248", "TRK_NME": null, "FTR_CRY": "BG", "CITY_NME": "Bhagalpur", "STT_NME": "Bihar", "SHAPE_Leng": "0.112699868015011" }, "geometry": { "type": "MultiLineString", "coordinates": [ [ [ 86.923511, 25.23706 ], [ 86.924794, 25.2371 ], [ 86.92511, 25.23711 ], [ 86.925551, 25.23711 ], [ 86.926086, 25.237106 ], [ 86.927029, 25.237076 ], [ 86.930409, 25.236863 ], [ 86.932098, 25.236753 ], [ 86.934578, 25.2366 ], [ 86.937094, 25.236449 ], [ 86.94032, 25.236267 ], [ 86.941784, 25.2362 ], [ 86.943377, 25.236122 ], [ 86.944251, 25.236098 ], [ 86.944878, 25.236116 ], [ 86.945471, 25.236135 ], [ 86.946081, 25.236164 ], [ 86.946761, 25.236233 ], [ 86.947234, 25.236309 ], [ 86.947968, 25.236425 ], [ 86.948429, 25.236505 ], [ 86.948982, 25.236632 ], [ 86.949681, 25.236781 ], [ 86.95017, 25.23691 ], [ 86.950696, 25.237056 ], [ 86.951235, 25.237223 ], [ 86.951551, 25.237311 ], [ 86.951832, 25.237383 ], [ 86.952368, 25.237506 ], [ 86.952998, 25.237657 ], [ 86.95369, 25.237794 ], [ 86.954701, 25.238036 ], [ 86.955635, 25.238226 ], [ 86.956652, 25.238398 ], [ 86.958729, 25.23874 ], [ 86.960099, 25.238985 ], [ 86.961594, 25.239241 ], [ 86.963467, 25.239591 ], [ 86.964164, 25.239703 ], [ 86.965417, 25.239935 ], [ 86.967537, 25.240307 ], [ 86.969179, 25.240583 ], [ 86.970275, 25.240716 ], [ 86.972064, 25.241048 ], [ 86.975373, 25.241613 ], [ 86.977152, 25.241954 ], [ 86.97812, 25.242091 ], [ 86.978984, 25.242175 ], [ 86.979683, 25.242232 ], [ 86.981296, 25.24229 ], [ 86.982686, 25.242318 ], [ 86.983595, 25.242337 ], [ 86.986871, 25.242413 ], [ 86.9896, 25.242466 ], [ 86.992807, 25.242536 ], [ 86.994332, 25.242537 ], [ 86.997676, 25.242595 ], [ 87.000172, 25.242626 ], [ 87.003314, 25.24267 ], [ 87.00557, 25.242709 ], [ 87.009034, 25.242756 ], [ 87.012039, 25.2428 ], [ 87.015259, 25.24285 ], [ 87.018083, 25.242902 ], [ 87.018256, 25.242897 ], [ 87.020716, 25.242935 ], [ 87.023164, 25.242953 ], [ 87.027335, 25.243038 ], [ 87.029305, 25.243062 ], [ 87.032415, 25.243094 ], [ 87.033152, 25.243077 ], [ 87.033648, 25.243062 ], [ 87.034479, 25.243021 ], [ 87.03493, 25.242965 ], [ 87.035332, 25.242934 ], [ 87.035589, 25.242877 ] ] ] } },
{ "type": "Feature", "properties": { "ID": "150113173", "TRK_NME": "Bhagalpur to Dumka Railway Track", "FTR_CRY": "BG", "CITY_NME": null, "STT_NME": "Bihar", "SHAPE_Leng": "0.006112299951542" }, "geometry": { "type": "MultiLineString", "coordinates": [ [ [ 86.98779, 25.184711 ], [ 86.987682, 25.183389 ], [ 86.987466, 25.181012 ], [ 86.987269, 25.178621 ] ] ] } },
{ "type": "Feature", "properties": { "ID": "150113288", "TRK_NME": "Kiul to Bhagalpur", "FTR_CRY": "BG", "CITY_NME": null, "STT_NME": "Bihar", "SHAPE_Leng": "0.120840582736066" }, "geometry": { "type": "MultiLineString", "coordinates": [ [ [ 87.099996, 25.221156 ], [ 87.102217, 25.219709 ], [ 87.103806, 25.218765 ], [ 87.105275, 25.217978 ], [ 87.106616, 25.2172 ], [ 87.107771, 25.216617 ], [ 87.109579, 25.215747 ], [ 87.111421, 25.21499 ], [ 87.113373, 25.214291 ], [ 87.115833, 25.21354 ], [ 87.11884, 25.212863 ], [ 87.122543, 25.212203 ], [ 87.12467, 25.211843 ], [ 87.130407, 25.210766 ], [ 87.131621, 25.210562 ], [ 87.13269, 25.210366 ], [ 87.134155, 25.210103 ], [ 87.136697, 25.209635 ], [ 87.1381, 25.209381 ], [ 87.140447, 25.208977 ], [ 87.141763, 25.208709 ], [ 87.143824, 25.20843 ], [ 87.144919, 25.208291 ], [ 87.146434, 25.208199 ], [ 87.148674, 25.208152 ], [ 87.150734, 25.208252 ], [ 87.152736, 25.208474 ], [ 87.154388, 25.208743 ], [ 87.156199, 25.209104 ], [ 87.159754, 25.210083 ], [ 87.163174, 25.210998 ], [ 87.168218, 25.212416 ], [ 87.173824, 25.213989 ], [ 87.18838, 25.21812 ], [ 87.193556, 25.219424 ], [ 87.203806, 25.222314 ], [ 87.206827, 25.223396 ], [ 87.208408, 25.224079 ], [ 87.209845, 25.224884 ], [ 87.211074, 25.22556 ], [ 87.212676, 25.226575 ], [ 87.214998, 25.228449 ] ] ] } },
{ "type": "Feature", "properties": { "ID": "150113105", "TRK_NME": null, "FTR_CRY": "BG", "CITY_NME": null, "STT_NME": "Bihar", "SHAPE_Leng": "0.038232365026067" }, "geometry": { "type": "MultiLineString", "coordinates": [ [ [ 87.062665, 25.228246 ], [ 87.066446, 25.226681 ], [ 87.068432, 25.226059 ], [ 87.069908, 25.225683 ], [ 87.070813, 25.225469 ], [ 87.071574, 25.225318 ], [ 87.072428, 25.225177 ], [ 87.073142, 25.225072 ], [ 87.074109, 25.224937 ], [ 87.074937, 25.224843 ], [ 87.076677, 25.224652 ], [ 87.077926, 25.224517 ], [ 87.080929, 25.224177 ], [ 87.083051, 25.223931 ], [ 87.084947, 25.223716 ], [ 87.087456, 25.223435 ], [ 87.088819, 25.223288 ], [ 87.091997, 25.222919 ], [ 87.092984, 25.222798 ], [ 87.095814, 25.222487 ], [ 87.096628, 25.222385 ], [ 87.097295, 25.222246 ], [ 87.097717, 25.222122 ], [ 87.098096, 25.222003 ], [ 87.098453, 25.221864 ], [ 87.098825, 25.221717 ], [ 87.099204, 25.22157 ], [ 87.099506, 25.221441 ], [ 87.099996, 25.221156 ] ] ] } },
{ "type": "Feature", "properties": { "ID": "150132249", "TRK_NME": "Bhagalpur to Dumka Railway Track", "FTR_CRY": "BG", "CITY_NME": null, "STT_NME": "Bihar", "SHAPE_Leng": "0.001248766191073" }, "geometry": { "type": "MultiLineString", "coordinates": [ [ [ 86.990184, 25.212679 ], [ 86.990075, 25.211435 ] ] ] } },
{ "type": "Feature", "properties": { "ID": "150132250", "TRK_NME": "Bhagalpur to Dumka Railway Track", "FTR_CRY": "BG", "CITY_NME": "Habibpur", "STT_NME": "Bihar", "SHAPE_Leng": "0.026822252695578" }, "geometry": { "type": "MultiLineString", "coordinates": [ [ [ 86.990075, 25.211435 ], [ 86.990058, 25.211237 ], [ 86.989934, 25.209742 ], [ 86.989831, 25.208553 ], [ 86.989723, 25.207447 ], [ 86.989623, 25.206107 ], [ 86.989531, 25.205319 ], [ 86.989377, 25.203286 ], [ 86.989266, 25.201953 ], [ 86.989153, 25.200655 ], [ 86.989026, 25.199187 ], [ 86.988923, 25.197986 ], [ 86.988806, 25.196641 ], [ 86.988666, 25.195017 ], [ 86.988546, 25.193608 ], [ 86.988423, 25.192213 ], [ 86.988277, 25.190431 ], [ 86.988181, 25.189411 ], [ 86.988099, 25.188388 ], [ 86.988018, 25.187422 ], [ 86.987997, 25.187181 ], [ 86.987904, 25.186133 ], [ 86.987849, 25.185443 ], [ 86.98779, 25.184711 ] ] ] } },
{ "type": "Feature", "properties": { "ID": "150113029", "TRK_NME": null, "FTR_CRY": "BG", "CITY_NME": "Bhagalpur", "STT_NME": "Bihar", "SHAPE_Leng": "0.019105735707521" }, "geometry": { "type": "MultiLineString", "coordinates": [ [ [ 86.969179, 25.240583 ], [ 86.969668, 25.240745 ], [ 86.97021, 25.240847 ], [ 86.972042, 25.241173 ], [ 86.974193, 25.241545 ], [ 86.97495, 25.241606 ], [ 86.975604, 25.241715 ], [ 86.976196, 25.241836 ], [ 86.976802, 25.241988 ], [ 86.977522, 25.242227 ], [ 86.978018, 25.242309 ], [ 86.978941, 25.242388 ], [ 86.979977, 25.242445 ], [ 86.981184, 25.242527 ], [ 86.981654, 25.242503 ], [ 86.982169, 25.242466 ], [ 86.982755, 25.242458 ], [ 86.983346, 25.242485 ], [ 86.983902, 25.242552 ], [ 86.984203, 25.242622 ], [ 86.984614, 25.242734 ], [ 86.984858, 25.242839 ], [ 86.985107, 25.242941 ], [ 86.985501, 25.243158 ], [ 86.985814, 25.243338 ], [ 86.986139, 25.243595 ], [ 86.986512, 25.243936 ], [ 86.986741, 25.24419 ], [ 86.986889, 25.244406 ], [ 86.987027, 25.244652 ], [ 86.987153, 25.244922 ] ] ] } },
{ "type": "Feature", "properties": { "ID": "150164616", "TRK_NME": null, "FTR_CRY": "BG", "CITY_NME": null, "STT_NME": "Bihar", "SHAPE_Leng": "0.044005042374641" }, "geometry": { "type": "MultiLineString", "coordinates": [ [ [ 87.297112, 25.173263 ], [ 87.296653, 25.174489 ], [ 87.296397, 25.175186 ], [ 87.295938, 25.176443 ], [ 87.295345, 25.178123 ], [ 87.295034, 25.178976 ], [ 87.294549, 25.180276 ], [ 87.294073, 25.181666 ], [ 87.293726, 25.182582 ], [ 87.293324, 25.183659 ], [ 87.292679, 25.185468 ], [ 87.291943, 25.187497 ], [ 87.291354, 25.189145 ], [ 87.290982, 25.190175 ], [ 87.290536, 25.191428 ], [ 87.290307, 25.192192 ], [ 87.29019, 25.192814 ], [ 87.290138, 25.193229 ], [ 87.290103, 25.193832 ], [ 87.290081, 25.194995 ], [ 87.290072, 25.196726 ], [ 87.290028, 25.199416 ], [ 87.290002, 25.201738 ], [ 87.289972, 25.203876 ], [ 87.28998, 25.205697 ], [ 87.289954, 25.207068 ], [ 87.289897, 25.207604 ], [ 87.289832, 25.208004 ], [ 87.289646, 25.20863 ], [ 87.289317, 25.209547 ], [ 87.288672, 25.211379 ], [ 87.288101, 25.213051 ], [ 87.287512, 25.214684 ], [ 87.287174, 25.215603 ] ] ] } },
{ "type": "Feature", "properties": { "ID": "150129400", "TRK_NME": null, "FTR_CRY": "BG", "CITY_NME": null, "STT_NME": "Bihar", "SHAPE_Leng": "0.001607988310582" }, "geometry": { "type": "MultiLineString", "coordinates": [ [ [ 87.084564, 25.385281 ], [ 87.084189, 25.38534 ], [ 87.082964, 25.385431 ] ] ] } },
{ "type": "Feature", "properties": { "ID": "150129401", "TRK_NME": null, "FTR_CRY": "BG", "CITY_NME": "Naugachhia", "STT_NME": "Bihar", "SHAPE_Leng": "0.031983367566324" }, "geometry": { "type": "MultiLineString", "coordinates": [ [ [ 87.116395, 25.385189 ], [ 87.115196, 25.38484 ], [ 87.114787, 25.384733 ], [ 87.114425, 25.384645 ], [ 87.112818, 25.38434 ], [ 87.112242, 25.384256 ], [ 87.110369, 25.384069 ], [ 87.110011, 25.384051 ], [ 87.109525, 25.384037 ], [ 87.106785, 25.384115 ], [ 87.10509, 25.38419 ], [ 87.102397, 25.384256 ], [ 87.10069, 25.38434 ], [ 87.098815, 25.384449 ], [ 87.097749, 25.384491 ], [ 87.095589, 25.384621 ], [ 87.091568, 25.384857 ], [ 87.088836, 25.385001 ], [ 87.086902, 25.385111 ], [ 87.084564, 25.385281 ] ] ] } },
{ "type": "Feature", "properties": { "ID": "150113221", "TRK_NME": null, "FTR_CRY": "BG", "CITY_NME": null, "STT_NME": "Bihar", "SHAPE_Leng": "0.037725777774778" }, "geometry": { "type": "MultiLineString", "coordinates": [ [ [ 87.082964, 25.385431 ], [ 87.08011, 25.385584 ], [ 87.077064, 25.38576 ], [ 87.074523, 25.385904 ], [ 87.071025, 25.386092 ], [ 87.06768, 25.386288 ], [ 87.065941, 25.386398 ], [ 87.061247, 25.386661 ], [ 87.058394, 25.386815 ], [ 87.05533, 25.386984 ], [ 87.052196, 25.387135 ], [ 87.050728, 25.38722 ], [ 87.047077, 25.38742 ], [ 87.045297, 25.387532 ] ] ] } },
{ "type": "Feature", "properties": { "ID": "150113212", "TRK_NME": "Bhagalpur to Dumka Railway Track", "FTR_CRY": "BG", "CITY_NME": null, "STT_NME": "Bihar", "SHAPE_Leng": "0.437884587311806" }, "geometry": { "type": "MultiLineString", "coordinates": [ [ [ 86.987623, 25.134926 ], [ 86.988034, 25.13296 ], [ 86.988237, 25.131916 ], [ 86.988776, 25.129346 ], [ 86.98938, 25.126443 ], [ 86.989891, 25.123905 ], [ 86.990152, 25.122657 ], [ 86.990475, 25.120984 ], [ 86.991113, 25.117985 ], [ 86.9916, 25.115558 ], [ 86.992878, 25.109275 ], [ 86.99311, 25.10819 ], [ 86.993523, 25.106164 ], [ 86.994725, 25.100282 ], [ 86.995368, 25.097212 ], [ 86.995893, 25.094638 ], [ 86.99672, 25.090611 ], [ 86.997256, 25.087936 ], [ 86.997489, 25.0868 ], [ 86.997737, 25.085599 ], [ 86.997967, 25.084396 ], [ 86.99822, 25.08323 ], [ 86.998534, 25.081657 ], [ 86.998713, 25.080846 ], [ 86.998916, 25.079874 ], [ 86.999059, 25.079119 ], [ 86.99925, 25.078183 ], [ 86.999431, 25.077221 ], [ 86.99968, 25.076098 ], [ 86.999933, 25.074818 ], [ 87.000091, 25.073986 ], [ 87.00029, 25.073063 ], [ 87.00052, 25.072001 ], [ 87.000684, 25.07118 ], [ 87.000803, 25.070513 ], [ 87.000898, 25.069734 ], [ 87.00097, 25.069058 ], [ 87.000978, 25.068493 ], [ 87.000976, 25.068054 ], [ 87.000929, 25.067092 ], [ 87.000857, 25.066193 ], [ 87.000745, 25.065035 ], [ 87.000632, 25.06382 ], [ 87.000539, 25.062603 ], [ 87.000353, 25.060471 ], [ 87.000232, 25.059018 ], [ 87.000042, 25.056915 ], [ 86.999899, 25.055195 ], [ 86.999663, 25.052427 ], [ 86.999477, 25.05023 ], [ 86.999367, 25.048898 ], [ 86.999278, 25.047743 ], [ 86.999163, 25.046326 ], [ 86.999033, 25.044943 ], [ 86.998947, 25.043941 ], [ 86.998826, 25.042575 ], [ 86.998722, 25.041303 ], [ 86.998527, 25.039095 ], [ 86.998441, 25.038007 ], [ 86.9983, 25.03627 ], [ 86.998218, 25.035263 ], [ 86.998112, 25.034182 ], [ 86.997988, 25.03298 ], [ 86.997869, 25.032059 ], [ 86.997679, 25.031031 ], [ 86.997478, 25.029951 ], [ 86.997296, 25.028981 ], [ 86.997088, 25.027847 ], [ 86.996928, 25.026941 ], [ 86.996751, 25.025977 ], [ 86.99658, 25.025079 ], [ 86.996387, 25.024118 ], [ 86.996089, 25.022557 ], [ 86.995797, 25.020991 ], [ 86.995472, 25.019273 ], [ 86.994962, 25.016558 ], [ 86.994804, 25.015717 ], [ 86.994561, 25.014468 ], [ 86.994302, 25.013019 ], [ 86.994109, 25.01197 ], [ 86.993841, 25.010531 ], [ 86.993506, 25.008805 ], [ 86.993173, 25.006902 ], [ 86.993059, 25.00621 ], [ 86.992955, 25.005506 ], [ 86.99289, 25.004918 ], [ 86.992806, 25.003942 ], [ 86.992769, 25.003259 ], [ 86.992752, 25.002493 ], [ 86.99276, 25.001407 ], [ 86.992791, 25.000477 ], [ 86.992834, 24.999873 ], [ 86.992888, 24.999228 ], [ 86.99294, 24.99876 ], [ 86.993009, 24.998232 ], [ 86.993111, 24.997518 ], [ 86.993234, 24.996804 ], [ 86.993376, 24.996047 ], [ 86.993504, 24.995502 ], [ 86.993854, 24.994096 ], [ 86.994233, 24.992566 ], [ 86.994994, 24.989462 ], [ 86.995214, 24.98861 ], [ 86.995542, 24.98736 ], [ 86.996002, 24.985415 ], [ 86.997264, 24.980264 ], [ 86.997429, 24.979562 ], [ 86.997658, 24.978626 ], [ 86.997949, 24.977472 ], [ 86.998211, 24.976443 ], [ 86.998687, 24.974472 ], [ 86.999372, 24.971714 ], [ 87.000755, 24.966096 ], [ 87.000976, 24.965231 ], [ 87.002622, 24.958576 ], [ 87.003065, 24.956776 ], [ 87.003543, 24.954731 ], [ 87.004152, 24.952322 ], [ 87.004423, 24.951327 ], [ 87.006586, 24.942547 ], [ 87.007164, 24.940182 ], [ 87.007521, 24.938758 ], [ 87.008601, 24.934339 ], [ 87.008781, 24.933425 ], [ 87.008842, 24.933102 ], [ 87.009253, 24.929762 ], [ 87.009333, 24.929178 ], [ 87.009413, 24.928379 ], [ 87.009463, 24.927877 ], [ 87.009543, 24.927312 ], [ 87.009671, 24.926331 ], [ 87.009856, 24.924752 ], [ 87.009937, 24.923853 ], [ 87.010203, 24.921457 ], [ 87.010717, 24.917091 ], [ 87.010835, 24.916002 ], [ 87.011004, 24.914506 ], [ 87.011397, 24.910601 ], [ 87.01245, 24.901058 ], [ 87.012788, 24.898193 ], [ 87.013117, 24.895179 ], [ 87.013229, 24.894077 ], [ 87.013374, 24.892682 ], [ 87.013549, 24.891071 ], [ 87.01362, 24.890007 ], [ 87.013685, 24.888376 ], [ 87.013685, 24.887522 ], [ 87.013665, 24.885881 ], [ 87.01368, 24.884623 ], [ 87.013671, 24.883819 ], [ 87.013682, 24.882433 ], [ 87.013704, 24.881155 ], [ 87.01373, 24.879746 ], [ 87.01381, 24.865159 ], [ 87.013821, 24.863893 ], [ 87.01383, 24.861223 ], [ 87.013874, 24.860116 ], [ 87.013919, 24.859564 ], [ 87.013971, 24.859103 ], [ 87.014045, 24.858595 ], [ 87.014149, 24.858086 ], [ 87.014277, 24.85745 ], [ 87.014335, 24.857211 ], [ 87.014421, 24.856936 ], [ 87.014835, 24.855752 ], [ 87.015359, 24.854362 ], [ 87.015865, 24.853082 ], [ 87.016443, 24.851561 ], [ 87.016817, 24.850589 ], [ 87.017142, 24.849714 ], [ 87.017287, 24.849363 ], [ 87.017675, 24.848251 ], [ 87.017716, 24.848096 ], [ 87.017768, 24.847857 ], [ 87.017891, 24.847256 ], [ 87.018129, 24.84598 ], [ 87.018597, 24.843187 ], [ 87.018846, 24.841711 ], [ 87.019506, 24.837669 ], [ 87.019989, 24.834819 ], [ 87.020364, 24.832484 ], [ 87.020682, 24.830573 ], [ 87.020929, 24.829032 ], [ 87.021301, 24.82685 ], [ 87.021751, 24.824192 ], [ 87.021968, 24.82272 ], [ 87.022149, 24.821601 ], [ 87.02237, 24.820776 ], [ 87.023081, 24.818162 ], [ 87.023453, 24.816733 ], [ 87.023752, 24.815716 ], [ 87.024253, 24.813801 ], [ 87.024694, 24.812245 ], [ 87.025076, 24.810807 ], [ 87.025795, 24.808114 ], [ 87.025943, 24.807412 ], [ 87.026112, 24.806753 ], [ 87.026359, 24.805889 ], [ 87.026655, 24.804721 ], [ 87.026967, 24.803673 ], [ 87.027202, 24.802709 ], [ 87.027655, 24.800931 ], [ 87.027992, 24.799666 ], [ 87.02836, 24.798353 ], [ 87.028629, 24.797248 ], [ 87.029118, 24.795413 ], [ 87.029423, 24.79424 ], [ 87.029672, 24.793265 ], [ 87.029852, 24.792695 ], [ 87.030112, 24.792016 ], [ 87.030312, 24.791519 ], [ 87.030477, 24.79122 ], [ 87.030883, 24.790507 ], [ 87.03251, 24.78822 ], [ 87.034749, 24.785084 ], [ 87.035307, 24.784259 ], [ 87.035755, 24.783703 ], [ 87.036354, 24.782899 ], [ 87.036927, 24.78206 ], [ 87.037597, 24.781099 ], [ 87.038225, 24.780184 ], [ 87.039079, 24.778983 ], [ 87.03962, 24.778262 ], [ 87.040096, 24.777608 ], [ 87.040541, 24.776932 ], [ 87.041095, 24.776138 ], [ 87.041772, 24.775146 ], [ 87.042339, 24.774376 ], [ 87.042979, 24.773445 ], [ 87.043805, 24.77228 ], [ 87.044381, 24.771509 ], [ 87.045097, 24.770462 ], [ 87.045666, 24.769719 ], [ 87.046289, 24.768824 ], [ 87.046868, 24.76804 ], [ 87.047593, 24.76699 ], [ 87.047989, 24.766438 ], [ 87.048582, 24.76555 ], [ 87.049109, 24.764872 ], [ 87.049815, 24.763906 ], [ 87.050362, 24.763142 ], [ 87.050769, 24.762547 ], [ 87.051394, 24.761669 ], [ 87.051833, 24.761085 ], [ 87.052112, 24.760681 ], [ 87.053056, 24.759327 ], [ 87.053822, 24.758231 ], [ 87.054213, 24.757661 ], [ 87.054538, 24.757257 ], [ 87.055684, 24.75566 ], [ 87.056115, 24.755074 ], [ 87.056418, 24.754697 ], [ 87.05674, 24.754181 ], [ 87.057132, 24.753568 ], [ 87.05735, 24.753173 ], [ 87.057556, 24.752739 ], [ 87.057727, 24.752305 ], [ 87.057882, 24.751936 ], [ 87.057997, 24.751556 ], [ 87.058172, 24.750871 ], [ 87.058309, 24.750244 ], [ 87.058382, 24.749954 ], [ 87.058467, 24.749694 ], [ 87.058599, 24.749307 ], [ 87.058821, 24.748408 ], [ 87.059237, 24.746762 ], [ 87.059576, 24.745424 ], [ 87.059934, 24.744021 ], [ 87.06023, 24.742782 ], [ 87.060538, 24.741507 ], [ 87.060823, 24.740424 ], [ 87.061157, 24.739043 ], [ 87.061518, 24.737682 ], [ 87.061976, 24.735877 ], [ 87.062368, 24.734268 ], [ 87.062485, 24.733868 ], [ 87.062636, 24.733494 ], [ 87.062797, 24.733154 ], [ 87.063045, 24.732677 ], [ 87.063296, 24.732229 ], [ 87.06369, 24.731655 ], [ 87.064302, 24.730894 ], [ 87.065074, 24.729953 ], [ 87.065715, 24.729159 ], [ 87.066327, 24.728314 ], [ 87.066777, 24.727746 ], [ 87.067458, 24.726922 ], [ 87.068429, 24.725707 ], [ 87.069628, 24.724064 ], [ 87.070108, 24.723357 ], [ 87.070569, 24.722643 ], [ 87.071218, 24.721519 ], [ 87.071763, 24.720491 ], [ 87.072245, 24.719512 ], [ 87.07255, 24.718765 ], [ 87.072716, 24.718354 ], [ 87.072933, 24.717784 ], [ 87.073194, 24.717157 ], [ 87.073581, 24.716019 ], [ 87.073625, 24.715898 ] ] ] } },
{ "type": "Feature", "properties": { "ID": "150164238", "TRK_NME": null, "FTR_CRY": "BG", "CITY_NME": null, "STT_NME": "Jharkhand", "SHAPE_Leng": "0.107613541499844" }, "geometry": { "type": "MultiLineString", "coordinates": [ [ [ 87.307169347748754, 25.145437931576243 ], [ 87.307119, 25.145585 ] ] ] } },
{ "type": "Feature", "properties": { "ID": "150113202", "TRK_NME": null, "FTR_CRY": "BG", "CITY_NME": null, "STT_NME": "Bihar", "SHAPE_Leng": "0.06962751973577" }, "geometry": { "type": "MultiLineString", "coordinates": [ [ [ 86.683101, 24.647749 ], [ 86.683114, 24.648445 ], [ 86.682993, 24.649551 ], [ 86.682763, 24.651379 ], [ 86.682551, 24.653047 ], [ 86.682166, 24.656366 ], [ 86.682097, 24.65696 ], [ 86.682068, 24.65746 ], [ 86.682093, 24.658246 ], [ 86.682149, 24.658855 ], [ 86.682279, 24.659402 ], [ 86.682443, 24.65994 ], [ 86.682633, 24.660522 ], [ 86.683006, 24.661446 ], [ 86.68399, 24.663851 ], [ 86.685175, 24.666757 ], [ 86.686899, 24.671116 ], [ 86.689318, 24.677088 ], [ 86.690179, 24.6792 ], [ 86.690966, 24.681138 ], [ 86.692116, 24.683974 ], [ 86.693062, 24.686327 ], [ 86.693443, 24.68729 ], [ 86.693834, 24.68823 ], [ 86.694286, 24.689376 ], [ 86.695061, 24.691304 ], [ 86.695844, 24.693226 ], [ 86.697262, 24.696654 ], [ 86.698465, 24.699641 ], [ 86.699183, 24.70143 ], [ 86.700134, 24.703678 ], [ 86.700857, 24.705431 ], [ 86.701575, 24.707208 ], [ 86.701973, 24.708179 ], [ 86.70241, 24.709225 ], [ 86.703115, 24.710946 ], [ 86.703655, 24.71224 ], [ 86.703984, 24.713069 ] ] ] } },
{ "type": "Feature", "properties": { "ID": "150113415", "TRK_NME": null, "FTR_CRY": "BG", "CITY_NME": null, "STT_NME": "Bihar", "SHAPE_Leng": "0.091460977968093" }, "geometry": { "type": "MultiLineString", "coordinates": [ [ [ 86.925644, 24.911807 ], [ 86.926229, 24.91231 ], [ 86.926568, 24.912557 ], [ 86.926971, 24.912826 ], [ 86.927434, 24.913106 ], [ 86.92773, 24.913287 ], [ 86.928135, 24.913475 ], [ 86.928547, 24.913635 ], [ 86.928914, 24.913773 ], [ 86.929214, 24.913885 ], [ 86.929554, 24.913968 ], [ 86.929956, 24.914064 ], [ 86.930411, 24.914154 ], [ 86.930731, 24.914209 ], [ 86.931118, 24.914243 ], [ 86.931564, 24.914256 ], [ 86.931875, 24.91427 ], [ 86.932274, 24.914258 ], [ 86.932615, 24.914247 ], [ 86.932994, 24.914215 ], [ 86.933362, 24.914164 ], [ 86.933868, 24.914074 ], [ 86.934517, 24.913937 ], [ 86.935761, 24.913627 ], [ 86.936858, 24.913343 ], [ 86.938154, 24.912997 ], [ 86.939428, 24.912678 ], [ 86.940878, 24.912313 ], [ 86.941916, 24.912046 ], [ 86.943128, 24.911734 ], [ 86.944288, 24.911422 ], [ 86.945642, 24.911067 ], [ 86.949241, 24.910129 ], [ 86.954895, 24.908657 ], [ 86.956159, 24.908324 ], [ 86.956977, 24.908116 ], [ 86.958556, 24.907694 ], [ 86.959597, 24.907416 ], [ 86.961092, 24.90702 ], [ 86.962957, 24.906527 ], [ 86.964506, 24.906123 ], [ 86.964964, 24.906023 ], [ 86.965395, 24.905941 ], [ 86.965741, 24.90588 ], [ 86.966159, 24.905839 ], [ 86.96668, 24.905821 ], [ 86.967904, 24.905789 ], [ 86.972061, 24.905734 ], [ 86.973443, 24.905716 ], [ 86.976388, 24.905677 ], [ 86.977258, 24.905675 ], [ 86.978004, 24.905718 ], [ 86.979265, 24.905791 ], [ 86.98054, 24.905889 ], [ 86.98293, 24.906035 ], [ 86.984631, 24.906137 ], [ 86.987874, 24.906359 ], [ 86.989594, 24.906451 ], [ 86.990505, 24.906527 ], [ 86.991373, 24.906573 ], [ 86.992022, 24.906636 ], [ 86.992448, 24.906689 ], [ 86.99515, 24.907178 ], [ 86.995669, 24.907266 ], [ 86.996215, 24.907331 ], [ 86.996433, 24.907359 ], [ 86.997125, 24.907381 ], [ 86.998674, 24.907453 ], [ 87.000967, 24.90756 ], [ 87.002657, 24.907611 ], [ 87.003587, 24.907664 ], [ 87.005301, 24.907774 ], [ 87.005872, 24.907831 ], [ 87.006243, 24.907881 ], [ 87.006577, 24.907941 ], [ 87.006975, 24.908024 ], [ 87.007329, 24.908113 ], [ 87.007553, 24.9082 ], [ 87.007668, 24.908258 ], [ 87.007947, 24.908413 ], [ 87.008196, 24.90855 ], [ 87.008512, 24.908753 ], [ 87.008752, 24.908925 ], [ 87.009053, 24.909151 ], [ 87.009421, 24.909493 ], [ 87.00978, 24.909866 ], [ 87.009933, 24.910057 ], [ 87.010084, 24.910269 ], [ 87.010209, 24.910476 ], [ 87.010349, 24.910717 ], [ 87.010453, 24.910931 ], [ 87.010619, 24.911311 ], [ 87.010721, 24.911602 ], [ 87.01081, 24.911898 ], [ 87.010875, 24.912228 ], [ 87.010905, 24.912593 ], [ 87.010948, 24.913988 ], [ 87.011004, 24.914506 ] ] ] } },
{ "type": "Feature", "properties": { "ID": "150113235", "TRK_NME": null, "FTR_CRY": "BG", "CITY_NME": null, "STT_NME": "Bihar", "SHAPE_Leng": "0.279921226628776" }, "geometry": { "type": "MultiLineString", "coordinates": [ [ [ 86.412378, 24.760041 ], [ 86.420507, 24.756677 ], [ 86.422289, 24.755945 ], [ 86.423215, 24.755553 ], [ 86.423979, 24.755243 ], [ 86.426007, 24.754371 ], [ 86.426928, 24.753999 ], [ 86.431091, 24.752258 ], [ 86.432384, 24.751728 ], [ 86.434013, 24.751043 ], [ 86.434918, 24.750691 ], [ 86.435571, 24.750481 ], [ 86.436108, 24.75033 ], [ 86.436618, 24.75022 ], [ 86.437231, 24.750102 ], [ 86.43804, 24.749957 ], [ 86.438635, 24.749862 ], [ 86.439292, 24.749733 ], [ 86.439881, 24.749603 ], [ 86.440208, 24.749513 ], [ 86.440465, 24.74942 ], [ 86.440723, 24.749316 ], [ 86.440969, 24.749222 ], [ 86.441523, 24.748957 ], [ 86.44199, 24.748692 ], [ 86.442369, 24.74846 ], [ 86.44265, 24.748259 ], [ 86.442914, 24.748069 ], [ 86.443113, 24.747892 ], [ 86.444026, 24.747095 ], [ 86.444433, 24.746761 ], [ 86.444719, 24.746558 ], [ 86.445169, 24.746266 ], [ 86.445543, 24.746063 ], [ 86.44606, 24.745837 ], [ 86.446506, 24.745653 ], [ 86.44675, 24.745574 ], [ 86.446915, 24.745527 ], [ 86.447137, 24.745466 ], [ 86.447505, 24.745376 ], [ 86.448678, 24.745117 ], [ 86.449413, 24.744975 ], [ 86.450902, 24.744657 ], [ 86.451973, 24.744429 ], [ 86.452793, 24.74428 ], [ 86.453433, 24.744144 ], [ 86.453935, 24.744062 ], [ 86.454353, 24.744009 ], [ 86.454673, 24.743987 ], [ 86.455153, 24.74396 ], [ 86.455359, 24.743965 ], [ 86.456106, 24.743972 ], [ 86.457192, 24.744008 ], [ 86.457867, 24.744016 ], [ 86.458737, 24.74401 ], [ 86.459218, 24.74397 ], [ 86.460628, 24.743858 ], [ 86.462272, 24.743729 ], [ 86.463804, 24.743603 ], [ 86.4651, 24.743523 ], [ 86.467372, 24.743346 ], [ 86.468629, 24.743244 ], [ 86.469518, 24.743179 ], [ 86.471407, 24.743018 ], [ 86.472034, 24.742994 ], [ 86.472562, 24.743016 ], [ 86.472915, 24.743053 ], [ 86.47335, 24.743098 ], [ 86.473767, 24.743155 ], [ 86.474308, 24.743263 ], [ 86.474827, 24.743397 ], [ 86.475273, 24.743546 ], [ 86.476119, 24.743892 ], [ 86.476822, 24.74412 ], [ 86.477335, 24.744241 ], [ 86.477921, 24.744328 ], [ 86.478371, 24.744383 ], [ 86.478797, 24.744426 ], [ 86.479411, 24.744426 ], [ 86.479723, 24.744402 ], [ 86.480038, 24.744378 ], [ 86.480334, 24.74434 ], [ 86.480691, 24.744271 ], [ 86.481236, 24.744142 ], [ 86.481571, 24.744045 ], [ 86.482041, 24.743882 ], [ 86.482497, 24.743693 ], [ 86.482783, 24.743552 ], [ 86.48322, 24.743331 ], [ 86.483637, 24.743057 ], [ 86.48396, 24.742831 ], [ 86.484645, 24.742313 ], [ 86.485245, 24.7419 ], [ 86.485807, 24.74157 ], [ 86.48614, 24.741423 ], [ 86.486532, 24.741269 ], [ 86.487082, 24.741089 ], [ 86.487614, 24.740943 ], [ 86.488111, 24.740839 ], [ 86.488486, 24.740782 ], [ 86.488819, 24.740749 ], [ 86.489312, 24.740725 ], [ 86.489738, 24.740712 ], [ 86.490625, 24.740747 ], [ 86.491902, 24.740804 ], [ 86.493165, 24.740884 ], [ 86.494624, 24.740965 ], [ 86.496238, 24.741097 ], [ 86.498592, 24.741216 ], [ 86.500128, 24.741295 ], [ 86.504574, 24.741578 ], [ 86.506599, 24.741698 ], [ 86.508252, 24.741818 ], [ 86.510296, 24.741929 ], [ 86.511594, 24.742008 ], [ 86.513083, 24.742077 ], [ 86.51828, 24.742411 ], [ 86.519426, 24.742456 ], [ 86.520675, 24.742426 ], [ 86.521852, 24.74233 ], [ 86.523035, 24.742218 ], [ 86.523942, 24.742079 ], [ 86.524751, 24.741926 ], [ 86.525275, 24.741798 ], [ 86.525887, 24.741619 ], [ 86.526538, 24.741407 ], [ 86.527079, 24.741175 ], [ 86.527557, 24.740906 ], [ 86.52828, 24.740468 ], [ 86.529264, 24.739739 ], [ 86.530149, 24.739034 ], [ 86.530718, 24.738588 ], [ 86.531244, 24.738156 ], [ 86.531939, 24.737488 ], [ 86.5323, 24.737079 ], [ 86.532603, 24.73669 ], [ 86.532856, 24.73638 ], [ 86.533047, 24.736113 ], [ 86.533263, 24.735765 ], [ 86.533559, 24.735245 ], [ 86.53393, 24.7345 ], [ 86.53428, 24.733653 ], [ 86.534843, 24.732248 ], [ 86.535925, 24.72969 ], [ 86.53667, 24.727865 ], [ 86.540582, 24.718496 ], [ 86.540869, 24.71781 ], [ 86.541306, 24.716772 ], [ 86.541427, 24.716371 ], [ 86.541823, 24.714936 ], [ 86.542685, 24.711522 ], [ 86.543124, 24.709832 ], [ 86.543258, 24.709411 ], [ 86.543406, 24.709035 ], [ 86.543592, 24.708597 ], [ 86.544008, 24.707814 ], [ 86.544384, 24.707236 ], [ 86.544579, 24.706947 ], [ 86.545066, 24.706348 ], [ 86.545434, 24.705945 ], [ 86.545994, 24.705359 ], [ 86.546533, 24.704825 ], [ 86.547552, 24.703787 ], [ 86.548394, 24.702918 ], [ 86.549335, 24.701999 ], [ 86.550205, 24.701114 ], [ 86.551001, 24.700354 ], [ 86.552392, 24.698954 ], [ 86.553272, 24.698069 ], [ 86.555396, 24.695933 ], [ 86.556631, 24.69468 ], [ 86.557216, 24.694102 ], [ 86.558179, 24.693131 ], [ 86.558928, 24.692364 ], [ 86.559754, 24.691566 ], [ 86.560399, 24.690916 ], [ 86.561602, 24.689701 ], [ 86.564095, 24.687203 ], [ 86.56588, 24.685399 ], [ 86.567386, 24.68388 ], [ 86.575155, 24.676057 ], [ 86.577869, 24.673302 ], [ 86.578398, 24.672763 ], [ 86.579612, 24.671547 ], [ 86.580606, 24.67055 ], [ 86.581289, 24.66987 ], [ 86.581741, 24.669386 ], [ 86.582344, 24.668711 ], [ 86.58267, 24.668311 ], [ 86.582924, 24.66797 ], [ 86.583439, 24.667224 ], [ 86.583869, 24.666553 ], [ 86.58515, 24.664597 ], [ 86.585819, 24.663524 ], [ 86.590399, 24.656277 ], [ 86.59092, 24.655473 ], [ 86.591801, 24.654091 ], [ 86.592745, 24.652585 ], [ 86.593876, 24.650779 ], [ 86.594302, 24.650105 ], [ 86.594951, 24.649084 ], [ 86.596459, 24.646723 ], [ 86.597915, 24.644424 ], [ 86.598646, 24.643279 ], [ 86.599457, 24.642013 ], [ 86.600295, 24.640688 ], [ 86.600854, 24.63982 ], [ 86.601734, 24.638405 ], [ 86.602344, 24.63741 ], [ 86.603028, 24.636376 ], [ 86.603627, 24.63542 ], [ 86.604159, 24.634543 ], [ 86.604637, 24.633825 ], [ 86.605022, 24.633182 ], [ 86.605256, 24.632796 ], [ 86.605453, 24.632458 ], [ 86.605617, 24.632106 ], [ 86.605807, 24.631661 ], [ 86.606002, 24.63116 ], [ 86.606123, 24.630818 ], [ 86.606234, 24.630493 ], [ 86.606331, 24.630139 ], [ 86.606418, 24.629764 ], [ 86.606472, 24.629526 ], [ 86.606502, 24.629309 ], [ 86.606599, 24.628642 ], [ 86.606617, 24.628408 ], [ 86.606677, 24.626945 ], [ 86.606766, 24.624984 ], [ 86.606883, 24.621722 ], [ 86.606926, 24.620689 ], [ 86.606969, 24.619731 ], [ 86.606993, 24.618915 ], [ 86.607028, 24.617812 ], [ 86.607084, 24.61658 ], [ 86.607123, 24.615511 ], [ 86.607181, 24.614118 ], [ 86.60724, 24.612814 ], [ 86.607292, 24.611428 ], [ 86.607352, 24.609909 ], [ 86.607418, 24.608164 ] ] ] } },
{ "type": "Feature", "properties": { "ID": "150113324", "TRK_NME": null, "FTR_CRY": "BG", "CITY_NME": null, "STT_NME": "Bihar", "SHAPE_Leng": "0.030533509871411" }, "geometry": { "type": "MultiLineString", "coordinates": [ [ [ 86.703984, 24.713069 ], [ 86.704996, 24.715494 ], [ 86.705667, 24.717133 ], [ 86.706238, 24.718529 ], [ 86.706982, 24.720376 ], [ 86.707906, 24.723154 ], [ 86.7087, 24.725545 ], [ 86.708877, 24.726024 ], [ 86.709081, 24.72644 ], [ 86.709311, 24.726843 ], [ 86.709497, 24.727175 ], [ 86.709646, 24.727399 ], [ 86.709963, 24.727816 ], [ 86.710187, 24.728076 ], [ 86.710446, 24.728351 ], [ 86.710747, 24.728632 ], [ 86.711115, 24.728951 ], [ 86.711519, 24.729257 ], [ 86.711889, 24.729516 ], [ 86.712633, 24.730002 ], [ 86.713634, 24.730606 ], [ 86.714332, 24.731078 ], [ 86.715708, 24.731976 ], [ 86.716853, 24.73269 ], [ 86.71789, 24.733371 ], [ 86.718851, 24.733988 ], [ 86.719842, 24.734612 ], [ 86.720889, 24.735276 ], [ 86.721992, 24.735987 ] ] ] } },
{ "type": "Feature", "properties": { "ID": "150113325", "TRK_NME": null, "FTR_CRY": "BG", "CITY_NME": null, "STT_NME": "Bihar", "SHAPE_Leng": "0.021328457116167" }, "geometry": { "type": "MultiLineString", "coordinates": [ [ [ 86.677798, 24.627145 ], [ 86.678008, 24.627749 ], [ 86.678311, 24.628551 ], [ 86.678585, 24.629357 ], [ 86.678975, 24.630419 ], [ 86.679364, 24.631468 ], [ 86.67976, 24.632628 ], [ 86.680013, 24.633336 ], [ 86.680195, 24.633808 ], [ 86.68034, 24.634264 ], [ 86.680446, 24.634697 ], [ 86.680543, 24.635185 ], [ 86.680864, 24.636715 ], [ 86.681314, 24.638783 ], [ 86.681668, 24.640561 ], [ 86.68214, 24.642881 ], [ 86.682681, 24.645441 ], [ 86.682975, 24.646825 ], [ 86.683057, 24.647281 ], [ 86.683101, 24.647749 ] ] ] } },
{ "type": "Feature", "properties": { "ID": "150164610", "TRK_NME": null, "FTR_CRY": "BG", "CITY_NME": null, "STT_NME": "Bihar", "SHAPE_Leng": "0.001720625269386" }, "geometry": { "type": "MultiLineString", "coordinates": [ [ [ 87.027202, 24.802709 ], [ 87.027133, 24.803362 ], [ 87.027105, 24.803673 ], [ 87.02691, 24.804399 ] ] ] } },
{ "type": "Feature", "properties": { "ID": "150164611", "TRK_NME": null, "FTR_CRY": "BG", "CITY_NME": null, "STT_NME": "Bihar", "SHAPE_Leng": "0.00816170848356" }, "geometry": { "type": "MultiLineString", "coordinates": [ [ [ 87.02691, 24.804399 ], [ 87.026514, 24.805865 ], [ 87.026112, 24.807422 ], [ 87.025963, 24.808084 ], [ 87.025818, 24.808704 ], [ 87.025556, 24.809646 ], [ 87.025357, 24.810369 ], [ 87.025158, 24.811048 ], [ 87.024974, 24.811586 ], [ 87.024694, 24.812245 ] ] ] } },
{ "type": "Feature", "properties": { "ID": "150164613", "TRK_NME": null, "FTR_CRY": "BG", "CITY_NME": null, "STT_NME": "Bihar", "SHAPE_Leng": "0.00772685809427" }, "geometry": { "type": "MultiLineString", "coordinates": [ [ [ 87.009856, 24.924752 ], [ 87.010005, 24.924281 ], [ 87.010174, 24.923106 ], [ 87.010355, 24.921707 ], [ 87.010461, 24.920695 ], [ 87.010559, 24.919847 ], [ 87.010699, 24.918509 ], [ 87.010727, 24.917789 ], [ 87.010717, 24.917091 ] ] ] } },
{ "type": "Feature", "properties": { "ID": "150164614", "TRK_NME": null, "FTR_CRY": "BG", "CITY_NME": null, "STT_NME": "Bihar", "SHAPE_Leng": "0.002701944876915" }, "geometry": { "type": "MultiLineString", "coordinates": [ [ [ 87.010005, 24.924281 ], [ 87.009842, 24.926068 ], [ 87.009742, 24.92697 ] ] ] } },
{ "type": "Feature", "properties": { "ID": "150164620", "TRK_NME": null, "FTR_CRY": "BG", "CITY_NME": null, "STT_NME": "Bihar", "SHAPE_Leng": "0.008777948265826" }, "geometry": { "type": "MultiLineString", "coordinates": [ [ [ 86.675395, 24.618064 ], [ 86.675555, 24.617049 ], [ 86.675607, 24.616762 ], [ 86.675633, 24.616396 ], [ 86.675767, 24.613717 ], [ 86.675863, 24.612085 ], [ 86.675915, 24.611042 ], [ 86.67588, 24.609312 ] ] ] } },
{ "type": "Feature", "properties": { "ID": "150164621", "TRK_NME": null, "FTR_CRY": "BG", "CITY_NME": null, "STT_NME": "Bihar", "SHAPE_Leng": "0.225287544485285" }, "geometry": { "type": "MultiLineString", "coordinates": [ [ [ 86.721992, 24.735987 ], [ 86.722373, 24.736221 ], [ 86.72343, 24.73689 ], [ 86.724045, 24.737269 ], [ 86.72634, 24.738744 ], [ 86.727017, 24.73918 ], [ 86.728506, 24.740115 ], [ 86.729631, 24.740838 ], [ 86.730431, 24.741349 ], [ 86.732023, 24.742331 ], [ 86.733957, 24.743561 ], [ 86.735398, 24.744496 ], [ 86.736553, 24.74525 ], [ 86.73763, 24.745914 ], [ 86.738903, 24.746739 ], [ 86.740278, 24.747627 ], [ 86.741308, 24.74826 ], [ 86.741853, 24.748586 ], [ 86.742238, 24.748782 ], [ 86.742667, 24.748975 ], [ 86.743043, 24.749128 ], [ 86.743355, 24.749242 ], [ 86.743714, 24.74934 ], [ 86.744216, 24.74947 ], [ 86.744891, 24.749607 ], [ 86.745228, 24.749647 ], [ 86.746037, 24.749718 ], [ 86.747167, 24.7498 ], [ 86.748932, 24.749941 ], [ 86.749945, 24.750083 ], [ 86.750849, 24.750197 ], [ 86.751424, 24.750236 ], [ 86.752087, 24.750283 ], [ 86.752852, 24.750362 ], [ 86.754034, 24.750507 ], [ 86.754882, 24.750617 ], [ 86.756258, 24.750763 ], [ 86.757642, 24.750912 ], [ 86.759217, 24.751108 ], [ 86.760762, 24.751266 ], [ 86.762523, 24.751442 ], [ 86.764042, 24.751588 ], [ 86.766487, 24.751882 ], [ 86.768512, 24.752122 ], [ 86.769957, 24.752413 ], [ 86.77083, 24.752632 ], [ 86.771752, 24.752895 ], [ 86.773381, 24.753341 ], [ 86.774501, 24.753636 ], [ 86.775363, 24.753875 ], [ 86.775901, 24.75403 ], [ 86.7761, 24.754078 ], [ 86.77634, 24.754121 ], [ 86.776669, 24.754188 ], [ 86.777089, 24.754258 ], [ 86.777292, 24.754286 ], [ 86.77769, 24.754313 ], [ 86.778153, 24.754321 ], [ 86.779036, 24.754317 ], [ 86.780053, 24.754345 ], [ 86.782701, 24.754388 ], [ 86.785332, 24.754396 ], [ 86.787214, 24.754364 ], [ 86.788932, 24.754376 ], [ 86.791645, 24.754392 ], [ 86.792766, 24.754412 ], [ 86.794129, 24.754439 ], [ 86.794735, 24.754443 ], [ 86.795106, 24.754446 ], [ 86.795586, 24.754477 ], [ 86.795835, 24.754505 ], [ 86.796285, 24.754587 ], [ 86.796917, 24.754748 ], [ 86.797782, 24.755031 ], [ 86.800482, 24.755876 ], [ 86.801711, 24.756304 ], [ 86.803719, 24.75696 ], [ 86.805285, 24.757487 ], [ 86.806752, 24.757927 ], [ 86.809361, 24.758767 ], [ 86.81017, 24.759105 ], [ 86.811153, 24.759612 ], [ 86.811637, 24.759911 ], [ 86.812602, 24.760724 ], [ 86.813269, 24.761455 ], [ 86.813926, 24.762331 ], [ 86.814571, 24.763356 ], [ 86.815337, 24.764542 ], [ 86.816254, 24.765972 ], [ 86.816579, 24.76646 ], [ 86.816912, 24.766998 ], [ 86.817985, 24.768683 ], [ 86.819011, 24.770251 ], [ 86.820278, 24.772227 ], [ 86.821481, 24.774109 ], [ 86.822308, 24.775362 ], [ 86.822663, 24.775928 ], [ 86.823152, 24.776674 ], [ 86.82432, 24.778481 ], [ 86.825133, 24.779785 ], [ 86.825917, 24.781007 ], [ 86.82631, 24.781589 ], [ 86.826929, 24.782559 ], [ 86.827513, 24.783463 ], [ 86.827937, 24.784099 ], [ 86.828546, 24.785003 ], [ 86.82989, 24.786992 ], [ 86.831128, 24.788783 ], [ 86.833153, 24.791779 ], [ 86.834797, 24.794234 ], [ 86.83568, 24.795478 ], [ 86.836346, 24.796448 ], [ 86.837397, 24.797968 ], [ 86.838315, 24.799276 ], [ 86.839095, 24.800445 ], [ 86.840522, 24.802448 ], [ 86.841722, 24.804166 ], [ 86.842514, 24.805317 ], [ 86.843592, 24.806821 ], [ 86.844314, 24.807853 ], [ 86.845132, 24.809028 ], [ 86.846218, 24.810602 ], [ 86.847278, 24.812094 ], [ 86.848299, 24.813594 ], [ 86.849706, 24.815613 ], [ 86.850705, 24.816979 ], [ 86.852422, 24.819471 ], [ 86.853775, 24.821392 ], [ 86.854688, 24.82276 ], [ 86.855281, 24.82362 ], [ 86.855709, 24.824162 ], [ 86.855977, 24.824511 ], [ 86.856345, 24.824872 ], [ 86.857435, 24.825818 ], [ 86.858547, 24.826737 ], [ 86.859758, 24.827765 ], [ 86.86113, 24.828974 ], [ 86.862263, 24.830003 ], [ 86.862865, 24.830603 ], [ 86.863946, 24.831812 ], [ 86.864786, 24.832731 ], [ 86.865521, 24.833555 ], [ 86.865863, 24.833932 ], [ 86.866676, 24.834816 ], [ 86.867767, 24.836064 ], [ 86.868939, 24.837328 ], [ 86.870237, 24.838733 ], [ 86.871422, 24.840084 ], [ 86.87266, 24.841469 ], [ 86.87336, 24.842235 ], [ 86.874498, 24.843467 ], [ 86.875801, 24.844904 ], [ 86.877172, 24.846427 ], [ 86.878466, 24.847868 ], [ 86.880124, 24.849696 ], [ 86.88092, 24.850599 ], [ 86.881543, 24.851188 ], [ 86.882326, 24.851753 ], [ 86.882828, 24.852079 ], [ 86.883334, 24.852346 ], [ 86.883797, 24.852554 ], [ 86.884429, 24.852789 ], [ 86.885705, 24.853179 ], [ 86.886302, 24.853348 ], [ 86.888886, 24.854061 ], [ 86.891803, 24.854882 ], [ 86.894059, 24.855521 ], [ 86.89495, 24.855782 ], [ 86.895691, 24.855988 ] ] ] } },
{ "type": "Feature", "properties": { "ID": "150113062", "TRK_NME": null, "FTR_CRY": "BG", "CITY_NME": null, "STT_NME": "Bihar", "SHAPE_Leng": "0.028841902112173" }, "geometry": { "type": "MultiLineString", "coordinates": [ [ [ 86.912744, 24.889636 ], [ 86.912383, 24.890233 ], [ 86.912061, 24.890794 ], [ 86.91163, 24.891506 ], [ 86.911477, 24.891804 ], [ 86.911394, 24.891989 ], [ 86.91126, 24.892312 ], [ 86.911157, 24.892612 ], [ 86.911022, 24.893026 ], [ 86.910936, 24.893377 ], [ 86.910866, 24.893678 ], [ 86.910807, 24.894049 ], [ 86.91076, 24.894456 ], [ 86.910747, 24.894808 ], [ 86.910747, 24.895287 ], [ 86.910754, 24.895534 ], [ 86.910784, 24.895861 ], [ 86.910851, 24.896264 ], [ 86.910927, 24.896613 ], [ 86.911032, 24.897071 ], [ 86.91113, 24.897417 ], [ 86.911251, 24.897732 ], [ 86.911425, 24.898118 ], [ 86.911583, 24.898416 ], [ 86.91178, 24.898781 ], [ 86.912189, 24.899395 ], [ 86.912394, 24.899658 ], [ 86.912597, 24.899906 ], [ 86.912842, 24.90018 ], [ 86.913164, 24.900502 ], [ 86.91362, 24.900931 ], [ 86.914943, 24.902125 ], [ 86.917054, 24.904034 ], [ 86.918171, 24.905023 ], [ 86.919301, 24.906062 ], [ 86.921099, 24.907661 ], [ 86.921817, 24.908312 ], [ 86.92275, 24.909154 ], [ 86.923265, 24.909639 ], [ 86.92392, 24.910228 ], [ 86.924511, 24.910775 ], [ 86.925205, 24.911423 ], [ 86.925644, 24.911807 ] ] ] } },
{ "type": "Feature", "properties": { "ID": "150129427", "TRK_NME": null, "FTR_CRY": "BG", "CITY_NME": null, "STT_NME": "Bihar", "SHAPE_Leng": "0.00216109428212" }, "geometry": { "type": "MultiLineString", "coordinates": [ [ [ 86.913636, 24.871325 ], [ 86.913662, 24.871942 ], [ 86.913653, 24.872507 ], [ 86.913647, 24.872925 ], [ 86.913625, 24.873485 ] ] ] } },
{ "type": "Feature", "properties": { "ID": "150129428", "TRK_NME": null, "FTR_CRY": "BG", "CITY_NME": null, "STT_NME": "Bihar", "SHAPE_Leng": "2.17807254269E-4" }, "geometry": { "type": "MultiLineString", "coordinates": [ [ [ 86.913538, 24.87438 ], [ 86.91351, 24.874596 ] ] ] } },
{ "type": "Feature", "properties": { "ID": "150129429", "TRK_NME": null, "FTR_CRY": "BG", "CITY_NME": null, "STT_NME": "Bihar", "SHAPE_Leng": "0.013185404893892" }, "geometry": { "type": "MultiLineString", "coordinates": [ [ [ 86.913296, 24.876288 ], [ 86.913281, 24.876602 ], [ 86.913264, 24.877018 ], [ 86.913262, 24.877298 ], [ 86.913273, 24.877571 ], [ 86.913302, 24.877879 ], [ 86.913335, 24.878231 ], [ 86.913431, 24.87871 ], [ 86.913595, 24.879357 ], [ 86.913864, 24.88039 ], [ 86.914187, 24.881747 ], [ 86.914312, 24.882191 ], [ 86.914418, 24.882625 ], [ 86.914491, 24.882957 ], [ 86.914541, 24.883184 ], [ 86.91458, 24.883414 ], [ 86.914639, 24.883938 ], [ 86.914657, 24.884288 ], [ 86.914651, 24.884547 ], [ 86.91464, 24.884871 ], [ 86.914627, 24.885177 ], [ 86.914579, 24.885579 ], [ 86.914519, 24.88595 ], [ 86.91446, 24.886185 ], [ 86.914389, 24.886489 ], [ 86.914311, 24.886737 ], [ 86.9142, 24.887019 ], [ 86.914084, 24.887311 ], [ 86.913939, 24.88761 ], [ 86.913753, 24.887986 ], [ 86.913482, 24.888424 ], [ 86.913151, 24.888995 ] ] ] } },
{ "type": "Feature", "properties": { "ID": "150129430", "TRK_NME": null, "FTR_CRY": "BG", "CITY_NME": null, "STT_NME": "Bihar", "SHAPE_Leng": "0.019723140785934" }, "geometry": { "type": "MultiLineString", "coordinates": [ [ [ 86.895691, 24.855988 ], [ 86.897822, 24.856588 ], [ 86.898975, 24.85691 ], [ 86.899719, 24.857118 ], [ 86.900489, 24.85733 ], [ 86.901734, 24.857675 ], [ 86.902362, 24.857869 ], [ 86.902911, 24.858026 ], [ 86.903454, 24.858184 ], [ 86.9039, 24.858301 ], [ 86.904449, 24.858455 ], [ 86.904841, 24.85859 ], [ 86.905302, 24.858751 ], [ 86.905685, 24.85892 ], [ 86.906094, 24.859163 ], [ 86.906422, 24.859387 ], [ 86.906617, 24.859544 ], [ 86.906894, 24.859754 ], [ 86.907247, 24.860047 ], [ 86.907625, 24.860352 ], [ 86.908671, 24.86123 ], [ 86.90976, 24.862348 ], [ 86.910075, 24.862694 ], [ 86.910508, 24.863211 ], [ 86.911223, 24.864187 ], [ 86.911651, 24.864882 ], [ 86.912026, 24.86558 ] ] ] } },
{ "type": "Feature", "properties": { "ID": "150129431", "TRK_NME": null, "FTR_CRY": "BG", "CITY_NME": "Banka", "STT_NME": "Bihar", "SHAPE_Leng": "0.006015644911279" }, "geometry": { "type": "MultiLineString", "coordinates": [ [ [ 86.912026, 24.86558 ], [ 86.912381, 24.866281 ], [ 86.912753, 24.86719 ], [ 86.912971, 24.867809 ], [ 86.913257, 24.868778 ], [ 86.91343, 24.869587 ], [ 86.913518, 24.870041 ], [ 86.913583, 24.870575 ], [ 86.913587, 24.870975 ], [ 86.913636, 24.871325 ] ] ] } },
{ "type": "Feature", "properties": { "ID": "150129432", "TRK_NME": null, "FTR_CRY": "BG", "CITY_NME": "Banka", "STT_NME": "Bihar", "SHAPE_Leng": "7.59295726368E-4" }, "geometry": { "type": "MultiLineString", "coordinates": [ [ [ 86.913151, 24.888995 ], [ 86.912744, 24.889636 ] ] ] } },
{ "type": "Feature", "properties": { "ID": "150129433", "TRK_NME": null, "FTR_CRY": "BG", "CITY_NME": "Banka", "STT_NME": "Bihar", "SHAPE_Leng": "8.99218549589E-4" }, "geometry": { "type": "MultiLineString", "coordinates": [ [ [ 86.913625, 24.873485 ], [ 86.913538, 24.87438 ] ] ] } },
{ "type": "Feature", "properties": { "ID": "150129434", "TRK_NME": null, "FTR_CRY": "BG", "CITY_NME": "Banka", "STT_NME": "Bihar", "SHAPE_Leng": "0.001705608391307" }, "geometry": { "type": "MultiLineString", "coordinates": [ [ [ 86.91351, 24.874596 ], [ 86.913374, 24.875589 ], [ 86.913296, 24.876288 ] ] ] } },
{ "type": "Feature", "properties": { "ID": "150164612", "TRK_NME": null, "FTR_CRY": "BG", "CITY_NME": null, "STT_NME": "Bihar", "SHAPE_Leng": "0.008436307084226" }, "geometry": { "type": "MultiLineString", "coordinates": [ [ [ 86.910508, 24.863211 ], [ 86.911101, 24.864201 ], [ 86.911592, 24.864979 ], [ 86.912146, 24.865992 ], [ 86.912806, 24.867582 ], [ 86.913057, 24.868383 ], [ 86.913176, 24.868819 ], [ 86.913587, 24.870975 ] ] ] } },
{ "type": "Feature", "properties": { "ID": "150113203", "TRK_NME": null, "FTR_CRY": "BG", "CITY_NME": null, "STT_NME": "Bihar", "SHAPE_Leng": "0.060637665731455" }, "geometry": { "type": "MultiLineString", "coordinates": [ [ [ 86.68546, 24.570089 ], [ 86.685316, 24.570245 ], [ 86.685116, 24.570466 ], [ 86.684904, 24.570749 ], [ 86.684766, 24.570958 ], [ 86.684601, 24.571219 ], [ 86.684272, 24.571805 ], [ 86.683965, 24.572342 ], [ 86.683294, 24.573528 ], [ 86.682985, 24.574059 ], [ 86.682544, 24.574813 ], [ 86.682005, 24.575796 ], [ 86.681425, 24.576805 ], [ 86.681222, 24.577161 ], [ 86.681003, 24.577592 ], [ 86.68067, 24.578361 ], [ 86.680332, 24.579138 ], [ 86.680153, 24.579541 ], [ 86.679997, 24.579903 ], [ 86.679841, 24.580267 ], [ 86.679735, 24.580497 ], [ 86.67961, 24.580713 ], [ 86.679363, 24.581126 ], [ 86.679073, 24.581612 ], [ 86.678799, 24.582106 ], [ 86.678654, 24.582421 ], [ 86.678496, 24.58283 ], [ 86.678262, 24.583517 ], [ 86.678087, 24.584051 ], [ 86.677933, 24.584521 ], [ 86.677754, 24.584993 ], [ 86.677529, 24.58547 ], [ 86.677167, 24.586205 ], [ 86.677024, 24.586451 ], [ 86.676633, 24.587029 ], [ 86.676183, 24.587631 ], [ 86.676002, 24.587907 ], [ 86.67535, 24.588799 ], [ 86.675198, 24.58899 ], [ 86.675095, 24.589157 ], [ 86.674904, 24.589458 ], [ 86.674696, 24.589885 ], [ 86.674517, 24.590276 ], [ 86.67437, 24.590658 ], [ 86.674268, 24.590943 ], [ 86.674166, 24.591344 ], [ 86.674073, 24.591771 ], [ 86.673993, 24.592263 ], [ 86.673948, 24.592686 ], [ 86.673941, 24.592961 ], [ 86.673948, 24.593356 ], [ 86.673976, 24.59375 ], [ 86.674019, 24.594151 ], [ 86.674093, 24.594568 ], [ 86.674169, 24.594916 ], [ 86.674264, 24.595256 ], [ 86.6744, 24.595709 ], [ 86.67459, 24.596291 ], [ 86.674854, 24.597133 ], [ 86.67501, 24.597656 ], [ 86.675134, 24.598179 ], [ 86.675224, 24.598689 ], [ 86.675283, 24.599131 ], [ 86.675354, 24.599745 ], [ 86.675475, 24.600701 ], [ 86.675575, 24.601586 ], [ 86.675696, 24.602567 ], [ 86.675856, 24.603899 ], [ 86.675966, 24.604872 ], [ 86.676036, 24.605653 ], [ 86.676038, 24.606133 ], [ 86.675995, 24.606694 ], [ 86.675958, 24.607766 ], [ 86.675908, 24.608661 ], [ 86.67588, 24.609312 ], [ 86.675767, 24.610653 ], [ 86.67569, 24.612293 ], [ 86.675555, 24.614484 ], [ 86.675491, 24.615822 ], [ 86.675395, 24.618064 ], [ 86.675365, 24.618843 ], [ 86.67537, 24.619168 ], [ 86.67539, 24.619506 ], [ 86.675412, 24.619815 ], [ 86.67545, 24.620136 ], [ 86.675524, 24.620537 ], [ 86.67558, 24.620791 ], [ 86.675665, 24.621135 ], [ 86.675792, 24.62154 ], [ 86.675916, 24.621914 ], [ 86.676043, 24.622258 ], [ 86.67619, 24.622677 ], [ 86.676381, 24.623196 ], [ 86.676617, 24.623839 ], [ 86.676898, 24.624628 ], [ 86.677209, 24.62552 ], [ 86.67745, 24.626175 ], [ 86.677798, 24.627145 ] ] ] } },
{ "type": "Feature", "properties": { "ID": "150116039", "TRK_NME": "Bhagalpur to Dumka Railway Track", "FTR_CRY": "BG", "CITY_NME": null, "STT_NME": "Jharkhand", "SHAPE_Leng": "0.027373815828265" }, "geometry": { "type": "MultiLineString", "coordinates": [ [ [ 87.073625, 24.715898 ], [ 87.074161, 24.714427 ], [ 87.074381, 24.713745 ], [ 87.074475041910034, 24.713477562720868 ] ] ] } },
{ "type": "Feature", "properties": { "ID": "150116072", "TRK_NME": null, "FTR_CRY": "BG", "CITY_NME": null, "STT_NME": "Jharkhand", "SHAPE_Leng": "0.076898823712486" }, "geometry": { "type": "MultiLineString", "coordinates": [ [ [ 86.607461038605877, 24.607125895883701 ], [ 86.607418, 24.608164 ] ] ] } },
{ "type": "Feature", "properties": { "ID": "150116158", "TRK_NME": null, "FTR_CRY": "BG", "CITY_NME": null, "STT_NME": "Jharkhand", "SHAPE_Leng": "0.075683721159216" }, "geometry": { "type": "MultiLineString", "coordinates": [ [ [ 86.68731447448468, 24.568553828912485 ], [ 86.687086, 24.568705 ], [ 86.686399, 24.569164 ], [ 86.686103, 24.56942 ], [ 86.685695, 24.569835 ], [ 86.68546, 24.570089 ] ] ] } },
{ "type": "Feature", "properties": { "ID": "150113407", "TRK_NME": null, "FTR_CRY": "BG", "CITY_NME": null, "STT_NME": "Bihar", "SHAPE_Leng": "0.42695421594586" }, "geometry": { "type": "MultiLineString", "coordinates": [ [ [ 86.138352, 25.136906 ], [ 86.138904, 25.135899 ], [ 86.139672, 25.134512 ], [ 86.140507, 25.13301 ], [ 86.143058, 25.128401 ], [ 86.145052, 25.124734 ], [ 86.145888, 25.123202 ], [ 86.146357, 25.122366 ], [ 86.146944, 25.121297 ], [ 86.147688, 25.119996 ], [ 86.148303, 25.118882 ], [ 86.149413, 25.116855 ], [ 86.15061, 25.114655 ], [ 86.15204, 25.112115 ], [ 86.153433, 25.109589 ], [ 86.154875, 25.10693 ], [ 86.15613, 25.104662 ], [ 86.157442, 25.102279 ], [ 86.15891, 25.09959 ], [ 86.160473, 25.096756 ], [ 86.162425, 25.093193 ], [ 86.163724, 25.090834 ], [ 86.164945, 25.088612 ], [ 86.16562, 25.087365 ], [ 86.166317, 25.086142 ], [ 86.167824, 25.083371 ], [ 86.169733, 25.079946 ], [ 86.171179, 25.077249 ], [ 86.172348, 25.075137 ], [ 86.173552, 25.072958 ], [ 86.174729, 25.070826 ], [ 86.175642, 25.069148 ], [ 86.177251, 25.06619 ], [ 86.178389, 25.064128 ], [ 86.179869, 25.061416 ], [ 86.181219, 25.059006 ], [ 86.182626, 25.05645 ], [ 86.183876, 25.054161 ], [ 86.185235, 25.051675 ], [ 86.185694, 25.050848 ], [ 86.186022, 25.05026 ], [ 86.186438, 25.049688 ], [ 86.187074, 25.048927 ], [ 86.18774, 25.048218 ], [ 86.189977, 25.045878 ], [ 86.192024, 25.043714 ], [ 86.193409, 25.042236 ], [ 86.195287, 25.040237 ], [ 86.197112, 25.038329 ], [ 86.1986, 25.036725 ], [ 86.200244, 25.035008 ], [ 86.202442, 25.032652 ], [ 86.203973, 25.031035 ], [ 86.20531, 25.029608 ], [ 86.206381, 25.028453 ], [ 86.207218, 25.027563 ], [ 86.208142, 25.026591 ], [ 86.209401, 25.025295 ], [ 86.210846, 25.023787 ], [ 86.211718, 25.022859 ], [ 86.212589, 25.021941 ], [ 86.214041, 25.020394 ], [ 86.215298, 25.019074 ], [ 86.216691, 25.017607 ], [ 86.217312, 25.016942 ], [ 86.2183, 25.015893 ], [ 86.219172, 25.01496 ], [ 86.220799, 25.013249 ], [ 86.222107, 25.011873 ], [ 86.223617, 25.010298 ], [ 86.224517, 25.009327 ], [ 86.226107, 25.007664 ], [ 86.228973, 25.004604 ], [ 86.23039, 25.003104 ], [ 86.231426, 25.00201 ], [ 86.232878, 25.000478 ], [ 86.234223, 24.999037 ], [ 86.235796, 24.997377 ], [ 86.237687, 24.995379 ], [ 86.240787, 24.99212 ], [ 86.242258, 24.990549 ], [ 86.243919, 24.98878 ], [ 86.244804, 24.987848 ], [ 86.245621, 24.987001 ], [ 86.246493, 24.986065 ], [ 86.247436, 24.985065 ], [ 86.247906, 24.984528 ], [ 86.24839, 24.983892 ], [ 86.248849, 24.983249 ], [ 86.24937, 24.982406 ], [ 86.250551, 24.98038 ], [ 86.251535, 24.978728 ], [ 86.252321, 24.97741 ], [ 86.25363, 24.975166 ], [ 86.255104, 24.972771 ], [ 86.256086, 24.971139 ], [ 86.258254, 24.967469 ], [ 86.258836, 24.966496 ], [ 86.259974, 24.964566 ], [ 86.26098, 24.962887 ], [ 86.262213, 24.960798 ], [ 86.263007, 24.959453 ], [ 86.264855, 24.956362 ], [ 86.268555, 24.950183 ], [ 86.269868, 24.947906 ], [ 86.274511, 24.940213 ], [ 86.276657, 24.936602 ], [ 86.282291, 24.927176 ], [ 86.285838, 24.92123 ], [ 86.286916, 24.919411 ], [ 86.287853, 24.917846 ], [ 86.288575, 24.916639 ], [ 86.28916, 24.915658 ], [ 86.289837, 24.914493 ], [ 86.29179, 24.911201 ], [ 86.292931, 24.909325 ], [ 86.294077, 24.907412 ], [ 86.295639, 24.904787 ], [ 86.309374, 24.881811 ], [ 86.310566, 24.879819 ], [ 86.312053, 24.877293 ], [ 86.313499, 24.874894 ], [ 86.31417, 24.873752 ], [ 86.315617, 24.871331 ], [ 86.316628, 24.8697 ], [ 86.317721, 24.867863 ], [ 86.318725, 24.866177 ], [ 86.320781, 24.862735 ], [ 86.322065, 24.860577 ], [ 86.322957, 24.859119 ], [ 86.323463, 24.858257 ], [ 86.324562, 24.856419 ], [ 86.325605, 24.854672 ], [ 86.326349, 24.853412 ], [ 86.327056, 24.852209 ], [ 86.327911, 24.850746 ], [ 86.328813, 24.849255 ], [ 86.329807, 24.847568 ], [ 86.330878, 24.845793 ], [ 86.331636, 24.844521 ], [ 86.332234, 24.843485 ], [ 86.332802, 24.842545 ], [ 86.333424, 24.841585 ], [ 86.333831, 24.841029 ], [ 86.334179, 24.84059 ], [ 86.334709, 24.839983 ], [ 86.335192, 24.839508 ], [ 86.336072, 24.83869 ], [ 86.336326, 24.838474 ], [ 86.336557, 24.838283 ], [ 86.336938, 24.838001 ], [ 86.337358, 24.8377 ], [ 86.340183, 24.835643 ], [ 86.343853, 24.832976 ], [ 86.353714, 24.825833 ], [ 86.354718, 24.8251 ], [ 86.355181, 24.824755 ], [ 86.356252, 24.823952 ], [ 86.357002, 24.823302 ], [ 86.357738, 24.82256 ], [ 86.357996, 24.82228 ], [ 86.358459, 24.821752 ], [ 86.358816, 24.821288 ], [ 86.359129, 24.820847 ], [ 86.359402, 24.820421 ], [ 86.359999, 24.819451 ], [ 86.360248, 24.818968 ], [ 86.360486, 24.818418 ], [ 86.360754, 24.817755 ], [ 86.361093, 24.81681 ], [ 86.361967, 24.813335 ], [ 86.362209, 24.812341 ], [ 86.36275, 24.810261 ], [ 86.362984, 24.809483 ], [ 86.363248, 24.808722 ], [ 86.363542, 24.808046 ], [ 86.363875, 24.807418 ], [ 86.36445, 24.806444 ], [ 86.365119, 24.805386 ], [ 86.3658, 24.804339 ], [ 86.367125, 24.802191 ], [ 86.368806, 24.799537 ], [ 86.36979, 24.797978 ], [ 86.371333, 24.7955 ], [ 86.37265, 24.793389 ], [ 86.373814, 24.791585 ], [ 86.376468, 24.787354 ] ] ] } },
{ "type": "Feature", "properties": { "ID": "150113290", "TRK_NME": null, "FTR_CRY": "BG", "CITY_NME": null, "STT_NME": "Bihar", "SHAPE_Leng": "0.034539453950301" }, "geometry": { "type": "MultiLineString", "coordinates": [ [ [ 86.03104, 25.243392 ], [ 86.032079, 25.241922 ], [ 86.033334, 25.24018 ], [ 86.03418, 25.238996 ], [ 86.035041, 25.237765 ], [ 86.035935, 25.236528 ], [ 86.036586, 25.235614 ], [ 86.037205, 25.234747 ], [ 86.037895, 25.23378 ], [ 86.038802, 25.232533 ], [ 86.039958, 25.230919 ], [ 86.040693, 25.229877 ], [ 86.041607, 25.228586 ], [ 86.042596, 25.22719 ], [ 86.043976, 25.225272 ], [ 86.044708, 25.224233 ], [ 86.045586, 25.223008 ], [ 86.046842, 25.221249 ], [ 86.048611, 25.21876 ], [ 86.049671, 25.217272 ], [ 86.051094, 25.215271 ] ] ] } },
{ "type": "Feature", "properties": { "ID": "150113296", "TRK_NME": "Kiul to Bhagalpur", "FTR_CRY": "BG", "CITY_NME": null, "STT_NME": "Bihar", "SHAPE_Leng": "0.170602263977044" }, "geometry": { "type": "MultiLineString", "coordinates": [ [ [ 85.882949, 25.13457 ], [ 85.884714, 25.134522 ], [ 85.886858, 25.134483 ], [ 85.889865, 25.134422 ], [ 85.893552, 25.134326 ], [ 85.899175, 25.13421 ], [ 85.901639, 25.134149 ], [ 85.904699, 25.134094 ], [ 85.908123, 25.134007 ], [ 85.911486, 25.133936 ], [ 85.913993, 25.133873 ], [ 85.917165, 25.133797 ], [ 85.919188, 25.133749 ], [ 85.921252, 25.133708 ], [ 85.924442, 25.133643 ], [ 85.926752, 25.133584 ], [ 85.933522, 25.133438 ], [ 85.940144, 25.133285 ], [ 85.945341, 25.133157 ], [ 85.946916, 25.133106 ], [ 85.951264, 25.13301 ], [ 85.956045, 25.132912 ], [ 85.958608, 25.132852 ], [ 85.960107, 25.132819 ], [ 85.962569, 25.132775 ], [ 85.96435, 25.13273 ], [ 85.967381, 25.132661 ], [ 85.970901, 25.132586 ], [ 85.974198, 25.132502 ], [ 85.977757, 25.132419 ], [ 85.979798, 25.132388 ], [ 85.981048, 25.132348 ], [ 85.982102, 25.132337 ], [ 85.982844, 25.132362 ], [ 85.984043, 25.132444 ], [ 85.984791, 25.132546 ], [ 85.985295, 25.132624 ], [ 85.985734, 25.132708 ], [ 85.986697, 25.13292 ], [ 85.987273, 25.133078 ], [ 85.987857, 25.133266 ], [ 85.988439, 25.13347 ], [ 85.989315, 25.133805 ], [ 85.99092, 25.134423 ], [ 85.991493, 25.134653 ], [ 85.993555, 25.135457 ], [ 85.995676, 25.136276 ], [ 85.998246, 25.137291 ], [ 86.002432, 25.138916 ], [ 86.005958, 25.140296 ], [ 86.00897, 25.141469 ], [ 86.014495, 25.143631 ], [ 86.016531, 25.144435 ], [ 86.01888, 25.145357 ], [ 86.022225, 25.146655 ], [ 86.028706, 25.149173 ], [ 86.03263, 25.150722 ], [ 86.035807, 25.151957 ], [ 86.042525, 25.154569 ], [ 86.046907, 25.156279 ], [ 86.048949, 25.157082 ] ] ] } },
{ "type": "Feature", "properties": { "ID": "150164624", "TRK_NME": null, "FTR_CRY": "BG", "CITY_NME": null, "STT_NME": "Bihar", "SHAPE_Leng": "0.009388300007492" }, "geometry": { "type": "MultiLineString", "coordinates": [ [ [ 86.157211, 25.171418 ], [ 86.158651, 25.171485 ], [ 86.159768, 25.171532 ], [ 86.160651, 25.171548 ], [ 86.162914, 25.171524 ], [ 86.163974, 25.171517 ], [ 86.164934, 25.171458 ], [ 86.166591, 25.171348 ] ] ] } },
{ "type": "Feature", "properties": { "ID": "150113418", "TRK_NME": null, "FTR_CRY": "BG", "CITY_NME": null, "STT_NME": "Bihar", "SHAPE_Leng": "0.012963912129714" }, "geometry": { "type": "MultiLineString", "coordinates": [ [ [ 86.100208, 25.171752 ], [ 86.102306, 25.171968 ], [ 86.103206, 25.172113 ], [ 86.103996, 25.172132 ], [ 86.105054, 25.172124 ], [ 86.107441, 25.172109 ], [ 86.10921, 25.172089 ], [ 86.110115, 25.172044 ], [ 86.110837, 25.171956 ], [ 86.111452, 25.17188 ], [ 86.113132, 25.171742 ] ] ] } },
{ "type": "Feature", "properties": { "ID": "150113419", "TRK_NME": null, "FTR_CRY": "BG", "CITY_NME": null, "STT_NME": "Bihar", "SHAPE_Leng": "0.04360408878194" }, "geometry": { "type": "MultiLineString", "coordinates": [ [ [ 86.048949, 25.157082 ], [ 86.050805, 25.157802 ], [ 86.052583, 25.158491 ], [ 86.054106, 25.159089 ], [ 86.055761, 25.159733 ], [ 86.05747, 25.160398 ], [ 86.059501, 25.16118 ], [ 86.061407, 25.161931 ], [ 86.062794, 25.162472 ], [ 86.065344, 25.163462 ], [ 86.067066, 25.164138 ], [ 86.069271, 25.164999 ], [ 86.071251, 25.16577 ], [ 86.073516, 25.166655 ], [ 86.074605, 25.167084 ], [ 86.076286, 25.167737 ], [ 86.078523, 25.168611 ], [ 86.080583, 25.169429 ], [ 86.083183, 25.170424 ], [ 86.08449, 25.170933 ], [ 86.085234, 25.171235 ], [ 86.086022, 25.171494 ], [ 86.086597, 25.171674 ], [ 86.087242, 25.171807 ], [ 86.08793, 25.171881 ], [ 86.088696, 25.171964 ], [ 86.089799, 25.171991 ] ] ] } },
{ "type": "Feature", "properties": { "ID": "150113361", "TRK_NME": null, "FTR_CRY": "BG", "CITY_NME": null, "STT_NME": "Bihar", "SHAPE_Leng": "0.057840954092261" }, "geometry": { "type": "MultiLineString", "coordinates": [ [ [ 86.051094, 25.215271 ], [ 86.052223, 25.213701 ], [ 86.053305, 25.212163 ], [ 86.054543, 25.21044 ], [ 86.055321, 25.209287 ], [ 86.056208, 25.208026 ], [ 86.05739, 25.206386 ], [ 86.058251, 25.20518 ], [ 86.059078, 25.203991 ], [ 86.059861, 25.202919 ], [ 86.060932, 25.201431 ], [ 86.061975, 25.199972 ], [ 86.062748, 25.198887 ], [ 86.063557, 25.197766 ], [ 86.06428, 25.196742 ], [ 86.065031, 25.195688 ], [ 86.065942, 25.194404 ], [ 86.066738, 25.19329 ], [ 86.067392, 25.192399 ], [ 86.068047, 25.191452 ], [ 86.069136, 25.189927 ], [ 86.069926, 25.188826 ], [ 86.070941, 25.187386 ], [ 86.071676, 25.186366 ], [ 86.072278, 25.185504 ], [ 86.073124, 25.184314 ], [ 86.073968, 25.183129 ], [ 86.07476, 25.182002 ], [ 86.075632, 25.18079 ], [ 86.076268, 25.179909 ], [ 86.076654, 25.1794 ], [ 86.076915, 25.179067 ], [ 86.077474, 25.17845 ], [ 86.077958, 25.177921 ], [ 86.078346, 25.177544 ], [ 86.07882, 25.177099 ], [ 86.07956, 25.176463 ], [ 86.080369, 25.175827 ], [ 86.081358, 25.175146 ], [ 86.082225, 25.174629 ], [ 86.082662, 25.174363 ], [ 86.083366, 25.174006 ], [ 86.083855, 25.173762 ], [ 86.084637, 25.173413 ], [ 86.08539, 25.173112 ], [ 86.086868, 25.172634 ], [ 86.088177, 25.172318 ] ] ] } },
{ "type": "Feature", "properties": { "ID": "150113247", "TRK_NME": null, "FTR_CRY": "BG", "CITY_NME": null, "STT_NME": "Bihar", "SHAPE_Leng": "0.05702250858776" }, "geometry": { "type": "MultiLineString", "coordinates": [ [ [ 86.100208, 25.171752 ], [ 86.101242, 25.171618 ], [ 86.10261, 25.171505 ], [ 86.103748, 25.17145 ], [ 86.10547, 25.171443 ], [ 86.106733, 25.171443 ], [ 86.107854, 25.171431 ], [ 86.108654, 25.171498 ], [ 86.109498, 25.171568 ], [ 86.11016, 25.171643 ], [ 86.110667, 25.171651 ], [ 86.111567, 25.171659 ], [ 86.11225, 25.171659 ], [ 86.113051, 25.171612 ], [ 86.113609, 25.171534 ], [ 86.114176, 25.171397 ], [ 86.114834, 25.17122 ], [ 86.115374, 25.171025 ], [ 86.115868, 25.17079 ], [ 86.116517, 25.170426 ], [ 86.117045, 25.170065 ], [ 86.118979, 25.168703 ], [ 86.120048, 25.1679 ], [ 86.12094, 25.167089 ], [ 86.12149, 25.166541 ], [ 86.121988, 25.165993 ], [ 86.122533, 25.165323 ], [ 86.123035, 25.164622 ], [ 86.12355, 25.163823 ], [ 86.123966, 25.163068 ], [ 86.125131, 25.160934 ], [ 86.126386, 25.158647 ], [ 86.127542, 25.15654 ], [ 86.128763, 25.154312 ], [ 86.129999, 25.152074 ], [ 86.130808, 25.150601 ], [ 86.131281, 25.149758 ], [ 86.132509, 25.14752 ], [ 86.133816, 25.145151 ], [ 86.135257, 25.142585 ], [ 86.13611, 25.141003 ], [ 86.13662, 25.140035 ], [ 86.137564, 25.138355 ], [ 86.138352, 25.136906 ] ] ] } },
{ "type": "Feature", "properties": { "ID": "150113158", "TRK_NME": null, "FTR_CRY": "BG", "CITY_NME": null, "STT_NME": "Bihar", "SHAPE_Leng": "0.002816143589711" }, "geometry": { "type": "MultiLineString", "coordinates": [ [ [ 86.088177, 25.172318 ], [ 86.089799, 25.171991 ], [ 86.090955, 25.171878 ] ] ] } },
{ "type": "Feature", "properties": { "ID": "150129402", "TRK_NME": null, "FTR_CRY": "BG", "CITY_NME": "Lakhisarai", "STT_NME": "Bihar", "SHAPE_Leng": "0.004692024637353" }, "geometry": { "type": "MultiLineString", "coordinates": [ [ [ 86.090955, 25.171878 ], [ 86.091811, 25.171823 ], [ 86.093689, 25.171796 ], [ 86.095645, 25.17178 ] ] ] } },
{ "type": "Feature", "properties": { "ID": "150113444", "TRK_NME": null, "FTR_CRY": "BG", "CITY_NME": null, "STT_NME": "Bihar", "SHAPE_Leng": "0.050619264580434" }, "geometry": { "type": "MultiLineString", "coordinates": [ [ [ 86.146261, 25.171474 ], [ 86.141246, 25.17151 ], [ 86.13938, 25.171525 ], [ 86.13698, 25.171532 ], [ 86.135177, 25.17154 ], [ 86.132579, 25.171553 ], [ 86.129511, 25.171564 ], [ 86.126248, 25.17159 ], [ 86.123797, 25.171601 ], [ 86.121759, 25.171613 ], [ 86.119243, 25.171642 ], [ 86.116411, 25.171649 ], [ 86.114963, 25.171661 ], [ 86.113132, 25.171742 ], [ 86.111716, 25.171743 ], [ 86.11016, 25.171719 ], [ 86.10881, 25.171699 ], [ 86.107529, 25.171697 ], [ 86.104863, 25.171726 ], [ 86.101394, 25.171759 ], [ 86.100208, 25.171752 ], [ 86.098317, 25.171775 ], [ 86.095645, 25.17178 ] ] ] } },
{ "type": "Feature", "properties": { "ID": "150164625", "TRK_NME": null, "FTR_CRY": "BG", "CITY_NME": null, "STT_NME": "Bihar", "SHAPE_Leng": "0.010348230820664" }, "geometry": { "type": "MultiLineString", "coordinates": [ [ [ 86.111716, 25.171743 ], [ 86.110182, 25.171925 ], [ 86.109801, 25.17196 ], [ 86.107564, 25.171972 ], [ 86.104236, 25.171999 ], [ 86.103367, 25.171991 ], [ 86.102147, 25.171838 ], [ 86.101394, 25.171759 ] ] ] } },
{ "type": "Feature", "properties": { "ID": "150113367", "TRK_NME": null, "FTR_CRY": "BG", "CITY_NME": null, "STT_NME": "Bihar", "SHAPE_Leng": "0.010020597379608" }, "geometry": { "type": "MultiLineString", "coordinates": [ [ [ 85.638081, 25.000306 ], [ 85.636991, 24.996702 ], [ 85.636467, 24.994949 ], [ 85.635195, 24.99071 ] ] ] } },
{ "type": "Feature", "properties": { "ID": "150113368", "TRK_NME": null, "FTR_CRY": "BG", "CITY_NME": null, "STT_NME": "Bihar", "SHAPE_Leng": "0.007907080047184" }, "geometry": { "type": "MultiLineString", "coordinates": [ [ [ 85.648864, 25.029806 ], [ 85.648249, 25.029004 ], [ 85.647867, 25.028492 ], [ 85.647382, 25.027811 ], [ 85.647046, 25.027272 ], [ 85.646191, 25.025817 ], [ 85.645777, 25.024999 ], [ 85.645384, 25.024144 ], [ 85.644925, 25.022991 ] ] ] } },
{ "type": "Feature", "properties": { "ID": "150113154", "TRK_NME": null, "FTR_CRY": "BG", "CITY_NME": null, "STT_NME": "Bihar", "SHAPE_Leng": "0.004820977342643" }, "geometry": { "type": "MultiLineString", "coordinates": [ [ [ 85.641563, 25.01201 ], [ 85.641058, 25.01025 ], [ 85.640206, 25.007384 ] ] ] } },
{ "type": "Feature", "properties": { "ID": "150129318", "TRK_NME": null, "FTR_CRY": "BG", "CITY_NME": null, "STT_NME": "Bihar", "SHAPE_Leng": "0.003901513808771" }, "geometry": { "type": "MultiLineString", "coordinates": [ [ [ 85.639202, 25.004043 ], [ 85.638081, 25.000306 ] ] ] } },
{ "type": "Feature", "properties": { "ID": "150129319", "TRK_NME": null, "FTR_CRY": "BG", "CITY_NME": null, "STT_NME": "Bihar", "SHAPE_Leng": "0.00158091144597" }, "geometry": { "type": "MultiLineString", "coordinates": [ [ [ 85.644925, 25.022991 ], [ 85.644441, 25.021486 ] ] ] } },
{ "type": "Feature", "properties": { "ID": "150129320", "TRK_NME": null, "FTR_CRY": "BG", "CITY_NME": "Warisaliganj", "STT_NME": "Bihar", "SHAPE_Leng": "0.009903726255994" }, "geometry": { "type": "MultiLineString", "coordinates": [ [ [ 85.644441, 25.021486 ], [ 85.644039, 25.020078 ], [ 85.642536, 25.01512 ], [ 85.641563, 25.01201 ] ] ] } },
{ "type": "Feature", "properties": { "ID": "150129321", "TRK_NME": null, "FTR_CRY": "BG", "CITY_NME": "Warisaliganj", "STT_NME": "Bihar", "SHAPE_Leng": "0.003488616881807" }, "geometry": { "type": "MultiLineString", "coordinates": [ [ [ 85.640206, 25.007384 ], [ 85.63954, 25.005188 ], [ 85.639202, 25.004043 ] ] ] } },
{ "type": "Feature", "properties": { "ID": "150113291", "TRK_NME": "Kiul to Bhagalpur", "FTR_CRY": "BG", "CITY_NME": null, "STT_NME": "Bihar", "SHAPE_Leng": "0.103070955718959" }, "geometry": { "type": "MultiLineString", "coordinates": [ [ [ 85.576167, 24.922153 ], [ 85.577961, 24.923658 ], [ 85.582115, 24.927125 ], [ 85.583281, 24.928133 ], [ 85.584603, 24.929236 ], [ 85.585473, 24.929942 ], [ 85.586139, 24.930464 ], [ 85.586695, 24.930797 ], [ 85.587589, 24.931297 ], [ 85.588132, 24.93158 ], [ 85.588614, 24.931788 ], [ 85.589103, 24.931996 ], [ 85.589761, 24.932211 ], [ 85.590293, 24.93239 ], [ 85.590605, 24.932474 ], [ 85.591211, 24.932616 ], [ 85.591827, 24.932743 ], [ 85.592325, 24.932802 ], [ 85.592758, 24.932853 ], [ 85.593381, 24.932892 ], [ 85.59388, 24.932912 ], [ 85.594352, 24.932915 ], [ 85.595644, 24.932872 ], [ 85.599488, 24.932723 ], [ 85.60532, 24.932509 ], [ 85.607167, 24.932453 ], [ 85.609208, 24.932587 ], [ 85.611363, 24.932956 ], [ 85.612964, 24.933584 ], [ 85.613999, 24.93403 ], [ 85.614647, 24.934404 ], [ 85.615762, 24.935115 ], [ 85.616741, 24.935913 ], [ 85.617847, 24.93701 ], [ 85.618104, 24.937305 ], [ 85.618717, 24.938102 ], [ 85.619151, 24.938718 ], [ 85.619447, 24.939244 ], [ 85.619863, 24.940073 ], [ 85.62031, 24.941206 ], [ 85.620594, 24.94211 ], [ 85.621481, 24.945064 ], [ 85.6221, 24.947153 ], [ 85.623369, 24.951354 ], [ 85.624368, 24.954683 ], [ 85.625675, 24.959052 ], [ 85.626472, 24.961618 ], [ 85.627823, 24.966168 ], [ 85.629065, 24.970329 ], [ 85.631563, 24.978637 ], [ 85.632225, 24.980881 ], [ 85.633057, 24.983677 ], [ 85.633628, 24.985631 ], [ 85.634325, 24.987815 ], [ 85.635195, 24.99071 ] ] ] } },
{ "type": "Feature", "properties": { "ID": "150113295", "TRK_NME": "Kiul to Bhagalpur", "FTR_CRY": "BG", "CITY_NME": null, "STT_NME": "Bihar", "SHAPE_Leng": "0.183723447841446" }, "geometry": { "type": "MultiLineString", "coordinates": [ [ [ 85.648864, 25.029806 ], [ 85.649548, 25.030616 ], [ 85.650204, 25.031315 ], [ 85.650918, 25.032009 ], [ 85.652159, 25.033118 ], [ 85.653023, 25.033808 ], [ 85.653793, 25.034374 ], [ 85.654299, 25.034721 ], [ 85.655242, 25.035315 ], [ 85.655788, 25.03563 ], [ 85.656953, 25.03626 ], [ 85.658127, 25.036913 ], [ 85.661912, 25.038985 ], [ 85.66453, 25.040435 ], [ 85.668172, 25.042461 ], [ 85.67153, 25.044321 ], [ 85.679237, 25.048592 ], [ 85.681141, 25.049635 ], [ 85.682324, 25.050324 ], [ 85.684724, 25.051637 ], [ 85.685702, 25.052187 ], [ 85.689166, 25.054099 ], [ 85.693317, 25.056397 ], [ 85.699979, 25.060081 ], [ 85.702296, 25.061374 ], [ 85.70346, 25.062012 ], [ 85.704278, 25.06246 ], [ 85.705528, 25.063156 ], [ 85.707813, 25.06441 ], [ 85.709719, 25.065459 ], [ 85.712114, 25.066789 ], [ 85.714007, 25.067845 ], [ 85.716176, 25.06905 ], [ 85.71835, 25.070256 ], [ 85.722595, 25.0726 ], [ 85.72542, 25.074159 ], [ 85.72926, 25.076281 ], [ 85.731824, 25.077704 ], [ 85.734648, 25.079267 ], [ 85.738414, 25.081346 ], [ 85.742111, 25.083394 ], [ 85.74854, 25.086947 ], [ 85.751326, 25.088479 ], [ 85.754887, 25.090416 ], [ 85.758769, 25.092561 ], [ 85.761374, 25.094012 ], [ 85.763373, 25.095121 ], [ 85.766512, 25.096852 ], [ 85.768847, 25.098147 ], [ 85.772695, 25.100286 ], [ 85.77543, 25.101775 ], [ 85.777328, 25.102822 ], [ 85.778974, 25.103725 ], [ 85.781687, 25.105251 ], [ 85.78432, 25.106671 ], [ 85.786394, 25.107826 ], [ 85.788877, 25.109202 ], [ 85.792791, 25.111363 ], [ 85.79545, 25.112825 ], [ 85.797833, 25.114137 ], [ 85.801389, 25.116107 ], [ 85.803122, 25.11705 ], [ 85.808621, 25.120102 ] ] ] } },
{ "type": "Feature", "properties": { "ID": "150113363", "TRK_NME": null, "FTR_CRY": "BG", "CITY_NME": null, "STT_NME": "Bihar", "SHAPE_Leng": "0.014960349748365" }, "geometry": { "type": "MultiLineString", "coordinates": [ [ [ 85.882949, 25.13457 ], [ 85.881023, 25.134633 ], [ 85.87733, 25.134707 ], [ 85.875865, 25.134733 ], [ 85.873477, 25.134792 ], [ 85.873, 25.134807 ], [ 85.871443, 25.134823 ], [ 85.870255, 25.134839 ], [ 85.869874, 25.134829 ], [ 85.869314, 25.134794 ], [ 85.868658, 25.134745 ], [ 85.867999, 25.134671 ] ] ] } },
{ "type": "Feature", "properties": { "ID": "150113364", "TRK_NME": null, "FTR_CRY": "BG", "CITY_NME": null, "STT_NME": "Bihar", "SHAPE_Leng": "0.031025693112625" }, "geometry": { "type": "MultiLineString", "coordinates": [ [ [ 85.837901, 25.129235 ], [ 85.836646, 25.129008 ], [ 85.834679, 25.128642 ], [ 85.833358, 25.128415 ], [ 85.831679, 25.128094 ], [ 85.829693, 25.127734 ], [ 85.828077, 25.127446 ], [ 85.826194, 25.127112 ], [ 85.824122, 25.126742 ], [ 85.822477, 25.126452 ], [ 85.821582, 25.126284 ], [ 85.820498, 25.126086 ], [ 85.819959, 25.125974 ], [ 85.819483, 25.125829 ], [ 85.819003, 25.125659 ], [ 85.818451, 25.125446 ], [ 85.817939, 25.125211 ], [ 85.817465, 25.124974 ], [ 85.816755, 25.1246 ], [ 85.816072, 25.124212 ], [ 85.815386, 25.123834 ], [ 85.814371, 25.123284 ], [ 85.813067, 25.122556 ], [ 85.812, 25.121974 ], [ 85.810847, 25.121328 ], [ 85.809705, 25.120686 ], [ 85.808621, 25.120102 ] ] ] } },
{ "type": "Feature", "properties": { "ID": "150113156", "TRK_NME": null, "FTR_CRY": "BG", "CITY_NME": null, "STT_NME": "Bihar", "SHAPE_Leng": "0.011514920343372" }, "geometry": { "type": "MultiLineString", "coordinates": [ [ [ 85.849231, 25.13129 ], [ 85.847872, 25.131042 ], [ 85.845867, 25.130687 ], [ 85.843385, 25.130231 ], [ 85.8416, 25.129897 ], [ 85.839344, 25.129494 ], [ 85.837901, 25.129235 ] ] ] } },
{ "type": "Feature", "properties": { "ID": "150129404", "TRK_NME": null, "FTR_CRY": "BG", "CITY_NME": null, "STT_NME": "Bihar", "SHAPE_Leng": "0.003100049710901" }, "geometry": { "type": "MultiLineString", "coordinates": [ [ [ 85.867999, 25.134671 ], [ 85.867382, 25.134565 ], [ 85.865681, 25.134262 ], [ 85.864946, 25.134133 ] ] ] } },
{ "type": "Feature", "properties": { "ID": "150133698", "TRK_NME": null, "FTR_CRY": "BG", "CITY_NME": null, "STT_NME": "Bihar", "SHAPE_Leng": "0.015970796242287" }, "geometry": { "type": "MultiLineString", "coordinates": [ [ [ 85.864946, 25.134133 ], [ 85.863226, 25.133812 ], [ 85.861396, 25.133483 ], [ 85.860356, 25.133283 ], [ 85.857608, 25.132795 ], [ 85.856736, 25.132635 ], [ 85.855669, 25.132439 ], [ 85.854185, 25.132152 ], [ 85.852727, 25.131883 ], [ 85.851474, 25.131654 ], [ 85.850122, 25.131445 ], [ 85.849231, 25.13129 ] ] ] } },
{ "type": "Feature", "properties": { "ID": "150113092", "TRK_NME": null, "FTR_CRY": "BG", "CITY_NME": "Sheikhpura", "STT_NME": "Bihar", "SHAPE_Leng": "0.001355078081682" }, "geometry": { "type": "MultiLineString", "coordinates": [ [ [ 85.859013, 25.133107 ], [ 85.859222, 25.133136 ], [ 85.859549, 25.133191 ], [ 85.860116, 25.133265 ], [ 85.860356, 25.133283 ] ] ] } },
{ "type": "Feature", "properties": { "ID": "150132226", "TRK_NME": null, "FTR_CRY": "BG", "CITY_NME": "Sheikhpura", "STT_NME": "Bihar", "SHAPE_Leng": "0.01005138536971" }, "geometry": { "type": "MultiLineString", "coordinates": [ [ [ 85.85011, 25.134488 ], [ 85.85035, 25.134523 ], [ 85.850741, 25.134591 ], [ 85.851247, 25.13468 ], [ 85.85187, 25.134797 ], [ 85.852129, 25.13491 ], [ 85.852453, 25.135065 ], [ 85.852702, 25.135228 ], [ 85.852972, 25.135378 ], [ 85.853138, 25.135459 ], [ 85.853292, 25.135531 ], [ 85.853569, 25.135625 ], [ 85.853802, 25.13566 ], [ 85.854112, 25.135686 ], [ 85.854404, 25.135679 ], [ 85.854643, 25.135626 ], [ 85.854959, 25.13555 ], [ 85.855385, 25.135344 ], [ 85.855731, 25.135123 ], [ 85.856057, 25.13492 ], [ 85.856385, 25.134574 ], [ 85.856625, 25.134267 ], [ 85.856898, 25.133908 ], [ 85.857146, 25.133603 ], [ 85.857428, 25.133415 ], [ 85.85765, 25.133297 ], [ 85.857922, 25.133203 ], [ 85.858314, 25.133108 ], [ 85.858714, 25.133085 ], [ 85.859013, 25.133107 ] ] ] } },
{ "type": "Feature", "properties": { "ID": "150172732", "TRK_NME": null, "FTR_CRY": "BG", "CITY_NME": "Sheikhpura", "STT_NME": "Bihar", "SHAPE_Leng": "0.004253227588398" }, "geometry": { "type": "MultiLineString", "coordinates": [ [ [ 85.855731, 25.135123 ], [ 85.856149, 25.135007 ], [ 85.856876, 25.134841 ], [ 85.857146, 25.134838 ], [ 85.857717, 25.134936 ], [ 85.859528, 25.135262 ], [ 85.859894, 25.135379 ] ] ] } },
{ "type": "Feature", "properties": { "ID": "150113275", "TRK_NME": null, "FTR_CRY": "BG", "CITY_NME": null, "STT_NME": "Bihar", "SHAPE_Leng": "0.089542673006775" }, "geometry": { "type": "MultiLineString", "coordinates": [ [ [ 85.418398, 25.478987 ], [ 85.424526, 25.477742 ], [ 85.436608, 25.475311 ], [ 85.475229, 25.467447 ], [ 85.478194, 25.466868 ], [ 85.482867, 25.465886 ], [ 85.490103, 25.46443 ], [ 85.502373, 25.461926 ], [ 85.506144, 25.461141 ] ] ] } },
{ "type": "Feature", "properties": { "ID": "150113441", "TRK_NME": "Bakhtiarpur", "FTR_CRY": "BG", "CITY_NME": null, "STT_NME": "Bihar", "SHAPE_Leng": "0.041932114097753" }, "geometry": { "type": "MultiLineString", "coordinates": [ [ [ 85.543578, 25.428512 ], [ 85.544148, 25.422493 ], [ 85.544881, 25.414874 ], [ 85.545486, 25.408541 ], [ 85.546047, 25.40259 ], [ 85.54651, 25.397618 ], [ 85.546634, 25.396175 ], [ 85.546651, 25.395611 ], [ 85.546657, 25.395281 ], [ 85.546631, 25.394946 ], [ 85.546568, 25.394445 ], [ 85.546481, 25.39399 ], [ 85.545897, 25.391628 ], [ 85.54535, 25.389602 ], [ 85.54468, 25.386965 ] ] ] } },
{ "type": "Feature", "properties": { "ID": "150113442", "TRK_NME": "Islampur to Fatuha", "FTR_CRY": "BG", "CITY_NME": null, "STT_NME": "Bihar", "SHAPE_Leng": "0.057455885681743" }, "geometry": { "type": "MultiLineString", "coordinates": [ [ [ 85.234714, 25.233595 ], [ 85.235329, 25.236798 ], [ 85.236078, 25.240584 ], [ 85.236538, 25.242809 ], [ 85.236923, 25.244637 ], [ 85.237436, 25.247349 ], [ 85.237867, 25.249528 ], [ 85.238368, 25.252127 ], [ 85.238435, 25.25239 ], [ 85.238541, 25.252718 ], [ 85.238702, 25.253146 ], [ 85.238886, 25.253471 ], [ 85.239594, 25.254736 ], [ 85.240002, 25.255432 ], [ 85.24099, 25.257025 ], [ 85.241533, 25.257939 ], [ 85.242227, 25.259106 ], [ 85.242938, 25.260314 ], [ 85.243909, 25.261943 ], [ 85.244594, 25.263104 ], [ 85.246082, 25.265586 ], [ 85.247525, 25.268013 ], [ 85.249075, 25.27058 ], [ 85.249872, 25.271925 ], [ 85.250885, 25.27364 ], [ 85.251744, 25.275066 ], [ 85.252639, 25.276562 ], [ 85.252971, 25.277076 ], [ 85.254149, 25.279092 ], [ 85.2549, 25.280369 ], [ 85.25561, 25.281544 ], [ 85.256377, 25.282836 ], [ 85.257884, 25.285359 ] ] ] } },
{ "type": "Feature", "properties": { "ID": "150113186", "TRK_NME": "Bakhtiarpur", "FTR_CRY": "BG", "CITY_NME": null, "STT_NME": "Bihar", "SHAPE_Leng": "0.014070244396886" }, "geometry": { "type": "MultiLineString", "coordinates": [ [ [ 85.539321, 25.366145 ], [ 85.5381, 25.361463 ], [ 85.536791, 25.356373 ], [ 85.535794, 25.352524 ] ] ] } },
{ "type": "Feature", "properties": { "ID": "150129364", "TRK_NME": "Bakhtiarpur", "FTR_CRY": "BG", "CITY_NME": null, "STT_NME": "Bihar", "SHAPE_Leng": "0.007685706433889" }, "geometry": { "type": "MultiLineString", "coordinates": [ [ [ 85.54468, 25.386965 ], [ 85.544255, 25.385319 ], [ 85.543671, 25.383078 ], [ 85.54313, 25.380926 ], [ 85.542792, 25.379515 ] ] ] } },
{ "type": "Feature", "properties": { "ID": "150129365", "TRK_NME": "Bakhtiarpur", "FTR_CRY": "BG", "CITY_NME": "Harnaut", "STT_NME": "Bihar", "SHAPE_Leng": "0.01381341797395" }, "geometry": { "type": "MultiLineString", "coordinates": [ [ [ 85.542792, 25.379515 ], [ 85.542015, 25.376527 ], [ 85.541239, 25.373611 ], [ 85.540399, 25.370284 ], [ 85.539725, 25.367745 ], [ 85.539321, 25.366145 ] ] ] } },
{ "type": "Feature", "properties": { "ID": "150113182", "TRK_NME": "Islampur to Fatuha", "FTR_CRY": "BG", "CITY_NME": null, "STT_NME": "Bihar", "SHAPE_Leng": "0.00602332084543" }, "geometry": { "type": "MultiLineString", "coordinates": [ [ [ 85.230958, 25.214794 ], [ 85.231578, 25.217883 ], [ 85.232136, 25.220701 ] ] ] } },
{ "type": "Feature", "properties": { "ID": "150129372", "TRK_NME": "Islampur to Fatuha", "FTR_CRY": "BG", "CITY_NME": null, "STT_NME": "Bihar", "SHAPE_Leng": "7.27789117832E-4" }, "geometry": { "type": "MultiLineString", "coordinates": [ [ [ 85.233503, 25.227605 ], [ 85.233644, 25.228319 ] ] ] } },
{ "type": "Feature", "properties": { "ID": "150129373", "TRK_NME": "Islampur to Fatuha", "FTR_CRY": "BG", "CITY_NME": null, "STT_NME": "Bihar", "SHAPE_Leng": "0.001991363854202" }, "geometry": { "type": "MultiLineString", "coordinates": [ [ [ 85.234325, 25.231642 ], [ 85.234714, 25.233595 ] ] ] } },
{ "type": "Feature", "properties": { "ID": "150129374", "TRK_NME": "Islampur to Fatuha", "FTR_CRY": "BG", "CITY_NME": "Ekangar Sarai", "STT_NME": "Bihar", "SHAPE_Leng": "0.007038101404011" }, "geometry": { "type": "MultiLineString", "coordinates": [ [ [ 85.232136, 25.220701 ], [ 85.232871, 25.224413 ], [ 85.233345, 25.226759 ], [ 85.233503, 25.227605 ] ] ] } },
{ "type": "Feature", "properties": { "ID": "150129375", "TRK_NME": "Islampur to Fatuha", "FTR_CRY": "BG", "CITY_NME": "Ekangar Sarai", "STT_NME": "Bihar", "SHAPE_Leng": "0.00339206279425" }, "geometry": { "type": "MultiLineString", "coordinates": [ [ [ 85.233644, 25.228319 ], [ 85.234325, 25.231642 ] ] ] } },
{ "type": "Feature", "properties": { "ID": "150113298", "TRK_NME": "Islampur to Fatuha", "FTR_CRY": "BG", "CITY_NME": null, "STT_NME": "Bihar", "SHAPE_Leng": "0.13704590664662" }, "geometry": { "type": "MultiLineString", "coordinates": [ [ [ 85.278043, 25.344207 ], [ 85.27808, 25.345745 ], [ 85.278129, 25.346929 ], [ 85.278149, 25.347515 ], [ 85.278185, 25.34802 ], [ 85.278396, 25.35001 ], [ 85.278575, 25.351499 ], [ 85.278664, 25.351847 ], [ 85.278772, 25.352169 ], [ 85.278935, 25.352494 ], [ 85.279098, 25.352773 ], [ 85.279372, 25.353254 ], [ 85.279546, 25.353626 ], [ 85.280047, 25.354812 ], [ 85.280232, 25.355211 ], [ 85.280419, 25.355562 ], [ 85.28195, 25.358028 ], [ 85.28209, 25.358292 ], [ 85.282231, 25.358681 ], [ 85.282353, 25.359151 ], [ 85.282667, 25.360322 ], [ 85.283449, 25.363524 ], [ 85.284133, 25.366515 ], [ 85.284556, 25.368294 ], [ 85.284671, 25.368969 ], [ 85.284707, 25.369555 ], [ 85.284733, 25.370459 ], [ 85.284774, 25.371581 ], [ 85.284807, 25.372889 ], [ 85.284846, 25.374067 ], [ 85.284866, 25.374953 ], [ 85.28489, 25.37577 ], [ 85.284886, 25.376349 ], [ 85.284873, 25.376947 ], [ 85.28483, 25.377334 ], [ 85.284738, 25.377794 ], [ 85.284524, 25.378455 ], [ 85.284119, 25.379519 ], [ 85.283971, 25.379983 ], [ 85.283821, 25.380546 ], [ 85.283679, 25.381188 ], [ 85.28361, 25.381581 ], [ 85.283551, 25.382021 ], [ 85.283528, 25.382499 ], [ 85.283492, 25.383941 ], [ 85.283472, 25.384673 ], [ 85.283429, 25.385163 ], [ 85.283347, 25.385755 ], [ 85.283225, 25.386418 ], [ 85.28313, 25.386804 ], [ 85.282952, 25.387387 ], [ 85.282797, 25.387803 ], [ 85.28257, 25.388303 ], [ 85.282125, 25.389155 ], [ 85.281721, 25.390009 ], [ 85.281594, 25.390314 ], [ 85.281494, 25.390624 ], [ 85.281436, 25.390843 ], [ 85.281371, 25.39115 ], [ 85.281136, 25.393031 ], [ 85.281034, 25.393811 ], [ 85.281024, 25.394313 ], [ 85.28103, 25.39489 ], [ 85.281313, 25.397539 ], [ 85.281565, 25.399838 ], [ 85.281596, 25.400117 ], [ 85.281675, 25.400495 ], [ 85.281768, 25.400854 ], [ 85.282326, 25.402355 ], [ 85.283235, 25.404953 ], [ 85.283744, 25.406337 ], [ 85.284167, 25.407587 ], [ 85.284799, 25.409297 ], [ 85.284984, 25.409903 ], [ 85.285099, 25.410477 ], [ 85.285155, 25.410887 ], [ 85.285149, 25.411559 ], [ 85.285017, 25.412436 ], [ 85.284864, 25.412999 ], [ 85.284811, 25.413308 ], [ 85.284752, 25.413713 ], [ 85.284716, 25.414173 ], [ 85.28476, 25.414877 ], [ 85.284856, 25.415391 ], [ 85.285016, 25.415854 ], [ 85.28519, 25.416291 ], [ 85.285671, 25.417589 ], [ 85.285834, 25.418099 ], [ 85.287192, 25.421807 ], [ 85.288025, 25.424068 ], [ 85.289203, 25.427321 ], [ 85.290225, 25.430098 ], [ 85.290818, 25.431833 ], [ 85.290929, 25.432234 ], [ 85.291021, 25.432804 ], [ 85.291098, 25.433808 ], [ 85.291271, 25.436091 ], [ 85.291486, 25.438528 ], [ 85.291581, 25.439179 ], [ 85.291831, 25.440513 ], [ 85.291907, 25.441063 ], [ 85.291986, 25.441889 ], [ 85.291946, 25.443294 ], [ 85.291952, 25.444203 ], [ 85.291959, 25.445197 ], [ 85.292026, 25.445839 ], [ 85.292117, 25.446426 ], [ 85.292478, 25.44838 ], [ 85.293086, 25.451689 ], [ 85.293871, 25.456044 ], [ 85.294458, 25.459189 ], [ 85.295513, 25.464887 ], [ 85.29572, 25.466055 ], [ 85.296098, 25.468094 ], [ 85.296392, 25.469332 ], [ 85.297869, 25.474126 ], [ 85.298718, 25.476868 ] ] ] } },
{ "type": "Feature", "properties": { "ID": "150113425", "TRK_NME": "Bakhtiarpur", "FTR_CRY": "BG", "CITY_NME": null, "STT_NME": "Bihar", "SHAPE_Leng": "0.122052889088802" }, "geometry": { "type": "MultiLineString", "coordinates": [ [ [ 85.539132, 25.190027 ], [ 85.539035, 25.186656 ], [ 85.53894, 25.184324 ], [ 85.538894, 25.183909 ], [ 85.538843, 25.183581 ], [ 85.538792, 25.183309 ], [ 85.538722, 25.183027 ], [ 85.538614, 25.182665 ], [ 85.538487, 25.18231 ], [ 85.538274, 25.181799 ], [ 85.538097, 25.181444 ], [ 85.537835, 25.180987 ], [ 85.537485, 25.180498 ], [ 85.537128, 25.180052 ], [ 85.536831, 25.179742 ], [ 85.53654, 25.179447 ], [ 85.536135, 25.179092 ], [ 85.53522, 25.178343 ], [ 85.533634, 25.177061 ], [ 85.531601, 25.17544 ], [ 85.529398, 25.173669 ], [ 85.528514, 25.172935 ], [ 85.526483, 25.171322 ], [ 85.524468, 25.169692 ], [ 85.522043, 25.167745 ], [ 85.519926, 25.166056 ], [ 85.51722, 25.163876 ], [ 85.514712, 25.161882 ], [ 85.512742, 25.160311 ], [ 85.511683, 25.159459 ], [ 85.510133, 25.158196 ], [ 85.509095, 25.157361 ], [ 85.507737, 25.156244 ], [ 85.506104, 25.154956 ], [ 85.504831, 25.153905 ], [ 85.503689, 25.152992 ], [ 85.503282, 25.152685 ], [ 85.502911, 25.152437 ], [ 85.502172, 25.152024 ], [ 85.50168, 25.151794 ], [ 85.501161, 25.151585 ], [ 85.500708, 25.151436 ], [ 85.500139, 25.151286 ], [ 85.498065, 25.150826 ], [ 85.496298, 25.150443 ], [ 85.494525, 25.150071 ], [ 85.493143, 25.149756 ], [ 85.492218, 25.149557 ], [ 85.491675, 25.149391 ], [ 85.491219, 25.14923 ], [ 85.490392, 25.148872 ], [ 85.48993, 25.148625 ], [ 85.48936, 25.148262 ], [ 85.488818, 25.147849 ], [ 85.488469, 25.147544 ], [ 85.488232, 25.14733 ], [ 85.48798, 25.147061 ], [ 85.487667, 25.146715 ], [ 85.487415, 25.146405 ], [ 85.487172, 25.14605 ], [ 85.486435, 25.144942 ], [ 85.484909, 25.142607 ], [ 85.483245, 25.139998 ], [ 85.481673, 25.137586 ], [ 85.481276, 25.13701 ], [ 85.480901, 25.136546 ], [ 85.480627, 25.136247 ], [ 85.480398, 25.136013 ], [ 85.480139, 25.135769 ], [ 85.479268, 25.13508 ], [ 85.478211, 25.134257 ], [ 85.477113, 25.133428 ], [ 85.475713, 25.132326 ], [ 85.474507, 25.131409 ], [ 85.473502, 25.130638 ], [ 85.47245, 25.129838 ], [ 85.469571, 25.127602 ], [ 85.467616, 25.126103 ], [ 85.465144, 25.124223 ], [ 85.461167, 25.121157 ], [ 85.459355, 25.119741 ], [ 85.45897, 25.119442 ], [ 85.45854, 25.119063 ], [ 85.458193, 25.11873 ], [ 85.457876, 25.118369 ], [ 85.457573, 25.11799 ], [ 85.457398, 25.117746 ], [ 85.457119, 25.11733 ], [ 85.456903, 25.116965 ], [ 85.456291, 25.115915 ], [ 85.455465, 25.114504 ], [ 85.454864, 25.113496 ], [ 85.453944, 25.111944 ], [ 85.452975, 25.110245 ] ] ] } },
{ "type": "Feature", "properties": { "ID": "150113334", "TRK_NME": "Bakhtiarpur", "FTR_CRY": "BG", "CITY_NME": null, "STT_NME": "Bihar", "SHAPE_Leng": "0.139270688996788" }, "geometry": { "type": "MultiLineString", "coordinates": [ [ [ 85.535794, 25.352524 ], [ 85.534926, 25.349176 ], [ 85.534138, 25.346046 ], [ 85.533456, 25.34343 ], [ 85.533026, 25.341791 ], [ 85.532847, 25.341029 ], [ 85.532704, 25.340337 ], [ 85.532542, 25.338762 ], [ 85.532485, 25.336384 ], [ 85.53238, 25.333917 ], [ 85.532366, 25.333401 ], [ 85.532126, 25.324493 ], [ 85.532111, 25.323731 ], [ 85.532052, 25.320609 ], [ 85.531861, 25.313114 ], [ 85.531743, 25.309406 ], [ 85.531634, 25.305404 ], [ 85.531531, 25.301723 ], [ 85.531436, 25.298142 ], [ 85.531284, 25.292868 ], [ 85.531175, 25.288428 ], [ 85.531059, 25.284591 ], [ 85.530921, 25.278648 ], [ 85.530871, 25.277355 ], [ 85.530789, 25.27428 ], [ 85.530745, 25.272601 ], [ 85.530718, 25.271566 ], [ 85.530678, 25.270727 ], [ 85.530622, 25.269791 ], [ 85.530451, 25.268142 ], [ 85.530377, 25.267478 ], [ 85.530204, 25.266011 ], [ 85.530009, 25.264179 ], [ 85.529565, 25.260141 ], [ 85.52922, 25.257149 ], [ 85.529054, 25.25562 ], [ 85.529015, 25.255141 ], [ 85.529009, 25.254812 ], [ 85.529011, 25.254368 ], [ 85.529046, 25.253973 ], [ 85.529083, 25.253692 ], [ 85.529224, 25.252982 ], [ 85.529483, 25.252113 ], [ 85.529712, 25.251455 ], [ 85.530276, 25.249921 ], [ 85.530559, 25.249167 ], [ 85.530927, 25.248292 ], [ 85.531614, 25.24665 ], [ 85.532397, 25.244847 ], [ 85.532879, 25.243778 ], [ 85.533562, 25.242317 ], [ 85.533831, 25.241684 ], [ 85.534627, 25.239989 ], [ 85.535219, 25.238693 ], [ 85.53565, 25.237657 ], [ 85.536337, 25.236049 ], [ 85.536808, 25.234956 ], [ 85.53711, 25.234248 ], [ 85.537747, 25.232735 ], [ 85.538152, 25.231798 ], [ 85.53867, 25.230568 ], [ 85.539347, 25.229017 ], [ 85.539553, 25.228458 ], [ 85.539811, 25.22774 ], [ 85.539944, 25.227272 ], [ 85.540047, 25.226798 ], [ 85.540116, 25.22614 ], [ 85.54014, 25.225779 ], [ 85.540129, 25.224914 ], [ 85.540091, 25.223379 ], [ 85.540019, 25.220193 ], [ 85.539923, 25.217094 ], [ 85.53989, 25.215965 ] ] ] } },
{ "type": "Feature", "properties": { "ID": "150132224", "TRK_NME": "Bakhtiarpur", "FTR_CRY": "BG", "CITY_NME": "Biharsharif", "STT_NME": "Bihar", "SHAPE_Leng": "0.00275129669468" }, "geometry": { "type": "MultiLineString", "coordinates": [ [ [ 85.53989, 25.215965 ], [ 85.53983, 25.214227 ], [ 85.539807, 25.213215 ] ] ] } },
{ "type": "Feature", "properties": { "ID": "150164345", "TRK_NME": null, "FTR_CRY": "BG", "CITY_NME": "Biharsharif", "STT_NME": "Bihar", "SHAPE_Leng": "0.008812208335602" }, "geometry": { "type": "MultiLineString", "coordinates": [ [ [ 85.539455, 25.200909 ], [ 85.539687, 25.202651 ], [ 85.53978, 25.205232 ], [ 85.539824, 25.208338 ], [ 85.539793, 25.209213 ], [ 85.539698, 25.209694 ] ] ] } },
{ "type": "Feature", "properties": { "ID": "150164346", "TRK_NME": null, "FTR_CRY": "BG", "CITY_NME": null, "STT_NME": "Bihar", "SHAPE_Leng": "0.013170873631057" }, "geometry": { "type": "MultiLineString", "coordinates": [ [ [ 85.534627, 25.239989 ], [ 85.53406, 25.241432 ], [ 85.53335, 25.243061 ], [ 85.532358, 25.245381 ], [ 85.531531, 25.247334 ], [ 85.530181, 25.250515 ], [ 85.529483, 25.252113 ] ] ] } },
{ "type": "Feature", "properties": { "ID": "150164347", "TRK_NME": null, "FTR_CRY": "BG", "CITY_NME": null, "STT_NME": "Bihar", "SHAPE_Leng": "0.009069589900395" }, "geometry": { "type": "MultiLineString", "coordinates": [ [ [ 85.532366, 25.333401 ], [ 85.531782, 25.33018 ], [ 85.531603, 25.328806 ], [ 85.53155, 25.326995 ], [ 85.531589, 25.326395 ], [ 85.531614, 25.326217 ], [ 85.531669, 25.325976 ], [ 85.531833, 25.325656 ], [ 85.531976, 25.325365 ], [ 85.532042, 25.325132 ], [ 85.532126, 25.324493 ] ] ] } },
{ "type": "Feature", "properties": { "ID": "150164348", "TRK_NME": null, "FTR_CRY": "BG", "CITY_NME": null, "STT_NME": "Bihar", "SHAPE_Leng": "0.010201641738725" }, "geometry": { "type": "MultiLineString", "coordinates": [ [ [ 85.532111, 25.323731 ], [ 85.532235, 25.324916 ], [ 85.532334, 25.32574 ], [ 85.532467, 25.329672 ], [ 85.532431, 25.332149 ], [ 85.53238, 25.333917 ] ] ] } },
{ "type": "Feature", "properties": { "ID": "150164349", "TRK_NME": null, "FTR_CRY": "BG", "CITY_NME": "Harnaut", "STT_NME": "Bihar", "SHAPE_Leng": "0.012185717682399" }, "geometry": { "type": "MultiLineString", "coordinates": [ [ [ 85.539725, 25.367745 ], [ 85.540228, 25.369255 ], [ 85.540795, 25.371008 ], [ 85.541876, 25.37515 ], [ 85.542675, 25.378477 ], [ 85.542785, 25.379029 ], [ 85.542799, 25.379249 ], [ 85.542792, 25.379515 ] ] ] } },
{ "type": "Feature", "properties": { "ID": "150164350", "TRK_NME": null, "FTR_CRY": "BG", "CITY_NME": "Rajgir", "STT_NME": "Bihar", "SHAPE_Leng": "0.010388591437204" }, "geometry": { "type": "MultiLineString", "coordinates": [ [ [ 85.413325, 25.030017 ], [ 85.414001, 25.03077 ], [ 85.414278, 25.031193 ], [ 85.414598, 25.031776 ], [ 85.415375, 25.033493 ], [ 85.416931, 25.036805 ], [ 85.417738, 25.038541 ], [ 85.417998, 25.039242 ] ] ] } },
{ "type": "Feature", "properties": { "ID": "150164351", "TRK_NME": null, "FTR_CRY": "BG", "CITY_NME": "Rajgir", "STT_NME": "Bihar", "SHAPE_Leng": "0.010476228738895" }, "geometry": { "type": "MultiLineString", "coordinates": [ [ [ 85.414278, 25.031193 ], [ 85.414522, 25.03141 ], [ 85.414837, 25.031924 ], [ 85.415741, 25.033828 ], [ 85.417873, 25.038635 ], [ 85.418327, 25.039717 ], [ 85.418518, 25.040212 ], [ 85.418675, 25.040662 ] ] ] } },
{ "type": "Feature", "properties": { "ID": "150164353", "TRK_NME": null, "FTR_CRY": "BG", "CITY_NME": null, "STT_NME": "Bihar", "SHAPE_Leng": "0.018274832069875" }, "geometry": { "type": "MultiLineString", "coordinates": [ [ [ 85.282326, 25.402355 ], [ 85.28201, 25.401243 ], [ 85.281944, 25.400934 ], [ 85.281924, 25.400744 ], [ 85.281924, 25.400476 ], [ 85.281944, 25.40025 ], [ 85.281984, 25.400039 ], [ 85.282043, 25.39984 ], [ 85.282135, 25.399611 ], [ 85.282276, 25.399331 ], [ 85.282457, 25.399049 ], [ 85.282609, 25.398817 ], [ 85.282763, 25.398633 ], [ 85.283053, 25.398389 ], [ 85.283293, 25.398249 ], [ 85.28353, 25.398139 ], [ 85.283929, 25.398014 ], [ 85.284175, 25.397987 ], [ 85.286644, 25.397743 ], [ 85.296809, 25.396712 ] ] ] } },
{ "type": "Feature", "properties": { "ID": "150164354", "TRK_NME": null, "FTR_CRY": "BG", "CITY_NME": null, "STT_NME": "Bihar", "SHAPE_Leng": "0.00690659168422" }, "geometry": { "type": "MultiLineString", "coordinates": [ [ [ 85.285671, 25.417589 ], [ 85.286184, 25.418613 ], [ 85.287413, 25.421928 ], [ 85.288025, 25.424068 ] ] ] } },
{ "type": "Feature", "properties": { "ID": "150164356", "TRK_NME": null, "FTR_CRY": "BG", "CITY_NME": null, "STT_NME": "Bihar", "SHAPE_Leng": "0.302612456079295" }, "geometry": { "type": "MultiLineString", "coordinates": [ [ [ 85.529712, 25.251455 ], [ 85.529174, 25.252683 ], [ 85.528765, 25.253355 ], [ 85.528503, 25.25373 ], [ 85.527952, 25.254354 ], [ 85.527591, 25.254708 ], [ 85.526831, 25.255317 ], [ 85.526267, 25.255704 ], [ 85.525792, 25.255977 ], [ 85.525178, 25.256292 ], [ 85.524906, 25.256415 ], [ 85.524359, 25.256615 ], [ 85.523955, 25.256755 ], [ 85.52353, 25.256868 ], [ 85.522869, 25.256989 ], [ 85.52222, 25.257065 ], [ 85.521612, 25.257123 ], [ 85.520615, 25.257161 ], [ 85.517292, 25.2573 ], [ 85.514358, 25.257475 ], [ 85.511948, 25.257593 ], [ 85.506633, 25.257862 ], [ 85.503764, 25.258017 ], [ 85.50063, 25.258172 ], [ 85.499245, 25.258269 ], [ 85.498096, 25.258424 ], [ 85.497166, 25.258599 ], [ 85.496345, 25.258783 ], [ 85.495222, 25.259131 ], [ 85.494186, 25.25952 ], [ 85.492955, 25.260083 ], [ 85.492062, 25.260562 ], [ 85.491527, 25.260864 ], [ 85.491032, 25.261177 ], [ 85.490221, 25.261742 ], [ 85.489412, 25.262405 ], [ 85.487777, 25.263809 ], [ 85.485726, 25.265563 ], [ 85.483165, 25.267725 ], [ 85.480144, 25.27033 ], [ 85.477385, 25.272655 ], [ 85.474821, 25.274847 ], [ 85.473879, 25.275649 ], [ 85.472658, 25.276697 ], [ 85.47147, 25.277539 ], [ 85.470795, 25.277975 ], [ 85.470161, 25.278333 ], [ 85.469404, 25.278732 ], [ 85.468153, 25.279284 ], [ 85.463928, 25.281014 ], [ 85.458975, 25.283002 ], [ 85.454174, 25.285179 ], [ 85.450769, 25.286609 ], [ 85.446236, 25.288517 ], [ 85.440718, 25.290836 ], [ 85.435516, 25.293002 ], [ 85.431168, 25.294827 ], [ 85.42593, 25.297035 ], [ 85.421263, 25.299012 ], [ 85.417072, 25.300774 ], [ 85.412807, 25.302598 ], [ 85.409245, 25.304086 ], [ 85.405997, 25.305459 ], [ 85.404606, 25.306079 ], [ 85.403821, 25.306542 ], [ 85.402808, 25.307325 ], [ 85.401126, 25.308745 ], [ 85.400562, 25.30925 ], [ 85.398205, 25.312069 ], [ 85.395266, 25.315608 ], [ 85.392455, 25.318958 ], [ 85.390528, 25.321324 ], [ 85.388759, 25.323428 ], [ 85.386821, 25.325736 ], [ 85.384377, 25.328686 ], [ 85.381694, 25.331931 ], [ 85.378295, 25.336067 ], [ 85.376958, 25.337715 ], [ 85.375864, 25.339024 ], [ 85.375308, 25.339621 ], [ 85.374656, 25.340278 ], [ 85.37173, 25.342664 ], [ 85.368937, 25.344898 ], [ 85.366202, 25.347069 ], [ 85.363095, 25.349555 ], [ 85.3605, 25.351648 ], [ 85.357119, 25.354308 ], [ 85.354477, 25.356563 ], [ 85.351713, 25.358976 ], [ 85.348995, 25.361336 ], [ 85.345696, 25.364207 ], [ 85.343135, 25.366457 ], [ 85.340284, 25.368938 ], [ 85.3377, 25.371167 ], [ 85.335454, 25.373133 ], [ 85.333703, 25.374652 ], [ 85.331998, 25.376135 ], [ 85.330328, 25.37757 ], [ 85.328978, 25.378753 ], [ 85.327441, 25.380072 ], [ 85.325765, 25.38156 ], [ 85.323938, 25.383142 ], [ 85.321873, 25.384803 ], [ 85.319638, 25.38657 ], [ 85.317438, 25.388331 ], [ 85.31379, 25.391238 ], [ 85.312591, 25.392179 ], [ 85.312027, 25.392647 ], [ 85.311404, 25.393099 ], [ 85.310874, 25.393472 ], [ 85.310322, 25.393824 ], [ 85.309856, 25.394103 ], [ 85.309518, 25.394282 ], [ 85.309175, 25.39445 ], [ 85.308419, 25.394813 ], [ 85.30509, 25.396301 ], [ 85.302704, 25.397368 ], [ 85.299963, 25.398582 ], [ 85.297839, 25.399529 ], [ 85.294661, 25.400954 ], [ 85.292258, 25.402021 ], [ 85.291036, 25.402557 ], [ 85.290343, 25.402873 ], [ 85.289808, 25.403172 ], [ 85.289383, 25.403451 ], [ 85.288883, 25.403814 ], [ 85.28851, 25.404108 ], [ 85.288155, 25.404434 ], [ 85.28776, 25.40486 ], [ 85.287416, 25.40528 ], [ 85.287108, 25.405696 ], [ 85.286835, 25.406127 ], [ 85.286584, 25.406605 ], [ 85.286398, 25.407004 ], [ 85.286264, 25.407383 ], [ 85.286014, 25.408187 ], [ 85.285665, 25.409617 ], [ 85.285313, 25.411212 ], [ 85.285017, 25.412436 ] ] ] } },
{ "type": "Feature", "properties": { "ID": "150113304", "TRK_NME": "Bakhtiarpur", "FTR_CRY": "BG", "CITY_NME": null, "STT_NME": "Bihar", "SHAPE_Leng": "0.382522176822632" }, "geometry": { "type": "MultiLineString", "coordinates": [ [ [ 85.392661, 25.016148 ], [ 85.391592, 25.015835 ], [ 85.388011, 25.01476 ], [ 85.374839, 25.010825 ], [ 85.366894, 25.008448 ], [ 85.363449, 25.007418 ], [ 85.361944, 25.006843 ], [ 85.360706, 25.006244 ], [ 85.356055, 25.00379 ], [ 85.353352, 25.002383 ], [ 85.350646, 25.000953 ], [ 85.347889, 24.9995 ], [ 85.345912, 24.99847 ], [ 85.343931, 24.997427 ], [ 85.343071, 24.997033 ], [ 85.342264, 24.996684 ], [ 85.341195, 24.996299 ], [ 85.340219, 24.996015 ], [ 85.339386, 24.995807 ], [ 85.338573, 24.995673 ], [ 85.33729, 24.995486 ], [ 85.336653, 24.995446 ], [ 85.335715, 24.995407 ], [ 85.335151, 24.99541 ], [ 85.334581, 24.995437 ], [ 85.333073, 24.995569 ], [ 85.328419, 24.996114 ], [ 85.324087, 24.996594 ], [ 85.321003, 24.996968 ], [ 85.319005, 24.997197 ], [ 85.317838, 24.99728 ], [ 85.316862, 24.997302 ], [ 85.315887, 24.997274 ], [ 85.315293, 24.997237 ], [ 85.314696, 24.997186 ], [ 85.313971, 24.997085 ], [ 85.313208, 24.996956 ], [ 85.312418, 24.996794 ], [ 85.311868, 24.996663 ], [ 85.309051, 24.995742 ], [ 85.303422, 24.993867 ], [ 85.299575, 24.992585 ], [ 85.293985, 24.990733 ], [ 85.287206, 24.988455 ], [ 85.286326, 24.988175 ], [ 85.285415, 24.987845 ], [ 85.284765, 24.987579 ], [ 85.284274, 24.98735 ], [ 85.283626, 24.987004 ], [ 85.283012, 24.98664 ], [ 85.282425, 24.986215 ], [ 85.281858, 24.985753 ], [ 85.281402, 24.985358 ], [ 85.280943, 24.984887 ], [ 85.280397, 24.984233 ], [ 85.279955, 24.98363 ], [ 85.279614, 24.983104 ], [ 85.279355, 24.982616 ], [ 85.279065, 24.982041 ], [ 85.278768, 24.981362 ], [ 85.278196, 24.97984 ], [ 85.277671, 24.978554 ], [ 85.275813, 24.973745 ], [ 85.274396, 24.970083 ], [ 85.272992, 24.966497 ], [ 85.271751, 24.963273 ], [ 85.270952, 24.961176 ], [ 85.270602, 24.960252 ], [ 85.270352, 24.95953 ], [ 85.270176, 24.958876 ], [ 85.270075, 24.958227 ], [ 85.270021, 24.957756 ], [ 85.269986, 24.95736 ], [ 85.269986, 24.956662 ], [ 85.270019, 24.956032 ], [ 85.270107, 24.955353 ], [ 85.27034, 24.954389 ], [ 85.270455, 24.953927 ], [ 85.270619, 24.953487 ], [ 85.270803, 24.953029 ], [ 85.271103, 24.952396 ], [ 85.271403, 24.951886 ], [ 85.271656, 24.951484 ], [ 85.272073, 24.950916 ], [ 85.272711, 24.950171 ], [ 85.274316, 24.948353 ], [ 85.276039, 24.946434 ], [ 85.276738, 24.945645 ], [ 85.277247, 24.944971 ], [ 85.277353, 24.944817 ], [ 85.277632, 24.944422 ], [ 85.277772, 24.944271 ], [ 85.278177, 24.943884 ], [ 85.278601, 24.94351 ], [ 85.278824, 24.943278 ], [ 85.281079, 24.94071 ], [ 85.28234, 24.93932 ], [ 85.283644, 24.937808 ], [ 85.284873, 24.936494 ], [ 85.285492, 24.935948 ], [ 85.287261, 24.934605 ], [ 85.28797, 24.934129 ], [ 85.288567, 24.933793 ], [ 85.289101, 24.933511 ], [ 85.290056, 24.933065 ], [ 85.290715, 24.932803 ], [ 85.291487, 24.932538 ], [ 85.292228, 24.932335 ], [ 85.293249, 24.932106 ], [ 85.294122, 24.931921 ], [ 85.295126, 24.931775 ], [ 85.295966, 24.931665 ], [ 85.297371, 24.931567 ], [ 85.301126, 24.93134 ], [ 85.304923, 24.931132 ], [ 85.306869, 24.931039 ], [ 85.307982, 24.930974 ], [ 85.308801, 24.930886 ], [ 85.310074, 24.93068 ], [ 85.311256, 24.930424 ], [ 85.31203, 24.930222 ], [ 85.312591, 24.930031 ], [ 85.314203, 24.929415 ], [ 85.316901, 24.928319 ], [ 85.318824, 24.927557 ], [ 85.320949, 24.926692 ], [ 85.323272, 24.925683 ], [ 85.324441, 24.925165 ], [ 85.324808, 24.92504 ], [ 85.326351, 24.924588 ], [ 85.326942, 24.92437 ], [ 85.328402, 24.923817 ], [ 85.334822, 24.92125 ], [ 85.339659, 24.919345 ], [ 85.340716, 24.918973 ], [ 85.341799, 24.918693 ], [ 85.343224, 24.918443 ], [ 85.344505, 24.918293 ], [ 85.345447, 24.918257 ], [ 85.346461, 24.918242 ], [ 85.3474, 24.918286 ], [ 85.348348, 24.918396 ], [ 85.349468, 24.918572 ], [ 85.350226, 24.918727 ], [ 85.350982, 24.918927 ], [ 85.351937, 24.919212 ], [ 85.372733, 24.92602 ], [ 85.375361, 24.926907 ], [ 85.376303, 24.927139 ], [ 85.377137, 24.927264 ], [ 85.377849, 24.927335 ], [ 85.378427, 24.927371 ], [ 85.379208, 24.927367 ], [ 85.379795, 24.927329 ], [ 85.380521, 24.927248 ], [ 85.381121, 24.927144 ], [ 85.381617, 24.92704 ], [ 85.38228, 24.92687 ], [ 85.382989, 24.926647 ], [ 85.38587, 24.925516 ], [ 85.390358, 24.923784 ], [ 85.392116, 24.923107 ], [ 85.394487, 24.922204 ], [ 85.39975, 24.920166 ], [ 85.40397, 24.918544 ], [ 85.408161, 24.916922 ], [ 85.410137, 24.916134 ], [ 85.410639, 24.915869 ], [ 85.411158, 24.915562 ], [ 85.41166, 24.915211 ], [ 85.412172, 24.914762 ], [ 85.412641, 24.914217 ], [ 85.412933, 24.913821 ], [ 85.413176, 24.913467 ], [ 85.413413, 24.913015 ], [ 85.413642, 24.912452 ], [ 85.413857, 24.911719 ], [ 85.413982, 24.910817 ], [ 85.413979, 24.91013 ], [ 85.413862, 24.907934 ], [ 85.413708, 24.906232 ], [ 85.413587, 24.904678 ], [ 85.413381, 24.902013 ], [ 85.413254, 24.9006 ], [ 85.413154, 24.899215 ], [ 85.41304, 24.897173 ], [ 85.412972, 24.896134 ], [ 85.412983, 24.895488 ], [ 85.413024, 24.89478 ], [ 85.413111, 24.894104 ], [ 85.413195, 24.893517 ], [ 85.413329, 24.892827 ], [ 85.413772, 24.891296 ], [ 85.414152, 24.890141 ], [ 85.414582, 24.888935 ], [ 85.414805, 24.888194 ], [ 85.415018, 24.887345 ], [ 85.415196, 24.886294 ], [ 85.415479, 24.884358 ], [ 85.415781, 24.882297 ], [ 85.416352, 24.878585 ], [ 85.416892, 24.874756 ], [ 85.417042, 24.873813 ], [ 85.417178, 24.872821 ], [ 85.417449, 24.871037 ], [ 85.417613, 24.869994 ], [ 85.417786, 24.868891 ], [ 85.4181, 24.866731 ], [ 85.418319, 24.865227 ], [ 85.418566, 24.863637 ], [ 85.41868, 24.862457 ], [ 85.418642, 24.861724 ], [ 85.41853, 24.861049 ], [ 85.418396, 24.8604 ], [ 85.418284, 24.860025 ], [ 85.418133, 24.859614 ], [ 85.417601, 24.858519 ], [ 85.417119, 24.857566 ], [ 85.416434, 24.856242 ], [ 85.415486, 24.854421 ], [ 85.414272, 24.85206 ], [ 85.413313, 24.850193 ], [ 85.411192, 24.846101 ], [ 85.410204, 24.844249 ] ] ] } },
{ "type": "Feature", "properties": { "ID": "150113020", "TRK_NME": "Bakhtiarpur", "FTR_CRY": "BG", "CITY_NME": null, "STT_NME": "Bihar", "SHAPE_Leng": "6.60298417389E-4" }, "geometry": { "type": "MultiLineString", "coordinates": [ [ [ 85.425793, 25.051985 ], [ 85.425406, 25.05145 ] ] ] } },
{ "type": "Feature", "properties": { "ID": "150129472", "TRK_NME": "Bakhtiarpur", "FTR_CRY": "BG", "CITY_NME": "Rajgir", "STT_NME": "Bihar", "SHAPE_Leng": "0.04970672297958" }, "geometry": { "type": "MultiLineString", "coordinates": [ [ [ 85.425406, 25.05145 ], [ 85.425137, 25.051071 ], [ 85.42339, 25.048662 ], [ 85.422453, 25.04739 ], [ 85.421725, 25.046336 ], [ 85.421326, 25.045723 ], [ 85.420969, 25.045155 ], [ 85.420511, 25.044337 ], [ 85.419834, 25.043099 ], [ 85.419279, 25.041912 ], [ 85.418675, 25.040662 ], [ 85.417998, 25.039242 ], [ 85.417036, 25.037361 ], [ 85.416346, 25.036063 ], [ 85.415132, 25.033424 ], [ 85.4144, 25.031875 ], [ 85.414119, 25.031254 ], [ 85.413993, 25.030999 ], [ 85.413741, 25.030585 ], [ 85.413325, 25.030017 ], [ 85.412951, 25.02958 ], [ 85.412589, 25.029237 ], [ 85.411189, 25.028159 ], [ 85.409811, 25.027154 ], [ 85.406944, 25.025056 ], [ 85.404316, 25.023156 ], [ 85.401967, 25.02147 ], [ 85.39931, 25.019539 ], [ 85.398342, 25.01884 ], [ 85.397794, 25.018477 ], [ 85.39706, 25.018029 ], [ 85.396312, 25.017602 ], [ 85.395349, 25.01713 ], [ 85.394719, 25.016852 ], [ 85.393874, 25.016536 ], [ 85.392661, 25.016148 ] ] ] } },
{ "type": "Feature", "properties": { "ID": "150113019", "TRK_NME": "Bakhtiarpur", "FTR_CRY": "BG", "CITY_NME": null, "STT_NME": "Bihar", "SHAPE_Leng": "0.002059816739453" }, "geometry": { "type": "MultiLineString", "coordinates": [ [ [ 85.53919, 25.192086 ], [ 85.539132, 25.190027 ] ] ] } },
{ "type": "Feature", "properties": { "ID": "150129473", "TRK_NME": "Bakhtiarpur", "FTR_CRY": "BG", "CITY_NME": "Biharsharif", "STT_NME": "Bihar", "SHAPE_Leng": "0.021138343083329" }, "geometry": { "type": "MultiLineString", "coordinates": [ [ [ 85.539807, 25.213215 ], [ 85.539756, 25.21153 ], [ 85.539698, 25.209694 ], [ 85.539578, 25.206002 ], [ 85.539514, 25.2037 ], [ 85.539455, 25.200909 ], [ 85.539413, 25.199355 ], [ 85.539372, 25.197865 ], [ 85.539326, 25.196541 ], [ 85.539276, 25.194658 ], [ 85.539234, 25.19299 ], [ 85.53919, 25.192086 ] ] ] } },
{ "type": "Feature", "properties": { "ID": "150113277", "TRK_NME": null, "FTR_CRY": "BG", "CITY_NME": null, "STT_NME": "Bihar", "SHAPE_Leng": "0.08834060233625" }, "geometry": { "type": "MultiLineString", "coordinates": [ [ [ 85.580004, 25.453952 ], [ 85.585469, 25.453888 ], [ 85.586414, 25.453857 ], [ 85.587375, 25.453859 ], [ 85.591696, 25.453798 ], [ 85.596145, 25.453756 ], [ 85.597759, 25.453731 ], [ 85.61487, 25.453542 ], [ 85.636658, 25.453211 ], [ 85.648828, 25.453005 ], [ 85.656993, 25.452902 ], [ 85.668335, 25.452692 ] ] ] } },
{ "type": "Feature", "properties": { "ID": "150133238", "TRK_NME": null, "FTR_CRY": "BG", "CITY_NME": null, "STT_NME": "Bihar", "SHAPE_Leng": "1.55000000018E-4" }, "geometry": { "type": "MultiLineString", "coordinates": [ [ [ 85.706106, 25.459549 ], [ 85.70623, 25.459642 ] ] ] } },
{ "type": "Feature", "properties": { "ID": "150113450", "TRK_NME": null, "FTR_CRY": "BG", "CITY_NME": null, "STT_NME": "Bihar", "SHAPE_Leng": "0.039350374573509" }, "geometry": { "type": "MultiLineString", "coordinates": [ [ [ 85.668335, 25.452692 ], [ 85.670826, 25.452653 ], [ 85.673164, 25.452619 ], [ 85.676888, 25.452559 ], [ 85.681004, 25.452489 ], [ 85.684409, 25.452449 ], [ 85.686328, 25.452476 ], [ 85.687327, 25.452518 ], [ 85.688281, 25.452576 ], [ 85.689127, 25.452666 ], [ 85.690064, 25.452787 ], [ 85.691942, 25.45311 ], [ 85.693367, 25.45343 ], [ 85.695306, 25.453942 ], [ 85.696416, 25.454303 ], [ 85.698121, 25.454942 ], [ 85.699114, 25.45536 ], [ 85.699834, 25.455695 ], [ 85.70062, 25.456082 ], [ 85.702104, 25.456889 ], [ 85.702573, 25.457162 ], [ 85.703233, 25.457577 ], [ 85.70391, 25.458008 ], [ 85.704858, 25.458658 ], [ 85.706106, 25.459549 ] ] ] } },
{ "type": "Feature", "properties": { "ID": "150113231", "TRK_NME": null, "FTR_CRY": "BG", "CITY_NME": null, "STT_NME": "Bihar", "SHAPE_Leng": "0.029366143515717" }, "geometry": { "type": "MultiLineString", "coordinates": [ [ [ 85.257884, 25.285359 ], [ 85.25918, 25.287518 ], [ 85.261132, 25.290833 ], [ 85.262631, 25.293307 ], [ 85.263609, 25.29495 ], [ 85.265284, 25.29775 ], [ 85.266111, 25.29914 ], [ 85.267009, 25.300634 ], [ 85.267733, 25.30183 ], [ 85.268556, 25.303252 ], [ 85.269294, 25.304472 ], [ 85.269784, 25.305291 ], [ 85.271177, 25.307597 ], [ 85.272408, 25.309641 ], [ 85.272942, 25.31057 ] ] ] } },
{ "type": "Feature", "properties": { "ID": "150113213", "TRK_NME": "Islampur to Fatuha", "FTR_CRY": "BG", "CITY_NME": null, "STT_NME": "Bihar", "SHAPE_Leng": "0.081680356388418" }, "geometry": { "type": "MultiLineString", "coordinates": [ [ [ 85.216863, 25.134476 ], [ 85.216952, 25.135325 ], [ 85.217042, 25.136611 ], [ 85.217285, 25.138994 ], [ 85.217436, 25.14044 ], [ 85.217538, 25.141369 ], [ 85.217624, 25.141902 ], [ 85.217903, 25.144754 ], [ 85.21791, 25.145222 ], [ 85.21789, 25.145651 ], [ 85.217844, 25.146127 ], [ 85.217722, 25.14706 ], [ 85.217702, 25.147526 ], [ 85.217731, 25.147886 ], [ 85.21779, 25.148267 ], [ 85.217962, 25.14923 ], [ 85.218246, 25.150583 ], [ 85.220928, 25.164211 ], [ 85.221519, 25.167211 ], [ 85.221875, 25.169057 ], [ 85.222345, 25.171369 ], [ 85.223006, 25.174631 ], [ 85.22407, 25.180021 ], [ 85.22484, 25.183948 ], [ 85.2256, 25.187755 ], [ 85.226205, 25.190895 ], [ 85.226491, 25.192322 ], [ 85.227202, 25.195947 ], [ 85.227811, 25.198883 ], [ 85.228295, 25.201406 ], [ 85.228604, 25.202952 ], [ 85.229035, 25.205117 ], [ 85.229381, 25.206785 ], [ 85.229786, 25.208816 ], [ 85.230427, 25.212008 ], [ 85.230958, 25.214794 ] ] ] } },
{ "type": "Feature", "properties": { "ID": "150113217", "TRK_NME": null, "FTR_CRY": "BG", "CITY_NME": null, "STT_NME": "Bihar", "SHAPE_Leng": "0.021624817244442" }, "geometry": { "type": "MultiLineString", "coordinates": [ [ [ 85.425793, 25.051985 ], [ 85.426419, 25.052894 ], [ 85.426844, 25.053473 ], [ 85.427235, 25.054025 ], [ 85.427848, 25.054851 ], [ 85.428358, 25.055577 ], [ 85.429006, 25.056488 ], [ 85.429561, 25.057257 ], [ 85.430113, 25.058025 ], [ 85.430705, 25.058839 ], [ 85.431274, 25.059647 ], [ 85.431744, 25.060299 ], [ 85.432201, 25.060983 ], [ 85.432554, 25.061661 ], [ 85.432667, 25.061945 ], [ 85.43284, 25.062399 ], [ 85.432948, 25.062726 ], [ 85.433025, 25.063029 ], [ 85.433144, 25.063682 ], [ 85.433241, 25.064638 ], [ 85.433355, 25.065997 ], [ 85.433516, 25.067909 ], [ 85.433638, 25.069253 ], [ 85.433748, 25.070334 ], [ 85.43384, 25.071351 ] ] ] } },
{ "type": "Feature", "properties": { "ID": "150113218", "TRK_NME": null, "FTR_CRY": "BG", "CITY_NME": null, "STT_NME": "Bihar", "SHAPE_Leng": "0.038123383708688" }, "geometry": { "type": "MultiLineString", "coordinates": [ [ [ 85.434355, 25.077187 ], [ 85.434422, 25.077979 ], [ 85.434544, 25.078809 ], [ 85.434669, 25.079338 ], [ 85.434867, 25.079951 ], [ 85.435136, 25.080568 ], [ 85.435451, 25.081151 ], [ 85.435782, 25.081694 ], [ 85.436208, 25.082414 ], [ 85.437208, 25.083981 ], [ 85.437759, 25.084873 ], [ 85.438223, 25.085669 ], [ 85.438671, 25.086429 ], [ 85.43901, 25.086992 ], [ 85.439696, 25.088118 ], [ 85.440275, 25.089088 ], [ 85.441, 25.090286 ], [ 85.441877, 25.091747 ], [ 85.442511, 25.092782 ], [ 85.443027, 25.093632 ], [ 85.443637, 25.094623 ], [ 85.444157, 25.095505 ], [ 85.444839, 25.096615 ], [ 85.445366, 25.097471 ], [ 85.44619, 25.098822 ], [ 85.446729, 25.099712 ], [ 85.447364, 25.100743 ], [ 85.447889, 25.101587 ], [ 85.448248, 25.102185 ], [ 85.448894, 25.103289 ], [ 85.449466, 25.10424 ], [ 85.449932, 25.10502 ], [ 85.450357, 25.105739 ], [ 85.450785, 25.106485 ], [ 85.45137, 25.10749 ], [ 85.451958, 25.108494 ], [ 85.452483, 25.109385 ], [ 85.452975, 25.110245 ] ] ] } },
{ "type": "Feature", "properties": { "ID": "150113452", "TRK_NME": null, "FTR_CRY": "BG", "CITY_NME": null, "STT_NME": "Bihar", "SHAPE_Leng": "0.019880371212842" }, "geometry": { "type": "MultiLineString", "coordinates": [ [ [ 85.506144, 25.461141 ], [ 85.507198, 25.460959 ], [ 85.508171, 25.460755 ], [ 85.509319, 25.460525 ], [ 85.510498, 25.46027 ], [ 85.511919, 25.459987 ], [ 85.512923, 25.459781 ], [ 85.514456, 25.459457 ], [ 85.517003, 25.458944 ], [ 85.518209, 25.458702 ], [ 85.519965, 25.458328 ], [ 85.52146, 25.458018 ], [ 85.523749, 25.457557 ], [ 85.525624, 25.457175 ] ] ] } },
{ "type": "Feature", "properties": { "ID": "150113456", "TRK_NME": null, "FTR_CRY": "BG", "CITY_NME": null, "STT_NME": "Bihar", "SHAPE_Leng": "0.0156221255884" }, "geometry": { "type": "MultiLineString", "coordinates": [ [ [ 85.277569, 25.328632 ], [ 85.277477, 25.329185 ], [ 85.277474, 25.329673 ], [ 85.277504, 25.330137 ], [ 85.277694, 25.331883 ], [ 85.27781, 25.332769 ], [ 85.277978, 25.334292 ], [ 85.278096, 25.335343 ], [ 85.278155, 25.336068 ], [ 85.278185, 25.336553 ], [ 85.278188, 25.33699 ], [ 85.278165, 25.338112 ], [ 85.278142, 25.339162 ], [ 85.278126, 25.340242 ], [ 85.278096, 25.341378 ], [ 85.278076, 25.342574 ], [ 85.278043, 25.344207 ] ] ] } },
{ "type": "Feature", "properties": { "ID": "150113168", "TRK_NME": null, "FTR_CRY": "BG", "CITY_NME": null, "STT_NME": "Bihar", "SHAPE_Leng": "0.002140017544191" }, "geometry": { "type": "MultiLineString", "coordinates": [ [ [ 85.434171, 25.075055 ], [ 85.434259, 25.07619 ], [ 85.434355, 25.077187 ] ] ] } },
{ "type": "Feature", "properties": { "ID": "150129386", "TRK_NME": null, "FTR_CRY": "BG", "CITY_NME": null, "STT_NME": "Bihar", "SHAPE_Leng": "6.68879660353E-4" }, "geometry": { "type": "MultiLineString", "coordinates": [ [ [ 85.43384, 25.071351 ], [ 85.433902, 25.072017 ] ] ] } },
{ "type": "Feature", "properties": { "ID": "150129387", "TRK_NME": null, "FTR_CRY": "BG", "CITY_NME": "Silao", "STT_NME": "Bihar", "SHAPE_Leng": "0.003049888848955" }, "geometry": { "type": "MultiLineString", "coordinates": [ [ [ 85.433902, 25.072017 ], [ 85.434091, 25.07413 ], [ 85.434171, 25.075055 ] ] ] } },
{ "type": "Feature", "properties": { "ID": "150113061", "TRK_NME": null, "FTR_CRY": "BG", "CITY_NME": null, "STT_NME": "Bihar", "SHAPE_Leng": "0.028157045954248" }, "geometry": { "type": "MultiLineString", "coordinates": [ [ [ 85.543578, 25.428512 ], [ 85.54353, 25.429106 ], [ 85.543488, 25.429578 ], [ 85.543419, 25.430291 ], [ 85.543373, 25.430834 ], [ 85.543315, 25.431371 ], [ 85.543257, 25.43196 ], [ 85.543208, 25.432526 ], [ 85.543134, 25.43322 ], [ 85.543075, 25.433885 ], [ 85.543026, 25.434431 ], [ 85.542978, 25.434976 ], [ 85.542933, 25.435476 ], [ 85.542892, 25.435943 ], [ 85.542827, 25.436733 ], [ 85.542766, 25.437341 ], [ 85.542696, 25.437988 ], [ 85.542637, 25.438635 ], [ 85.542604, 25.439344 ], [ 85.542604, 25.43993 ], [ 85.542646, 25.440409 ], [ 85.542797, 25.441195 ], [ 85.542875, 25.441514 ], [ 85.543052, 25.44219 ], [ 85.543241, 25.442895 ], [ 85.543453, 25.443656 ], [ 85.543674, 25.444492 ], [ 85.543915, 25.445442 ], [ 85.544254, 25.446692 ], [ 85.544453, 25.447418 ], [ 85.544758, 25.448572 ], [ 85.54504, 25.449637 ], [ 85.545114, 25.450024 ], [ 85.545136, 25.450291 ], [ 85.545143, 25.450574 ], [ 85.545133, 25.450765 ], [ 85.545094, 25.45111 ], [ 85.545028, 25.451427 ], [ 85.544965, 25.451635 ], [ 85.544847, 25.451948 ], [ 85.544763, 25.452124 ], [ 85.544582, 25.452467 ], [ 85.544376, 25.452774 ], [ 85.54424, 25.452949 ], [ 85.544036, 25.453165 ], [ 85.54368, 25.45347 ], [ 85.543295, 25.453741 ], [ 85.542994, 25.453922 ], [ 85.542558, 25.454121 ], [ 85.542236, 25.454252 ], [ 85.541895, 25.454338 ], [ 85.541525, 25.454416 ] ] ] } },
{ "type": "Feature", "properties": { "ID": "150129435", "TRK_NME": null, "FTR_CRY": "BG", "CITY_NME": "Bakhtiarpur", "STT_NME": "Bihar", "SHAPE_Leng": "7.30336908519E-4" }, "geometry": { "type": "MultiLineString", "coordinates": [ [ [ 85.541525, 25.454416 ], [ 85.540809, 25.45456 ] ] ] } },
{ "type": "Feature", "properties": { "ID": "150133235", "TRK_NME": null, "FTR_CRY": "BG", "CITY_NME": null, "STT_NME": "Bihar", "SHAPE_Leng": "4.1341746456E-4" }, "geometry": { "type": "MultiLineString", "coordinates": [ [ [ 85.525624, 25.457175 ], [ 85.526029, 25.457092 ] ] ] } },
{ "type": "Feature", "properties": { "ID": "150133236", "TRK_NME": null, "FTR_CRY": "BG", "CITY_NME": "Bakhtiarpur", "STT_NME": "Bihar", "SHAPE_Leng": "0.025833055198589" }, "geometry": { "type": "MultiLineString", "coordinates": [ [ [ 85.526029, 25.457092 ], [ 85.526649, 25.456976 ], [ 85.529155, 25.45646 ], [ 85.530905, 25.456112 ], [ 85.533302, 25.455602 ], [ 85.535421, 25.45516 ], [ 85.536273, 25.455034 ], [ 85.537253, 25.45489 ], [ 85.538285, 25.454785 ], [ 85.539936, 25.454636 ], [ 85.540809, 25.45456 ], [ 85.542467, 25.454478 ], [ 85.544636, 25.454429 ], [ 85.547383, 25.454392 ], [ 85.551627, 25.454347 ] ] ] } },
{ "type": "Feature", "properties": { "ID": "150164344", "TRK_NME": null, "FTR_CRY": "BG", "CITY_NME": null, "STT_NME": "Bihar", "SHAPE_Leng": "0.009602947261256" }, "geometry": { "type": "MultiLineString", "coordinates": [ [ [ 85.535421, 25.45516 ], [ 85.533099, 25.455524 ], [ 85.530834, 25.455875 ], [ 85.528719, 25.456311 ], [ 85.526029, 25.457092 ] ] ] } },
{ "type": "Feature", "properties": { "ID": "150164352", "TRK_NME": null, "FTR_CRY": "BG", "CITY_NME": null, "STT_NME": "Bihar", "SHAPE_Leng": "0.006624171777521" }, "geometry": { "type": "MultiLineString", "coordinates": [ [ [ 85.216952, 25.135325 ], [ 85.217161, 25.136349 ], [ 85.217532, 25.139391 ], [ 85.217644, 25.141396 ], [ 85.217624, 25.141902 ] ] ] } },
{ "type": "Feature", "properties": { "ID": "150164355", "TRK_NME": null, "FTR_CRY": "BG", "CITY_NME": null, "STT_NME": "Bihar", "SHAPE_Leng": "0.179723536324075" }, "geometry": { "type": "MultiLineString", "coordinates": [ [ [ 85.216863, 25.134476 ], [ 85.216537, 25.131238 ], [ 85.216503, 25.130367 ], [ 85.21652, 25.129625 ], [ 85.216563, 25.129029 ], [ 85.216742, 25.12702 ], [ 85.217094, 25.122872 ], [ 85.217415, 25.11895 ], [ 85.217699, 25.115594 ], [ 85.218016, 25.111737 ], [ 85.218181, 25.109619 ], [ 85.218469, 25.10629 ], [ 85.218655, 25.103896 ], [ 85.218739, 25.10343 ], [ 85.218891, 25.102818 ], [ 85.219094, 25.102031 ], [ 85.219534, 25.100723 ], [ 85.219931, 25.09976 ], [ 85.221316, 25.096992 ], [ 85.222651, 25.094232 ], [ 85.222871, 25.093651 ], [ 85.223065, 25.093039 ], [ 85.22331, 25.092252 ], [ 85.22364, 25.090509 ], [ 85.223767, 25.089324 ], [ 85.223801, 25.088054 ], [ 85.224033, 25.081643 ], [ 85.224339, 25.075324 ], [ 85.224526, 25.071322 ], [ 85.224647, 25.069385 ], [ 85.224723, 25.068769 ], [ 85.2249, 25.067882 ], [ 85.225208, 25.066715 ], [ 85.225618, 25.065197 ], [ 85.226243, 25.062841 ], [ 85.227126, 25.059506 ], [ 85.228097, 25.055876 ], [ 85.228785, 25.053313 ], [ 85.229913, 25.049026 ], [ 85.230673, 25.04618 ], [ 85.231332, 25.043751 ], [ 85.232307, 25.040137 ], [ 85.233072, 25.037123 ], [ 85.233443, 25.035956 ], [ 85.233845, 25.034912 ], [ 85.234322, 25.033952 ], [ 85.234769, 25.033168 ], [ 85.235386, 25.032235 ], [ 85.235922, 25.031493 ], [ 85.236682, 25.030617 ], [ 85.237455, 25.029844 ], [ 85.23792, 25.029416 ], [ 85.238697, 25.028796 ], [ 85.240082, 25.027763 ], [ 85.242844, 25.025744 ], [ 85.245555, 25.023731 ], [ 85.248216, 25.021792 ], [ 85.251438, 25.019432 ], [ 85.25428, 25.01737 ], [ 85.257599, 25.014941 ], [ 85.26159, 25.012034 ], [ 85.262648, 25.011087 ], [ 85.263809, 25.009893 ], [ 85.264286, 25.009284 ], [ 85.264933, 25.008411 ], [ 85.265393, 25.007638 ], [ 85.265933, 25.006639 ], [ 85.266364, 25.005659 ], [ 85.266913, 25.004213 ], [ 85.268193, 25.000722 ], [ 85.269692, 24.99673 ], [ 85.27109, 24.992838 ], [ 85.272272, 24.989619 ], [ 85.272627, 24.988647 ], [ 85.272897, 24.987747 ], [ 85.273138, 24.986729 ], [ 85.273358, 24.985692 ], [ 85.273674, 24.984138 ], [ 85.274131, 24.982022 ], [ 85.274527, 24.980655 ], [ 85.274958, 24.979412 ], [ 85.275731, 24.977395 ], [ 85.275862, 24.976905 ], [ 85.275938, 24.976526 ], [ 85.275984, 24.976116 ], [ 85.276027, 24.975691 ], [ 85.276018, 24.97524 ], [ 85.275958, 24.974579 ], [ 85.275813, 24.973745 ] ] ] } },
{ "type": "Feature", "properties": { "ID": "150113111", "TRK_NME": null, "FTR_CRY": "BG", "CITY_NME": null, "STT_NME": "Bihar", "SHAPE_Leng": "0.001677180223872" }, "geometry": { "type": "MultiLineString", "coordinates": [ [ [ 85.272942, 25.31057 ], [ 85.273605, 25.311615 ], [ 85.273819, 25.311999 ] ] ] } },
{ "type": "Feature", "properties": { "ID": "150129414", "TRK_NME": null, "FTR_CRY": "BG", "CITY_NME": null, "STT_NME": "Bihar", "SHAPE_Leng": "0.001556966279664" }, "geometry": { "type": "MultiLineString", "coordinates": [ [ [ 85.277846, 25.3271 ], [ 85.277662, 25.328064 ], [ 85.277569, 25.328632 ] ] ] } },
{ "type": "Feature", "properties": { "ID": "150129415", "TRK_NME": null, "FTR_CRY": "BG", "CITY_NME": "Hilsa", "STT_NME": "Bihar", "SHAPE_Leng": "0.016441777124835" }, "geometry": { "type": "MultiLineString", "coordinates": [ [ [ 85.273819, 25.311999 ], [ 85.27428, 25.312793 ], [ 85.275014, 25.313959 ], [ 85.275689, 25.315123 ], [ 85.276074, 25.315759 ], [ 85.276657, 25.316696 ], [ 85.277411, 25.31797 ], [ 85.277938, 25.318863 ], [ 85.278072, 25.319088 ], [ 85.278181, 25.319323 ], [ 85.27835, 25.319876 ], [ 85.278424, 25.320294 ], [ 85.278538, 25.321018 ], [ 85.278678, 25.321762 ], [ 85.278703, 25.322077 ], [ 85.278705, 25.322326 ], [ 85.278658, 25.322702 ], [ 85.278581, 25.323101 ], [ 85.278451, 25.32369 ], [ 85.278273, 25.324286 ], [ 85.278148, 25.324966 ], [ 85.277948, 25.326472 ], [ 85.277846, 25.3271 ] ] ] } },
{ "type": "Feature", "properties": { "ID": "150113451", "TRK_NME": null, "FTR_CRY": "BG", "CITY_NME": null, "STT_NME": "Bihar", "SHAPE_Leng": "0.019781129600935" }, "geometry": { "type": "MultiLineString", "coordinates": [ [ [ 85.560225, 25.454234 ], [ 85.561951, 25.454197 ], [ 85.564511, 25.454163 ], [ 85.567172, 25.454134 ], [ 85.568909, 25.454115 ], [ 85.572623, 25.454075 ], [ 85.57398, 25.454049 ], [ 85.577464, 25.453993 ], [ 85.580004, 25.453952 ] ] ] } },
{ "type": "Feature", "properties": { "ID": "150113130", "TRK_NME": null, "FTR_CRY": "BG", "CITY_NME": null, "STT_NME": "Bihar", "SHAPE_Leng": "0.005725770921538" }, "geometry": { "type": "MultiLineString", "coordinates": [ [ [ 85.551627, 25.454347 ], [ 85.552999, 25.45431 ], [ 85.554829, 25.454284 ], [ 85.555891, 25.454275 ], [ 85.557352, 25.454263 ] ] ] } },
{ "type": "Feature", "properties": { "ID": "150133234", "TRK_NME": null, "FTR_CRY": "BG", "CITY_NME": null, "STT_NME": "Bihar", "SHAPE_Leng": "0.001216006578929" }, "geometry": { "type": "MultiLineString", "coordinates": [ [ [ 85.559009, 25.454238 ], [ 85.560225, 25.454234 ] ] ] } },
{ "type": "Feature", "properties": { "ID": "150133237", "TRK_NME": null, "FTR_CRY": "BG", "CITY_NME": "Bakhtiarpur", "STT_NME": "Bihar", "SHAPE_Leng": "0.001657188583136" }, "geometry": { "type": "MultiLineString", "coordinates": [ [ [ 85.557352, 25.454263 ], [ 85.559009, 25.454238 ] ] ] } },
{ "type": "Feature", "properties": { "ID": "150113195", "TRK_NME": null, "FTR_CRY": "BG", "CITY_NME": "Patna", "STT_NME": "Bihar", "SHAPE_Leng": "0.01270916464287" }, "geometry": { "type": "MultiLineString", "coordinates": [ [ [ 85.039432, 25.581627 ], [ 85.042242, 25.581801 ], [ 85.043588, 25.581878 ], [ 85.045201, 25.582071 ], [ 85.047559, 25.582361 ], [ 85.049678, 25.58264 ], [ 85.05044, 25.582797 ], [ 85.052027, 25.583169 ] ] ] } },
{ "type": "Feature", "properties": { "ID": "150113197", "TRK_NME": null, "FTR_CRY": "BG", "CITY_NME": "Patna", "STT_NME": "Bihar", "SHAPE_Leng": "0.00804827989512" }, "geometry": { "type": "MultiLineString", "coordinates": [ [ [ 85.056005, 25.583641 ], [ 85.057051, 25.583827 ], [ 85.057207, 25.583861 ], [ 85.057354, 25.583903 ], [ 85.057493, 25.58395 ], [ 85.057735, 25.584053 ], [ 85.058006, 25.584183 ], [ 85.058321, 25.584355 ], [ 85.058619, 25.584546 ], [ 85.058919, 25.584757 ], [ 85.059125, 25.584937 ], [ 85.059267, 25.585071 ], [ 85.059453, 25.58527 ], [ 85.059634, 25.585491 ], [ 85.059901, 25.585873 ], [ 85.060068, 25.586178 ], [ 85.060223, 25.586559 ], [ 85.060314, 25.586833 ], [ 85.060366, 25.587079 ], [ 85.060426, 25.587536 ], [ 85.060426, 25.587899 ], [ 85.060407, 25.588169 ], [ 85.060205, 25.589145 ] ] ] } },
{ "type": "Feature", "properties": { "ID": "150113208", "TRK_NME": null, "FTR_CRY": "BG", "CITY_NME": "Bihta Patna", "STT_NME": "Bihar", "SHAPE_Leng": "0.010204086410822" }, "geometry": { "type": "MultiLineString", "coordinates": [ [ [ 84.86947, 25.560574 ], [ 84.869835, 25.560707 ], [ 84.871766, 25.561046 ], [ 84.873434, 25.561267 ], [ 84.874871, 25.561439 ], [ 84.876907, 25.561637 ], [ 84.878615, 25.561768 ], [ 84.87958, 25.561824 ] ] ] } },
{ "type": "Feature", "properties": { "ID": "150113215", "TRK_NME": null, "FTR_CRY": "BG", "CITY_NME": null, "STT_NME": "Bihar", "SHAPE_Leng": "0.050240530044599" }, "geometry": { "type": "MultiLineString", "coordinates": [ [ [ 84.812744, 25.557574 ], [ 84.813457, 25.557313 ], [ 84.814289, 25.557033 ], [ 84.815154, 25.556753 ], [ 84.815674, 25.556601 ], [ 84.816254, 25.556446 ], [ 84.817035, 25.556256 ], [ 84.818412, 25.555962 ], [ 84.819087, 25.555836 ], [ 84.820028, 25.555694 ], [ 84.821784, 25.555491 ], [ 84.822449, 25.555437 ], [ 84.823367, 25.555386 ], [ 84.824369, 25.555348 ], [ 84.825425, 25.555344 ], [ 84.826209, 25.555359 ], [ 84.827138, 25.555399 ], [ 84.828105, 25.555458 ], [ 84.829101, 25.555554 ], [ 84.836884, 25.556511 ], [ 84.840701, 25.557004 ], [ 84.845168, 25.557557 ], [ 84.850588, 25.55824 ], [ 84.862448, 25.559714 ] ] ] } },
{ "type": "Feature", "properties": { "ID": "150113037", "TRK_NME": null, "FTR_CRY": "BG", "CITY_NME": null, "STT_NME": "Bihar", "SHAPE_Leng": "0.053793616927561" }, "geometry": { "type": "MultiLineString", "coordinates": [ [ [ 84.709965, 25.558442 ], [ 84.720918, 25.560663 ], [ 84.729847, 25.56247 ], [ 84.748234, 25.56619 ], [ 84.750747, 25.5667 ], [ 84.753515, 25.567258 ], [ 84.755357, 25.567622 ], [ 84.762692, 25.569101 ] ] ] } },
{ "type": "Feature", "properties": { "ID": "150113279", "TRK_NME": null, "FTR_CRY": "BG", "CITY_NME": null, "STT_NME": "Bihar", "SHAPE_Leng": "0.080192506365023" }, "geometry": { "type": "MultiLineString", "coordinates": [ [ [ 85.031676, 25.327646 ], [ 85.031507, 25.327083 ], [ 85.031278, 25.326355 ], [ 85.030944, 25.325525 ], [ 85.029315, 25.322069 ], [ 85.028707, 25.320783 ], [ 85.026358, 25.315827 ], [ 85.02532, 25.313604 ], [ 85.02362, 25.310052 ], [ 85.022894, 25.308511 ], [ 85.02122, 25.304952 ], [ 85.019514, 25.301444 ], [ 85.018546, 25.29937 ], [ 85.017486, 25.29712 ], [ 85.015253, 25.292405 ], [ 85.014022, 25.289743 ], [ 85.013023, 25.287662 ], [ 85.011908, 25.285299 ], [ 85.011374, 25.284119 ], [ 85.010917, 25.283012 ], [ 85.010379, 25.281495 ], [ 85.009831, 25.279577 ], [ 85.009027, 25.276004 ], [ 85.00788, 25.27131 ], [ 85.007332, 25.269121 ], [ 85.003201, 25.253048 ] ] ] } },
{ "type": "Feature", "properties": { "ID": "150113391", "TRK_NME": null, "FTR_CRY": "BG", "CITY_NME": null, "STT_NME": "Bihar", "SHAPE_Leng": "0.032617306865969" }, "geometry": { "type": "MultiLineString", "coordinates": [ [ [ 84.677999, 25.551957 ], [ 84.679097, 25.552171 ], [ 84.682982, 25.552955 ], [ 84.683939, 25.553155 ], [ 84.687118, 25.553807 ], [ 84.688357, 25.55406 ], [ 84.692004, 25.554802 ], [ 84.695746, 25.555554 ], [ 84.697024, 25.555813 ], [ 84.701572, 25.556734 ], [ 84.70464, 25.557356 ], [ 84.706709, 25.557766 ], [ 84.708281, 25.558095 ], [ 84.709965, 25.558442 ] ] ] } },
{ "type": "Feature", "properties": { "ID": "150113469", "TRK_NME": null, "FTR_CRY": "BG", "CITY_NME": "Patna", "STT_NME": "Bihar", "SHAPE_Leng": "0.011696446380482" }, "geometry": { "type": "MultiLineString", "coordinates": [ [ [ 85.041505, 25.581622 ], [ 85.042204, 25.581593 ], [ 85.044495, 25.581814 ], [ 85.048497, 25.582294 ], [ 85.049982, 25.582528 ], [ 85.050757, 25.582704 ], [ 85.053049, 25.583293 ] ] ] } },
{ "type": "Feature", "properties": { "ID": "150113485", "TRK_NME": null, "FTR_CRY": "BG", "CITY_NME": null, "STT_NME": "Bihar", "SHAPE_Leng": "0.007715372621177" }, "geometry": { "type": "MultiLineString", "coordinates": [ [ [ 84.794271, 25.568364 ], [ 84.794669, 25.568123 ], [ 84.795188, 25.56782 ], [ 84.795978, 25.567341 ], [ 84.797091, 25.566642 ], [ 84.798684, 25.565655 ], [ 84.800825, 25.564294 ] ] ] } },
{ "type": "Feature", "properties": { "ID": "150113487", "TRK_NME": null, "FTR_CRY": "BG", "CITY_NME": null, "STT_NME": "Bihar", "SHAPE_Leng": "0.001459095610312" }, "geometry": { "type": "MultiLineString", "coordinates": [ [ [ 84.8114, 25.558142 ], [ 84.812744, 25.557574 ] ] ] } },
{ "type": "Feature", "properties": { "ID": "150113490", "TRK_NME": null, "FTR_CRY": "BG", "CITY_NME": null, "STT_NME": "Bihar", "SHAPE_Leng": "0.091991735164275" }, "geometry": { "type": "MultiLineString", "coordinates": [ [ [ 85.094272, 25.470894 ], [ 85.093206, 25.467718 ], [ 85.092958, 25.466906 ], [ 85.092472, 25.465359 ], [ 85.091734, 25.463219 ], [ 85.090995, 25.461245 ], [ 85.089669, 25.45811 ], [ 85.08884, 25.455956 ], [ 85.087078, 25.45162 ], [ 85.086254, 25.449597 ], [ 85.085509, 25.447866 ], [ 85.084984, 25.446618 ], [ 85.0844, 25.445109 ], [ 85.081848, 25.438812 ], [ 85.080612, 25.435696 ], [ 85.078293, 25.429966 ], [ 85.077205, 25.427282 ], [ 85.076263, 25.42517 ], [ 85.075431, 25.423054 ], [ 85.075185, 25.422378 ], [ 85.075023, 25.421784 ], [ 85.074933, 25.421338 ], [ 85.074719, 25.420245 ], [ 85.073504, 25.414533 ], [ 85.072488, 25.409895 ], [ 85.071831, 25.407053 ], [ 85.071571, 25.406153 ], [ 85.071402, 25.405619 ], [ 85.071216, 25.405079 ], [ 85.070906, 25.404317 ], [ 85.070548, 25.403539 ], [ 85.069803, 25.402054 ], [ 85.068852, 25.400525 ], [ 85.067787, 25.399026 ], [ 85.067014, 25.397972 ], [ 85.062594, 25.391449 ], [ 85.059949, 25.387699 ], [ 85.059179, 25.386622 ] ] ] } },
{ "type": "Feature", "properties": { "ID": "150113502", "TRK_NME": null, "FTR_CRY": "BG", "CITY_NME": null, "STT_NME": "Bihar", "SHAPE_Leng": "0.036514268631453" }, "geometry": { "type": "MultiLineString", "coordinates": [ [ [ 85.380841, 25.486577 ], [ 85.378299, 25.487089 ], [ 85.376869, 25.48737 ], [ 85.375027, 25.487749 ], [ 85.373812, 25.487993 ], [ 85.371155, 25.488514 ], [ 85.3695, 25.488845 ], [ 85.368098, 25.489134 ], [ 85.367211, 25.489305 ], [ 85.364346, 25.489881 ], [ 85.361596, 25.490427 ], [ 85.360593, 25.490628 ], [ 85.356912, 25.491376 ], [ 85.356112, 25.491534 ], [ 85.353925, 25.491975 ], [ 85.353281, 25.492103 ], [ 85.350845, 25.492595 ], [ 85.347743, 25.493218 ], [ 85.345968, 25.493572 ], [ 85.345038, 25.493748 ] ] ] } },
{ "type": "Feature", "properties": { "ID": "150113486", "TRK_NME": null, "FTR_CRY": "BG", "CITY_NME": null, "STT_NME": "Bihar", "SHAPE_Leng": "0.007203227273859" }, "geometry": { "type": "MultiLineString", "coordinates": [ [ [ 84.805106, 25.561627 ], [ 84.807047, 25.560416 ], [ 84.808219, 25.559717 ], [ 84.809631, 25.558971 ], [ 84.810576, 25.558511 ], [ 84.8114, 25.558142 ] ] ] } },
{ "type": "Feature", "properties": { "ID": "150129300", "TRK_NME": null, "FTR_CRY": "BG", "CITY_NME": null, "STT_NME": "Bihar", "SHAPE_Leng": "0.003555195915883" }, "geometry": { "type": "MultiLineString", "coordinates": [ [ [ 84.800825, 25.564294 ], [ 84.803828, 25.562391 ] ] ] } },
{ "type": "Feature", "properties": { "ID": "150129301", "TRK_NME": null, "FTR_CRY": "BG", "CITY_NME": "Pareo", "STT_NME": "Bihar", "SHAPE_Leng": "0.001489166962382" }, "geometry": { "type": "MultiLineString", "coordinates": [ [ [ 84.803828, 25.562391 ], [ 84.804252, 25.562151 ], [ 84.805094, 25.561635 ], [ 84.805106, 25.561627 ] ] ] } },
{ "type": "Feature", "properties": { "ID": "150113404", "TRK_NME": null, "FTR_CRY": "BG", "CITY_NME": null, "STT_NME": "Bihar", "SHAPE_Leng": "0.02689892587677" }, "geometry": { "type": "MultiLineString", "coordinates": [ [ [ 85.003201, 25.253048 ], [ 85.003089, 25.252587 ], [ 85.002543, 25.250506 ], [ 85.001945, 25.24813 ], [ 85.001449, 25.246465 ], [ 85.001041, 25.245282 ], [ 85.000366, 25.243656 ], [ 84.999824, 25.242533 ], [ 84.999265, 25.241489 ], [ 84.998336, 25.239815 ], [ 84.997361, 25.238027 ], [ 84.996482, 25.236449 ], [ 84.99568, 25.235004 ], [ 84.994768, 25.233347 ], [ 84.993896, 25.231772 ], [ 84.993097, 25.230298 ], [ 84.992205, 25.228661 ] ] ] } },
{ "type": "Feature", "properties": { "ID": "150113436", "TRK_NME": null, "FTR_CRY": "BG", "CITY_NME": "Patna", "STT_NME": "Bihar", "SHAPE_Leng": "0.011067967542363" }, "geometry": { "type": "MultiLineString", "coordinates": [ [ [ 85.043588, 25.581878 ], [ 85.042442, 25.581754 ], [ 85.041809, 25.581674 ], [ 85.041505, 25.581622 ], [ 85.041303, 25.581596 ], [ 85.039945, 25.581526 ], [ 85.039048, 25.581424 ], [ 85.035146, 25.580913 ], [ 85.034131, 25.580823 ], [ 85.033329, 25.580767 ], [ 85.032585, 25.580745 ] ] ] } },
{ "type": "Feature", "properties": { "ID": "150113179", "TRK_NME": null, "FTR_CRY": "BG", "CITY_NME": null, "STT_NME": "Bihar", "SHAPE_Leng": "0.004009302308399" }, "geometry": { "type": "MultiLineString", "coordinates": [ [ [ 84.88, 25.561877 ], [ 84.883979, 25.562369 ] ] ] } },
{ "type": "Feature", "properties": { "ID": "150129377", "TRK_NME": null, "FTR_CRY": "BG", "CITY_NME": null, "STT_NME": "Bihar", "SHAPE_Leng": "0.002904896727939" }, "geometry": { "type": "MultiLineString", "coordinates": [ [ [ 84.862448, 25.559714 ], [ 84.865331, 25.56007 ] ] ] } },
{ "type": "Feature", "properties": { "ID": "150129378", "TRK_NME": null, "FTR_CRY": "BG", "CITY_NME": "Bihta Patna", "STT_NME": "Bihar", "SHAPE_Leng": "0.014779898277438" }, "geometry": { "type": "MultiLineString", "coordinates": [ [ [ 84.865331, 25.56007 ], [ 84.86885, 25.560502 ], [ 84.86947, 25.560574 ], [ 84.869706, 25.560604 ], [ 84.870118, 25.560655 ], [ 84.87958, 25.561824 ], [ 84.88, 25.561877 ] ] ] } },
{ "type": "Feature", "properties": { "ID": "150129407", "TRK_NME": null, "FTR_CRY": "BG", "CITY_NME": null, "STT_NME": "Bihar", "SHAPE_Leng": "7.12832378598E-4" }, "geometry": { "type": "MultiLineString", "coordinates": [ [ [ 84.79369, 25.568777 ], [ 84.794271, 25.568364 ] ] ] } },
{ "type": "Feature", "properties": { "ID": "150164332", "TRK_NME": null, "FTR_CRY": "BG", "CITY_NME": null, "STT_NME": "Bihar", "SHAPE_Leng": "0.013827432048936" }, "geometry": { "type": "MultiLineString", "coordinates": [ [ [ 84.86885, 25.560502 ], [ 84.867744, 25.560202 ], [ 84.867514, 25.560167 ], [ 84.867182, 25.560136 ], [ 84.865848, 25.56001 ], [ 84.863815, 25.559748 ], [ 84.863082, 25.559664 ], [ 84.862805, 25.559602 ], [ 84.86241, 25.559479 ], [ 84.862004, 25.559312 ], [ 84.861596, 25.559111 ], [ 84.8611, 25.558919 ], [ 84.860736, 25.5588 ], [ 84.860398, 25.558732 ], [ 84.860117, 25.55869 ], [ 84.859619, 25.558642 ], [ 84.857268, 25.558364 ], [ 84.855294, 25.558155 ] ] ] } },
{ "type": "Feature", "properties": { "ID": "150164337", "TRK_NME": null, "FTR_CRY": "BG", "CITY_NME": "Patna", "STT_NME": "Bihar", "SHAPE_Leng": "0.009650707585852" }, "geometry": { "type": "MultiLineString", "coordinates": [ [ [ 85.050798, 25.583033 ], [ 85.0493, 25.582736 ], [ 85.048263, 25.5826 ], [ 85.043592, 25.582037 ], [ 85.041227, 25.581844 ] ] ] } },
{ "type": "Feature", "properties": { "ID": "150113468", "TRK_NME": null, "FTR_CRY": "BG", "CITY_NME": "Patna", "STT_NME": "Bihar", "SHAPE_Leng": "0.009774650771485" }, "geometry": { "type": "MultiLineString", "coordinates": [ [ [ 85.041303, 25.581596 ], [ 85.03964, 25.581309 ], [ 85.03455, 25.580676 ], [ 85.034251, 25.580643 ], [ 85.031594, 25.580628 ] ] ] } },
{ "type": "Feature", "properties": { "ID": "150164338", "TRK_NME": null, "FTR_CRY": "BG", "CITY_NME": "Patna", "STT_NME": "Bihar", "SHAPE_Leng": "0.010547941435711" }, "geometry": { "type": "MultiLineString", "coordinates": [ [ [ 85.026955, 25.580074 ], [ 85.027559, 25.580218 ], [ 85.02853, 25.580411 ], [ 85.029696, 25.580596 ], [ 85.030979, 25.580764 ], [ 85.031258, 25.580798 ], [ 85.032068, 25.580882 ], [ 85.034677, 25.5812 ], [ 85.035263, 25.581238 ], [ 85.035967, 25.581261 ], [ 85.037412, 25.58134 ] ] ] } },
{ "type": "Feature", "properties": { "ID": "150164358", "TRK_NME": null, "FTR_CRY": "BG", "CITY_NME": null, "STT_NME": "Bihar", "SHAPE_Leng": "0.006553198852559" }, "geometry": { "type": "MultiLineString", "coordinates": [ [ [ 85.09886, 25.48541 ], [ 85.099095, 25.486953 ], [ 85.099669, 25.489976 ], [ 85.099989, 25.491183 ], [ 85.10021, 25.491812 ] ] ] } },
{ "type": "Feature", "properties": { "ID": "150113214", "TRK_NME": null, "FTR_CRY": "BG", "CITY_NME": null, "STT_NME": "Bihar", "SHAPE_Leng": "0.135813525725705" }, "geometry": { "type": "MultiLineString", "coordinates": [ [ [ 84.883979, 25.562369 ], [ 84.898005, 25.564134 ], [ 84.918282, 25.566653 ], [ 84.921857, 25.567092 ], [ 84.926246, 25.567638 ], [ 84.935837, 25.568817 ], [ 84.942847, 25.569675 ], [ 84.952393, 25.57087 ], [ 84.966466, 25.572592 ], [ 84.984095, 25.574789 ], [ 84.989473, 25.575452 ], [ 84.991283, 25.575662 ], [ 84.996855, 25.576348 ], [ 85.006889, 25.577584 ], [ 85.013699, 25.57845 ], [ 85.014529, 25.578538 ], [ 85.014941, 25.578556 ], [ 85.015822, 25.57855 ], [ 85.017525, 25.578547 ], [ 85.017803, 25.578562 ], [ 85.018787, 25.578679 ] ] ] } },
{ "type": "Feature", "properties": { "ID": "150113112", "TRK_NME": null, "FTR_CRY": "BG", "CITY_NME": null, "STT_NME": "Bihar", "SHAPE_Leng": "0.003574615215337" }, "geometry": { "type": "MultiLineString", "coordinates": [ [ [ 84.983822, 25.209903 ], [ 84.983956, 25.208086 ], [ 84.984097, 25.206339 ] ] ] } },
{ "type": "Feature", "properties": { "ID": "150129410", "TRK_NME": null, "FTR_CRY": "BG", "CITY_NME": null, "STT_NME": "Bihar", "SHAPE_Leng": "0.001469532238531" }, "geometry": { "type": "MultiLineString", "coordinates": [ [ [ 84.992205, 25.228661 ], [ 84.991516, 25.227363 ] ] ] } },
{ "type": "Feature", "properties": { "ID": "150129411", "TRK_NME": null, "FTR_CRY": "BG", "CITY_NME": "Jehanabad", "STT_NME": "Bihar", "SHAPE_Leng": "0.008462942715299" }, "geometry": { "type": "MultiLineString", "coordinates": [ [ [ 84.984241, 25.203948 ], [ 84.984582, 25.199666 ], [ 84.984797, 25.197176 ], [ 84.984899, 25.195511 ] ] ] } },
{ "type": "Feature", "properties": { "ID": "150129412", "TRK_NME": null, "FTR_CRY": "BG", "CITY_NME": "Jehanabad", "STT_NME": "Bihar", "SHAPE_Leng": "0.019377307059098" }, "geometry": { "type": "MultiLineString", "coordinates": [ [ [ 84.991516, 25.227363 ], [ 84.990235, 25.225021 ], [ 84.989233, 25.223261 ], [ 84.988245, 25.221495 ], [ 84.986876, 25.219026 ], [ 84.984791, 25.215244 ], [ 84.98448, 25.214601 ], [ 84.984304, 25.214171 ], [ 84.984107, 25.213611 ], [ 84.983924, 25.212854 ], [ 84.983829, 25.21229 ], [ 84.983786, 25.211886 ], [ 84.983755, 25.211542 ], [ 84.983748, 25.211236 ], [ 84.983751, 25.210881 ], [ 84.983765, 25.210448 ], [ 84.983822, 25.209903 ] ] ] } },
{ "type": "Feature", "properties": { "ID": "150129413", "TRK_NME": null, "FTR_CRY": "BG", "CITY_NME": "Jehanabad", "STT_NME": "Bihar", "SHAPE_Leng": "0.002395332336068" }, "geometry": { "type": "MultiLineString", "coordinates": [ [ [ 84.984097, 25.206339 ], [ 84.984241, 25.203948 ] ] ] } },
{ "type": "Feature", "properties": { "ID": "150113489", "TRK_NME": null, "FTR_CRY": "BG", "CITY_NME": null, "STT_NME": "Bihar", "SHAPE_Leng": "0.007088174685761" }, "geometry": { "type": "MultiLineString", "coordinates": [ [ [ 85.096391, 25.477658 ], [ 85.095104, 25.473581 ], [ 85.094272, 25.470894 ] ] ] } },
{ "type": "Feature", "properties": { "ID": "150113501", "TRK_NME": null, "FTR_CRY": "BG", "CITY_NME": null, "STT_NME": "Bihar", "SHAPE_Leng": "0.027642751769218" }, "geometry": { "type": "MultiLineString", "coordinates": [ [ [ 85.418398, 25.478987 ], [ 85.416474, 25.479382 ], [ 85.415452, 25.479594 ], [ 85.414396, 25.479812 ], [ 85.410007, 25.480687 ], [ 85.404067, 25.481881 ], [ 85.401949, 25.482315 ], [ 85.400063, 25.482702 ], [ 85.397608, 25.4832 ], [ 85.395615, 25.483607 ], [ 85.393569, 25.484016 ], [ 85.391302, 25.484457 ] ] ] } },
{ "type": "Feature", "properties": { "ID": "150113402", "TRK_NME": null, "FTR_CRY": "BG", "CITY_NME": null, "STT_NME": "Bihar", "SHAPE_Leng": "0.025644928860246" }, "geometry": { "type": "MultiLineString", "coordinates": [ [ [ 84.762692, 25.569101 ], [ 84.76546, 25.569677 ], [ 84.770717, 25.57073 ], [ 84.776057, 25.571818 ], [ 84.779276, 25.572472 ], [ 84.780185, 25.572617 ], [ 84.78067, 25.572678 ], [ 84.781264, 25.572725 ], [ 84.782313, 25.572744 ], [ 84.782886, 25.572734 ], [ 84.783548, 25.572705 ], [ 84.784136, 25.572653 ], [ 84.784808, 25.572567 ], [ 84.785279, 25.572494 ], [ 84.785817, 25.572396 ], [ 84.78678, 25.572166 ], [ 84.787044, 25.572099 ], [ 84.787397, 25.57199 ], [ 84.787881, 25.571834 ] ] ] } },
{ "type": "Feature", "properties": { "ID": "150113171", "TRK_NME": null, "FTR_CRY": "BG", "CITY_NME": null, "STT_NME": "Bihar", "SHAPE_Leng": "0.004202266457648" }, "geometry": { "type": "MultiLineString", "coordinates": [ [ [ 85.384958, 25.485735 ], [ 85.382709, 25.486205 ], [ 85.380841, 25.486577 ] ] ] } },
{ "type": "Feature", "properties": { "ID": "150129380", "TRK_NME": null, "FTR_CRY": "BG", "CITY_NME": null, "STT_NME": "Bihar", "SHAPE_Leng": "0.004112765614507" }, "geometry": { "type": "MultiLineString", "coordinates": [ [ [ 85.391302, 25.484457 ], [ 85.387267, 25.485253 ] ] ] } },
{ "type": "Feature", "properties": { "ID": "150129381", "TRK_NME": null, "FTR_CRY": "BG", "CITY_NME": "Khusrupur", "STT_NME": "Bihar", "SHAPE_Leng": "0.002358776879127" }, "geometry": { "type": "MultiLineString", "coordinates": [ [ [ 85.387267, 25.485253 ], [ 85.387137, 25.485279 ], [ 85.384958, 25.485735 ] ] ] } },
{ "type": "Feature", "properties": { "ID": "150113115", "TRK_NME": null, "FTR_CRY": "BG", "CITY_NME": null, "STT_NME": "Bihar", "SHAPE_Leng": "0.001090268315562" }, "geometry": { "type": "MultiLineString", "coordinates": [ [ [ 84.787881, 25.571834 ], [ 84.788908, 25.571468 ] ] ] } },
{ "type": "Feature", "properties": { "ID": "150129408", "TRK_NME": null, "FTR_CRY": "BG", "CITY_NME": "Koilwar", "STT_NME": "Bihar", "SHAPE_Leng": "0.005494968391339" }, "geometry": { "type": "MultiLineString", "coordinates": [ [ [ 84.788908, 25.571468 ], [ 84.789255, 25.571312 ], [ 84.789952, 25.570998 ], [ 84.79088, 25.570512 ], [ 84.792269, 25.569661 ], [ 84.79369, 25.568777 ] ] ] } },
{ "type": "Feature", "properties": { "ID": "150113372", "TRK_NME": null, "FTR_CRY": "BG", "CITY_NME": null, "STT_NME": "Bihar", "SHAPE_Leng": "0.018472335586362" }, "geometry": { "type": "MultiLineString", "coordinates": [ [ [ 85.031676, 25.327646 ], [ 85.031792, 25.32826 ], [ 85.03188, 25.329106 ], [ 85.031922, 25.32985 ], [ 85.03194, 25.331373 ], [ 85.031977, 25.332706 ], [ 85.031977, 25.333953 ], [ 85.03209, 25.335905 ], [ 85.032216, 25.337208 ], [ 85.032357, 25.338499 ], [ 85.032505, 25.339478 ], [ 85.032658, 25.340491 ], [ 85.032844, 25.341718 ], [ 85.033034, 25.342888 ], [ 85.03312, 25.34337 ], [ 85.033317, 25.344304 ], [ 85.03366, 25.345969 ] ] ] } },
{ "type": "Feature", "properties": { "ID": "150113373", "TRK_NME": null, "FTR_CRY": "BG", "CITY_NME": null, "STT_NME": "Bihar", "SHAPE_Leng": "0.019828438385969" }, "geometry": { "type": "MultiLineString", "coordinates": [ [ [ 85.047372, 25.370701 ], [ 85.048689, 25.372644 ], [ 85.049405, 25.373723 ], [ 85.050013, 25.374613 ], [ 85.050745, 25.37562 ], [ 85.051738, 25.376912 ], [ 85.05226, 25.377583 ], [ 85.052867, 25.37837 ], [ 85.05363, 25.379366 ], [ 85.054063, 25.379976 ], [ 85.055055, 25.381281 ], [ 85.055738, 25.382161 ], [ 85.056758, 25.383489 ], [ 85.057458, 25.384389 ], [ 85.058071, 25.38518 ], [ 85.058732, 25.386031 ], [ 85.059179, 25.386622 ] ] ] } },
{ "type": "Feature", "properties": { "ID": "150113149", "TRK_NME": null, "FTR_CRY": "BG", "CITY_NME": null, "STT_NME": "Bihar", "SHAPE_Leng": "0.001551807011191" }, "geometry": { "type": "MultiLineString", "coordinates": [ [ [ 85.046476, 25.369434 ], [ 85.047372, 25.370701 ] ] ] } },
{ "type": "Feature", "properties": { "ID": "150129327", "TRK_NME": null, "FTR_CRY": "BG", "CITY_NME": null, "STT_NME": "Bihar", "SHAPE_Leng": "4.17268498741E-4" }, "geometry": { "type": "MultiLineString", "coordinates": [ [ [ 85.03366, 25.345969 ], [ 85.033752, 25.346376 ] ] ] } },
{ "type": "Feature", "properties": { "ID": "150129328", "TRK_NME": null, "FTR_CRY": "BG", "CITY_NME": "Masaurhi", "STT_NME": "Bihar", "SHAPE_Leng": "0.026404373168721" }, "geometry": { "type": "MultiLineString", "coordinates": [ [ [ 85.033752, 25.346376 ], [ 85.033949, 25.347228 ], [ 85.034054, 25.347612 ], [ 85.034202, 25.348035 ], [ 85.034431, 25.348623 ], [ 85.034668, 25.349087 ], [ 85.035079, 25.349819 ], [ 85.035288, 25.350182 ], [ 85.035577, 25.350656 ], [ 85.036033, 25.351438 ], [ 85.036329, 25.351942 ], [ 85.036855, 25.352809 ], [ 85.037492, 25.353864 ], [ 85.038908, 25.356266 ], [ 85.039796, 25.357736 ], [ 85.040825, 25.359553 ], [ 85.041543, 25.360875 ], [ 85.042859, 25.363193 ], [ 85.043846, 25.365009 ], [ 85.044101, 25.365489 ], [ 85.04491, 25.36697 ], [ 85.045251, 25.367547 ], [ 85.045719, 25.368293 ], [ 85.046476, 25.369434 ] ] ] } },
{ "type": "Feature", "properties": { "ID": "150113283", "TRK_NME": null, "FTR_CRY": "BG", "CITY_NME": null, "STT_NME": "Bihar", "SHAPE_Leng": "0.123148065169753" }, "geometry": { "type": "MultiLineString", "coordinates": [ [ [ 84.489425, 25.554994 ], [ 84.500582, 25.553528 ], [ 84.506058, 25.552814 ], [ 84.515959, 25.551482 ], [ 84.521802, 25.550727 ], [ 84.522823, 25.550589 ], [ 84.523942, 25.550467 ], [ 84.525299, 25.550347 ], [ 84.527204, 25.550238 ], [ 84.533681, 25.550073 ], [ 84.539945, 25.549933 ], [ 84.547859, 25.549766 ], [ 84.55206, 25.549679 ], [ 84.558892, 25.549513 ], [ 84.566836, 25.549353 ], [ 84.573298, 25.549225 ], [ 84.586303, 25.548951 ], [ 84.5986, 25.548694 ], [ 84.60864, 25.548452 ], [ 84.612248, 25.548367 ] ] ] } },
{ "type": "Feature", "properties": { "ID": "150113390", "TRK_NME": null, "FTR_CRY": "BG", "CITY_NME": null, "STT_NME": "Bihar", "SHAPE_Leng": "0.028950595493587" }, "geometry": { "type": "MultiLineString", "coordinates": [ [ [ 84.612248, 25.548367 ], [ 84.617066, 25.548262 ], [ 84.624636, 25.548098 ], [ 84.62866, 25.548009 ], [ 84.632886, 25.547917 ], [ 84.634175, 25.547882 ], [ 84.636949, 25.547844 ], [ 84.638067, 25.54782 ], [ 84.641192, 25.547754 ] ] ] } },
{ "type": "Feature", "properties": { "ID": "150113060", "TRK_NME": null, "FTR_CRY": "BG", "CITY_NME": null, "STT_NME": "Bihar", "SHAPE_Leng": "0.020026157108891" }, "geometry": { "type": "MultiLineString", "coordinates": [ [ [ 84.633499, 25.525385 ], [ 84.634065, 25.526283 ], [ 84.634703, 25.527322 ], [ 84.635211, 25.528156 ], [ 84.63589, 25.529271 ], [ 84.636392, 25.530067 ], [ 84.636788, 25.530701 ], [ 84.637217, 25.531403 ], [ 84.63762, 25.532057 ], [ 84.638263, 25.533128 ], [ 84.638809, 25.534005 ], [ 84.63947, 25.535097 ], [ 84.639896, 25.535816 ], [ 84.640557, 25.53688 ], [ 84.641011, 25.537593 ], [ 84.64157, 25.538519 ], [ 84.641939, 25.539122 ], [ 84.642573, 25.540125 ], [ 84.642899, 25.54067 ], [ 84.643445, 25.541577 ], [ 84.643989, 25.542443 ] ] ] } },
{ "type": "Feature", "properties": { "ID": "150129436", "TRK_NME": null, "FTR_CRY": "BG", "CITY_NME": "Arrah", "STT_NME": "Bihar", "SHAPE_Leng": "0.011426246570525" }, "geometry": { "type": "MultiLineString", "coordinates": [ [ [ 84.643989, 25.542443 ], [ 84.644231, 25.542848 ], [ 84.644498, 25.543261 ], [ 84.644783, 25.543738 ], [ 84.645097, 25.544254 ], [ 84.645312, 25.544565 ], [ 84.645523, 25.544853 ], [ 84.645786, 25.545154 ], [ 84.64609, 25.545456 ], [ 84.646491, 25.545767 ], [ 84.646985, 25.546106 ], [ 84.647483, 25.546414 ], [ 84.647933, 25.54666 ], [ 84.648352, 25.54684 ], [ 84.648717, 25.546976 ], [ 84.649026, 25.547075 ], [ 84.649513, 25.547199 ], [ 84.649911, 25.547277 ], [ 84.650378, 25.547344 ], [ 84.651014, 25.547393 ], [ 84.651844, 25.547404 ], [ 84.65336, 25.547453 ] ] ] } },
{ "type": "Feature", "properties": { "ID": "150113284", "TRK_NME": null, "FTR_CRY": "BG", "CITY_NME": null, "STT_NME": "Bihar", "SHAPE_Leng": "0.212590742951468" }, "geometry": { "type": "MultiLineString", "coordinates": [ [ [ 84.202753, 25.569645 ], [ 84.21548, 25.56912 ], [ 84.220703, 25.568883 ], [ 84.234983, 25.568271 ], [ 84.244274, 25.567882 ], [ 84.251034, 25.567572 ], [ 84.254732, 25.56742 ], [ 84.262044, 25.567104 ], [ 84.273846, 25.566589 ], [ 84.276487, 25.566466 ], [ 84.283104, 25.566182 ], [ 84.289164, 25.565916 ], [ 84.29163, 25.565805 ], [ 84.295059, 25.56565 ], [ 84.298314, 25.565505 ], [ 84.302147, 25.565337 ], [ 84.312434, 25.564866 ], [ 84.321296, 25.5645 ], [ 84.334807, 25.563883 ], [ 84.3444, 25.563435 ], [ 84.355764, 25.562941 ], [ 84.362657, 25.562632 ], [ 84.366745, 25.562449 ], [ 84.391187, 25.561321 ], [ 84.393758, 25.561209 ], [ 84.398864, 25.560995 ], [ 84.406568, 25.560635 ], [ 84.409316, 25.560498 ], [ 84.415136, 25.560258 ] ] ] } },
{ "type": "Feature", "properties": { "ID": "150132244", "TRK_NME": null, "FTR_CRY": "BG", "CITY_NME": null, "STT_NME": "Bihar", "SHAPE_Leng": "0.001193373788894" }, "geometry": { "type": "MultiLineString", "coordinates": [ [ [ 84.676828, 25.551727 ], [ 84.677999, 25.551957 ] ] ] } },
{ "type": "Feature", "properties": { "ID": "150132245", "TRK_NME": null, "FTR_CRY": "BG", "CITY_NME": "Arrah", "STT_NME": "Bihar", "SHAPE_Leng": "0.034047795426331" }, "geometry": { "type": "MultiLineString", "coordinates": [ [ [ 84.643205, 25.547701 ], [ 84.645727, 25.54763 ], [ 84.646669, 25.547616 ], [ 84.647616, 25.547593 ], [ 84.649148, 25.547566 ], [ 84.651922, 25.547483 ], [ 84.65336, 25.547453 ], [ 84.654024, 25.54746 ], [ 84.654696, 25.547484 ], [ 84.655702, 25.547539 ], [ 84.656309, 25.547579 ], [ 84.656774, 25.547634 ], [ 84.657213, 25.547703 ], [ 84.659007, 25.548014 ], [ 84.660275, 25.548279 ], [ 84.663346, 25.548913 ], [ 84.669242, 25.550179 ], [ 84.670453, 25.550425 ], [ 84.671397, 25.550608 ], [ 84.673217, 25.550988 ], [ 84.674499, 25.551247 ], [ 84.676828, 25.551727 ] ] ] } },
{ "type": "Feature", "properties": { "ID": "150164328", "TRK_NME": null, "FTR_CRY": "BG", "CITY_NME": "Arrah", "STT_NME": "Bihar", "SHAPE_Leng": "0.015469403060413" }, "geometry": { "type": "MultiLineString", "coordinates": [ [ [ 84.669242, 25.550179 ], [ 84.667405, 25.549845 ], [ 84.665752, 25.549586 ], [ 84.663393, 25.549121 ], [ 84.658942, 25.548153 ], [ 84.657789, 25.547929 ], [ 84.655793, 25.547636 ], [ 84.654024, 25.54746 ] ] ] } },
{ "type": "Feature", "properties": { "ID": "150113408", "TRK_NME": "Sasaram", "FTR_CRY": "BG", "CITY_NME": null, "STT_NME": "Bihar", "SHAPE_Leng": "0.123660706086811" }, "geometry": { "type": "MultiLineString", "coordinates": [ [ [ 84.287438, 25.232891 ], [ 84.28814, 25.233573 ], [ 84.289177, 25.234445 ], [ 84.289804, 25.234943 ], [ 84.295747, 25.238748 ], [ 84.298434, 25.240438 ], [ 84.298789, 25.240657 ], [ 84.299305, 25.240922 ], [ 84.300103, 25.241256 ], [ 84.300934, 25.241505 ], [ 84.301487, 25.241634 ], [ 84.302281, 25.241743 ], [ 84.304308, 25.241916 ], [ 84.30774, 25.242152 ], [ 84.309474, 25.242297 ], [ 84.310009, 25.242352 ], [ 84.310433, 25.242423 ], [ 84.310932, 25.242528 ], [ 84.311567, 25.242714 ], [ 84.312136, 25.242919 ], [ 84.312671, 25.243153 ], [ 84.313316, 25.243499 ], [ 84.314948, 25.244374 ], [ 84.31821, 25.246142 ], [ 84.320833, 25.247616 ], [ 84.321688, 25.248073 ], [ 84.324481, 25.249604 ], [ 84.329069, 25.252295 ], [ 84.332448, 25.254259 ], [ 84.338463, 25.257808 ], [ 84.339492, 25.258481 ], [ 84.342062, 25.26053 ], [ 84.342921, 25.261202 ], [ 84.345378, 25.263112 ], [ 84.348318, 25.265466 ], [ 84.35146, 25.267896 ], [ 84.35372, 25.269768 ], [ 84.355055, 25.271005 ], [ 84.359837, 25.275419 ], [ 84.36258, 25.277923 ], [ 84.367184, 25.282203 ], [ 84.368192, 25.283206 ], [ 84.369296, 25.284417 ], [ 84.37184, 25.287241 ], [ 84.374174, 25.289868 ], [ 84.375057, 25.290869 ], [ 84.375668, 25.291501 ], [ 84.376498, 25.292274 ], [ 84.377671, 25.293345 ], [ 84.38207, 25.297272 ], [ 84.383434, 25.298424 ], [ 84.38735, 25.301952 ] ] ] } },
{ "type": "Feature", "properties": { "ID": "150113409", "TRK_NME": "Sasaram", "FTR_CRY": "BG", "CITY_NME": null, "STT_NME": "Bihar", "SHAPE_Leng": "0.237624354114539" }, "geometry": { "type": "MultiLineString", "coordinates": [ [ [ 84.482644, 25.356085 ], [ 84.484589, 25.358061 ], [ 84.487562, 25.361075 ], [ 84.489989, 25.36353 ], [ 84.492346, 25.365878 ], [ 84.495526, 25.36906 ], [ 84.497225, 25.370803 ], [ 84.499364, 25.372933 ], [ 84.501487, 25.375095 ], [ 84.503651, 25.37725 ], [ 84.504698, 25.378245 ], [ 84.505788, 25.379192 ], [ 84.507386, 25.380502 ], [ 84.508436, 25.381298 ], [ 84.511638, 25.383715 ], [ 84.513588, 25.385179 ], [ 84.518236, 25.388634 ], [ 84.520688, 25.390477 ], [ 84.523011, 25.39219 ], [ 84.524734, 25.393481 ], [ 84.525525, 25.394037 ], [ 84.526079, 25.394376 ], [ 84.526617, 25.394689 ], [ 84.527181, 25.394954 ], [ 84.527641, 25.395155 ], [ 84.528113, 25.395339 ], [ 84.528771, 25.395558 ], [ 84.529701, 25.395807 ], [ 84.531555, 25.396251 ], [ 84.540873, 25.398504 ], [ 84.546023, 25.399754 ], [ 84.549286, 25.400559 ], [ 84.554732, 25.401876 ], [ 84.556899, 25.402399 ], [ 84.557991, 25.402685 ], [ 84.558514, 25.402849 ], [ 84.558877, 25.402985 ], [ 84.559555, 25.40328 ], [ 84.560069, 25.403525 ], [ 84.56056, 25.403793 ], [ 84.561263, 25.404278 ], [ 84.561935, 25.404774 ], [ 84.562258, 25.405042 ], [ 84.56414, 25.406641 ], [ 84.566281, 25.408445 ], [ 84.569033, 25.410782 ], [ 84.570074, 25.41169 ], [ 84.570527, 25.412125 ], [ 84.571167, 25.412861 ], [ 84.571933, 25.413825 ], [ 84.572433, 25.414553 ], [ 84.573276, 25.41594 ], [ 84.574598, 25.418701 ], [ 84.576105, 25.421955 ], [ 84.5771, 25.423987 ], [ 84.578905, 25.427509 ], [ 84.581168, 25.432138 ], [ 84.585197, 25.440631 ], [ 84.587942, 25.446114 ], [ 84.589458, 25.449266 ], [ 84.591197, 25.452909 ], [ 84.593959, 25.458839 ], [ 84.595084, 25.461146 ], [ 84.597796, 25.466829 ], [ 84.600532, 25.472664 ], [ 84.601457, 25.474619 ], [ 84.60286, 25.477704 ], [ 84.603662, 25.479466 ], [ 84.60477, 25.481827 ], [ 84.606628, 25.48591 ], [ 84.608139, 25.489181 ], [ 84.609142, 25.491319 ], [ 84.610603, 25.494513 ], [ 84.612462, 25.498578 ], [ 84.613279, 25.500368 ], [ 84.61411, 25.502108 ], [ 84.61433, 25.502598 ], [ 84.614591, 25.503343 ], [ 84.614775, 25.503804 ], [ 84.615245, 25.504744 ], [ 84.616215, 25.506729 ], [ 84.617219, 25.50874 ], [ 84.617636, 25.509427 ], [ 84.617877, 25.509801 ], [ 84.618123, 25.510133 ], [ 84.618476, 25.510553 ], [ 84.61874, 25.510817 ], [ 84.62143, 25.513421 ], [ 84.623216, 25.515139 ], [ 84.62524, 25.51714 ], [ 84.629391, 25.521153 ], [ 84.631179, 25.522859 ], [ 84.632016, 25.523672 ], [ 84.632628, 25.524273 ], [ 84.632907, 25.524597 ], [ 84.633187, 25.524936 ], [ 84.633499, 25.525385 ] ] ] } },
{ "type": "Feature", "properties": { "ID": "150164331", "TRK_NME": null, "FTR_CRY": "BG", "CITY_NME": null, "STT_NME": "Bihar", "SHAPE_Leng": "0.01414810083033" }, "geometry": { "type": "MultiLineString", "coordinates": [ [ [ 84.298314, 25.565505 ], [ 84.301415, 25.565473 ], [ 84.303063, 25.565505 ], [ 84.305769, 25.565449 ], [ 84.307741, 25.565335 ], [ 84.310291, 25.56511 ], [ 84.312434, 25.564866 ] ] ] } },
{ "type": "Feature", "properties": { "ID": "150113125", "TRK_NME": null, "FTR_CRY": "BG", "CITY_NME": null, "STT_NME": "Bihar", "SHAPE_Leng": "0.002013697723374" }, "geometry": { "type": "MultiLineString", "coordinates": [ [ [ 84.641192, 25.547754 ], [ 84.642052, 25.547731 ], [ 84.643205, 25.547701 ] ] ] } },
{ "type": "Feature", "properties": { "ID": "150113355", "TRK_NME": null, "FTR_CRY": "BG", "CITY_NME": null, "STT_NME": "Bihar", "SHAPE_Leng": "0.027663546813026" }, "geometry": { "type": "MultiLineString", "coordinates": [ [ [ 84.44277, 25.558982 ], [ 84.440666, 25.559085 ], [ 84.440085, 25.559115 ], [ 84.438365, 25.559206 ], [ 84.435293, 25.559347 ], [ 84.429764, 25.559581 ], [ 84.420092, 25.560035 ], [ 84.415136, 25.560258 ] ] ] } },
{ "type": "Feature", "properties": { "ID": "150113354", "TRK_NME": null, "FTR_CRY": "BG", "CITY_NME": null, "STT_NME": "Bihar", "SHAPE_Leng": "0.026695698477512" }, "geometry": { "type": "MultiLineString", "coordinates": [ [ [ 84.489425, 25.554994 ], [ 84.487488, 25.555253 ], [ 84.484802, 25.555613 ], [ 84.481594, 25.556026 ], [ 84.476845, 25.556669 ], [ 84.474924, 25.556924 ], [ 84.471632, 25.55736 ], [ 84.469656, 25.557626 ], [ 84.468229, 25.557787 ], [ 84.46698, 25.557881 ], [ 84.465595, 25.557962 ], [ 84.464196, 25.558033 ], [ 84.462922, 25.558094 ] ] ] } },
{ "type": "Feature", "properties": { "ID": "150113460", "TRK_NME": "Sasaram", "FTR_CRY": "BG", "CITY_NME": null, "STT_NME": "Bihar", "SHAPE_Leng": "0.039237405314464" }, "geometry": { "type": "MultiLineString", "coordinates": [ [ [ 84.259239, 25.205951 ], [ 84.262599, 25.210201 ], [ 84.263423, 25.211226 ], [ 84.264219, 25.212045 ], [ 84.264684, 25.212497 ], [ 84.265102, 25.212862 ], [ 84.265784, 25.213406 ], [ 84.266848, 25.214184 ], [ 84.269165, 25.215781 ], [ 84.27115, 25.217152 ], [ 84.273331, 25.218608 ], [ 84.274109, 25.219182 ], [ 84.275524, 25.220272 ], [ 84.276308, 25.220916 ], [ 84.277133, 25.221683 ], [ 84.278309, 25.222994 ], [ 84.280405, 25.225233 ], [ 84.285884, 25.231193 ], [ 84.287438, 25.232891 ] ] ] } },
{ "type": "Feature", "properties": { "ID": "150113163", "TRK_NME": null, "FTR_CRY": "BG", "CITY_NME": null, "STT_NME": "Bihar", "SHAPE_Leng": "0.003971499716722" }, "geometry": { "type": "MultiLineString", "coordinates": [ [ [ 84.446737, 25.558793 ], [ 84.44277, 25.558982 ] ] ] } },
{ "type": "Feature", "properties": { "ID": "150129390", "TRK_NME": null, "FTR_CRY": "BG", "CITY_NME": null, "STT_NME": "Bihar", "SHAPE_Leng": "0.003237571797461" }, "geometry": { "type": "MultiLineString", "coordinates": [ [ [ 84.462922, 25.558094 ], [ 84.459687, 25.558223 ] ] ] } },
{ "type": "Feature", "properties": { "ID": "150129391", "TRK_NME": null, "FTR_CRY": "BG", "CITY_NME": "Behea", "STT_NME": "Bihar", "SHAPE_Leng": "0.012962657673781" }, "geometry": { "type": "MultiLineString", "coordinates": [ [ [ 84.459687, 25.558223 ], [ 84.459491, 25.558232 ], [ 84.456247, 25.558373 ], [ 84.45426, 25.558457 ], [ 84.45064, 25.558612 ], [ 84.448015, 25.558747 ], [ 84.446737, 25.558793 ] ] ] } },
{ "type": "Feature", "properties": { "ID": "150164329", "TRK_NME": "Sasaram", "FTR_CRY": "BG", "CITY_NME": null, "STT_NME": "Bihar", "SHAPE_Leng": "0.110858288322759" }, "geometry": { "type": "MultiLineString", "coordinates": [ [ [ 84.482644, 25.356085 ], [ 84.481574, 25.355044 ], [ 84.479991, 25.353626 ], [ 84.479353, 25.353127 ], [ 84.478342, 25.352466 ], [ 84.47726, 25.351827 ], [ 84.476252, 25.351322 ], [ 84.474958, 25.350785 ], [ 84.473528, 25.350298 ], [ 84.471108, 25.349523 ], [ 84.469233, 25.348879 ], [ 84.465648, 25.347701 ], [ 84.461625, 25.346373 ], [ 84.457689, 25.34508 ], [ 84.456035, 25.344445 ], [ 84.455213, 25.344075 ], [ 84.452893, 25.34308 ], [ 84.450559, 25.342032 ], [ 84.448564, 25.341136 ], [ 84.446309, 25.34012 ], [ 84.443885, 25.339038 ], [ 84.441023, 25.337773 ], [ 84.43695, 25.335955 ], [ 84.433439, 25.334338 ], [ 84.43245, 25.333832 ], [ 84.431688, 25.333417 ], [ 84.427688, 25.331073 ], [ 84.424051, 25.328921 ], [ 84.420128, 25.326638 ], [ 84.416304, 25.324348 ], [ 84.410565, 25.320994 ], [ 84.40627, 25.318482 ], [ 84.402993, 25.316536 ], [ 84.401039, 25.31529 ], [ 84.40067, 25.315008 ], [ 84.400278, 25.31465 ], [ 84.399912, 25.31425 ], [ 84.399486, 25.313773 ], [ 84.397035, 25.311188 ], [ 84.39492, 25.308922 ], [ 84.394067, 25.307983 ], [ 84.393276, 25.30722 ], [ 84.391859, 25.305973 ], [ 84.390563, 25.304792 ], [ 84.389099, 25.303484 ], [ 84.38768, 25.30224 ], [ 84.38735, 25.301952 ] ] ] } },
{ "type": "Feature", "properties": { "ID": "150164330", "TRK_NME": null, "FTR_CRY": "BG", "CITY_NME": null, "STT_NME": "Bihar", "SHAPE_Leng": "0.011510370714383" }, "geometry": { "type": "MultiLineString", "coordinates": [ [ [ 84.44277, 25.558982 ], [ 84.445307, 25.558986 ], [ 84.446315, 25.558984 ], [ 84.448362, 25.558919 ], [ 84.45147, 25.558732 ], [ 84.453352, 25.558562 ], [ 84.45426, 25.558457 ] ] ] } },
{ "type": "Feature", "properties": { "ID": "150113479", "TRK_NME": "Kiul to Bhagalpur", "FTR_CRY": "BG", "CITY_NME": null, "STT_NME": "Bihar", "SHAPE_Leng": "0.215439456325148" }, "geometry": { "type": "MultiLineString", "coordinates": [ [ [ 83.409974918183238, 25.244827635646722 ], [ 83.410838, 25.244621 ], [ 83.41364, 25.244045 ], [ 83.417253, 25.243272 ], [ 83.422212, 25.242213 ], [ 83.427167, 25.241155 ], [ 83.433913, 25.239701 ], [ 83.436089, 25.239257 ], [ 83.436417, 25.239197 ], [ 83.43804, 25.238899 ], [ 83.443807, 25.237644 ], [ 83.454378, 25.235363 ], [ 83.466322, 25.232793 ], [ 83.47003, 25.231996 ], [ 83.477941, 25.230286 ], [ 83.48258, 25.229277 ], [ 83.491112, 25.227445 ], [ 83.500824, 25.225345 ], [ 83.51083, 25.223196 ], [ 83.512974, 25.222689 ], [ 83.514067, 25.222348 ], [ 83.514525, 25.222187 ], [ 83.516108, 25.221505 ], [ 83.516878, 25.221101 ], [ 83.518293, 25.220235 ], [ 83.521782, 25.217759 ], [ 83.523352, 25.216646 ], [ 83.525578, 25.215087 ], [ 83.529795, 25.212095 ], [ 83.530374, 25.211727 ], [ 83.53087, 25.21143 ], [ 83.531241, 25.211228 ], [ 83.532281, 25.210675 ], [ 83.532896, 25.210377 ], [ 83.533486, 25.210131 ], [ 83.536056, 25.209191 ], [ 83.544497, 25.205933 ], [ 83.545849, 25.205411 ], [ 83.553619, 25.202399 ], [ 83.561826, 25.199221 ], [ 83.56761, 25.197028 ], [ 83.576366, 25.193606 ], [ 83.582419, 25.191286 ], [ 83.585546, 25.190057 ], [ 83.589807, 25.188421 ], [ 83.60183, 25.183767 ], [ 83.605656, 25.182339 ], [ 83.606108, 25.182149 ], [ 83.60662, 25.181906 ], [ 83.607285, 25.181567 ], [ 83.607842, 25.181265 ], [ 83.608324, 25.180987 ], [ 83.608828, 25.180663 ], [ 83.609431, 25.180244 ], [ 83.612451, 25.178038 ] ] ] } },
{ "type": "Feature", "properties": { "ID": "150113481", "TRK_NME": "Kiul to Bhagalpur", "FTR_CRY": "BG", "CITY_NME": null, "STT_NME": "Bihar", "SHAPE_Leng": "0.376436896343727" }, "geometry": { "type": "MultiLineString", "coordinates": [ [ [ 83.636167, 25.160749 ], [ 83.641404, 25.156994 ], [ 83.654948, 25.147073 ], [ 83.665174, 25.139602 ], [ 83.683259, 25.12637 ], [ 83.695685, 25.117315 ], [ 83.705259, 25.110306 ], [ 83.712452, 25.105084 ], [ 83.716268, 25.102255 ], [ 83.730464, 25.09189 ], [ 83.740977, 25.084183 ], [ 83.745852, 25.080661 ], [ 83.75768, 25.071945 ], [ 83.760815, 25.069672 ], [ 83.769119, 25.063541 ], [ 83.773885, 25.060228 ], [ 83.778317, 25.057339 ], [ 83.78008, 25.056198 ], [ 83.781235, 25.055504 ], [ 83.782323, 25.054928 ], [ 83.78527, 25.0533 ], [ 83.788743, 25.051418 ], [ 83.804864, 25.042603 ], [ 83.808794, 25.040417 ], [ 83.820539, 25.03399 ], [ 83.82296, 25.032798 ], [ 83.824116, 25.032254 ], [ 83.830155, 25.029503 ], [ 83.834823, 25.027496 ], [ 83.84871, 25.021316 ], [ 83.856511, 25.017822 ], [ 83.865632, 25.013725 ], [ 83.895695, 25.000309 ], [ 83.90374, 24.996719 ], [ 83.916334, 24.991091 ], [ 83.933236, 24.983554 ], [ 83.940949, 24.980001 ], [ 83.942511, 24.979301 ], [ 83.951668, 24.975004 ], [ 83.959479, 24.97141 ] ] ] } },
{ "type": "Feature", "properties": { "ID": "150113480", "TRK_NME": "Kiul to Bhagalpur", "FTR_CRY": "BG", "CITY_NME": null, "STT_NME": "Bihar", "SHAPE_Leng": "0.011154089538532" }, "geometry": { "type": "MultiLineString", "coordinates": [ [ [ 83.627143, 25.167305 ], [ 83.627539, 25.167017 ], [ 83.636167, 25.160749 ] ] ] } },
{ "type": "Feature", "properties": { "ID": "150129302", "TRK_NME": "Kiul to Bhagalpur", "FTR_CRY": "BG", "CITY_NME": "Anwari", "STT_NME": "Bihar", "SHAPE_Leng": "2.82031126535E-4" }, "geometry": { "type": "MultiLineString", "coordinates": [ [ [ 83.626835, 25.167529 ], [ 83.627043, 25.167378 ], [ 83.627063, 25.167363 ] ] ] } },
{ "type": "Feature", "properties": { "ID": "150129303", "TRK_NME": "Kiul to Bhagalpur", "FTR_CRY": "BG", "CITY_NME": null, "STT_NME": "Bihar", "SHAPE_Leng": "0.002775090989497" }, "geometry": { "type": "MultiLineString", "coordinates": [ [ [ 83.612451, 25.178038 ], [ 83.614702, 25.176415 ] ] ] } },
{ "type": "Feature", "properties": { "ID": "150129304", "TRK_NME": "Kiul to Bhagalpur", "FTR_CRY": "BG", "CITY_NME": "Anwari", "STT_NME": "Bihar", "SHAPE_Leng": "0.015039004659423" }, "geometry": { "type": "MultiLineString", "coordinates": [ [ [ 83.614702, 25.176415 ], [ 83.618273, 25.173782 ], [ 83.626835, 25.167529 ] ] ] } },
{ "type": "Feature", "properties": { "ID": "150129305", "TRK_NME": "Kiul to Bhagalpur", "FTR_CRY": "BG", "CITY_NME": "Anwari", "STT_NME": "Bihar", "SHAPE_Leng": "9.8812954572E-5" }, "geometry": { "type": "MultiLineString", "coordinates": [ [ [ 83.627063, 25.167363 ], [ 83.627143, 25.167305 ] ] ] } },
{ "type": "Feature", "properties": { "ID": "150164291", "TRK_NME": null, "FTR_CRY": "BG", "CITY_NME": null, "STT_NME": "Bihar", "SHAPE_Leng": "0.012104163806604" }, "geometry": { "type": "MultiLineString", "coordinates": [ [ [ 83.60183, 25.183767 ], [ 83.604509, 25.182641 ], [ 83.606464, 25.181754 ], [ 83.607557, 25.181175 ], [ 83.608489, 25.180634 ], [ 83.61053, 25.179313 ], [ 83.612451, 25.178038 ] ] ] } },
{ "type": "Feature", "properties": { "ID": "150164292", "TRK_NME": null, "FTR_CRY": "BG", "CITY_NME": null, "STT_NME": "Bihar", "SHAPE_Leng": "0.00906796856103" }, "geometry": { "type": "MultiLineString", "coordinates": [ [ [ 83.536056, 25.209191 ], [ 83.53783, 25.208262 ], [ 83.539376, 25.207624 ], [ 83.544497, 25.205933 ] ] ] } },
{ "type": "Feature", "properties": { "ID": "150164293", "TRK_NME": null, "FTR_CRY": "BG", "CITY_NME": null, "STT_NME": "Bihar", "SHAPE_Leng": "0.035891950220637" }, "geometry": { "type": "MultiLineString", "coordinates": [ [ [ 83.500824, 25.225345 ], [ 83.502319, 25.224971 ], [ 83.504481, 25.224429 ], [ 83.507356, 25.22381 ], [ 83.510652, 25.223094 ], [ 83.513043, 25.222456 ], [ 83.513743, 25.222212 ], [ 83.514707, 25.221857 ], [ 83.51587, 25.221335 ], [ 83.516409, 25.221067 ], [ 83.51761, 25.22041 ], [ 83.518735, 25.219698 ], [ 83.519629, 25.219099 ], [ 83.523054, 25.216668 ], [ 83.525434, 25.215002 ], [ 83.528498, 25.21283 ], [ 83.529963, 25.211836 ], [ 83.530932, 25.211276 ], [ 83.531675, 25.210896 ], [ 83.532896, 25.210377 ] ] ] } },
{ "type": "Feature", "properties": { "ID": "150164294", "TRK_NME": null, "FTR_CRY": "BG", "CITY_NME": null, "STT_NME": "Bihar", "SHAPE_Leng": "0.009140857053484" }, "geometry": { "type": "MultiLineString", "coordinates": [ [ [ 83.436089, 25.239257 ], [ 83.432402, 25.23982 ], [ 83.430921, 25.240068 ], [ 83.428955, 25.240585 ], [ 83.427167, 25.241155 ] ] ] } },
{ "type": "Feature", "properties": { "ID": "150164295", "TRK_NME": null, "FTR_CRY": "BG", "CITY_NME": null, "STT_NME": "Bihar", "SHAPE_Leng": "0.029226739058778" }, "geometry": { "type": "MultiLineString", "coordinates": [ [ [ 83.410077843967656, 25.24492855227388 ], [ 83.412652, 25.244354 ], [ 83.416655, 25.243484 ], [ 83.422867, 25.242158 ], [ 83.426531, 25.241368 ], [ 83.429389, 25.240748 ], [ 83.434074, 25.239751 ], [ 83.43804, 25.238899 ] ] ] } },
{ "type": "Feature", "properties": { "ID": "150164296", "TRK_NME": null, "FTR_CRY": "BG", "CITY_NME": null, "STT_NME": "Bihar", "SHAPE_Leng": "0.06742087064155" }, "geometry": { "type": "MultiLineString", "coordinates": [ [ [ 83.436417, 25.239197 ], [ 83.439568, 25.238461 ], [ 83.443397, 25.237647 ], [ 83.448515, 25.236542 ], [ 83.452472, 25.235683 ], [ 83.45661, 25.234808 ], [ 83.46158, 25.23373 ], [ 83.467004, 25.232559 ], [ 83.475781, 25.230668 ], [ 83.481972, 25.229336 ], [ 83.48888, 25.227859 ], [ 83.49435, 25.226662 ], [ 83.498743, 25.225695 ], [ 83.502319, 25.224971 ] ] ] } },
{ "type": "Feature", "properties": { "ID": "150164297", "TRK_NME": null, "FTR_CRY": "BG", "CITY_NME": null, "STT_NME": "Bihar", "SHAPE_Leng": "0.103245621032165" }, "geometry": { "type": "MultiLineString", "coordinates": [ [ [ 83.533486, 25.210131 ], [ 83.535707, 25.209601 ], [ 83.536881, 25.209205 ], [ 83.538913, 25.208411 ], [ 83.542611, 25.20693 ], [ 83.546427, 25.20538 ], [ 83.556681, 25.201382 ], [ 83.567944, 25.197093 ], [ 83.581942, 25.191638 ], [ 83.592161, 25.187708 ], [ 83.601363, 25.184131 ], [ 83.604908, 25.182773 ], [ 83.606367, 25.182189 ], [ 83.606941, 25.181911 ], [ 83.607526, 25.181627 ], [ 83.608133, 25.181301 ], [ 83.60876, 25.180898 ], [ 83.609452, 25.18043 ], [ 83.610779, 25.179471 ], [ 83.612433, 25.178308 ], [ 83.614715, 25.176666 ], [ 83.615537, 25.176163 ], [ 83.616284, 25.175749 ], [ 83.616996, 25.175304 ], [ 83.620389, 25.172933 ], [ 83.622009, 25.171659 ], [ 83.624484, 25.169489 ], [ 83.625174, 25.168959 ], [ 83.626893, 25.167716 ] ] ] } },
{ "type": "Feature", "properties": { "ID": "150164298", "TRK_NME": null, "FTR_CRY": "BG", "CITY_NME": null, "STT_NME": "Bihar", "SHAPE_Leng": "0.425063705145957" }, "geometry": { "type": "MultiLineString", "coordinates": [ [ [ 83.626893, 25.167716 ], [ 83.630282, 25.165244 ], [ 83.63502, 25.161811 ], [ 83.640766, 25.157617 ], [ 83.645797, 25.153972 ], [ 83.650569, 25.150435 ], [ 83.657866, 25.145159 ], [ 83.660115, 25.1436 ], [ 83.662279, 25.142073 ], [ 83.666994, 25.138459 ], [ 83.670314, 25.136051 ], [ 83.676288, 25.131666 ], [ 83.684086, 25.125949 ], [ 83.693572, 25.119042 ], [ 83.697887, 25.115892 ], [ 83.702511, 25.112535 ], [ 83.708239, 25.108319 ], [ 83.712612, 25.105169 ], [ 83.719239, 25.100388 ], [ 83.721808, 25.098632 ], [ 83.72495, 25.09628 ], [ 83.726885, 25.094732 ], [ 83.729071, 25.093115 ], [ 83.733752, 25.089712 ], [ 83.737856, 25.086718 ], [ 83.741816, 25.083812 ], [ 83.748495, 25.078948 ], [ 83.753891, 25.07498 ], [ 83.759111, 25.071126 ], [ 83.763975, 25.067562 ], [ 83.771455, 25.062128 ], [ 83.775661, 25.059269 ], [ 83.779667, 25.056627 ], [ 83.781384, 25.055628 ], [ 83.783982, 25.054213 ], [ 83.790043, 25.050929 ], [ 83.794421, 25.048588 ], [ 83.797808, 25.046733 ], [ 83.802347, 25.044252 ], [ 83.806478, 25.041963 ], [ 83.811417, 25.039259 ], [ 83.820654, 25.034161 ], [ 83.830864, 25.0295 ], [ 83.832439, 25.028791 ], [ 83.843749, 25.023693 ], [ 83.854621, 25.018829 ], [ 83.863854, 25.014653 ], [ 83.869404, 25.012216 ], [ 83.874394, 25.010028 ], [ 83.87924, 25.007808 ], [ 83.884676, 25.005408 ], [ 83.889643, 25.003183 ], [ 83.892612, 25.001975 ], [ 83.895662, 25.000596 ], [ 83.900497, 24.998464 ], [ 83.904417, 24.996598 ], [ 83.911477, 24.99345 ], [ 83.917526, 24.990738 ], [ 83.925239, 24.987306 ], [ 83.931687, 24.984423 ], [ 83.938136, 24.981483 ], [ 83.942628, 24.97944 ], [ 83.945363, 24.978252 ], [ 83.949591, 24.976302 ], [ 83.954226, 24.974016 ], [ 83.959089, 24.971771 ], [ 83.969641, 24.966865 ], [ 83.976364, 24.963733 ], [ 83.98418, 24.960078 ], [ 83.988014, 24.958476 ], [ 83.990028, 24.957796 ], [ 83.991985, 24.957221 ], [ 83.9935, 24.956859 ] ] ] } },
{ "type": "Feature", "properties": { "ID": "150113210", "TRK_NME": null, "FTR_CRY": "BG", "CITY_NME": null, "STT_NME": "Bihar", "SHAPE_Leng": "0.010989727174435" }, "geometry": { "type": "MultiLineString", "coordinates": [ [ [ 84.225962, 24.885158 ], [ 84.227532, 24.88386 ], [ 84.230472, 24.881706 ], [ 84.232175, 24.880463 ], [ 84.233623, 24.879517 ], [ 84.234892, 24.878775 ] ] ] } },
{ "type": "Feature", "properties": { "ID": "150113432", "TRK_NME": "Kiul to Bhagalpur", "FTR_CRY": "BG", "CITY_NME": null, "STT_NME": "Bihar", "SHAPE_Leng": "0.074881180918361" }, "geometry": { "type": "MultiLineString", "coordinates": [ [ [ 84.22381, 24.886945 ], [ 84.22512, 24.885974 ], [ 84.226134, 24.885275 ], [ 84.227223, 24.884488 ], [ 84.234027, 24.879419 ], [ 84.234892, 24.878775 ], [ 84.235666, 24.878262 ], [ 84.238154, 24.876431 ], [ 84.241514, 24.873931 ], [ 84.247889, 24.869247 ], [ 84.249338, 24.868253 ], [ 84.250753, 24.867397 ], [ 84.251406, 24.867035 ], [ 84.25224, 24.866618 ], [ 84.253685, 24.865981 ], [ 84.25498, 24.865458 ], [ 84.256414, 24.865 ], [ 84.257837, 24.864605 ], [ 84.25932, 24.86432 ], [ 84.260657, 24.864116 ], [ 84.271575, 24.862838 ], [ 84.279294, 24.861921 ], [ 84.29153, 24.86049 ] ] ] } },
{ "type": "Feature", "properties": { "ID": "150113439", "TRK_NME": null, "FTR_CRY": "BG", "CITY_NME": null, "STT_NME": "Bihar", "SHAPE_Leng": "0.014420120551631" }, "geometry": { "type": "MultiLineString", "coordinates": [ [ [ 84.236553, 24.877331 ], [ 84.234809, 24.878603 ], [ 84.233411, 24.879501 ], [ 84.23263, 24.879937 ], [ 84.231651, 24.880483 ], [ 84.231017, 24.88089 ], [ 84.229905, 24.881657 ], [ 84.227611, 24.883345 ], [ 84.22693, 24.883944 ], [ 84.225962, 24.885158 ], [ 84.22512, 24.885974 ] ] ] } },
{ "type": "Feature", "properties": { "ID": "150113447", "TRK_NME": null, "FTR_CRY": "BG", "CITY_NME": null, "STT_NME": "Bihar", "SHAPE_Leng": "0.033498337615071" }, "geometry": { "type": "MultiLineString", "coordinates": [ [ [ 84.196971, 24.906949 ], [ 84.198504, 24.905839 ], [ 84.203917, 24.901925 ], [ 84.208263, 24.898712 ], [ 84.213901, 24.894582 ], [ 84.217701, 24.8918 ], [ 84.220353, 24.889862 ], [ 84.221982, 24.888681 ], [ 84.222551, 24.888197 ], [ 84.223078, 24.887615 ], [ 84.223379, 24.887302 ], [ 84.22381, 24.886945 ] ] ] } },
{ "type": "Feature", "properties": { "ID": "150113285", "TRK_NME": "Sasaram", "FTR_CRY": "BG", "CITY_NME": null, "STT_NME": "Bihar", "SHAPE_Leng": "0.101779786079619" }, "geometry": { "type": "MultiLineString", "coordinates": [ [ [ 84.030888, 24.994636 ], [ 84.031858, 25.000729 ], [ 84.033032, 25.007889 ], [ 84.033444, 25.01039 ], [ 84.033651, 25.011595 ], [ 84.033734, 25.012005 ], [ 84.033867, 25.012511 ], [ 84.034003, 25.012942 ], [ 84.034166, 25.013327 ], [ 84.034365, 25.013743 ], [ 84.034681, 25.01431 ], [ 84.035112, 25.014925 ], [ 84.035571, 25.015467 ], [ 84.035987, 25.015874 ], [ 84.046857, 25.025078 ], [ 84.047494, 25.025772 ], [ 84.04884, 25.027425 ], [ 84.056022, 25.036261 ], [ 84.059818, 25.04088 ], [ 84.063774, 25.045732 ], [ 84.06595, 25.048384 ], [ 84.066472, 25.048959 ], [ 84.066881, 25.049408 ], [ 84.067467, 25.049965 ], [ 84.068953, 25.051148 ], [ 84.075775, 25.056494 ], [ 84.088388, 25.066314 ], [ 84.090724, 25.068136 ], [ 84.092347, 25.069403 ], [ 84.093525, 25.070321 ] ] ] } },
{ "type": "Feature", "properties": { "ID": "150113286", "TRK_NME": "Kiul to Bhagalpur", "FTR_CRY": "BG", "CITY_NME": null, "STT_NME": "Bihar", "SHAPE_Leng": "0.095517673192946" }, "geometry": { "type": "MultiLineString", "coordinates": [ [ [ 84.0575, 24.956334 ], [ 84.063014, 24.955983 ], [ 84.067818, 24.955684 ], [ 84.071885, 24.955428 ], [ 84.073779, 24.95529 ], [ 84.074525, 24.955255 ], [ 84.075772, 24.955141 ], [ 84.076887, 24.955008 ], [ 84.07792, 24.954852 ], [ 84.07873, 24.954702 ], [ 84.080133, 24.954346 ], [ 84.081426, 24.953968 ], [ 84.084267, 24.953115 ], [ 84.099274, 24.948208 ], [ 84.10077, 24.947719 ], [ 84.108011, 24.945412 ], [ 84.113815, 24.943505 ], [ 84.125072, 24.93982 ], [ 84.133396, 24.937111 ], [ 84.141373, 24.934426 ], [ 84.146868, 24.932577 ], [ 84.149314, 24.931791 ] ] ] } },
{ "type": "Feature", "properties": { "ID": "150113287", "TRK_NME": "Kiul to Bhagalpur", "FTR_CRY": "BG", "CITY_NME": null, "STT_NME": "Bihar", "SHAPE_Leng": "0.232523986559301" }, "geometry": { "type": "MultiLineString", "coordinates": [ [ [ 84.365218, 24.851727 ], [ 84.369436, 24.851217 ], [ 84.379177, 24.85006 ], [ 84.388393, 24.848959 ], [ 84.396952, 24.847945 ], [ 84.399357, 24.847645 ], [ 84.404653, 24.84703 ], [ 84.407279, 24.846699 ], [ 84.4138, 24.845927 ], [ 84.422057, 24.844933 ], [ 84.432854, 24.843652 ], [ 84.437154, 24.843148 ], [ 84.446917, 24.841965 ], [ 84.450694, 24.841508 ], [ 84.456758, 24.840763 ], [ 84.459815, 24.840417 ], [ 84.461395, 24.840239 ], [ 84.463172, 24.840021 ], [ 84.464305, 24.839857 ], [ 84.465251, 24.839704 ], [ 84.469097, 24.839053 ], [ 84.480641, 24.83706 ], [ 84.495441, 24.83451 ], [ 84.503137, 24.833199 ], [ 84.514864, 24.831163 ], [ 84.522771, 24.829822 ], [ 84.529519, 24.828665 ], [ 84.537168, 24.827348 ], [ 84.564332, 24.822648 ], [ 84.573353, 24.821082 ], [ 84.595109, 24.817341 ] ] ] } },
{ "type": "Feature", "properties": { "ID": "150113417", "TRK_NME": null, "FTR_CRY": "BG", "CITY_NME": null, "STT_NME": "Bihar", "SHAPE_Leng": "0.079938950950418" }, "geometry": { "type": "MultiLineString", "coordinates": [ [ [ 84.155455, 25.11906 ], [ 84.154321, 25.117946 ], [ 84.152269, 25.115935 ], [ 84.150834, 25.114536 ], [ 84.15031, 25.114055 ], [ 84.149654, 25.113506 ], [ 84.148826, 25.112896 ], [ 84.148188, 25.112467 ], [ 84.147819, 25.112234 ], [ 84.147196, 25.111877 ], [ 84.145933, 25.111269 ], [ 84.144889, 25.11083 ], [ 84.143438, 25.110209 ], [ 84.141463, 25.109394 ], [ 84.139924, 25.108731 ], [ 84.137343, 25.107661 ], [ 84.136146, 25.107171 ], [ 84.134586, 25.106533 ], [ 84.132922, 25.105826 ], [ 84.131292, 25.105146 ], [ 84.130702, 25.104837 ], [ 84.130158, 25.104514 ], [ 84.129742, 25.104193 ], [ 84.12902, 25.103594 ], [ 84.127299, 25.102181 ], [ 84.126826, 25.101764 ], [ 84.126488, 25.101417 ], [ 84.124861, 25.099644 ], [ 84.122691, 25.097108 ], [ 84.120162, 25.094282 ], [ 84.11793, 25.091792 ], [ 84.11599, 25.089599 ], [ 84.115211, 25.088732 ], [ 84.114144, 25.087497 ], [ 84.112981, 25.086169 ], [ 84.112397, 25.085512 ], [ 84.111084, 25.08403 ], [ 84.109368, 25.0821 ], [ 84.10873, 25.081466 ], [ 84.107714, 25.080575 ], [ 84.107011, 25.080044 ], [ 84.105582, 25.079073 ], [ 84.103593, 25.077713 ], [ 84.103233, 25.077466 ], [ 84.102513, 25.076981 ], [ 84.101022, 25.075973 ], [ 84.09901, 25.074582 ], [ 84.097439, 25.073365 ], [ 84.095017, 25.07148 ], [ 84.093525, 25.070321 ] ] ] } },
{ "type": "Feature", "properties": { "ID": "150113382", "TRK_NME": null, "FTR_CRY": "BG", "CITY_NME": null, "STT_NME": "Bihar", "SHAPE_Leng": "0.02999283086585" }, "geometry": { "type": "MultiLineString", "coordinates": [ [ [ 84.149314, 24.931791 ], [ 84.150343, 24.931469 ], [ 84.164129, 24.926993 ], [ 84.170258, 24.924963 ], [ 84.17137, 24.924559 ], [ 84.172553, 24.924062 ], [ 84.173578, 24.923506 ], [ 84.17446, 24.922953 ], [ 84.177122, 24.921019 ] ] ] } },
{ "type": "Feature", "properties": { "ID": "150129338", "TRK_NME": null, "FTR_CRY": "BG", "CITY_NME": "Dehri", "STT_NME": "Bihar", "SHAPE_Leng": "0.021916207015886" }, "geometry": { "type": "MultiLineString", "coordinates": [ [ [ 84.177164, 24.920989 ], [ 84.179942, 24.919024 ], [ 84.180506, 24.918625 ], [ 84.188374, 24.912865 ], [ 84.192918, 24.90958 ], [ 84.194949, 24.908184 ] ] ] } },
{ "type": "Feature", "properties": { "ID": "150164322", "TRK_NME": null, "FTR_CRY": "BG", "CITY_NME": null, "STT_NME": "Bihar", "SHAPE_Leng": "0.008640801349806" }, "geometry": { "type": "MultiLineString", "coordinates": [ [ [ 84.141005, 24.720297 ], [ 84.13983, 24.718812 ], [ 84.138236, 24.716611 ], [ 84.137006, 24.714803 ], [ 84.136017, 24.713248 ] ] ] } },
{ "type": "Feature", "properties": { "ID": "150164323", "TRK_NME": null, "FTR_CRY": "BG", "CITY_NME": null, "STT_NME": "Bihar", "SHAPE_Leng": "0.041959581029541" }, "geometry": { "type": "MultiLineString", "coordinates": [ [ [ 84.154983, 24.740174 ], [ 84.155055, 24.740792 ], [ 84.15516, 24.741164 ], [ 84.157229, 24.744215 ], [ 84.161754, 24.750659 ], [ 84.164222, 24.75411 ], [ 84.164327, 24.754348 ], [ 84.164432, 24.754682 ], [ 84.165215, 24.756836 ], [ 84.165419, 24.757542 ], [ 84.165988, 24.761904 ], [ 84.166059, 24.76227 ], [ 84.166206, 24.762823 ], [ 84.170694, 24.777364 ], [ 84.170737, 24.777624 ], [ 84.170733, 24.777877 ], [ 84.170712, 24.778078 ], [ 84.170651, 24.7783 ] ] ] } },
{ "type": "Feature", "properties": { "ID": "150164324", "TRK_NME": null, "FTR_CRY": "BG", "CITY_NME": null, "STT_NME": "Bihar", "SHAPE_Leng": "0.021801117443799" }, "geometry": { "type": "MultiLineString", "coordinates": [ [ [ 84.170733, 24.778555 ], [ 84.170651, 24.7783 ], [ 84.169459, 24.774604 ], [ 84.167014, 24.766315 ], [ 84.165848, 24.762725 ], [ 84.165691, 24.762166 ], [ 84.165417, 24.760315 ], [ 84.165314, 24.758644 ], [ 84.165342, 24.758426 ], [ 84.165419, 24.757542 ] ] ] } },
{ "type": "Feature", "properties": { "ID": "150164325", "TRK_NME": null, "FTR_CRY": "BG", "CITY_NME": null, "STT_NME": "Bihar", "SHAPE_Leng": "0.01121819484239" }, "geometry": { "type": "MultiLineString", "coordinates": [ [ [ 84.17132, 24.763446 ], [ 84.170647, 24.76298 ], [ 84.170318, 24.762513 ], [ 84.167873, 24.759008 ], [ 84.166651, 24.757431 ], [ 84.166394, 24.757211 ], [ 84.165536, 24.75638 ], [ 84.16525, 24.756004 ], [ 84.164432, 24.754682 ] ] ] } },
{ "type": "Feature", "properties": { "ID": "150164326", "TRK_NME": null, "FTR_CRY": "BG", "CITY_NME": null, "STT_NME": "Bihar", "SHAPE_Leng": "0.014667031110718" }, "geometry": { "type": "MultiLineString", "coordinates": [ [ [ 84.217939, 24.829759 ], [ 84.216931, 24.828517 ], [ 84.215713, 24.826795 ], [ 84.214019, 24.824399 ], [ 84.212375, 24.822055 ], [ 84.210618, 24.819549 ], [ 84.210042, 24.81868 ], [ 84.209508, 24.817767 ] ] ] } },
{ "type": "Feature", "properties": { "ID": "150164327", "TRK_NME": null, "FTR_CRY": "BG", "CITY_NME": null, "STT_NME": "Bihar", "SHAPE_Leng": "0.062902568280221" }, "geometry": { "type": "MultiLineString", "coordinates": [ [ [ 84.094828, 24.709002 ], [ 84.09521, 24.70911 ], [ 84.095695, 24.709198 ], [ 84.096179, 24.70922 ], [ 84.096855, 24.709211 ], [ 84.097427, 24.709165 ], [ 84.097746, 24.709099 ], [ 84.09796, 24.70903 ], [ 84.098202, 24.70892 ], [ 84.098545, 24.708751 ], [ 84.098917, 24.708491 ], [ 84.099175, 24.708226 ], [ 84.099409, 24.707929 ], [ 84.099599, 24.707577 ], [ 84.09974, 24.707225 ], [ 84.099793, 24.706965 ], [ 84.099817, 24.706572 ], [ 84.099797, 24.706235 ], [ 84.099732, 24.705835 ], [ 84.099631, 24.705523 ], [ 84.099494, 24.705292 ], [ 84.099328, 24.705068 ], [ 84.097054, 24.700978 ], [ 84.094098, 24.69541 ], [ 84.093508, 24.694339 ], [ 84.093428, 24.694104 ], [ 84.093379, 24.693804 ], [ 84.093193, 24.690011 ], [ 84.093249, 24.689439 ], [ 84.093362, 24.689006 ], [ 84.093507, 24.688705 ], [ 84.093693, 24.688367 ], [ 84.093951, 24.688023 ], [ 84.094226, 24.687722 ], [ 84.094815, 24.68726 ], [ 84.095276, 24.687025 ], [ 84.095714, 24.686821 ], [ 84.096251, 24.686649 ], [ 84.096631, 24.686565 ], [ 84.101787, 24.685593 ], [ 84.106608, 24.684573 ], [ 84.107278, 24.684346 ], [ 84.107634, 24.684148 ], [ 84.107941, 24.683905 ], [ 84.108331, 24.683552 ], [ 84.108991, 24.682658 ], [ 84.109823, 24.681133 ], [ 84.110269, 24.680416 ], [ 84.11041, 24.680133 ], [ 84.110471, 24.679964 ], [ 84.110564, 24.67966 ], [ 84.110628, 24.679399 ], [ 84.110681, 24.67908 ], [ 84.110689, 24.678761 ], [ 84.110669, 24.67842 ], [ 84.110608, 24.677965 ], [ 84.110471, 24.677418 ], [ 84.110313, 24.676996 ], [ 84.11016, 24.676721 ], [ 84.109841, 24.676248 ], [ 84.108626, 24.674586 ], [ 84.106385, 24.67135 ], [ 84.103906, 24.667827 ], [ 84.102977, 24.666521 ], [ 84.10287, 24.666325 ], [ 84.102729, 24.665815 ] ] ] } },
{ "type": "Feature", "properties": { "ID": "150113091", "TRK_NME": null, "FTR_CRY": "BG", "CITY_NME": null, "STT_NME": "Bihar", "SHAPE_Leng": "0.036540168794784" }, "geometry": { "type": "MultiLineString", "coordinates": [ [ [ 83.992924, 24.956826 ], [ 83.991713, 24.957125 ], [ 83.989977, 24.957609 ], [ 83.988969, 24.957919 ], [ 83.987893, 24.958318 ], [ 83.987092, 24.958617 ], [ 83.986289, 24.958958 ], [ 83.985298, 24.95939 ], [ 83.980644, 24.961539 ], [ 83.97448, 24.964437 ], [ 83.964835, 24.968909 ], [ 83.963042, 24.969738 ], [ 83.959479, 24.97141 ] ] ] } },
{ "type": "Feature", "properties": { "ID": "150132227", "TRK_NME": null, "FTR_CRY": "BG", "CITY_NME": null, "STT_NME": "Bihar", "SHAPE_Leng": "0.027579871116728" }, "geometry": { "type": "MultiLineString", "coordinates": [ [ [ 84.0575, 24.956334 ], [ 84.056281, 24.956403 ], [ 84.050044, 24.956823 ], [ 84.04478, 24.95715 ], [ 84.039807, 24.957466 ], [ 84.037947, 24.957523 ], [ 84.035761, 24.957513 ], [ 84.033598, 24.957373 ], [ 84.02997, 24.957129 ] ] ] } },
{ "type": "Feature", "properties": { "ID": "150132228", "TRK_NME": null, "FTR_CRY": "BG", "CITY_NME": "Sasaram", "STT_NME": "Bihar", "SHAPE_Leng": "0.037198300427357" }, "geometry": { "type": "MultiLineString", "coordinates": [ [ [ 84.02997, 24.957129 ], [ 84.028118, 24.957 ], [ 84.024763, 24.956766 ], [ 84.021199, 24.956585 ], [ 84.017707, 24.95641 ], [ 84.015252, 24.956229 ], [ 84.011985, 24.955988 ], [ 84.006846, 24.955666 ], [ 84.004283, 24.955562 ], [ 84.002779, 24.955556 ], [ 84.001462, 24.955594 ], [ 83.998722, 24.955795 ], [ 83.996822, 24.956049 ], [ 83.994574, 24.956443 ], [ 83.992924, 24.956826 ] ] ] } },
{ "type": "Feature", "properties": { "ID": "150164299", "TRK_NME": null, "FTR_CRY": "BG", "CITY_NME": null, "STT_NME": "Bihar", "SHAPE_Leng": "0.034794452252948" }, "geometry": { "type": "MultiLineString", "coordinates": [ [ [ 84.028152, 24.957203 ], [ 84.025614, 24.957226 ], [ 84.022078, 24.957042 ], [ 84.020386, 24.956913 ], [ 84.018566, 24.956802 ], [ 84.017035, 24.956674 ], [ 84.016429, 24.956597 ], [ 84.014629, 24.956309 ], [ 84.014038, 24.956276 ], [ 84.007046, 24.955861 ], [ 84.004808, 24.955747 ], [ 84.002863, 24.955768 ], [ 84.001386, 24.955794 ], [ 83.998949, 24.955986 ], [ 83.996305, 24.956323 ], [ 83.9935, 24.956859 ] ] ] } },
{ "type": "Feature", "properties": { "ID": "150164300", "TRK_NME": null, "FTR_CRY": "BG", "CITY_NME": "Sasaram", "STT_NME": "Bihar", "SHAPE_Leng": "0.012927161169823" }, "geometry": { "type": "MultiLineString", "coordinates": [ [ [ 84.028118, 24.957 ], [ 84.026542, 24.956694 ], [ 84.024673, 24.95648 ], [ 84.023376, 24.956405 ], [ 84.021087, 24.956254 ], [ 84.018218, 24.956076 ], [ 84.01738, 24.95606 ], [ 84.0171, 24.956084 ], [ 84.015252, 24.956229 ] ] ] } },
{ "type": "Feature", "properties": { "ID": "150164301", "TRK_NME": null, "FTR_CRY": "BG", "CITY_NME": null, "STT_NME": "Bihar", "SHAPE_Leng": "0.030809947235597" }, "geometry": { "type": "MultiLineString", "coordinates": [ [ [ 84.108011, 24.945412 ], [ 84.104434, 24.946725 ], [ 84.102562, 24.947563 ], [ 84.10148, 24.948077 ], [ 84.099823, 24.948714 ], [ 84.098777, 24.949058 ], [ 84.096971, 24.949697 ], [ 84.095471, 24.950228 ], [ 84.08861, 24.952483 ], [ 84.086237, 24.953276 ], [ 84.085885, 24.953354 ], [ 84.085233, 24.953464 ], [ 84.083828, 24.953672 ], [ 84.081763, 24.954062 ], [ 84.07873, 24.954702 ] ] ] } },
{ "type": "Feature", "properties": { "ID": "150164302", "TRK_NME": null, "FTR_CRY": "BG", "CITY_NME": null, "STT_NME": "Bihar", "SHAPE_Leng": "0.002401035193419" }, "geometry": { "type": "MultiLineString", "coordinates": [ [ [ 84.098777, 24.949058 ], [ 84.10077, 24.947719 ] ] ] } },
{ "type": "Feature", "properties": { "ID": "150164303", "TRK_NME": null, "FTR_CRY": "BG", "CITY_NME": null, "STT_NME": "Bihar", "SHAPE_Leng": "0.002742431402984" }, "geometry": { "type": "MultiLineString", "coordinates": [ [ [ 84.099274, 24.948208 ], [ 84.096971, 24.949697 ] ] ] } },
{ "type": "Feature", "properties": { "ID": "150164304", "TRK_NME": null, "FTR_CRY": "BG", "CITY_NME": null, "STT_NME": "Bihar", "SHAPE_Leng": "0.023957373917713" }, "geometry": { "type": "MultiLineString", "coordinates": [ [ [ 84.164129, 24.926993 ], [ 84.161311, 24.927651 ], [ 84.158508, 24.92849 ], [ 84.152636, 24.930441 ], [ 84.146372, 24.932519 ], [ 84.141373, 24.934426 ] ] ] } },
{ "type": "Feature", "properties": { "ID": "150164305", "TRK_NME": null, "FTR_CRY": "BG", "CITY_NME": null, "STT_NME": "Bihar", "SHAPE_Leng": "0.012809150117739" }, "geometry": { "type": "MultiLineString", "coordinates": [ [ [ 84.146372, 24.932519 ], [ 84.148217, 24.931706 ], [ 84.149048, 24.93139 ], [ 84.150769, 24.930818 ], [ 84.156853, 24.928828 ], [ 84.158508, 24.92849 ] ] ] } },
{ "type": "Feature", "properties": { "ID": "150164306", "TRK_NME": null, "FTR_CRY": "BG", "CITY_NME": "Dehri", "STT_NME": "Bihar", "SHAPE_Leng": "0.015371399992173" }, "geometry": { "type": "MultiLineString", "coordinates": [ [ [ 84.180506, 24.918625 ], [ 84.184906, 24.915683 ], [ 84.189093, 24.91262 ], [ 84.191058, 24.911196 ], [ 84.192918, 24.90958 ] ] ] } },
{ "type": "Feature", "properties": { "ID": "150164307", "TRK_NME": null, "FTR_CRY": "BG", "CITY_NME": "Dehri", "STT_NME": "Bihar", "SHAPE_Leng": "0.010473225940312" }, "geometry": { "type": "MultiLineString", "coordinates": [ [ [ 84.188374, 24.912865 ], [ 84.186302, 24.913996 ], [ 84.184395, 24.915374 ], [ 84.182925, 24.916531 ], [ 84.18073, 24.918301 ], [ 84.179942, 24.919024 ] ] ] } },
{ "type": "Feature", "properties": { "ID": "150164308", "TRK_NME": null, "FTR_CRY": "BG", "CITY_NME": null, "STT_NME": "Bihar", "SHAPE_Leng": "0.020350970670074" }, "geometry": { "type": "MultiLineString", "coordinates": [ [ [ 84.238154, 24.876431 ], [ 84.237537, 24.877235 ], [ 84.237078, 24.877732 ], [ 84.236584, 24.878181 ], [ 84.235013, 24.879358 ], [ 84.23084, 24.882383 ], [ 84.225816, 24.885836 ], [ 84.222676, 24.888273 ], [ 84.222471, 24.888406 ], [ 84.221982, 24.888681 ] ] ] } },
{ "type": "Feature", "properties": { "ID": "150164309", "TRK_NME": null, "FTR_CRY": "BG", "CITY_NME": null, "STT_NME": "Bihar", "SHAPE_Leng": "0.00851326826886" }, "geometry": { "type": "MultiLineString", "coordinates": [ [ [ 84.234027, 24.879419 ], [ 84.233004, 24.880455 ], [ 84.232178, 24.881159 ], [ 84.230873, 24.882119 ], [ 84.229807, 24.882839 ], [ 84.228753, 24.88349 ], [ 84.227223, 24.884488 ] ] ] } },
{ "type": "Feature", "properties": { "ID": "150164310", "TRK_NME": "Dehri to Japla", "FTR_CRY": "BG", "CITY_NME": null, "STT_NME": "Bihar", "SHAPE_Leng": "0.010024604011499" }, "geometry": { "type": "MultiLineString", "coordinates": [ [ [ 84.235666, 24.878262 ], [ 84.236553, 24.877331 ], [ 84.237396, 24.876535 ], [ 84.237859, 24.876047 ], [ 84.238375, 24.875468 ], [ 84.238963, 24.874694 ], [ 84.23944, 24.873998 ], [ 84.239856, 24.873309 ], [ 84.240187, 24.872679 ], [ 84.240514, 24.87199 ], [ 84.240725, 24.871466 ], [ 84.240933, 24.870868 ], [ 84.241159, 24.870061 ] ] ] } },
{ "type": "Feature", "properties": { "ID": "150113311", "TRK_NME": "Dehri to Japla", "FTR_CRY": "BG", "CITY_NME": null, "STT_NME": "Bihar", "SHAPE_Leng": "0.34019295038051" }, "geometry": { "type": "MultiLineString", "coordinates": [ [ [ 84.238154, 24.876431 ], [ 84.238948, 24.875339 ], [ 84.239407, 24.874756 ], [ 84.239701, 24.874345 ], [ 84.240035, 24.873843 ], [ 84.240226, 24.87352 ], [ 84.240497, 24.872979 ], [ 84.240688, 24.872557 ], [ 84.240985, 24.871795 ], [ 84.241144, 24.871206 ], [ 84.241278, 24.870633 ], [ 84.241378, 24.870089 ], [ 84.241455, 24.869499 ], [ 84.241843, 24.866493 ], [ 84.241865, 24.865957 ], [ 84.241868, 24.865433 ], [ 84.241806, 24.864886 ], [ 84.241746, 24.864455 ], [ 84.241671, 24.86407 ], [ 84.241511, 24.863493 ], [ 84.241291, 24.862911 ], [ 84.241105, 24.862507 ], [ 84.240871, 24.862088 ], [ 84.240593, 24.861646 ], [ 84.236109, 24.855406 ], [ 84.234725, 24.853571 ], [ 84.231703, 24.849318 ], [ 84.227768, 24.843733 ], [ 84.223211, 24.837227 ], [ 84.220196, 24.832938 ], [ 84.217939, 24.829759 ], [ 84.215916, 24.826847 ], [ 84.213112, 24.822905 ], [ 84.210764, 24.819523 ], [ 84.209508, 24.817767 ], [ 84.194981, 24.797056 ], [ 84.173026, 24.765882 ], [ 84.17132, 24.763446 ], [ 84.16248, 24.750826 ], [ 84.154983, 24.740174 ], [ 84.145697, 24.72698 ], [ 84.142631, 24.722599 ], [ 84.141005, 24.720297 ], [ 84.139222, 24.717728 ], [ 84.137368, 24.715121 ], [ 84.136017, 24.713248 ], [ 84.133433, 24.709579 ], [ 84.12739, 24.700955 ], [ 84.122601, 24.694146 ], [ 84.113914, 24.681735 ], [ 84.10739, 24.672484 ], [ 84.102729, 24.665815 ], [ 84.094691, 24.654301 ], [ 84.093114, 24.652165 ], [ 84.090998, 24.649094 ], [ 84.070544, 24.619862 ], [ 84.060957, 24.606214 ], [ 84.055115, 24.597907 ], [ 84.054111, 24.596395 ] ] ] } },
{ "type": "Feature", "properties": { "ID": "150164311", "TRK_NME": null, "FTR_CRY": "BG", "CITY_NME": null, "STT_NME": "Bihar", "SHAPE_Leng": "0.018595967243098" }, "geometry": { "type": "MultiLineString", "coordinates": [ [ [ 84.234725, 24.853571 ], [ 84.23636, 24.855945 ], [ 84.239201, 24.859956 ], [ 84.240375, 24.861615 ], [ 84.240808, 24.862339 ], [ 84.241011, 24.862742 ], [ 84.241198, 24.863172 ], [ 84.241343, 24.863556 ], [ 84.241512, 24.864094 ], [ 84.241608, 24.864497 ], [ 84.241686, 24.865038 ], [ 84.241718, 24.865658 ], [ 84.241699, 24.866389 ], [ 84.241646, 24.866987 ], [ 84.241405, 24.868826 ], [ 84.241299, 24.869441 ], [ 84.241159, 24.870061 ] ] ] } },
{ "type": "Feature", "properties": { "ID": "150164312", "TRK_NME": null, "FTR_CRY": "BG", "CITY_NME": null, "STT_NME": "Bihar", "SHAPE_Leng": "0.008342069800409" }, "geometry": { "type": "MultiLineString", "coordinates": [ [ [ 84.4138, 24.845927 ], [ 84.415836, 24.845491 ], [ 84.416689, 24.845312 ], [ 84.41732, 24.845222 ], [ 84.41879, 24.845046 ], [ 84.419593, 24.844984 ], [ 84.420377, 24.844944 ], [ 84.422057, 24.844933 ] ] ] } },
{ "type": "Feature", "properties": { "ID": "150113090", "TRK_NME": null, "FTR_CRY": "BG", "CITY_NME": null, "STT_NME": "Bihar", "SHAPE_Leng": "0.038559619515489" }, "geometry": { "type": "MultiLineString", "coordinates": [ [ [ 84.029758, 24.957819 ], [ 84.030137, 24.958029 ], [ 84.030656, 24.958385 ], [ 84.030984, 24.958641 ], [ 84.031305, 24.958929 ], [ 84.031544, 24.959179 ], [ 84.031783, 24.959445 ], [ 84.032071, 24.959858 ], [ 84.03229, 24.960202 ], [ 84.032556, 24.960689 ], [ 84.032682, 24.960961 ], [ 84.032789, 24.961276 ], [ 84.032859, 24.961495 ], [ 84.032924, 24.961744 ], [ 84.032976, 24.962019 ], [ 84.033028, 24.962334 ], [ 84.033056, 24.962579 ], [ 84.033079, 24.963004 ], [ 84.033069, 24.963481 ], [ 84.032979, 24.964141 ], [ 84.032763, 24.96531 ], [ 84.032421, 24.967167 ], [ 84.031623, 24.97145 ], [ 84.030851, 24.975586 ], [ 84.030609, 24.976954 ], [ 84.029691, 24.981856 ], [ 84.029492, 24.983004 ], [ 84.029378, 24.983728 ], [ 84.029352, 24.984294 ], [ 84.029341, 24.984611 ], [ 84.029395, 24.985346 ], [ 84.029741, 24.987471 ], [ 84.030497, 24.992281 ], [ 84.030888, 24.994636 ] ] ] } },
{ "type": "Feature", "properties": { "ID": "150129314", "TRK_NME": null, "FTR_CRY": "BG", "CITY_NME": "Sasaram", "STT_NME": "Bihar", "SHAPE_Leng": "0.005148436347369" }, "geometry": { "type": "MultiLineString", "coordinates": [ [ [ 84.024763, 24.956766 ], [ 84.02539, 24.956872 ], [ 84.025633, 24.956904 ], [ 84.026886, 24.956968 ], [ 84.027418, 24.957041 ], [ 84.027684, 24.957088 ], [ 84.028152, 24.957203 ], [ 84.02863, 24.957341 ], [ 84.029097, 24.957514 ], [ 84.029463, 24.957672 ], [ 84.029758, 24.957819 ] ] ] } },
{ "type": "Feature", "properties": { "ID": "150113139", "TRK_NME": null, "FTR_CRY": "BG", "CITY_NME": null, "STT_NME": "Bihar", "SHAPE_Leng": "0.002369326697622" }, "geometry": { "type": "MultiLineString", "coordinates": [ [ [ 84.194949, 24.908184 ], [ 84.196971, 24.906949 ] ] ] } },
{ "type": "Feature", "properties": { "ID": "150129337", "TRK_NME": null, "FTR_CRY": "BG", "CITY_NME": null, "STT_NME": "Bihar", "SHAPE_Leng": "5.1613951597E-5" }, "geometry": { "type": "MultiLineString", "coordinates": [ [ [ 84.177122, 24.921019 ], [ 84.177164, 24.920989 ] ] ] } },
{ "type": "Feature", "properties": { "ID": "150165959", "TRK_NME": "Dehri to Japla", "FTR_CRY": "BG", "CITY_NME": null, "STT_NME": "Bihar", "SHAPE_Leng": "0.00173333746708" }, "geometry": { "type": "MultiLineString", "coordinates": [ [ [ 84.054025, 24.59656 ], [ 84.054602, 24.597308 ], [ 84.055115, 24.597907 ] ] ] } },
{ "type": "Feature", "properties": { "ID": "150113174", "TRK_NME": null, "FTR_CRY": "BG", "CITY_NME": null, "STT_NME": "Bihar", "SHAPE_Leng": "0.008851621904866" }, "geometry": { "type": "MultiLineString", "coordinates": [ [ [ 84.333723, 24.855443 ], [ 84.332538, 24.855568 ], [ 84.330986, 24.855764 ], [ 84.328883, 24.856018 ], [ 84.325392, 24.856446 ], [ 84.324935, 24.856501 ] ] ] } },
{ "type": "Feature", "properties": { "ID": "150113045", "TRK_NME": null, "FTR_CRY": "BG", "CITY_NME": null, "STT_NME": "Bihar", "SHAPE_Leng": "0.008879052725692" }, "geometry": { "type": "MultiLineString", "coordinates": [ [ [ 84.324935, 24.856501 ], [ 84.325723, 24.856324 ], [ 84.327526, 24.855982 ], [ 84.32822, 24.855858 ], [ 84.329489, 24.855667 ], [ 84.331181, 24.855468 ], [ 84.331745, 24.855439 ], [ 84.33263, 24.85548 ], [ 84.333077, 24.855466 ], [ 84.333723, 24.855443 ] ] ] } },
{ "type": "Feature", "properties": { "ID": "150113236", "TRK_NME": "Sasaram", "FTR_CRY": "BG", "CITY_NME": null, "STT_NME": "Bihar", "SHAPE_Leng": "0.137436877273002" }, "geometry": { "type": "MultiLineString", "coordinates": [ [ [ 84.155455, 25.11906 ], [ 84.161255, 25.124756 ], [ 84.16333, 25.126773 ], [ 84.165152, 25.128537 ], [ 84.165923, 25.129244 ], [ 84.16658, 25.129748 ], [ 84.167519, 25.130406 ], [ 84.168273, 25.130851 ], [ 84.169134, 25.131311 ], [ 84.169965, 25.131722 ], [ 84.171062, 25.132154 ], [ 84.176295, 25.134061 ], [ 84.17916, 25.135095 ], [ 84.182118, 25.136196 ], [ 84.183102, 25.136635 ], [ 84.18418, 25.137219 ], [ 84.184904, 25.137658 ], [ 84.185529, 25.138086 ], [ 84.186436, 25.138746 ], [ 84.187546, 25.139742 ], [ 84.188472, 25.140703 ], [ 84.189555, 25.141883 ], [ 84.192118, 25.144697 ], [ 84.194701, 25.147508 ], [ 84.195978, 25.148898 ], [ 84.197065, 25.149933 ], [ 84.197548, 25.150343 ], [ 84.197955, 25.150652 ], [ 84.198436, 25.151003 ], [ 84.19913, 25.151493 ], [ 84.199862, 25.151924 ], [ 84.207285, 25.156092 ], [ 84.214206, 25.159992 ], [ 84.216598, 25.161349 ], [ 84.217725, 25.162053 ], [ 84.218961, 25.163004 ], [ 84.222206, 25.165817 ], [ 84.224127, 25.167457 ], [ 84.230266, 25.172824 ], [ 84.235155, 25.177053 ], [ 84.237648, 25.179251 ], [ 84.238523, 25.180036 ], [ 84.239098, 25.180617 ], [ 84.239562, 25.181102 ], [ 84.24013, 25.181773 ], [ 84.243257, 25.18573 ], [ 84.24751, 25.191144 ], [ 84.25246, 25.197414 ], [ 84.254432, 25.199877 ], [ 84.259239, 25.205951 ] ] ] } },
{ "type": "Feature", "properties": { "ID": "150113345", "TRK_NME": null, "FTR_CRY": "BG", "CITY_NME": null, "STT_NME": "Bihar", "SHAPE_Leng": "0.031713717515537" }, "geometry": { "type": "MultiLineString", "coordinates": [ [ [ 84.365218, 24.851727 ], [ 84.36351, 24.851939 ], [ 84.360968, 24.852231 ], [ 84.359372, 24.852421 ], [ 84.358207, 24.852559 ], [ 84.356956, 24.852709 ], [ 84.354114, 24.853032 ], [ 84.351416, 24.853355 ], [ 84.348557, 24.853697 ], [ 84.347027, 24.853892 ], [ 84.345374, 24.854086 ], [ 84.343828, 24.854265 ], [ 84.342582, 24.854405 ], [ 84.340162, 24.854693 ], [ 84.33856, 24.854893 ], [ 84.335319, 24.855264 ], [ 84.333723, 24.855443 ] ] ] } },
{ "type": "Feature", "properties": { "ID": "150113443", "TRK_NME": null, "FTR_CRY": "BG", "CITY_NME": null, "STT_NME": "Bihar", "SHAPE_Leng": "0.033643000793181" }, "geometry": { "type": "MultiLineString", "coordinates": [ [ [ 84.324935, 24.856501 ], [ 84.32416, 24.856603 ], [ 84.322999, 24.85673 ], [ 84.318936, 24.857217 ], [ 84.317369, 24.857421 ], [ 84.315764, 24.857603 ], [ 84.314753, 24.85772 ], [ 84.31263, 24.857953 ], [ 84.309439, 24.858349 ], [ 84.308102, 24.858508 ], [ 84.306179, 24.858751 ], [ 84.3033, 24.859088 ], [ 84.300555, 24.859403 ], [ 84.299251, 24.859563 ], [ 84.29729, 24.859803 ], [ 84.295904, 24.85995 ], [ 84.292873, 24.860334 ], [ 84.29153, 24.86049 ] ] ] } },
{ "type": "Feature", "properties": { "ID": "150164313", "TRK_NME": null, "FTR_CRY": "BG", "CITY_NME": null, "STT_NME": "Bihar", "SHAPE_Leng": "0.010021780476529" }, "geometry": { "type": "MultiLineString", "coordinates": [ [ [ 84.325392, 24.856446 ], [ 84.326241, 24.856499 ], [ 84.326557, 24.856482 ], [ 84.328702, 24.856295 ], [ 84.331491, 24.855939 ], [ 84.33396, 24.855576 ], [ 84.334676, 24.855409 ], [ 84.335319, 24.855264 ] ] ] } },
{ "type": "Feature", "properties": { "ID": "150116038", "TRK_NME": "Dehri to Japla", "FTR_CRY": "BG", "CITY_NME": null, "STT_NME": "Jharkhand", "SHAPE_Leng": "0.001650256949749" }, "geometry": { "type": "MultiLineString", "coordinates": [ [ [ 84.054025, 24.59656 ], [ 84.053913570882557, 24.596390892815098 ] ] ] } },
{ "type": "Feature", "properties": { "ID": "150166570", "TRK_NME": "Dehri to Japla", "FTR_CRY": "BG", "CITY_NME": null, "STT_NME": "Jharkhand", "SHAPE_Leng": "0.001903492842106" }, "geometry": { "type": "MultiLineString", "coordinates": [ [ [ 84.054111, 24.596395 ], [ 84.054012932600656, 24.596249922806013 ] ] ] } },
{ "type": "Feature", "properties": { "ID": "150113483", "TRK_NME": "Kiul to Bhagalpur", "FTR_CRY": "BG", "CITY_NME": null, "STT_NME": "Bihar", "SHAPE_Leng": "0.112501986327822" }, "geometry": { "type": "MultiLineString", "coordinates": [ [ [ 84.668832, 24.819727 ], [ 84.69212, 24.817817 ], [ 84.718124, 24.815681 ], [ 84.727613, 24.814891 ], [ 84.739035, 24.813927 ], [ 84.7471, 24.813287 ], [ 84.759071, 24.812302 ], [ 84.766088, 24.811716 ], [ 84.769489, 24.81147 ], [ 84.780992, 24.81118 ] ] ] } },
{ "type": "Feature", "properties": { "ID": "150164319", "TRK_NME": null, "FTR_CRY": "BG", "CITY_NME": null, "STT_NME": "Bihar", "SHAPE_Leng": "0.00954893180374" }, "geometry": { "type": "MultiLineString", "coordinates": [ [ [ 84.718124, 24.815681 ], [ 84.720093, 24.815404 ], [ 84.721717, 24.81511 ], [ 84.722207, 24.815053 ], [ 84.724693, 24.814834 ], [ 84.725234, 24.814825 ], [ 84.72586, 24.814828 ], [ 84.727613, 24.814891 ] ] ] } },
{ "type": "Feature", "properties": { "ID": "150113049", "TRK_NME": null, "FTR_CRY": "BG", "CITY_NME": null, "STT_NME": "Bihar", "SHAPE_Leng": "0.031226059273406" }, "geometry": { "type": "MultiLineString", "coordinates": [ [ [ 84.595109, 24.817341 ], [ 84.596749, 24.81703 ], [ 84.59998, 24.816475 ], [ 84.600948, 24.816316 ], [ 84.601842, 24.816201 ], [ 84.602484, 24.816147 ], [ 84.603352, 24.816114 ], [ 84.60449, 24.816129 ], [ 84.605763, 24.816237 ], [ 84.607118, 24.816413 ], [ 84.610547, 24.816856 ], [ 84.615597, 24.817466 ], [ 84.618008, 24.817779 ], [ 84.620655, 24.818112 ], [ 84.622913, 24.818396 ], [ 84.626072, 24.818779 ] ] ] } },
{ "type": "Feature", "properties": { "ID": "150129440", "TRK_NME": null, "FTR_CRY": "BG", "CITY_NME": null, "STT_NME": "Bihar", "SHAPE_Leng": "0.023814006498928" }, "geometry": { "type": "MultiLineString", "coordinates": [ [ [ 84.645082, 24.821143 ], [ 84.646636, 24.821242 ], [ 84.648271, 24.821258 ], [ 84.649294, 24.821257 ], [ 84.650474, 24.821209 ], [ 84.651481, 24.821139 ], [ 84.658222, 24.82058 ], [ 84.668832, 24.819727 ] ] ] } },
{ "type": "Feature", "properties": { "ID": "150129441", "TRK_NME": null, "FTR_CRY": "BG", "CITY_NME": "Rafiganj", "STT_NME": "Bihar", "SHAPE_Leng": "0.019156750166977" }, "geometry": { "type": "MultiLineString", "coordinates": [ [ [ 84.626072, 24.818779 ], [ 84.62743, 24.818944 ], [ 84.628882, 24.819118 ], [ 84.629931, 24.819244 ], [ 84.632986, 24.819631 ], [ 84.635048, 24.819886 ], [ 84.636449, 24.820059 ], [ 84.637497, 24.820197 ], [ 84.638537, 24.820334 ], [ 84.641729, 24.820754 ], [ 84.644639, 24.821097 ], [ 84.645082, 24.821143 ] ] ] } },
{ "type": "Feature", "properties": { "ID": "150164320", "TRK_NME": null, "FTR_CRY": "BG", "CITY_NME": "Rafiganj", "STT_NME": "Bihar", "SHAPE_Leng": "0.010174848361688" }, "geometry": { "type": "MultiLineString", "coordinates": [ [ [ 84.62743, 24.818944 ], [ 84.630081, 24.819117 ], [ 84.631406, 24.819174 ], [ 84.633143, 24.819351 ], [ 84.635443, 24.819658 ], [ 84.635897, 24.819791 ], [ 84.636368, 24.819947 ], [ 84.637497, 24.820197 ] ] ] } },
{ "type": "Feature", "properties": { "ID": "150164321", "TRK_NME": null, "FTR_CRY": "BG", "CITY_NME": "Rafiganj", "STT_NME": "Bihar", "SHAPE_Leng": "0.00973986030658" }, "geometry": { "type": "MultiLineString", "coordinates": [ [ [ 84.638537, 24.820334 ], [ 84.636278, 24.8202 ], [ 84.635383, 24.8201 ], [ 84.632255, 24.819697 ], [ 84.631158, 24.819523 ], [ 84.628882, 24.819118 ] ] ] } },
{ "type": "Feature", "properties": { "ID": "150113482", "TRK_NME": "Kiul to Bhagalpur", "FTR_CRY": "BG", "CITY_NME": null, "STT_NME": "Bihar", "SHAPE_Leng": "0.146918828706073" }, "geometry": { "type": "MultiLineString", "coordinates": [ [ [ 84.816189, 24.810276 ], [ 84.842394, 24.809587 ], [ 84.846423, 24.809486 ], [ 84.847159, 24.809467 ], [ 84.855245, 24.809263 ], [ 84.855815, 24.809249 ], [ 84.861437, 24.809106 ], [ 84.87333, 24.808791 ], [ 84.875426, 24.808755 ], [ 84.877652, 24.80867 ], [ 84.879107, 24.808577 ], [ 84.879521, 24.808535 ], [ 84.879852, 24.80849 ], [ 84.881674, 24.808242 ], [ 84.884523, 24.807791 ], [ 84.893212, 24.806419 ], [ 84.897731, 24.8057 ], [ 84.913765, 24.803156 ], [ 84.914836, 24.803012 ], [ 84.916049, 24.80285 ], [ 84.917557, 24.802727 ], [ 84.921262, 24.802438 ], [ 84.925043, 24.80218 ], [ 84.926183, 24.802102 ], [ 84.927993, 24.80197 ], [ 84.934149, 24.801566 ], [ 84.938721, 24.801252 ], [ 84.941219, 24.801081 ], [ 84.948764, 24.800554 ], [ 84.953724, 24.80021 ], [ 84.959391, 24.799802 ], [ 84.962526, 24.799587 ] ] ] } },
{ "type": "Feature", "properties": { "ID": "150113484", "TRK_NME": "Kiul to Bhagalpur", "FTR_CRY": "BG", "CITY_NME": null, "STT_NME": "Bihar", "SHAPE_Leng": "0.01490991998637" }, "geometry": { "type": "MultiLineString", "coordinates": [ [ [ 84.801284, 24.810659 ], [ 84.816189, 24.810276 ] ] ] } },
{ "type": "Feature", "properties": { "ID": "150132215", "TRK_NME": "Kiul to Bhagalpur", "FTR_CRY": "BG", "CITY_NME": null, "STT_NME": "Bihar", "SHAPE_Leng": "0.003934296633413" }, "geometry": { "type": "MultiLineString", "coordinates": [ [ [ 84.780992, 24.81118 ], [ 84.784925, 24.811079 ] ] ] } },
{ "type": "Feature", "properties": { "ID": "150132216", "TRK_NME": "Kiul to Bhagalpur", "FTR_CRY": "BG", "CITY_NME": "Bara", "STT_NME": "Bihar", "SHAPE_Leng": "0.016364415032956" }, "geometry": { "type": "MultiLineString", "coordinates": [ [ [ 84.784925, 24.811079 ], [ 84.796021, 24.810782 ], [ 84.80127, 24.810659 ], [ 84.801284, 24.810659 ] ] ] } },
{ "type": "Feature", "properties": { "ID": "150113280", "TRK_NME": null, "FTR_CRY": "BG", "CITY_NME": null, "STT_NME": "Bihar", "SHAPE_Leng": "0.230010443300866" }, "geometry": { "type": "MultiLineString", "coordinates": [ [ [ 84.972703, 25.047113 ], [ 84.972551, 25.046364 ], [ 84.972122, 25.04421 ], [ 84.972027, 25.043506 ], [ 84.971992, 25.043056 ], [ 84.971964, 25.042467 ], [ 84.971985, 25.041431 ], [ 84.972034, 25.040832 ], [ 84.972203, 25.03985 ], [ 84.972759, 25.036255 ], [ 84.973566, 25.031183 ], [ 84.974121, 25.027429 ], [ 84.974726, 25.023635 ], [ 84.975426, 25.019276 ], [ 84.976855, 25.010062 ], [ 84.97874, 24.998067 ], [ 84.979021, 24.996274 ], [ 84.979828, 24.991291 ], [ 84.981094, 24.983042 ], [ 84.981274, 24.981885 ], [ 84.982175, 24.976435 ], [ 84.98261, 24.973546 ], [ 84.983771, 24.966051 ], [ 84.984794, 24.95984 ], [ 84.98513, 24.957591 ], [ 84.986678, 24.947671 ], [ 84.987581, 24.941985 ], [ 84.988186, 24.938163 ], [ 84.988552, 24.935869 ], [ 84.989889, 24.92744 ], [ 84.990299, 24.924833 ], [ 84.994557, 24.897828 ], [ 84.995714, 24.890912 ], [ 84.996385, 24.886541 ], [ 84.998126, 24.875115 ], [ 84.999279, 24.867786 ], [ 85.000548, 24.859827 ], [ 85.000856, 24.857696 ], [ 85.001549, 24.853251 ], [ 85.002042, 24.850241 ], [ 85.002447, 24.847719 ], [ 85.002595, 24.846794 ], [ 85.003081, 24.8437 ], [ 85.00331, 24.842433 ], [ 85.003402, 24.841648 ], [ 85.003451, 24.841201 ], [ 85.003469, 24.840595 ], [ 85.003462, 24.839963 ], [ 85.003409, 24.838884 ], [ 85.00323, 24.837361 ], [ 85.002973, 24.834926 ], [ 85.002601, 24.831896 ], [ 85.00225, 24.828529 ], [ 85.001898, 24.825596 ], [ 85.001687, 24.823652 ], [ 85.001263, 24.819753 ] ] ] } },
{ "type": "Feature", "properties": { "ID": "150164314", "TRK_NME": null, "FTR_CRY": "BG", "CITY_NME": null, "STT_NME": "Bihar", "SHAPE_Leng": "0.012483286819004" }, "geometry": { "type": "MultiLineString", "coordinates": [ [ [ 84.913765, 24.803156 ], [ 84.914607, 24.802952 ], [ 84.916297, 24.802682 ], [ 84.917414, 24.80257 ], [ 84.918958, 24.80245 ], [ 84.92047, 24.802345 ], [ 84.923383, 24.802186 ], [ 84.926183, 24.802102 ] ] ] } },
{ "type": "Feature", "properties": { "ID": "150164315", "TRK_NME": null, "FTR_CRY": "BG", "CITY_NME": null, "STT_NME": "Bihar", "SHAPE_Leng": "0.007542368824115" }, "geometry": { "type": "MultiLineString", "coordinates": [ [ [ 84.925043, 24.80218 ], [ 84.923356, 24.802406 ], [ 84.922919, 24.802475 ], [ 84.922544, 24.802559 ], [ 84.922137, 24.802661 ], [ 84.921355, 24.802745 ], [ 84.920135, 24.802847 ], [ 84.919711, 24.802835 ], [ 84.9194, 24.802816 ], [ 84.918626, 24.802741 ], [ 84.918392, 24.802721 ], [ 84.917557, 24.802727 ] ] ] } },
{ "type": "Feature", "properties": { "ID": "150164316", "TRK_NME": null, "FTR_CRY": "BG", "CITY_NME": null, "STT_NME": "Bihar", "SHAPE_Leng": "0.008830837480528" }, "geometry": { "type": "MultiLineString", "coordinates": [ [ [ 84.855245, 24.809263 ], [ 84.853565, 24.8092 ], [ 84.851749, 24.809209 ], [ 84.849545, 24.80929 ], [ 84.846423, 24.809486 ] ] ] } },
{ "type": "Feature", "properties": { "ID": "150164317", "TRK_NME": null, "FTR_CRY": "BG", "CITY_NME": null, "STT_NME": "Bihar", "SHAPE_Leng": "0.008684620527735" }, "geometry": { "type": "MultiLineString", "coordinates": [ [ [ 84.847159, 24.809467 ], [ 84.848676, 24.809516 ], [ 84.849744, 24.809621 ], [ 84.850231, 24.80966 ], [ 84.850413, 24.80966 ], [ 84.852819, 24.80957 ], [ 84.853833, 24.809516 ], [ 84.854131, 24.809483 ], [ 84.855815, 24.809249 ] ] ] } },
{ "type": "Feature", "properties": { "ID": "150164318", "TRK_NME": null, "FTR_CRY": "BG", "CITY_NME": "Bara", "STT_NME": "Bihar", "SHAPE_Leng": "0.011107603789366" }, "geometry": { "type": "MultiLineString", "coordinates": [ [ [ 84.784925, 24.811079 ], [ 84.786662, 24.811076 ], [ 84.788555, 24.811046 ], [ 84.790152, 24.811076 ], [ 84.7922, 24.811026 ], [ 84.794603, 24.810942 ], [ 84.794991, 24.8109 ], [ 84.796021, 24.810782 ] ] ] } },
{ "type": "Feature", "properties": { "ID": "150113200", "TRK_NME": null, "FTR_CRY": "BG", "CITY_NME": null, "STT_NME": "Bihar", "SHAPE_Leng": "0.216644331289803" }, "geometry": { "type": "MultiLineString", "coordinates": [ [ [ 85.406404, 24.823066 ], [ 85.405385, 24.822787 ], [ 85.404366, 24.822579 ], [ 85.403317, 24.822408 ], [ 85.401115, 24.822089 ], [ 85.399607, 24.821871 ], [ 85.398328, 24.82171 ], [ 85.397101, 24.821577 ], [ 85.395288, 24.821326 ], [ 85.392498, 24.820916 ], [ 85.389812, 24.820535 ], [ 85.389474, 24.820484 ], [ 85.389084, 24.820392 ], [ 85.388776, 24.82032 ], [ 85.388451, 24.820211 ], [ 85.38821, 24.820098 ], [ 85.387978, 24.819986 ], [ 85.387683, 24.819823 ], [ 85.387384, 24.81963 ], [ 85.387093, 24.819421 ], [ 85.386891, 24.819248 ], [ 85.386699, 24.819067 ], [ 85.386426, 24.81877 ], [ 85.386235, 24.818516 ], [ 85.386095, 24.81832 ], [ 85.385953, 24.81808 ], [ 85.385802, 24.817776 ], [ 85.385685, 24.817501 ], [ 85.385584, 24.817204 ], [ 85.385516, 24.81692 ], [ 85.385478, 24.81675 ], [ 85.385433, 24.816468 ], [ 85.385412, 24.816172 ], [ 85.385406, 24.815926 ], [ 85.385426, 24.815608 ], [ 85.385477, 24.815172 ], [ 85.385529, 24.814689 ], [ 85.385687, 24.813405 ], [ 85.38584, 24.811947 ], [ 85.38604, 24.81025 ], [ 85.386204, 24.808793 ], [ 85.386346, 24.807504 ], [ 85.386494, 24.806164 ], [ 85.386615, 24.805195 ], [ 85.386813, 24.803421 ], [ 85.386926, 24.802439 ], [ 85.387153, 24.800382 ], [ 85.387335, 24.798751 ], [ 85.38758, 24.796681 ], [ 85.387775, 24.794992 ], [ 85.387847, 24.7943 ], [ 85.387913, 24.793716 ], [ 85.387976, 24.793349 ], [ 85.388068, 24.792886 ], [ 85.388167, 24.792378 ], [ 85.388297, 24.791949 ], [ 85.388455, 24.79141 ], [ 85.388603, 24.790989 ], [ 85.38884, 24.790335 ], [ 85.38911, 24.789752 ], [ 85.38948, 24.789025 ], [ 85.389757, 24.788521 ], [ 85.390229, 24.787739 ], [ 85.39049, 24.787349 ], [ 85.390713, 24.787047 ], [ 85.391029, 24.786642 ], [ 85.391462, 24.786117 ], [ 85.391964, 24.785544 ], [ 85.392281, 24.785222 ], [ 85.392647, 24.784883 ], [ 85.393284, 24.784334 ], [ 85.393869, 24.783868 ], [ 85.394936, 24.78307 ], [ 85.396114, 24.78224 ], [ 85.397387, 24.781329 ], [ 85.398572, 24.780481 ], [ 85.400051, 24.779447 ], [ 85.401736, 24.778241 ], [ 85.403549, 24.776937 ], [ 85.404878, 24.776 ], [ 85.406373, 24.774933 ], [ 85.407241, 24.774314 ], [ 85.407817, 24.773896 ], [ 85.408837, 24.77316 ], [ 85.409268, 24.772827 ], [ 85.409506, 24.772619 ], [ 85.409774, 24.77237 ], [ 85.409988, 24.772162 ], [ 85.410347, 24.77179 ], [ 85.410687, 24.771399 ], [ 85.411017, 24.77098 ], [ 85.411389, 24.770439 ], [ 85.411823, 24.769704 ], [ 85.412144, 24.769046 ], [ 85.412348, 24.768554 ], [ 85.412598, 24.767806 ], [ 85.412693, 24.767465 ], [ 85.412814, 24.766902 ], [ 85.412873, 24.766576 ], [ 85.412948, 24.765913 ], [ 85.412984, 24.765345 ], [ 85.412992, 24.764685 ], [ 85.41299, 24.76258 ], [ 85.412985, 24.761708 ], [ 85.412988, 24.759683 ], [ 85.412988, 24.758161 ], [ 85.41299, 24.756526 ], [ 85.412992, 24.755811 ], [ 85.41301, 24.754649 ], [ 85.413056, 24.754053 ], [ 85.413087, 24.753698 ], [ 85.413133, 24.753351 ], [ 85.413194, 24.752974 ], [ 85.413268, 24.752548 ], [ 85.413375, 24.752084 ], [ 85.413634, 24.751121 ], [ 85.413819, 24.750478 ], [ 85.41415, 24.749311 ], [ 85.414705, 24.747386 ], [ 85.415048, 24.746213 ], [ 85.415488, 24.74469 ], [ 85.415857, 24.743419 ], [ 85.416038, 24.742663 ], [ 85.416267, 24.741577 ], [ 85.416387, 24.741057 ], [ 85.416546, 24.74027 ], [ 85.416727, 24.739399 ], [ 85.417006, 24.738091 ], [ 85.41717, 24.737258 ], [ 85.417362, 24.736385 ], [ 85.417628, 24.735069 ], [ 85.418031, 24.73323 ], [ 85.418211, 24.732381 ], [ 85.418385, 24.731544 ], [ 85.418895, 24.729146 ], [ 85.419254, 24.72745 ], [ 85.419464, 24.726444 ], [ 85.420001, 24.723881 ], [ 85.420218, 24.722893 ], [ 85.420591, 24.72114 ], [ 85.420965, 24.719373 ], [ 85.421385, 24.717433 ], [ 85.421681, 24.716044 ], [ 85.421911, 24.714964 ], [ 85.42222, 24.713534 ], [ 85.423067, 24.709525 ], [ 85.423286, 24.708506 ], [ 85.423602, 24.707133 ], [ 85.423825, 24.706372 ], [ 85.424088, 24.705637 ], [ 85.424577, 24.704431 ], [ 85.425336, 24.702685 ], [ 85.426217, 24.700604 ], [ 85.426771, 24.699322 ], [ 85.427845, 24.69681 ], [ 85.428275, 24.69581 ], [ 85.428716, 24.694784 ], [ 85.429297, 24.693418 ], [ 85.429661, 24.692562 ], [ 85.43031, 24.691066 ], [ 85.430908, 24.689661 ], [ 85.431345, 24.68862 ], [ 85.431622, 24.687988 ], [ 85.432227, 24.686556 ], [ 85.433711, 24.683053 ], [ 85.435134, 24.679686 ], [ 85.435588, 24.678622 ], [ 85.436165, 24.677248 ], [ 85.436923, 24.675485 ], [ 85.43757, 24.673959 ], [ 85.438236, 24.672402 ], [ 85.438839, 24.670964 ], [ 85.43972, 24.668899 ], [ 85.440793, 24.666401 ], [ 85.441257, 24.665332 ], [ 85.441561, 24.664514 ], [ 85.4418, 24.663877 ], [ 85.441987, 24.663186 ], [ 85.442092, 24.662792 ], [ 85.442254, 24.662078 ], [ 85.442349, 24.661347 ], [ 85.44245, 24.660397 ], [ 85.442484, 24.65899 ], [ 85.442481, 24.657894 ], [ 85.442462, 24.655591 ], [ 85.442428, 24.652804 ], [ 85.44243, 24.651219 ], [ 85.442394, 24.649452 ], [ 85.442262, 24.639148 ] ] ] } },
{ "type": "Feature", "properties": { "ID": "150113308", "TRK_NME": null, "FTR_CRY": "BG", "CITY_NME": null, "STT_NME": "Bihar", "SHAPE_Leng": "0.010678232229201" }, "geometry": { "type": "MultiLineString", "coordinates": [ [ [ 85.062987, 24.755954 ], [ 85.064079, 24.754774 ], [ 85.065262, 24.753499 ], [ 85.066194, 24.752556 ], [ 85.067105, 24.751689 ], [ 85.070615, 24.748492 ] ] ] } },
{ "type": "Feature", "properties": { "ID": "150113207", "TRK_NME": null, "FTR_CRY": "BG", "CITY_NME": null, "STT_NME": "Bihar", "SHAPE_Leng": "0.007338926538446" }, "geometry": { "type": "MultiLineString", "coordinates": [ [ [ 85.1227, 24.700871 ], [ 85.119487, 24.703813 ], [ 85.11727, 24.705808 ] ] ] } },
{ "type": "Feature", "properties": { "ID": "150113332", "TRK_NME": null, "FTR_CRY": "BG", "CITY_NME": null, "STT_NME": "Bihar", "SHAPE_Leng": "0.010584928626998" }, "geometry": { "type": "MultiLineString", "coordinates": [ [ [ 85.016784, 24.807509 ], [ 85.01719, 24.807488 ], [ 85.022876, 24.807185 ], [ 85.024081, 24.807172 ], [ 85.027331, 24.807609 ] ] ] } },
{ "type": "Feature", "properties": { "ID": "150113330", "TRK_NME": null, "FTR_CRY": "BG", "CITY_NME": null, "STT_NME": "Bihar", "SHAPE_Leng": "0.007375019750165" }, "geometry": { "type": "MultiLineString", "coordinates": [ [ [ 85.11727, 24.705808 ], [ 85.118086, 24.705297 ], [ 85.11945, 24.704276 ], [ 85.121476, 24.702233 ], [ 85.1227, 24.700871 ] ] ] } },
{ "type": "Feature", "properties": { "ID": "150113011", "TRK_NME": null, "FTR_CRY": "BG", "CITY_NME": "Gaya", "STT_NME": "Bihar", "SHAPE_Leng": "0.009749412604334" }, "geometry": { "type": "MultiLineString", "coordinates": [ [ [ 84.999438, 24.80567 ], [ 84.99983, 24.807726 ], [ 85.000258, 24.809326 ], [ 85.00033, 24.809714 ], [ 85.000837, 24.811043 ], [ 85.001632, 24.813145 ], [ 85.002305, 24.81496 ] ] ] } },
{ "type": "Feature", "properties": { "ID": "150113012", "TRK_NME": null, "FTR_CRY": "BG", "CITY_NME": "Gaya", "STT_NME": "Bihar", "SHAPE_Leng": "0.002758770113544" }, "geometry": { "type": "MultiLineString", "coordinates": [ [ [ 84.97493, 24.799275 ], [ 84.974192, 24.799312 ], [ 84.973722, 24.799342 ], [ 84.973541, 24.799355 ], [ 84.97303, 24.799392 ], [ 84.972716, 24.799436 ], [ 84.972192, 24.799558 ] ] ] } },
{ "type": "Feature", "properties": { "ID": "150113013", "TRK_NME": null, "FTR_CRY": "BG", "CITY_NME": "Gaya", "STT_NME": "Bihar", "SHAPE_Leng": "0.006630345084081" }, "geometry": { "type": "MultiLineString", "coordinates": [ [ [ 85.010442, 24.808933 ], [ 85.011002, 24.80859 ], [ 85.011558, 24.808224 ], [ 85.012469, 24.807894 ], [ 85.01339, 24.807712 ], [ 85.01443, 24.807633 ], [ 85.016784, 24.807509 ] ] ] } },
{ "type": "Feature", "properties": { "ID": "150113014", "TRK_NME": null, "FTR_CRY": "BG", "CITY_NME": "Gaya", "STT_NME": "Bihar", "SHAPE_Leng": "0.001720860069631" }, "geometry": { "type": "MultiLineString", "coordinates": [ [ [ 84.97205, 24.79974 ], [ 84.972876, 24.799585 ], [ 84.973201, 24.799492 ], [ 84.973593, 24.799372 ], [ 84.973722, 24.799342 ] ] ] } },
{ "type": "Feature", "properties": { "ID": "150113015", "TRK_NME": null, "FTR_CRY": "BG", "CITY_NME": "Gaya", "STT_NME": "Bihar", "SHAPE_Leng": "0.024536513983082" }, "geometry": { "type": "MultiLineString", "coordinates": [ [ [ 84.971114, 24.798993 ], [ 84.971508, 24.799107 ], [ 84.971559, 24.799113 ], [ 84.971919, 24.799146 ], [ 84.973486, 24.799289 ], [ 84.97493, 24.799275 ], [ 84.977752, 24.799065 ], [ 84.980009, 24.798908 ], [ 84.980534, 24.798836 ], [ 84.982597, 24.798698 ], [ 84.983183, 24.798642 ], [ 84.983766, 24.798596 ], [ 84.984102, 24.798592 ], [ 84.984814, 24.798686 ], [ 84.986296, 24.798913 ], [ 84.986689, 24.798972 ], [ 84.988571, 24.798903 ], [ 84.989525, 24.798803 ], [ 84.990257, 24.798593 ], [ 84.991585, 24.798115 ], [ 84.992208, 24.797998 ], [ 84.993202, 24.797832 ], [ 84.994205, 24.797713 ], [ 84.995416, 24.797619 ] ] ] } },
{ "type": "Feature", "properties": { "ID": "150113016", "TRK_NME": null, "FTR_CRY": "BG", "CITY_NME": "Gaya", "STT_NME": "Bihar", "SHAPE_Leng": "0.011289469382206" }, "geometry": { "type": "MultiLineString", "coordinates": [ [ [ 84.972876, 24.799585 ], [ 84.973251, 24.799566 ], [ 84.975669, 24.79945 ], [ 84.977383, 24.799338 ], [ 84.978129, 24.799301 ], [ 84.978601, 24.799333 ], [ 84.979475, 24.799281 ], [ 84.980752, 24.799105 ], [ 84.982181, 24.79883 ], [ 84.983294, 24.798687 ], [ 84.984102, 24.798592 ] ] ] } },
{ "type": "Feature", "properties": { "ID": "150164633", "TRK_NME": null, "FTR_CRY": "BG", "CITY_NME": null, "STT_NME": "Bihar", "SHAPE_Leng": "0.010316858037035" }, "geometry": { "type": "MultiLineString", "coordinates": [ [ [ 85.211029, 24.620167 ], [ 85.210514, 24.62074 ], [ 85.208953, 24.622329 ], [ 85.207889, 24.623562 ], [ 85.207097, 24.62434 ], [ 85.205827, 24.625491 ], [ 85.205392, 24.625825 ], [ 85.204255, 24.626551 ], [ 85.203471, 24.62712 ] ] ] } },
{ "type": "Feature", "properties": { "ID": "150113017", "TRK_NME": "Kiul to Bhagalpur", "FTR_CRY": "BG", "CITY_NME": "Gaya", "STT_NME": "Bihar", "SHAPE_Leng": "0.064040436108297" }, "geometry": { "type": "MultiLineString", "coordinates": [ [ [ 85.01673, 24.808078 ], [ 85.014193, 24.80818 ], [ 85.012998, 24.808232 ], [ 85.012089, 24.808369 ], [ 85.011305, 24.808574 ], [ 85.010442, 24.808933 ], [ 85.009017, 24.80968 ], [ 85.007884, 24.810301 ], [ 85.007287, 24.810601 ], [ 85.006589, 24.810878 ], [ 85.006043, 24.811054 ], [ 85.00555, 24.811133 ], [ 85.005017, 24.811146 ], [ 85.004629, 24.811142 ], [ 85.0041, 24.811106 ], [ 85.003604, 24.811002 ], [ 85.003255, 24.810901 ], [ 85.002805, 24.810733 ], [ 85.002381, 24.810521 ], [ 85.002064, 24.810325 ], [ 85.00165, 24.810034 ], [ 85.001255, 24.80969 ], [ 85.000909, 24.809334 ], [ 85.000618, 24.808958 ], [ 85.000363, 24.808518 ], [ 85.000255, 24.808296 ], [ 85.000093, 24.807845 ], [ 84.999927, 24.807323 ], [ 84.999715, 24.805867 ], [ 84.999521, 24.804059 ], [ 84.99919, 24.801049 ], [ 84.999111, 24.80063 ], [ 84.998996, 24.800286 ], [ 84.998801, 24.79987 ], [ 84.9986, 24.799545 ], [ 84.998319, 24.79915 ], [ 84.998003, 24.79882 ], [ 84.997629, 24.7985 ], [ 84.997222, 24.798229 ], [ 84.996863, 24.79802 ], [ 84.996467, 24.797811 ], [ 84.995924, 24.797619 ], [ 84.995463, 24.797498 ], [ 84.994963, 24.797406 ], [ 84.994276, 24.79737 ], [ 84.9935, 24.797382 ], [ 84.99124, 24.79751 ], [ 84.988654, 24.797693 ], [ 84.986226, 24.797859 ], [ 84.984478, 24.797983 ], [ 84.982931, 24.798097 ], [ 84.98156, 24.798185 ], [ 84.97996, 24.79827 ], [ 84.976736, 24.798482 ], [ 84.97401, 24.798674 ], [ 84.973182, 24.798785 ], [ 84.972499, 24.798843 ], [ 84.971114, 24.798993 ], [ 84.968531, 24.799158 ], [ 84.965399, 24.799377 ], [ 84.962526, 24.799587 ] ] ] } },
{ "type": "Feature", "properties": { "ID": "150113018", "TRK_NME": null, "FTR_CRY": "BG", "CITY_NME": "Gaya", "STT_NME": "Bihar", "SHAPE_Leng": "0.048500276888574" }, "geometry": { "type": "MultiLineString", "coordinates": [ [ [ 85.001263, 24.819753 ], [ 85.001151, 24.818697 ], [ 85.00101, 24.817486 ], [ 85.000924, 24.816663 ], [ 85.000748, 24.815142 ], [ 85.000453, 24.812962 ], [ 85.000258, 24.812179 ], [ 84.999989, 24.810873 ], [ 84.999816, 24.809332 ], [ 84.999438, 24.80567 ], [ 84.999151, 24.803017 ], [ 84.99888, 24.800955 ], [ 84.998747, 24.800384 ], [ 84.998614, 24.800012 ], [ 84.99847, 24.799744 ], [ 84.998327, 24.799506 ], [ 84.997837, 24.798935 ], [ 84.997585, 24.798716 ], [ 84.997247, 24.798422 ], [ 84.996906, 24.798193 ], [ 84.99646, 24.797965 ], [ 84.995844, 24.79771 ], [ 84.995416, 24.797619 ], [ 84.99483, 24.797582 ], [ 84.994609, 24.797593 ], [ 84.994058, 24.797627 ], [ 84.993433, 24.797691 ], [ 84.992765, 24.797789 ], [ 84.992208, 24.797874 ], [ 84.990911, 24.798207 ], [ 84.990089, 24.798407 ], [ 84.988416, 24.798569 ], [ 84.985986, 24.798656 ], [ 84.983554, 24.798508 ], [ 84.980883, 24.798387 ], [ 84.979278, 24.798395 ], [ 84.977144, 24.798559 ], [ 84.973964, 24.798832 ], [ 84.971114, 24.798993 ] ] ] } },
{ "type": "Feature", "properties": { "ID": "150113470", "TRK_NME": null, "FTR_CRY": "BG", "CITY_NME": null, "STT_NME": "Bihar", "SHAPE_Leng": "0.488351721243682" }, "geometry": { "type": "MultiLineString", "coordinates": [ [ [ 85.388874, 24.530106 ], [ 85.388539, 24.530378 ], [ 85.38819, 24.530703 ], [ 85.387516, 24.531313 ], [ 85.386662, 24.532058 ], [ 85.38602, 24.532625 ], [ 85.385754, 24.532874 ], [ 85.38563, 24.53299 ], [ 85.38554, 24.53309 ], [ 85.385419, 24.533237 ], [ 85.38516, 24.533625 ], [ 85.384883, 24.534143 ], [ 85.384675, 24.534639 ], [ 85.384527, 24.535144 ], [ 85.384432, 24.535532 ], [ 85.384394, 24.535867 ], [ 85.384386, 24.536211 ], [ 85.384409, 24.536595 ], [ 85.384495, 24.537065 ], [ 85.384596, 24.537579 ], [ 85.384693, 24.537965 ], [ 85.384754, 24.538185 ], [ 85.385237, 24.539188 ], [ 85.385744, 24.540222 ], [ 85.385985, 24.540703 ], [ 85.386187, 24.541207 ], [ 85.386332, 24.541777 ], [ 85.386358, 24.542226 ], [ 85.386369, 24.542799 ], [ 85.386297, 24.543414 ], [ 85.386255, 24.543666 ], [ 85.386137, 24.544058 ], [ 85.385996, 24.544369 ], [ 85.38582, 24.544673 ], [ 85.385572, 24.545014 ], [ 85.385356, 24.545269 ], [ 85.385166, 24.545458 ], [ 85.38463, 24.54588 ], [ 85.384115, 24.546203 ], [ 85.383554, 24.546508 ], [ 85.382982, 24.546704 ], [ 85.382285, 24.546868 ], [ 85.38186, 24.546926 ], [ 85.38136, 24.546926 ], [ 85.380795, 24.546894 ], [ 85.380216, 24.546779 ], [ 85.379655, 24.546639 ], [ 85.37873, 24.546397 ], [ 85.377709, 24.546115 ], [ 85.377254, 24.546018 ], [ 85.376813, 24.545954 ], [ 85.376428, 24.545926 ], [ 85.375968, 24.54593 ], [ 85.375549, 24.545959 ], [ 85.374988, 24.546031 ], [ 85.374248, 24.546206 ], [ 85.373475, 24.546471 ], [ 85.372741, 24.546718 ], [ 85.371677, 24.54709 ], [ 85.371454, 24.547162 ], [ 85.371171, 24.547242 ], [ 85.370882, 24.547304 ], [ 85.370617, 24.54736 ], [ 85.370236, 24.547402 ], [ 85.369874, 24.547427 ], [ 85.369594, 24.547432 ], [ 85.369338, 24.547429 ], [ 85.368918, 24.547388 ], [ 85.36859, 24.547337 ], [ 85.368213, 24.54726 ], [ 85.366898, 24.546944 ], [ 85.365711, 24.546689 ], [ 85.364426, 24.546414 ], [ 85.362374, 24.545953 ], [ 85.36016, 24.545456 ], [ 85.359763, 24.545359 ], [ 85.359408, 24.545286 ], [ 85.359115, 24.545238 ], [ 85.358748, 24.545204 ], [ 85.358387, 24.545186 ], [ 85.357629, 24.545176 ], [ 85.355967, 24.545104 ], [ 85.354129, 24.544995 ], [ 85.353336, 24.544954 ], [ 85.352913, 24.544937 ], [ 85.352377, 24.54488 ], [ 85.351723, 24.54479 ], [ 85.35139, 24.544723 ], [ 85.350751, 24.544545 ], [ 85.350403, 24.544426 ], [ 85.34984, 24.544193 ], [ 85.349411, 24.54399 ], [ 85.348987, 24.543771 ], [ 85.348568, 24.543518 ], [ 85.346854, 24.542458 ], [ 85.345845, 24.541849 ], [ 85.34533, 24.541545 ], [ 85.344875, 24.541282 ], [ 85.344368, 24.541045 ], [ 85.343974, 24.540876 ], [ 85.343546, 24.540711 ], [ 85.342958, 24.540525 ], [ 85.341112, 24.539986 ], [ 85.340303, 24.539792 ], [ 85.339288, 24.539605 ], [ 85.338547, 24.539491 ], [ 85.337779, 24.539414 ], [ 85.337171, 24.539391 ], [ 85.336438, 24.53938 ], [ 85.335001, 24.539432 ], [ 85.333123, 24.539556 ], [ 85.331378, 24.539671 ], [ 85.33101, 24.539707 ], [ 85.330677, 24.539759 ], [ 85.33029, 24.539828 ], [ 85.329729, 24.539964 ], [ 85.329238, 24.540096 ], [ 85.3287, 24.5403 ], [ 85.32829, 24.540484 ], [ 85.327945, 24.54065 ], [ 85.32767, 24.540809 ], [ 85.32713, 24.541141 ], [ 85.326506, 24.54158 ], [ 85.325634, 24.542222 ], [ 85.32462, 24.542963 ], [ 85.323239, 24.543984 ], [ 85.321918, 24.544942 ], [ 85.320751, 24.545799 ], [ 85.31968, 24.546585 ], [ 85.318027, 24.547787 ], [ 85.316806, 24.548672 ], [ 85.315032, 24.549973 ], [ 85.312416, 24.5519 ], [ 85.310992, 24.552958 ], [ 85.309427, 24.554096 ], [ 85.307931, 24.555191 ], [ 85.30676, 24.556031 ], [ 85.305422, 24.557022 ], [ 85.304149, 24.557956 ], [ 85.303079, 24.558684 ], [ 85.302111, 24.559257 ], [ 85.301104, 24.559862 ], [ 85.299768, 24.560681 ], [ 85.298385, 24.561525 ], [ 85.296482, 24.562681 ], [ 85.294745, 24.563755 ], [ 85.292682, 24.565021 ], [ 85.290934, 24.566086 ], [ 85.288211, 24.567734 ], [ 85.284891, 24.569743 ], [ 85.28185, 24.5716 ], [ 85.279362, 24.573106 ], [ 85.277765, 24.574076 ], [ 85.276382, 24.574915 ], [ 85.274053, 24.576319 ], [ 85.272179, 24.577451 ], [ 85.270895, 24.578226 ], [ 85.269427, 24.579119 ], [ 85.267699, 24.580182 ], [ 85.265138, 24.581737 ], [ 85.264036, 24.582414 ], [ 85.262371, 24.583418 ], [ 85.260938, 24.584271 ], [ 85.259229, 24.585322 ], [ 85.257427, 24.586441 ], [ 85.255891, 24.587339 ], [ 85.25277, 24.589238 ], [ 85.250749, 24.590461 ], [ 85.249098, 24.591464 ], [ 85.247405, 24.592478 ], [ 85.244792, 24.594079 ], [ 85.241756, 24.595919 ], [ 85.239292, 24.597434 ], [ 85.237966, 24.598223 ], [ 85.235716, 24.599577 ], [ 85.234013, 24.600637 ], [ 85.232888, 24.601314 ], [ 85.231468, 24.602182 ], [ 85.230186, 24.602981 ], [ 85.229202, 24.603672 ], [ 85.228664, 24.604072 ], [ 85.228345, 24.604341 ], [ 85.22767, 24.604984 ], [ 85.226943, 24.605638 ], [ 85.226256, 24.606289 ], [ 85.225376, 24.607084 ], [ 85.224207, 24.608145 ], [ 85.223175, 24.6091 ], [ 85.221984, 24.610189 ], [ 85.220362, 24.611641 ], [ 85.218899, 24.612986 ], [ 85.217747, 24.614049 ], [ 85.215443, 24.616121 ], [ 85.214083, 24.617371 ], [ 85.212443, 24.618881 ], [ 85.211029, 24.620167 ], [ 85.209993, 24.621096 ], [ 85.208097, 24.622882 ], [ 85.207086, 24.623781 ], [ 85.205982, 24.624793 ], [ 85.204644, 24.626034 ], [ 85.203471, 24.62712 ], [ 85.20096, 24.629399 ], [ 85.199056, 24.631143 ], [ 85.196734, 24.633264 ], [ 85.195163, 24.634691 ], [ 85.193177, 24.636502 ], [ 85.189573, 24.639763 ], [ 85.188305, 24.640924 ], [ 85.186625, 24.642486 ], [ 85.184799, 24.644136 ], [ 85.18322, 24.645581 ], [ 85.178283, 24.650112 ], [ 85.177189, 24.651127 ], [ 85.176376, 24.651894 ], [ 85.174437, 24.653657 ], [ 85.1731, 24.65488 ], [ 85.171818, 24.656046 ], [ 85.168427, 24.659129 ], [ 85.165752, 24.661578 ], [ 85.15195, 24.674174 ], [ 85.146505, 24.679148 ], [ 85.141772, 24.683488 ], [ 85.136666, 24.688147 ], [ 85.1227, 24.700871 ], [ 85.121074, 24.702142 ], [ 85.119416, 24.703632 ], [ 85.117794, 24.705241 ], [ 85.11727, 24.705808 ], [ 85.116602, 24.706446 ], [ 85.115058, 24.707862 ], [ 85.112204, 24.710463 ], [ 85.110496, 24.712032 ], [ 85.10859, 24.713763 ], [ 85.106136, 24.715987 ], [ 85.103846, 24.718075 ], [ 85.100798, 24.720854 ], [ 85.085968, 24.734433 ], [ 85.080779, 24.739154 ], [ 85.07515, 24.744305 ], [ 85.070615, 24.748492 ], [ 85.069075, 24.749672 ], [ 85.067617, 24.750911 ], [ 85.066744, 24.751705 ], [ 85.065531, 24.752917 ], [ 85.064705, 24.753833 ], [ 85.063919, 24.754749 ], [ 85.062987, 24.755954 ], [ 85.061969, 24.75705 ], [ 85.060791, 24.758304 ], [ 85.058604, 24.76066 ], [ 85.058038, 24.761354 ], [ 85.057507, 24.762086 ], [ 85.057063, 24.762812 ], [ 85.05675, 24.763326 ], [ 85.056408, 24.763971 ], [ 85.056092, 24.764638 ], [ 85.055842, 24.765227 ], [ 85.055706, 24.765632 ], [ 85.055501, 24.766271 ], [ 85.055309, 24.766892 ], [ 85.055097, 24.767841 ], [ 85.055011, 24.768368 ], [ 85.054944, 24.768833 ], [ 85.054896, 24.76942 ], [ 85.054867, 24.770117 ], [ 85.054863, 24.770799 ], [ 85.05491, 24.772841 ], [ 85.054919, 24.773634 ], [ 85.054948, 24.774929 ], [ 85.055235, 24.791291 ], [ 85.055304, 24.794555 ], [ 85.055386, 24.799506 ], [ 85.055386, 24.800711 ], [ 85.055368, 24.801315 ], [ 85.055307, 24.801706 ], [ 85.055232, 24.802081 ], [ 85.055117, 24.802552 ], [ 85.054987, 24.802904 ], [ 85.054804, 24.803328 ], [ 85.05457, 24.803727 ], [ 85.054333, 24.804063 ], [ 85.053962, 24.804523 ], [ 85.053656, 24.804843 ], [ 85.053322, 24.805143 ], [ 85.05298, 24.805385 ], [ 85.052498, 24.805691 ], [ 85.051948, 24.805975 ], [ 85.051401, 24.806184 ], [ 85.050829, 24.806357 ], [ 85.050261, 24.806468 ], [ 85.04953, 24.806536 ], [ 85.048804, 24.806589 ], [ 85.048127, 24.806589 ], [ 85.04694, 24.806546 ], [ 85.045448, 24.806454 ], [ 85.0448, 24.806454 ], [ 85.044113, 24.806484 ], [ 85.04357, 24.806526 ], [ 85.042926, 24.806624 ], [ 85.041765, 24.806799 ], [ 85.037845, 24.807107 ] ] ] } },
{ "type": "Feature", "properties": { "ID": "150113465", "TRK_NME": "Kiul to Bhagalpur", "FTR_CRY": "BG", "CITY_NME": null, "STT_NME": "Bihar", "SHAPE_Leng": "0.373413501736459" }, "geometry": { "type": "MultiLineString", "coordinates": [ [ [ 85.01673, 24.808078 ], [ 85.022007, 24.807814 ], [ 85.027331, 24.807609 ], [ 85.029226, 24.807518 ], [ 85.034108, 24.807293 ], [ 85.037845, 24.807107 ], [ 85.042928, 24.80699 ], [ 85.043824, 24.807 ], [ 85.046661, 24.806877 ], [ 85.051468, 24.806459 ], [ 85.058871, 24.806081 ], [ 85.062068, 24.805922 ], [ 85.067705, 24.805652 ], [ 85.072171, 24.805467 ], [ 85.074874, 24.805339 ], [ 85.077299, 24.805212 ], [ 85.078885, 24.805154 ], [ 85.07959, 24.805167 ], [ 85.080313, 24.80519 ], [ 85.085644, 24.805474 ], [ 85.096123, 24.806033 ], [ 85.104994, 24.806545 ], [ 85.125411, 24.807561 ], [ 85.129253, 24.807755 ], [ 85.137915, 24.808207 ], [ 85.141497, 24.808399 ], [ 85.14631, 24.808648 ], [ 85.153846, 24.809057 ], [ 85.15731, 24.809217 ], [ 85.159605, 24.809305 ], [ 85.161663, 24.809456 ], [ 85.164703, 24.80957 ], [ 85.169983, 24.809793 ], [ 85.182483, 24.810493 ], [ 85.192189, 24.810993 ], [ 85.200106, 24.811389 ], [ 85.20503, 24.81167 ], [ 85.210941, 24.811958 ], [ 85.217933, 24.812357 ], [ 85.223221, 24.812886 ], [ 85.226761, 24.813186 ], [ 85.230243, 24.813523 ], [ 85.232765, 24.813762 ], [ 85.238301, 24.814278 ], [ 85.240786, 24.814516 ], [ 85.243883, 24.814804 ], [ 85.246879, 24.815044 ], [ 85.248492, 24.815174 ], [ 85.249914, 24.815227 ], [ 85.250815, 24.815245 ], [ 85.252175, 24.815268 ], [ 85.254671, 24.815242 ], [ 85.258085, 24.815184 ], [ 85.266668, 24.815018 ], [ 85.271006, 24.814931 ], [ 85.277815, 24.814807 ], [ 85.282456, 24.814677 ], [ 85.2877, 24.81459 ], [ 85.290495, 24.814534 ], [ 85.296035, 24.814519 ], [ 85.30728, 24.814663 ], [ 85.311183, 24.814703 ], [ 85.315866, 24.814759 ], [ 85.319507, 24.814828 ], [ 85.322931, 24.814867 ], [ 85.32655, 24.814903 ], [ 85.329507, 24.814956 ], [ 85.331089, 24.815008 ], [ 85.33282, 24.815126 ], [ 85.336816, 24.815459 ], [ 85.341867, 24.815871 ], [ 85.348057, 24.816404 ], [ 85.349863, 24.816557 ], [ 85.352669, 24.816791 ], [ 85.357847, 24.817222 ], [ 85.361295, 24.817518 ], [ 85.364879, 24.817807 ], [ 85.370812, 24.818315 ], [ 85.374299, 24.818604 ], [ 85.37806, 24.818926 ], [ 85.389452, 24.820587 ] ] ] } },
{ "type": "Feature", "properties": { "ID": "150164631", "TRK_NME": null, "FTR_CRY": "BG", "CITY_NME": "Gaya", "STT_NME": "Bihar", "SHAPE_Leng": "0.006281851973937" }, "geometry": { "type": "MultiLineString", "coordinates": [ [ [ 84.998327, 24.799506 ], [ 84.998568, 24.800168 ], [ 84.998694, 24.800704 ], [ 84.998841, 24.802143 ], [ 84.998974, 24.803267 ], [ 84.999071, 24.803936 ], [ 84.999438, 24.80567 ] ] ] } },
{ "type": "Feature", "properties": { "ID": "150164632", "TRK_NME": null, "FTR_CRY": "BG", "CITY_NME": null, "STT_NME": "Bihar", "SHAPE_Leng": "0.008904081479437" }, "geometry": { "type": "MultiLineString", "coordinates": [ [ [ 85.209993, 24.621096 ], [ 85.209367, 24.621518 ], [ 85.207191, 24.623385 ], [ 85.205716, 24.62471 ], [ 85.204525, 24.625848 ], [ 85.203471, 24.62712 ] ] ] } },
{ "type": "Feature", "properties": { "ID": "150113376", "TRK_NME": null, "FTR_CRY": "BG", "CITY_NME": null, "STT_NME": "Bihar", "SHAPE_Leng": "0.015742840140842" }, "geometry": { "type": "MultiLineString", "coordinates": [ [ [ 84.972703, 25.047113 ], [ 84.97304, 25.048732 ], [ 84.973512, 25.051011 ], [ 84.974096, 25.053822 ], [ 84.974572, 25.056184 ], [ 84.975288, 25.059574 ], [ 84.975378, 25.060048 ], [ 84.975628, 25.061545 ], [ 84.975765, 25.062552 ] ] ] } },
{ "type": "Feature", "properties": { "ID": "150164357", "TRK_NME": null, "FTR_CRY": "BG", "CITY_NME": null, "STT_NME": "Bihar", "SHAPE_Leng": "0.007899484354676" }, "geometry": { "type": "MultiLineString", "coordinates": [ [ [ 84.976597, 25.06734 ], [ 84.976175, 25.066075 ], [ 84.975967, 25.065144 ], [ 84.975823, 25.06422 ], [ 84.975647, 25.062589 ], [ 84.975514, 25.061381 ], [ 84.975288, 25.059574 ] ] ] } },
{ "type": "Feature", "properties": { "ID": "150113147", "TRK_NME": null, "FTR_CRY": "BG", "CITY_NME": null, "STT_NME": "Bihar", "SHAPE_Leng": "0.002010295500676" }, "geometry": { "type": "MultiLineString", "coordinates": [ [ [ 84.975765, 25.062552 ], [ 84.975987, 25.06455 ] ] ] } },
{ "type": "Feature", "properties": { "ID": "150129330", "TRK_NME": null, "FTR_CRY": "BG", "CITY_NME": "Makhdumpur", "STT_NME": "Bihar", "SHAPE_Leng": "0.013711447099553" }, "geometry": { "type": "MultiLineString", "coordinates": [ [ [ 84.975987, 25.06455 ], [ 84.97611, 25.065337 ], [ 84.976252, 25.065973 ], [ 84.976597, 25.06734 ], [ 84.977521, 25.070444 ], [ 84.978221, 25.073917 ], [ 84.978457, 25.075019 ], [ 84.979072, 25.077899 ] ] ] } },
{ "type": "Feature", "properties": { "ID": "150113420", "TRK_NME": null, "FTR_CRY": "BG", "CITY_NME": null, "STT_NME": "Bihar", "SHAPE_Leng": "0.059475953749314" }, "geometry": { "type": "MultiLineString", "coordinates": [ [ [ 85.389452, 24.820587 ], [ 85.39119, 24.820842 ], [ 85.392556, 24.821038 ], [ 85.395308, 24.821408 ], [ 85.396754, 24.821613 ], [ 85.398936, 24.821926 ], [ 85.401249, 24.822261 ], [ 85.402696, 24.822483 ], [ 85.406404, 24.823066 ], [ 85.407006, 24.82316 ], [ 85.40793, 24.82328 ], [ 85.409841, 24.823527 ], [ 85.411735, 24.823794 ], [ 85.414727, 24.824234 ], [ 85.417007, 24.824554 ], [ 85.417963, 24.824683 ], [ 85.419924, 24.824969 ], [ 85.42135, 24.825168 ], [ 85.423669, 24.825488 ], [ 85.426284, 24.825865 ], [ 85.430268, 24.82642 ], [ 85.43292, 24.826801 ], [ 85.433869, 24.826917 ], [ 85.434531, 24.827001 ], [ 85.435239, 24.827054 ], [ 85.436273, 24.827074 ], [ 85.437294, 24.827042 ], [ 85.44134, 24.826847 ], [ 85.444189, 24.82672 ], [ 85.447489, 24.82655 ], [ 85.448457, 24.826504 ] ] ] } },
{ "type": "Feature", "properties": { "ID": "150116040", "TRK_NME": null, "FTR_CRY": "BG", "CITY_NME": null, "STT_NME": "Jharkhand", "SHAPE_Leng": "0.029677706444133" }, "geometry": { "type": "MultiLineString", "coordinates": [ [ [ 85.388874, 24.530106 ], [ 85.389514, 24.529683 ], [ 85.389598610616218, 24.529646783199627 ] ], [ [ 85.392154947118598, 24.528943353738178 ], [ 85.392235543429237, 24.528938929597022 ] ] ] } },
{ "type": "Feature", "properties": { "ID": "150113397", "TRK_NME": null, "FTR_CRY": "BG", "CITY_NME": null, "STT_NME": "Bihar", "SHAPE_Leng": "0.034479095320754" }, "geometry": { "type": "MultiLineString", "coordinates": [ [ [ 85.553746, 24.896692 ], [ 85.555832, 24.900714 ], [ 85.556943, 24.902824 ], [ 85.557768, 24.904402 ], [ 85.558596, 24.905977 ], [ 85.559076, 24.906815 ], [ 85.559243, 24.907083 ], [ 85.559422, 24.907354 ], [ 85.559962, 24.908099 ], [ 85.560128, 24.908316 ], [ 85.560321, 24.90855 ], [ 85.56097, 24.9093 ], [ 85.5614, 24.90975 ], [ 85.562316, 24.910588 ], [ 85.562848, 24.911022 ], [ 85.563214, 24.911337 ], [ 85.563876, 24.911878 ], [ 85.564138, 24.912095 ], [ 85.564885, 24.912715 ], [ 85.565409, 24.913168 ], [ 85.565653, 24.913358 ], [ 85.566316, 24.913913 ], [ 85.566699, 24.914235 ], [ 85.56744, 24.914853 ], [ 85.567839, 24.915189 ], [ 85.568154, 24.915458 ], [ 85.568786, 24.915988 ], [ 85.56952, 24.916592 ], [ 85.569969, 24.916974 ], [ 85.571082, 24.917894 ], [ 85.571258, 24.918042 ], [ 85.572382, 24.918974 ], [ 85.573363, 24.919801 ], [ 85.574144, 24.920464 ], [ 85.575085, 24.921258 ], [ 85.576167, 24.922153 ] ] ] } },
{ "type": "Feature", "properties": { "ID": "150113398", "TRK_NME": null, "FTR_CRY": "BG", "CITY_NME": null, "STT_NME": "Bihar", "SHAPE_Leng": "0.046783574533377" }, "geometry": { "type": "MultiLineString", "coordinates": [ [ [ 85.498337, 24.844162 ], [ 85.499081, 24.844594 ], [ 85.500638, 24.845509 ], [ 85.50138, 24.845943 ], [ 85.502287, 24.846459 ], [ 85.503035, 24.846883 ], [ 85.503762, 24.847305 ], [ 85.50453, 24.847746 ], [ 85.505043, 24.848042 ], [ 85.506435, 24.848862 ], [ 85.507241, 24.849328 ], [ 85.507508, 24.849487 ], [ 85.507925, 24.849733 ], [ 85.508063, 24.849809 ], [ 85.508298, 24.849948 ], [ 85.508543, 24.850092 ], [ 85.50989, 24.85088 ], [ 85.511056, 24.851552 ], [ 85.511832, 24.851998 ], [ 85.512777, 24.852554 ], [ 85.51403, 24.853288 ], [ 85.515535, 24.854174 ], [ 85.516781, 24.854889 ], [ 85.517765, 24.855467 ], [ 85.519243, 24.856339 ], [ 85.521515, 24.857641 ], [ 85.522627, 24.858301 ], [ 85.523913, 24.859051 ], [ 85.524882, 24.859608 ], [ 85.526674, 24.860649 ], [ 85.527341, 24.861053 ], [ 85.527919, 24.861375 ], [ 85.529748, 24.862451 ], [ 85.530574, 24.86293 ], [ 85.531731, 24.863607 ], [ 85.532368, 24.863972 ], [ 85.533358, 24.864541 ], [ 85.534892, 24.865446 ], [ 85.535637, 24.865946 ], [ 85.536613, 24.866678 ], [ 85.53711, 24.867106 ], [ 85.537787, 24.867735 ], [ 85.538335, 24.868298 ] ] ] } },
{ "type": "Feature", "properties": { "ID": "150113120", "TRK_NME": null, "FTR_CRY": "BG", "CITY_NME": null, "STT_NME": "Bihar", "SHAPE_Leng": "8.20639994113E-4" }, "geometry": { "type": "MultiLineString", "coordinates": [ [ [ 85.553381, 24.895957 ], [ 85.553746, 24.896692 ] ] ] } },
{ "type": "Feature", "properties": { "ID": "150129353", "TRK_NME": null, "FTR_CRY": "BG", "CITY_NME": null, "STT_NME": "Bihar", "SHAPE_Leng": "6.93527216506E-4" }, "geometry": { "type": "MultiLineString", "coordinates": [ [ [ 85.538335, 24.868298 ], [ 85.538787, 24.868824 ] ] ] } },
{ "type": "Feature", "properties": { "ID": "150129354", "TRK_NME": null, "FTR_CRY": "BG", "CITY_NME": "Nawada", "STT_NME": "Bihar", "SHAPE_Leng": "0.030834383972833" }, "geometry": { "type": "MultiLineString", "coordinates": [ [ [ 85.538787, 24.868824 ], [ 85.539345, 24.869515 ], [ 85.539957, 24.870414 ], [ 85.540346, 24.871054 ], [ 85.540707, 24.871704 ], [ 85.541676, 24.873521 ], [ 85.542449, 24.875018 ], [ 85.543383, 24.876833 ], [ 85.543919, 24.877821 ], [ 85.544229, 24.87846 ], [ 85.544476, 24.87891 ], [ 85.544681, 24.87931 ], [ 85.545197, 24.880315 ], [ 85.546104, 24.882075 ], [ 85.547381, 24.884468 ], [ 85.54799, 24.885653 ], [ 85.549672, 24.888836 ], [ 85.550067, 24.889638 ], [ 85.551522, 24.892445 ], [ 85.55274, 24.894762 ], [ 85.553381, 24.895957 ] ] ] } },
{ "type": "Feature", "properties": { "ID": "150113292", "TRK_NME": "Kiul to Bhagalpur", "FTR_CRY": "BG", "CITY_NME": null, "STT_NME": "Bihar", "SHAPE_Leng": "0.054442876097842" }, "geometry": { "type": "MultiLineString", "coordinates": [ [ [ 85.448457, 24.826504 ], [ 85.452981, 24.826317 ], [ 85.45544, 24.826188 ], [ 85.457479, 24.826091 ], [ 85.459122, 24.826027 ], [ 85.46004, 24.826027 ], [ 85.46119, 24.826084 ], [ 85.462169, 24.826161 ], [ 85.462979, 24.826253 ], [ 85.464202, 24.826407 ], [ 85.465053, 24.826542 ], [ 85.46619, 24.826788 ], [ 85.466939, 24.826972 ], [ 85.46777, 24.827216 ], [ 85.469072, 24.82764 ], [ 85.469766, 24.827887 ], [ 85.470946, 24.828366 ], [ 85.472055, 24.828866 ], [ 85.473431, 24.829638 ], [ 85.475305, 24.830705 ], [ 85.478381, 24.832509 ], [ 85.481368, 24.83426 ], [ 85.48289, 24.835166 ], [ 85.48405, 24.835845 ], [ 85.486259, 24.837125 ], [ 85.488024, 24.838152 ], [ 85.489272, 24.838871 ], [ 85.49234, 24.840657 ], [ 85.493949, 24.841598 ], [ 85.496831, 24.843284 ], [ 85.498337, 24.844162 ] ] ] } },
{ "type": "Feature", "properties": { "ID": "150164634", "TRK_NME": null, "FTR_CRY": "BG", "CITY_NME": null, "STT_NME": "Bihar", "SHAPE_Leng": "0.0026858907256" }, "geometry": { "type": "MultiLineString", "coordinates": [ [ [ 85.40793, 24.82328 ], [ 85.408399, 24.823461 ], [ 85.408865, 24.82371 ], [ 85.409129, 24.823901 ], [ 85.409371, 24.824132 ], [ 85.409553, 24.824343 ], [ 85.409995, 24.824906 ] ] ] } },
{ "type": "Feature", "properties": { "ID": "150113044", "TRK_NME": null, "FTR_CRY": "BG", "CITY_NME": null, "STT_NME": "Bihar", "SHAPE_Leng": "0.01381158053575" }, "geometry": { "type": "MultiLineString", "coordinates": [ [ [ 85.410204, 24.844249 ], [ 85.409724, 24.843266 ], [ 85.409001, 24.84188 ], [ 85.408618, 24.841132 ], [ 85.40812, 24.840146 ], [ 85.407854, 24.83959 ], [ 85.407732, 24.839256 ], [ 85.407634, 24.838958 ], [ 85.407562, 24.838684 ], [ 85.407502, 24.838337 ], [ 85.407459, 24.837863 ], [ 85.407447, 24.837549 ], [ 85.407464, 24.837213 ], [ 85.407491, 24.836927 ], [ 85.407558, 24.836574 ], [ 85.407665, 24.836205 ], [ 85.407774, 24.835869 ], [ 85.408001, 24.835338 ], [ 85.408629, 24.834078 ], [ 85.409881, 24.831582 ] ] ] } },
{ "type": "Feature", "properties": { "ID": "150129447", "TRK_NME": null, "FTR_CRY": "BG", "CITY_NME": null, "STT_NME": "Bihar", "SHAPE_Leng": "0.001201692972401" }, "geometry": { "type": "MultiLineString", "coordinates": [ [ [ 85.410027, 24.831282 ], [ 85.410572, 24.830211 ] ] ] } },
{ "type": "Feature", "properties": { "ID": "150129448", "TRK_NME": null, "FTR_CRY": "BG", "CITY_NME": null, "STT_NME": "Bihar", "SHAPE_Leng": "6.33440932906E-4" }, "geometry": { "type": "MultiLineString", "coordinates": [ [ [ 85.411149, 24.827786 ], [ 85.411127, 24.827496 ], [ 85.411071, 24.827158 ] ] ] } },
{ "type": "Feature", "properties": { "ID": "150129449", "TRK_NME": null, "FTR_CRY": "BG", "CITY_NME": null, "STT_NME": "Bihar", "SHAPE_Leng": "0.005013253540012" }, "geometry": { "type": "MultiLineString", "coordinates": [ [ [ 85.410788, 24.826166 ], [ 85.410623, 24.825854 ], [ 85.410495, 24.825631 ], [ 85.410281, 24.825295 ], [ 85.409995, 24.824906 ], [ 85.409441, 24.82438 ], [ 85.409172, 24.82414 ], [ 85.408907, 24.823953 ], [ 85.40865, 24.823795 ], [ 85.408317, 24.823614 ], [ 85.40802, 24.823476 ], [ 85.407615, 24.823309 ], [ 85.407006, 24.82316 ] ] ] } },
{ "type": "Feature", "properties": { "ID": "150129450", "TRK_NME": null, "FTR_CRY": "BG", "CITY_NME": "Hisua", "STT_NME": "Bihar", "SHAPE_Leng": "0.002521930535045" }, "geometry": { "type": "MultiLineString", "coordinates": [ [ [ 85.410572, 24.830211 ], [ 85.410794, 24.829721 ], [ 85.410898, 24.829459 ], [ 85.411009, 24.82913 ], [ 85.411064, 24.82889 ], [ 85.411109, 24.828565 ], [ 85.41114, 24.828238 ], [ 85.411149, 24.827786 ] ] ] } },
{ "type": "Feature", "properties": { "ID": "150129451", "TRK_NME": null, "FTR_CRY": "BG", "CITY_NME": "Hisua", "STT_NME": "Bihar", "SHAPE_Leng": "3.33741641514E-4" }, "geometry": { "type": "MultiLineString", "coordinates": [ [ [ 85.409881, 24.831582 ], [ 85.410027, 24.831282 ] ] ] } },
{ "type": "Feature", "properties": { "ID": "150129452", "TRK_NME": null, "FTR_CRY": "BG", "CITY_NME": "Hisua", "STT_NME": "Bihar", "SHAPE_Leng": "0.001034013949968" }, "geometry": { "type": "MultiLineString", "coordinates": [ [ [ 85.411071, 24.827158 ], [ 85.411027, 24.826911 ], [ 85.410886, 24.82642 ], [ 85.410788, 24.826166 ] ] ] } },
{ "type": "Feature", "properties": { "ID": "150113094", "TRK_NME": null, "FTR_CRY": "BG", "CITY_NME": null, "STT_NME": "Bihar", "SHAPE_Leng": "0.021501360292317" }, "geometry": { "type": "MultiLineString", "coordinates": [ [ [ 86.392573, 24.768397 ], [ 86.393274, 24.768016 ], [ 86.394255, 24.767572 ], [ 86.395173, 24.767183 ], [ 86.396177, 24.766809 ], [ 86.397072, 24.766432 ], [ 86.39828, 24.765918 ], [ 86.39973, 24.765335 ], [ 86.401216, 24.764726 ], [ 86.402532, 24.764161 ], [ 86.403914, 24.763581 ], [ 86.405544, 24.762891 ], [ 86.406961, 24.76232 ], [ 86.408601, 24.761631 ], [ 86.410427, 24.760864 ], [ 86.412378, 24.760041 ] ] ] } },
{ "type": "Feature", "properties": { "ID": "150129312", "TRK_NME": null, "FTR_CRY": "BG", "CITY_NME": null, "STT_NME": "Bihar", "SHAPE_Leng": "0.006340639043231" }, "geometry": { "type": "MultiLineString", "coordinates": [ [ [ 86.376468, 24.787354 ], [ 86.376866, 24.786694 ], [ 86.377489, 24.785715 ], [ 86.378508, 24.784089 ], [ 86.379836, 24.781982 ] ] ] } },
{ "type": "Feature", "properties": { "ID": "150129313", "TRK_NME": null, "FTR_CRY": "BG", "CITY_NME": "Jhajha", "STT_NME": "Bihar", "SHAPE_Leng": "0.018962927793882" }, "geometry": { "type": "MultiLineString", "coordinates": [ [ [ 86.379836, 24.781982 ], [ 86.380875, 24.780275 ], [ 86.382172, 24.778161 ], [ 86.383331, 24.776124 ], [ 86.384334, 24.774729 ], [ 86.38507, 24.773917 ], [ 86.385866, 24.773242 ], [ 86.387346, 24.772075 ], [ 86.388969, 24.770853 ], [ 86.390565, 24.76969 ], [ 86.391629, 24.768927 ], [ 86.392573, 24.768397 ] ] ] } },
{ "type": "Feature", "properties": { "ID": "150164622", "TRK_NME": null, "FTR_CRY": "BG", "CITY_NME": null, "STT_NME": "Bihar", "SHAPE_Leng": "0.020797479213626" }, "geometry": { "type": "MultiLineString", "coordinates": [ [ [ 86.380875, 24.780275 ], [ 86.381887, 24.778832 ], [ 86.382177, 24.77838 ], [ 86.3828, 24.777386 ], [ 86.383674, 24.776015 ], [ 86.384053, 24.775413 ], [ 86.384382, 24.774961 ], [ 86.384707, 24.774611 ], [ 86.385114, 24.774211 ], [ 86.385941, 24.773571 ], [ 86.387096, 24.772702 ], [ 86.38855, 24.7715 ], [ 86.389428, 24.770761 ], [ 86.390246, 24.770074 ], [ 86.392041, 24.768852 ], [ 86.393322, 24.768156 ], [ 86.394194, 24.767718 ], [ 86.395477, 24.767146 ], [ 86.396177, 24.766809 ] ] ] } },
{ "type": "Feature", "properties": { "ID": "150164623", "TRK_NME": null, "FTR_CRY": "BG", "CITY_NME": null, "STT_NME": "Bihar", "SHAPE_Leng": "0.012584178555835" }, "geometry": { "type": "MultiLineString", "coordinates": [ [ [ 86.385114, 24.774211 ], [ 86.38617, 24.773579 ], [ 86.38697, 24.77304 ], [ 86.387615, 24.772522 ], [ 86.38919, 24.771256 ], [ 86.390098, 24.770412 ], [ 86.390384, 24.770199 ], [ 86.391963, 24.769123 ], [ 86.393633, 24.768113 ], [ 86.395477, 24.767146 ] ] ] } },
{ "type": "Feature", "properties": { "ID": "150113278", "TRK_NME": null, "FTR_CRY": "BG", "CITY_NME": null, "STT_NME": "Bihar", "SHAPE_Leng": "0.070265909639505" }, "geometry": { "type": "MultiLineString", "coordinates": [ [ [ 84.986521, 25.175105 ], [ 84.986904, 25.170526 ], [ 84.987241, 25.16614 ], [ 84.987484, 25.163147 ], [ 84.987735, 25.15983 ], [ 84.988228, 25.153382 ], [ 84.988757, 25.14699 ], [ 84.989062, 25.143107 ], [ 84.989125, 25.142279 ], [ 84.989185, 25.141432 ], [ 84.989185, 25.140658 ], [ 84.98914, 25.139913 ], [ 84.989073, 25.139346 ], [ 84.988989, 25.138833 ], [ 84.988697, 25.136945 ], [ 84.988382, 25.135017 ], [ 84.987913, 25.132116 ], [ 84.987272, 25.128172 ], [ 84.984704, 25.112442 ], [ 84.984195, 25.109115 ], [ 84.983595, 25.105389 ] ] ] } },
{ "type": "Feature", "properties": { "ID": "150113403", "TRK_NME": null, "FTR_CRY": "BG", "CITY_NME": null, "STT_NME": "Bihar", "SHAPE_Leng": "0.020470527834408" }, "geometry": { "type": "MultiLineString", "coordinates": [ [ [ 84.984899, 25.195511 ], [ 84.984962, 25.194833 ], [ 84.985173, 25.192245 ], [ 84.985464, 25.188783 ], [ 84.98594, 25.182457 ], [ 84.986095, 25.180438 ], [ 84.986521, 25.175105 ] ] ] } },
{ "type": "Feature", "properties": { "ID": "150113377", "TRK_NME": null, "FTR_CRY": "BG", "CITY_NME": null, "STT_NME": "Bihar", "SHAPE_Leng": "0.025898139736956" }, "geometry": { "type": "MultiLineString", "coordinates": [ [ [ 84.979438, 25.079827 ], [ 84.979831, 25.08238 ], [ 84.979996, 25.083314 ], [ 84.980206, 25.084642 ], [ 84.980515, 25.086476 ], [ 84.981035, 25.08959 ], [ 84.981523, 25.092635 ], [ 84.981904, 25.094994 ], [ 84.982206, 25.096922 ], [ 84.982407, 25.098117 ], [ 84.982662, 25.099643 ], [ 84.983141, 25.102611 ], [ 84.983595, 25.105389 ] ] ] } },
{ "type": "Feature", "properties": { "ID": "150129329", "TRK_NME": null, "FTR_CRY": "BG", "CITY_NME": null, "STT_NME": "Bihar", "SHAPE_Leng": "0.001962432164405" }, "geometry": { "type": "MultiLineString", "coordinates": [ [ [ 84.979072, 25.077899 ], [ 84.979438, 25.079827 ] ] ] } },
{ "type": "Feature", "properties": { "ID": "150113209", "TRK_NME": null, "FTR_CRY": "BG", "CITY_NME": "Raxaul Bazar", "STT_NME": "Bihar", "SHAPE_Leng": "0.013427457951522" }, "geometry": { "type": "MultiLineString", "coordinates": [ [ [ 84.840085, 26.987474 ], [ 84.840614, 26.987557 ], [ 84.840921, 26.987573 ], [ 84.842861, 26.987509 ], [ 84.846344, 26.987227 ], [ 84.84814, 26.98687 ], [ 84.849127, 26.986714 ], [ 84.849874, 26.986528 ], [ 84.850016, 26.986499 ], [ 84.850257, 26.986457 ], [ 84.851877, 26.986285 ], [ 84.852999, 26.986164 ], [ 84.853061, 26.986155 ], [ 84.853393, 26.986086 ] ] ] } },
{ "type": "Feature", "properties": { "ID": "150113316", "TRK_NME": "Sagauli to Raxaul", "FTR_CRY": "BG", "CITY_NME": null, "STT_NME": "Bihar", "SHAPE_Leng": "0.156079817762825" }, "geometry": { "type": "MultiLineString", "coordinates": [ [ [ 84.773271, 26.809625 ], [ 84.773893, 26.811514 ], [ 84.774327, 26.812874 ], [ 84.774586, 26.813684 ], [ 84.774801, 26.814282 ], [ 84.774944, 26.814742 ], [ 84.775071, 26.815224 ], [ 84.775358, 26.816319 ], [ 84.775664, 26.817313 ], [ 84.776155, 26.818811 ], [ 84.776929, 26.821169 ], [ 84.777668, 26.823278 ], [ 84.77779, 26.823611 ], [ 84.777912, 26.823925 ], [ 84.778573, 26.825611 ], [ 84.778767, 26.826251 ], [ 84.778992, 26.826914 ], [ 84.779399, 26.82813 ], [ 84.779683, 26.82899 ], [ 84.780281, 26.830843 ], [ 84.78125, 26.833686 ], [ 84.781384, 26.834095 ], [ 84.781726, 26.835115 ], [ 84.781985, 26.835946 ], [ 84.782123, 26.836408 ], [ 84.782316, 26.837197 ], [ 84.782538, 26.837986 ], [ 84.78284, 26.838954 ], [ 84.78361, 26.841308 ], [ 84.783811, 26.8419 ], [ 84.783936, 26.842361 ], [ 84.784325, 26.84378 ], [ 84.78492, 26.845985 ], [ 84.785312, 26.847479 ], [ 84.785502, 26.848192 ], [ 84.786336, 26.851264 ], [ 84.786537, 26.852034 ], [ 84.78678, 26.85295 ], [ 84.786995, 26.853691 ], [ 84.787112, 26.854183 ], [ 84.787259, 26.85472 ], [ 84.787439, 26.855382 ], [ 84.787693, 26.856267 ], [ 84.787937, 26.857166 ], [ 84.788024, 26.857525 ], [ 84.788344, 26.858668 ], [ 84.788612, 26.859728 ], [ 84.789006, 26.861232 ], [ 84.789071, 26.861412 ], [ 84.789252, 26.861806 ], [ 84.789355, 26.862004 ], [ 84.789464, 26.862181 ], [ 84.789562, 26.862328 ], [ 84.789718, 26.862547 ], [ 84.789928, 26.862782 ], [ 84.790162, 26.863003 ], [ 84.790424, 26.863232 ], [ 84.790784, 26.863499 ], [ 84.791229, 26.863806 ], [ 84.792483, 26.864653 ], [ 84.79335, 26.865282 ], [ 84.793521, 26.865426 ], [ 84.793671, 26.86557 ], [ 84.793878, 26.865808 ], [ 84.793997, 26.86595 ], [ 84.794153, 26.86616 ], [ 84.794349, 26.866424 ], [ 84.794589, 26.866838 ], [ 84.795161, 26.868212 ], [ 84.795494, 26.868985 ], [ 84.796314, 26.87099 ], [ 84.796695, 26.8719 ], [ 84.797169, 26.873022 ], [ 84.798513, 26.876211 ], [ 84.799623, 26.878784 ], [ 84.800034, 26.879746 ], [ 84.802076, 26.884613 ], [ 84.803232, 26.887325 ], [ 84.804073, 26.889278 ], [ 84.805145, 26.891794 ], [ 84.806129, 26.894145 ], [ 84.80652, 26.895032 ], [ 84.80751, 26.89735 ], [ 84.808848, 26.900517 ], [ 84.810036, 26.903319 ], [ 84.810718, 26.904953 ], [ 84.811959, 26.907877 ], [ 84.812957, 26.91033 ], [ 84.81404, 26.912863 ], [ 84.814609, 26.914212 ], [ 84.815533, 26.916403 ], [ 84.816261, 26.918122 ], [ 84.816616, 26.918933 ], [ 84.816899, 26.919558 ], [ 84.817616, 26.921257 ], [ 84.818148, 26.922476 ], [ 84.818916, 26.924304 ], [ 84.819229, 26.925044 ], [ 84.820589, 26.92828 ], [ 84.821166, 26.92962 ], [ 84.821582, 26.930601 ], [ 84.822186, 26.932051 ], [ 84.822652, 26.933193 ], [ 84.823271, 26.934631 ], [ 84.827014, 26.94341 ], [ 84.827533, 26.944643 ], [ 84.82802, 26.945785 ], [ 84.828772, 26.947539 ], [ 84.829135, 26.948407 ], [ 84.829916, 26.950233 ], [ 84.830736, 26.952193 ], [ 84.831247, 26.953433 ] ] ] } },
{ "type": "Feature", "properties": { "ID": "150113268", "TRK_NME": "Samastipur to Gorakpur", "FTR_CRY": "BG", "CITY_NME": null, "STT_NME": "Bihar", "SHAPE_Leng": "0.072728393159646" }, "geometry": { "type": "MultiLineString", "coordinates": [ [ [ 84.844097, 26.698003 ], [ 84.823347, 26.707668 ], [ 84.817737, 26.71035 ], [ 84.815763, 26.71127 ], [ 84.81302, 26.712565 ], [ 84.810502, 26.713754 ], [ 84.809159, 26.714343 ], [ 84.804954, 26.716274 ], [ 84.800349, 26.718447 ], [ 84.797202, 26.720121 ], [ 84.795167, 26.721291 ], [ 84.791535, 26.723623 ], [ 84.789669, 26.724887 ], [ 84.787042, 26.726862 ], [ 84.780264, 26.732268 ] ] ] } },
{ "type": "Feature", "properties": { "ID": "150113269", "TRK_NME": "Samastipur to Gorakpur", "FTR_CRY": "BG", "CITY_NME": null, "STT_NME": "Bihar", "SHAPE_Leng": "0.127447797876654" }, "geometry": { "type": "MultiLineString", "coordinates": [ [ [ 84.693702, 26.774986 ], [ 84.674144, 26.782007 ], [ 84.669601, 26.783663 ], [ 84.657196, 26.788129 ], [ 84.641169, 26.793926 ], [ 84.63217, 26.79718 ], [ 84.621273, 26.801059 ], [ 84.619714, 26.801597 ], [ 84.616567, 26.802748 ], [ 84.613962, 26.803723 ], [ 84.612387, 26.804212 ], [ 84.611966, 26.804319 ], [ 84.610885, 26.804556 ], [ 84.61004, 26.804708 ], [ 84.608646, 26.804838 ], [ 84.607884, 26.804861 ], [ 84.605722, 26.804797 ], [ 84.60423, 26.804625 ], [ 84.602829, 26.804337 ], [ 84.600576, 26.803687 ], [ 84.590255, 26.800518 ], [ 84.58732, 26.79965 ], [ 84.586826, 26.799524 ], [ 84.5856, 26.799282 ], [ 84.585128, 26.799201 ], [ 84.58413, 26.799042 ], [ 84.583375, 26.798971 ], [ 84.582505, 26.798895 ], [ 84.581561, 26.798832 ], [ 84.580741, 26.79879 ], [ 84.580084, 26.7988 ], [ 84.578175, 26.798862 ], [ 84.577616, 26.798914 ], [ 84.577053, 26.798978 ], [ 84.572735, 26.799487 ], [ 84.57225, 26.79954 ] ] ] } },
{ "type": "Feature", "properties": { "ID": "150113274", "TRK_NME": "Narktiaganj to Gorakpur", "FTR_CRY": "MG", "CITY_NME": null, "STT_NME": "Bihar", "SHAPE_Leng": "0.310734136465445" }, "geometry": { "type": "MultiLineString", "coordinates": [ [ [ 84.808242, 26.990773 ], [ 84.807623, 26.990837 ], [ 84.801824, 26.991429 ], [ 84.798773, 26.991722 ], [ 84.797057, 26.99182 ], [ 84.796211, 26.991901 ], [ 84.788884, 26.992645 ], [ 84.784369, 26.993107 ], [ 84.78398, 26.993129 ], [ 84.782067, 26.993242 ], [ 84.781259, 26.993308 ], [ 84.778131, 26.993627 ], [ 84.777621, 26.9937 ], [ 84.777248, 26.993775 ], [ 84.776859, 26.993865 ], [ 84.775141, 26.994351 ], [ 84.773016, 26.994955 ], [ 84.769679, 26.995915 ], [ 84.764495, 26.997386 ], [ 84.761827, 26.998129 ], [ 84.759517, 26.998792 ], [ 84.755167, 27.000117 ], [ 84.75238, 27.000928 ], [ 84.734431, 27.006028 ], [ 84.733163, 27.006379 ], [ 84.732126, 27.006679 ], [ 84.72934, 27.007473 ], [ 84.729139, 27.007535 ], [ 84.728056, 27.007942 ], [ 84.727784, 27.008056 ], [ 84.726662, 27.0086 ], [ 84.725691, 27.009074 ], [ 84.723698, 27.010036 ], [ 84.723182, 27.010291 ], [ 84.72129, 27.011243 ], [ 84.719425, 27.012158 ], [ 84.717043, 27.01334 ], [ 84.713283, 27.015216 ], [ 84.711944, 27.015888 ], [ 84.710936, 27.016393 ], [ 84.710748, 27.016483 ], [ 84.709732, 27.016957 ], [ 84.709459, 27.017067 ], [ 84.708126, 27.017501 ], [ 84.702603, 27.019072 ], [ 84.697766, 27.020325 ], [ 84.694566, 27.021222 ], [ 84.690385, 27.022417 ], [ 84.689359, 27.022731 ], [ 84.688493, 27.023044 ], [ 84.687639, 27.02329 ], [ 84.685916, 27.023768 ], [ 84.683148, 27.02456 ], [ 84.681353, 27.02507 ], [ 84.679909, 27.025504 ], [ 84.678162, 27.026013 ], [ 84.676559, 27.026447 ], [ 84.673426, 27.027278 ], [ 84.669298, 27.028442 ], [ 84.664402, 27.029837 ], [ 84.66159, 27.030632 ], [ 84.657853, 27.031693 ], [ 84.653479, 27.032928 ], [ 84.649762, 27.033999 ], [ 84.638477, 27.037219 ], [ 84.635482, 27.038058 ], [ 84.627318, 27.040402 ], [ 84.622466, 27.041791 ], [ 84.621122, 27.042169 ], [ 84.620011, 27.042461 ], [ 84.619727, 27.042531 ], [ 84.619312, 27.042611 ], [ 84.618768, 27.042677 ], [ 84.618002, 27.042752 ], [ 84.616496, 27.042875 ], [ 84.615522, 27.042918 ], [ 84.61386, 27.042932 ], [ 84.609928, 27.042975 ], [ 84.605484, 27.042958 ], [ 84.603372, 27.042963 ], [ 84.599903, 27.04298 ], [ 84.599404, 27.042979 ], [ 84.599109, 27.042992 ], [ 84.59884, 27.043015 ], [ 84.59849, 27.043051 ], [ 84.598077, 27.043103 ], [ 84.597411, 27.043216 ], [ 84.597014, 27.04332 ], [ 84.596601, 27.043452 ], [ 84.59632, 27.043542 ], [ 84.59577, 27.04373 ], [ 84.595251, 27.043923 ], [ 84.592726, 27.044865 ], [ 84.589884, 27.045879 ], [ 84.587428, 27.046746 ], [ 84.586407, 27.04694 ], [ 84.586216, 27.046992 ], [ 84.585396, 27.047251 ], [ 84.584088, 27.047713 ], [ 84.583489, 27.047953 ], [ 84.583305, 27.048033 ], [ 84.58301, 27.048177 ], [ 84.582884, 27.048255 ], [ 84.58253, 27.048466 ], [ 84.582241, 27.048618 ], [ 84.581098, 27.049065 ], [ 84.580346, 27.04932 ], [ 84.579246, 27.049694 ], [ 84.578229, 27.050063 ], [ 84.576872, 27.050561 ], [ 84.575048, 27.051238 ], [ 84.574122, 27.051568 ], [ 84.57346, 27.051795 ], [ 84.573229, 27.051891 ], [ 84.573092, 27.051954 ], [ 84.572954, 27.052027 ], [ 84.572758, 27.052136 ], [ 84.572311, 27.052378 ], [ 84.572106, 27.05249 ], [ 84.571741, 27.05273 ], [ 84.57163, 27.052803 ], [ 84.571548, 27.05287 ], [ 84.571224, 27.053159 ], [ 84.570911, 27.053428 ], [ 84.570506, 27.053788 ], [ 84.570025, 27.054191 ], [ 84.568595, 27.055386 ], [ 84.564807, 27.058521 ], [ 84.562227, 27.060654 ], [ 84.561734, 27.061057 ], [ 84.560811, 27.061807 ], [ 84.560457, 27.062055 ], [ 84.560089, 27.062284 ], [ 84.559759, 27.062464 ], [ 84.559246, 27.062698 ], [ 84.558755, 27.062882 ], [ 84.557548, 27.063328 ], [ 84.554905, 27.064255 ], [ 84.549873, 27.066046 ], [ 84.54683, 27.067126 ], [ 84.544893, 27.067796 ], [ 84.544274, 27.068067 ], [ 84.538025, 27.070392 ], [ 84.536932, 27.070744 ], [ 84.533083, 27.072072 ], [ 84.53138, 27.072592 ], [ 84.526172, 27.074426 ], [ 84.522865, 27.075626 ], [ 84.521667, 27.076042 ], [ 84.518666, 27.077145 ], [ 84.518026, 27.077395 ], [ 84.517465, 27.077645 ], [ 84.516922, 27.077932 ], [ 84.516298, 27.078264 ], [ 84.515472, 27.07875 ], [ 84.51382, 27.079747 ] ] ] } },
{ "type": "Feature", "properties": { "ID": "150113429", "TRK_NME": "Samastipur to Gorakpur", "FTR_CRY": "BG", "CITY_NME": null, "STT_NME": "Bihar", "SHAPE_Leng": "0.111626716385964" }, "geometry": { "type": "MultiLineString", "coordinates": [ [ [ 84.525557, 26.974289 ], [ 84.521559, 26.979886 ], [ 84.519298, 26.983154 ], [ 84.51874, 26.984072 ], [ 84.518004, 26.98544 ], [ 84.517416, 26.986767 ], [ 84.515616, 26.990703 ], [ 84.50719, 27.008986 ], [ 84.506914, 27.009617 ], [ 84.503395, 27.017194 ], [ 84.50264, 27.018842 ], [ 84.501377, 27.021604 ], [ 84.499794, 27.025132 ], [ 84.495936, 27.0335 ], [ 84.494988, 27.035612 ], [ 84.493805, 27.038165 ], [ 84.492288, 27.041483 ], [ 84.489656, 27.047269 ], [ 84.488487, 27.049756 ], [ 84.487442, 27.052105 ], [ 84.48436, 27.058792 ], [ 84.48387, 27.059833 ], [ 84.481714, 27.064572 ], [ 84.480425, 27.067373 ], [ 84.479274, 27.070013 ], [ 84.478971, 27.070932 ], [ 84.478403, 27.072688 ], [ 84.477728, 27.0749 ] ] ] } },
{ "type": "Feature", "properties": { "ID": "150113393", "TRK_NME": null, "FTR_CRY": "MG", "CITY_NME": null, "STT_NME": "Bihar", "SHAPE_Leng": "0.027167678283392" }, "geometry": { "type": "MultiLineString", "coordinates": [ [ [ 84.808242, 26.990773 ], [ 84.811801, 26.990395 ], [ 84.813331, 26.990176 ], [ 84.814384, 26.990039 ], [ 84.817372, 26.989737 ], [ 84.819733, 26.98949 ], [ 84.824372, 26.989019 ], [ 84.835248, 26.987826 ] ] ] } },
{ "type": "Feature", "properties": { "ID": "150113386", "TRK_NME": null, "FTR_CRY": "BG", "CITY_NME": null, "STT_NME": "Bihar", "SHAPE_Leng": "0.03372940561334" }, "geometry": { "type": "MultiLineString", "coordinates": [ [ [ 84.538754, 26.803501 ], [ 84.540938, 26.803239 ], [ 84.546087, 26.802625 ], [ 84.552122, 26.801912 ], [ 84.555859, 26.801471 ], [ 84.564757, 26.800413 ], [ 84.57225, 26.79954 ] ] ] } },
{ "type": "Feature", "properties": { "ID": "150129307", "TRK_NME": null, "FTR_CRY": "BG", "CITY_NME": "Bettiah", "STT_NME": "Bihar", "SHAPE_Leng": "0.003515582660113" }, "geometry": { "type": "MultiLineString", "coordinates": [ [ [ 84.534581, 26.803991 ], [ 84.53691, 26.803716 ], [ 84.538072, 26.803576 ] ] ] } },
{ "type": "Feature", "properties": { "ID": "150129308", "TRK_NME": null, "FTR_CRY": "BG", "CITY_NME": "Bettiah", "STT_NME": "Bihar", "SHAPE_Leng": "6.8611150696E-4" }, "geometry": { "type": "MultiLineString", "coordinates": [ [ [ 84.538072, 26.803576 ], [ 84.538754, 26.803501 ] ] ] } },
{ "type": "Feature", "properties": { "ID": "150113346", "TRK_NME": null, "FTR_CRY": "BG", "CITY_NME": null, "STT_NME": "Bihar", "SHAPE_Leng": "0.061259999032149" }, "geometry": { "type": "MultiLineString", "coordinates": [ [ [ 84.899066, 26.67119 ], [ 84.897973, 26.672114 ], [ 84.897093, 26.672802 ], [ 84.896444, 26.673274 ], [ 84.895832, 26.67368 ], [ 84.89483, 26.674285 ], [ 84.89162, 26.675835 ], [ 84.89035, 26.67644 ], [ 84.888291, 26.67742 ], [ 84.884517, 26.67915 ], [ 84.883752, 26.679514 ], [ 84.882621, 26.680032 ], [ 84.88155, 26.680546 ], [ 84.880085, 26.681229 ], [ 84.879144, 26.681669 ], [ 84.877799, 26.682298 ], [ 84.876256, 26.683015 ], [ 84.875824, 26.68321 ], [ 84.870891, 26.685538 ], [ 84.867692, 26.687055 ], [ 84.860312, 26.690465 ], [ 84.857354, 26.691839 ], [ 84.854957, 26.692955 ], [ 84.852076, 26.694277 ], [ 84.847329, 26.696506 ], [ 84.844097, 26.698003 ] ] ] } },
{ "type": "Feature", "properties": { "ID": "150113347", "TRK_NME": null, "FTR_CRY": "BG", "CITY_NME": null, "STT_NME": "Bihar", "SHAPE_Leng": "0.054075053692273" }, "geometry": { "type": "MultiLineString", "coordinates": [ [ [ 84.773271, 26.809625 ], [ 84.772438, 26.80716 ], [ 84.771763, 26.805139 ], [ 84.770782, 26.802159 ], [ 84.770576, 26.801576 ], [ 84.769928, 26.799628 ], [ 84.769105, 26.797092 ], [ 84.768076, 26.793968 ], [ 84.767584, 26.792564 ], [ 84.766939, 26.790564 ], [ 84.766373, 26.788927 ], [ 84.765367, 26.785891 ], [ 84.765267, 26.785539 ], [ 84.765124, 26.7851 ], [ 84.76495, 26.784592 ], [ 84.764907, 26.78447 ], [ 84.764849, 26.784293 ], [ 84.764786, 26.784139 ], [ 84.764709, 26.78396 ], [ 84.764598, 26.783742 ], [ 84.76451, 26.78358 ], [ 84.764394, 26.783393 ], [ 84.764279, 26.783206 ], [ 84.764172, 26.783046 ], [ 84.764074, 26.782907 ], [ 84.763955, 26.782751 ], [ 84.763833, 26.782611 ], [ 84.763693, 26.78247 ], [ 84.76351, 26.7823 ], [ 84.762965, 26.781811 ], [ 84.761367, 26.78043 ], [ 84.760348, 26.779566 ], [ 84.759779, 26.779072 ], [ 84.759398, 26.778742 ], [ 84.759009, 26.778414 ], [ 84.758679, 26.778123 ], [ 84.758545, 26.778008 ], [ 84.75834, 26.777828 ], [ 84.758086, 26.777561 ], [ 84.757954, 26.777408 ], [ 84.757816, 26.777243 ], [ 84.757694, 26.777073 ], [ 84.757591, 26.776926 ], [ 84.757438, 26.776683 ], [ 84.757308, 26.776447 ], [ 84.757157, 26.776142 ], [ 84.757046, 26.775904 ], [ 84.756845, 26.775406 ], [ 84.756562, 26.774648 ], [ 84.756126, 26.773498 ], [ 84.755911, 26.772919 ], [ 84.75483, 26.770084 ], [ 84.753893, 26.767607 ], [ 84.752409, 26.763716 ], [ 84.751809, 26.762157 ], [ 84.751417, 26.761156 ] ] ] } },
{ "type": "Feature", "properties": { "ID": "150113348", "TRK_NME": null, "FTR_CRY": "BG", "CITY_NME": null, "STT_NME": "Bihar", "SHAPE_Leng": "0.039708684299119" }, "geometry": { "type": "MultiLineString", "coordinates": [ [ [ 84.731041, 26.761476 ], [ 84.730137, 26.761816 ], [ 84.72925, 26.762138 ], [ 84.728885, 26.76228 ], [ 84.727762, 26.762679 ], [ 84.725817, 26.763359 ], [ 84.720799, 26.76516 ], [ 84.718223, 26.766096 ], [ 84.714732, 26.767381 ], [ 84.71128, 26.768651 ], [ 84.707813, 26.769878 ], [ 84.705505, 26.770704 ], [ 84.70208, 26.771945 ], [ 84.701401, 26.772184 ], [ 84.700563846889523, 26.772490528710126 ] ], [ [ 84.697277001998359, 26.773668783166407 ], [ 84.696957, 26.773784 ], [ 84.693702, 26.774986 ] ] ] } },
{ "type": "Feature", "properties": { "ID": "150113170", "TRK_NME": null, "FTR_CRY": "BG", "CITY_NME": null, "STT_NME": "Bihar", "SHAPE_Leng": "0.009080185456146" }, "geometry": { "type": "MultiLineString", "coordinates": [ [ [ 84.751417, 26.761156 ], [ 84.751156, 26.760496 ], [ 84.750886, 26.759764 ], [ 84.750742, 26.759417 ], [ 84.750586, 26.759074 ], [ 84.750421, 26.758777 ], [ 84.750231, 26.758485 ], [ 84.750016, 26.758251 ], [ 84.749809, 26.758014 ], [ 84.749343, 26.757601 ], [ 84.749062, 26.757387 ], [ 84.748685, 26.757166 ], [ 84.74838, 26.757008 ], [ 84.748188, 26.756928 ], [ 84.747574, 26.756713 ], [ 84.747166, 26.756629 ], [ 84.746817, 26.756573 ], [ 84.746078, 26.756525 ], [ 84.745872, 26.756512 ], [ 84.745412, 26.756518 ], [ 84.744896, 26.756584 ], [ 84.744696, 26.756629 ] ] ] } },
{ "type": "Feature", "properties": { "ID": "150129382", "TRK_NME": null, "FTR_CRY": "BG", "CITY_NME": null, "STT_NME": "Bihar", "SHAPE_Leng": "0.004964739837816" }, "geometry": { "type": "MultiLineString", "coordinates": [ [ [ 84.735703, 26.759769 ], [ 84.734823, 26.760094 ], [ 84.733197, 26.76068 ], [ 84.731832, 26.761189 ], [ 84.731041, 26.761476 ] ] ] } },
{ "type": "Feature", "properties": { "ID": "150129383", "TRK_NME": null, "FTR_CRY": "BG", "CITY_NME": "Sugauli", "STT_NME": "Bihar", "SHAPE_Leng": "0.009532380585679" }, "geometry": { "type": "MultiLineString", "coordinates": [ [ [ 84.744696, 26.756629 ], [ 84.744589, 26.756646 ], [ 84.742646, 26.757196 ], [ 84.742291, 26.757322 ], [ 84.741812, 26.757513 ], [ 84.73859, 26.758689 ], [ 84.737124, 26.759243 ], [ 84.735703, 26.759769 ] ] ] } },
{ "type": "Feature", "properties": { "ID": "150113054", "TRK_NME": null, "FTR_CRY": "BG", "CITY_NME": null, "STT_NME": "Bihar", "SHAPE_Leng": "0.038019194379708" }, "geometry": { "type": "MultiLineString", "coordinates": [ [ [ 84.839034, 26.987314 ], [ 84.83846, 26.987215 ], [ 84.838142, 26.987163 ], [ 84.838007, 26.987137 ], [ 84.837737, 26.987059 ], [ 84.837481, 26.986986 ], [ 84.837245, 26.986911 ], [ 84.836533, 26.986645 ], [ 84.836025, 26.986371 ], [ 84.835655, 26.986164 ], [ 84.835456, 26.986043 ], [ 84.835231, 26.9859 ], [ 84.834885, 26.985638 ], [ 84.83462, 26.985433 ], [ 84.834443, 26.985284 ], [ 84.834096, 26.984966 ], [ 84.833819, 26.984681 ], [ 84.833562, 26.984419 ], [ 84.833432, 26.984261 ], [ 84.833305, 26.98407 ], [ 84.833162, 26.983862 ], [ 84.833006, 26.983622 ], [ 84.83285, 26.983365 ], [ 84.832657, 26.98299 ], [ 84.832525, 26.982688 ], [ 84.8324, 26.98237 ], [ 84.832321, 26.982122 ], [ 84.832252, 26.98187 ], [ 84.832186, 26.981575 ], [ 84.832086, 26.981052 ], [ 84.832057, 26.980769 ], [ 84.832035, 26.98039 ], [ 84.832025, 26.98017 ], [ 84.832038, 26.979634 ], [ 84.832089, 26.9788 ], [ 84.832129, 26.978238 ], [ 84.832205, 26.976944 ], [ 84.832221, 26.976656 ], [ 84.832325, 26.974685 ], [ 84.832413, 26.97278 ], [ 84.832516, 26.970499 ], [ 84.832577, 26.969455 ], [ 84.832604, 26.968922 ], [ 84.832649, 26.967891 ], [ 84.832713, 26.966531 ], [ 84.832821, 26.964142 ], [ 84.832935, 26.962131 ], [ 84.832973, 26.961209 ], [ 84.833002, 26.960687 ], [ 84.833018, 26.960298 ], [ 84.83302, 26.960178 ], [ 84.833023, 26.960058 ], [ 84.833031, 26.959645 ], [ 84.833034, 26.959492 ], [ 84.833029, 26.959346 ], [ 84.833023, 26.959131 ], [ 84.833007, 26.958921 ], [ 84.832997, 26.95874 ], [ 84.832986, 26.958593 ], [ 84.832965, 26.95845 ], [ 84.832939, 26.958242 ], [ 84.832918, 26.958025 ], [ 84.832902, 26.957884 ], [ 84.832881, 26.957742 ], [ 84.83286, 26.957624 ], [ 84.832825, 26.957488 ], [ 84.832783, 26.957325 ], [ 84.832746, 26.957176 ], [ 84.832698, 26.957042 ], [ 84.832656, 26.9569 ], [ 84.83256, 26.956572 ], [ 84.832171, 26.95558 ], [ 84.831504, 26.954035 ], [ 84.831247, 26.953433 ] ] ] } },
{ "type": "Feature", "properties": { "ID": "150129438", "TRK_NME": null, "FTR_CRY": "BG", "CITY_NME": "Raxaul Bazar", "STT_NME": "Bihar", "SHAPE_Leng": "0.001063109269373" }, "geometry": { "type": "MultiLineString", "coordinates": [ [ [ 84.840085, 26.987474 ], [ 84.839446, 26.987377 ], [ 84.839034, 26.987314 ] ] ] } },
{ "type": "Feature", "properties": { "ID": "150129446", "TRK_NME": null, "FTR_CRY": "BG", "CITY_NME": "Motihari", "STT_NME": "Bihar", "SHAPE_Leng": "0.016707321750845" }, "geometry": { "type": "MultiLineString", "coordinates": [ [ [ 84.90544, 26.639044 ], [ 84.905496, 26.63748 ], [ 84.905514, 26.636507 ], [ 84.905561, 26.634045 ], [ 84.905636, 26.632005 ], [ 84.905685, 26.629372 ], [ 84.905715, 26.627997 ], [ 84.905715, 26.626513 ], [ 84.905703, 26.625965 ], [ 84.905632, 26.623932 ], [ 84.905632, 26.623402 ], [ 84.90565, 26.622377 ], [ 84.905651, 26.622342 ] ] ] } },
{ "type": "Feature", "properties": { "ID": "150113041", "TRK_NME": "Samastipur to Gorakpur", "FTR_CRY": "BG", "CITY_NME": null, "STT_NME": "Bihar", "SHAPE_Leng": "0.034506967608613" }, "geometry": { "type": "MultiLineString", "coordinates": [ [ [ 84.514381, 26.882546 ], [ 84.515404, 26.886249 ], [ 84.516563, 26.890447 ], [ 84.517837, 26.895075 ], [ 84.519616, 26.901446 ], [ 84.520785, 26.905631 ], [ 84.523555, 26.915811 ] ] ] } },
{ "type": "Feature", "properties": { "ID": "150129454", "TRK_NME": "Samastipur to Gorakpur", "FTR_CRY": "BG", "CITY_NME": null, "STT_NME": "Bihar", "SHAPE_Leng": "0.02333066036923" }, "geometry": { "type": "MultiLineString", "coordinates": [ [ [ 84.503174, 26.841971 ], [ 84.504423, 26.846464 ], [ 84.505116, 26.849022 ], [ 84.506296, 26.853253 ], [ 84.507148, 26.85629 ], [ 84.50938, 26.864461 ] ] ] } },
{ "type": "Feature", "properties": { "ID": "150129455", "TRK_NME": "Samastipur to Gorakpur", "FTR_CRY": "BG", "CITY_NME": "Kumarbagh", "STT_NME": "Bihar", "SHAPE_Leng": "0.018763862309727" }, "geometry": { "type": "MultiLineString", "coordinates": [ [ [ 84.50938, 26.864461 ], [ 84.50999, 26.866663 ], [ 84.511481, 26.872131 ], [ 84.512334, 26.875121 ], [ 84.514381, 26.882546 ] ] ] } },
{ "type": "Feature", "properties": { "ID": "150113172", "TRK_NME": null, "FTR_CRY": "BG", "CITY_NME": null, "STT_NME": "Bihar", "SHAPE_Leng": "0.006158024755833" }, "geometry": { "type": "MultiLineString", "coordinates": [ [ [ 84.902824, 26.666343 ], [ 84.902357, 26.667162 ], [ 84.901309, 26.668679 ], [ 84.900651, 26.669524 ], [ 84.899844, 26.67042 ], [ 84.899066, 26.67119 ] ] ] } },
{ "type": "Feature", "properties": { "ID": "150132251", "TRK_NME": null, "FTR_CRY": "BG", "CITY_NME": "Motihari", "STT_NME": "Bihar", "SHAPE_Leng": "0.027670967643047" }, "geometry": { "type": "MultiLineString", "coordinates": [ [ [ 84.90544, 26.639044 ], [ 84.905398, 26.64179 ], [ 84.905336, 26.644336 ], [ 84.905292, 26.646508 ], [ 84.905132, 26.652947 ], [ 84.905026, 26.657298 ], [ 84.905015, 26.657976 ], [ 84.904949, 26.659331 ], [ 84.904924, 26.659571 ], [ 84.904822, 26.660426 ], [ 84.90475, 26.660851 ], [ 84.904695, 26.661146 ], [ 84.904622, 26.661444 ], [ 84.904368, 26.662514 ], [ 84.904321, 26.66268 ], [ 84.904241, 26.662958 ], [ 84.903922, 26.663895 ], [ 84.903639, 26.664651 ], [ 84.903312, 26.665364 ], [ 84.903043, 26.665931 ], [ 84.902824, 26.666343 ] ] ] } },
{ "type": "Feature", "properties": { "ID": "150113123", "TRK_NME": null, "FTR_CRY": "MG", "CITY_NME": null, "STT_NME": "Bihar", "SHAPE_Leng": "0.003518881158116" }, "geometry": { "type": "MultiLineString", "coordinates": [ [ [ 84.835248, 26.987826 ], [ 84.837765, 26.987605 ], [ 84.838755, 26.987539 ] ] ] } },
{ "type": "Feature", "properties": { "ID": "150132981", "TRK_NME": null, "FTR_CRY": "MG", "CITY_NME": "Raxaul Bazar", "STT_NME": "Bihar", "SHAPE_Leng": "0.001331587398552" }, "geometry": { "type": "MultiLineString", "coordinates": [ [ [ 84.838755, 26.987539 ], [ 84.840085, 26.987474 ] ] ] } },
{ "type": "Feature", "properties": { "ID": "150127209", "TRK_NME": null, "FTR_CRY": "BG", "CITY_NME": null, "STT_NME": "Bihar", "SHAPE_Leng": "0.001262905380449" }, "geometry": { "type": "MultiLineString", "coordinates": [ [ [ 84.858676, 26.982354 ], [ 84.859565, 26.981457 ] ] ] } },
{ "type": "Feature", "properties": { "ID": "150113246", "TRK_NME": null, "FTR_CRY": "BG", "CITY_NME": null, "STT_NME": "Bihar", "SHAPE_Leng": "0.030247949791715" }, "geometry": { "type": "MultiLineString", "coordinates": [ [ [ 84.838714, 26.987628 ], [ 84.83786, 26.987704 ], [ 84.837678, 26.987728 ], [ 84.837472, 26.987766 ], [ 84.837255, 26.987832 ], [ 84.836995, 26.987924 ], [ 84.836808, 26.988006 ], [ 84.836656, 26.988096 ], [ 84.836365, 26.988256 ], [ 84.836113, 26.988419 ], [ 84.835915, 26.988565 ], [ 84.835744, 26.988723 ], [ 84.835574, 26.988908 ], [ 84.835419, 26.989074 ], [ 84.835325, 26.989176 ], [ 84.835206, 26.989351 ], [ 84.835121, 26.989511 ], [ 84.835001, 26.989783 ], [ 84.83489, 26.990122 ], [ 84.834831, 26.990372 ], [ 84.834791, 26.990731 ], [ 84.834791, 26.990929 ], [ 84.834811, 26.991273 ], [ 84.834849, 26.991516 ], [ 84.834904, 26.991728 ], [ 84.834988, 26.991926 ], [ 84.835066, 26.992097 ], [ 84.835183, 26.992344 ], [ 84.835247, 26.992454 ], [ 84.835352, 26.992599 ], [ 84.83548, 26.992765 ], [ 84.835607, 26.99292 ], [ 84.835718, 26.993036 ], [ 84.836779, 26.994163 ], [ 84.838128, 26.995584 ], [ 84.839849, 26.997403 ], [ 84.841203, 26.998846 ], [ 84.842209, 26.999938 ], [ 84.843096, 27.000895 ], [ 84.843262, 27.001076 ], [ 84.843524, 27.001387 ], [ 84.843667, 27.001551 ], [ 84.843766, 27.001682 ], [ 84.843881, 27.001845 ], [ 84.843987, 27.002001 ], [ 84.844069, 27.002129 ], [ 84.84421, 27.002389 ], [ 84.844307, 27.002595 ], [ 84.844382, 27.002783 ], [ 84.844429, 27.002923 ], [ 84.844489, 27.003086 ], [ 84.844542, 27.003248 ], [ 84.844593, 27.003449 ], [ 84.844634, 27.003634 ], [ 84.844661, 27.003802 ], [ 84.844688, 27.003982 ], [ 84.844709, 27.004142 ], [ 84.844741, 27.0045 ], [ 84.844746, 27.004623 ], [ 84.844752, 27.004832 ], [ 84.84477, 27.005646 ], [ 84.84477, 27.006231 ], [ 84.844731, 27.008347 ], [ 84.844724, 27.009511 ], [ 84.844744, 27.009956 ], [ 84.844768, 27.01024 ], [ 84.844812, 27.010506 ], [ 84.844879, 27.010837 ], [ 84.84499, 27.011251 ], [ 84.845116255783864, 27.011704650092152 ] ] ] } },
{ "type": "Feature", "properties": { "ID": "150132223", "TRK_NME": null, "FTR_CRY": "BG", "CITY_NME": "Raxaul Bazar", "STT_NME": "Bihar", "SHAPE_Leng": "0.001380373312131" }, "geometry": { "type": "MultiLineString", "coordinates": [ [ [ 84.840085, 26.987474 ], [ 84.839587, 26.987552 ], [ 84.838714, 26.987628 ] ] ] } },
{ "type": "Feature", "properties": { "ID": "150113087", "TRK_NME": null, "FTR_CRY": "BG", "CITY_NME": null, "STT_NME": "Bihar", "SHAPE_Leng": "0.043620731864413" }, "geometry": { "type": "MultiLineString", "coordinates": [ [ [ 84.780264, 26.732268 ], [ 84.779542, 26.732813 ], [ 84.777593, 26.734387 ], [ 84.774425, 26.736952 ], [ 84.772353, 26.738604 ], [ 84.769821, 26.740635 ], [ 84.767759, 26.74229 ], [ 84.764192, 26.74515 ], [ 84.762411, 26.746569 ], [ 84.760099, 26.748367 ], [ 84.757407, 26.75021 ], [ 84.756627, 26.750725 ], [ 84.755193, 26.751614 ], [ 84.754058, 26.752232 ], [ 84.753598, 26.752495 ], [ 84.752407, 26.753117 ], [ 84.75147, 26.753587 ], [ 84.750016, 26.754291 ], [ 84.747886, 26.755278 ], [ 84.746696, 26.755764 ], [ 84.746054, 26.756014 ], [ 84.745517, 26.756211 ], [ 84.74437, 26.756593 ] ] ] } },
{ "type": "Feature", "properties": { "ID": "150132231", "TRK_NME": null, "FTR_CRY": "BG", "CITY_NME": "Sugauli", "STT_NME": "Bihar", "SHAPE_Leng": "0.001826434548963" }, "geometry": { "type": "MultiLineString", "coordinates": [ [ [ 84.74437, 26.756593 ], [ 84.743579, 26.756865 ], [ 84.742646, 26.757196 ] ] ] } },
{ "type": "Feature", "properties": { "ID": "150164370", "TRK_NME": null, "FTR_CRY": "BG", "CITY_NME": null, "STT_NME": "Bihar", "SHAPE_Leng": "0.003147867849851" }, "geometry": { "type": "MultiLineString", "coordinates": [ [ [ 84.905651, 26.622342 ], [ 84.905807, 26.619198 ] ] ] } },
{ "type": "Feature", "properties": { "ID": "150164373", "TRK_NME": null, "FTR_CRY": "BG", "CITY_NME": "Raxaul Bazar", "STT_NME": "Bihar", "SHAPE_Leng": "0.007892219710006" }, "geometry": { "type": "MultiLineString", "coordinates": [ [ [ 84.841416, 26.988276 ], [ 84.844178, 26.987988 ], [ 84.844507, 26.987955 ], [ 84.844988, 26.987846 ], [ 84.846785, 26.987377 ], [ 84.848336, 26.986952 ], [ 84.849127, 26.986714 ] ] ] } },
{ "type": "Feature", "properties": { "ID": "150164374", "TRK_NME": null, "FTR_CRY": "BG", "CITY_NME": "Raxaul Bazar", "STT_NME": "Bihar", "SHAPE_Leng": "0.00659291827149" }, "geometry": { "type": "MultiLineString", "coordinates": [ [ [ 84.848336, 26.986952 ], [ 84.847113, 26.987209 ], [ 84.846229, 26.987426 ], [ 84.845991, 26.987471 ], [ 84.845086, 26.987577 ], [ 84.842858, 26.987797 ], [ 84.841823, 26.987906 ] ] ] } },
{ "type": "Feature", "properties": { "ID": "150164375", "TRK_NME": null, "FTR_CRY": "MG", "CITY_NME": "Raxaul Bazar", "STT_NME": "Bihar", "SHAPE_Leng": "0.005486756810936" }, "geometry": { "type": "MultiLineString", "coordinates": [ [ [ 84.853608, 26.986034 ], [ 84.853309, 26.986056 ], [ 84.851975, 26.98619 ], [ 84.849672, 26.986429 ], [ 84.848149, 26.986584 ] ] ] } },
{ "type": "Feature", "properties": { "ID": "150164376", "TRK_NME": null, "FTR_CRY": "MG", "CITY_NME": "Raxaul Bazar", "STT_NME": "Bihar", "SHAPE_Leng": "0.003120219856393" }, "geometry": { "type": "MultiLineString", "coordinates": [ [ [ 84.84924, 26.986515 ], [ 84.848149, 26.986584 ], [ 84.847325, 26.986585 ], [ 84.846127, 26.986695 ] ] ] } },
{ "type": "Feature", "properties": { "ID": "150164377", "TRK_NME": null, "FTR_CRY": "MG", "CITY_NME": "Raxaul Bazar", "STT_NME": "Bihar", "SHAPE_Leng": "0.006007029754511" }, "geometry": { "type": "MultiLineString", "coordinates": [ [ [ 84.845989, 26.986641 ], [ 84.847225, 26.986514 ], [ 84.847405, 26.986504 ], [ 84.847926, 26.986509 ], [ 84.848087, 26.986497 ], [ 84.849469, 26.986372 ], [ 84.850953, 26.986221 ], [ 84.851975, 26.98619 ] ] ] } },
{ "type": "Feature", "properties": { "ID": "150164378", "TRK_NME": null, "FTR_CRY": "MG", "CITY_NME": "Raxaul Bazar", "STT_NME": "Bihar", "SHAPE_Leng": "0.006637214987762" }, "geometry": { "type": "MultiLineString", "coordinates": [ [ [ 84.841537, 26.987415 ], [ 84.842456, 26.987436 ], [ 84.84299, 26.98742 ], [ 84.84443, 26.987297 ], [ 84.846142, 26.987118 ], [ 84.846791, 26.987037 ], [ 84.847624, 26.986884 ], [ 84.84814, 26.98687 ] ] ] } },
{ "type": "Feature", "properties": { "ID": "150164379", "TRK_NME": null, "FTR_CRY": "MG", "CITY_NME": null, "STT_NME": "Bihar", "SHAPE_Leng": "0.002002713150599" }, "geometry": { "type": "MultiLineString", "coordinates": [ [ [ 84.839446, 26.987377 ], [ 84.839891, 26.987382 ], [ 84.840238, 26.987363 ], [ 84.841442, 26.987241 ] ] ] } },
{ "type": "Feature", "properties": { "ID": "150164380", "TRK_NME": null, "FTR_CRY": "MG", "CITY_NME": "Raxaul Bazar", "STT_NME": "Bihar", "SHAPE_Leng": "0.006739863009511" }, "geometry": { "type": "MultiLineString", "coordinates": [ [ [ 84.841442, 26.987241 ], [ 84.842689, 26.987127 ], [ 84.844298, 26.986948 ], [ 84.845928, 26.986762 ], [ 84.847386, 26.986639 ], [ 84.848149, 26.986584 ] ] ] } },
{ "type": "Feature", "properties": { "ID": "150164381", "TRK_NME": null, "FTR_CRY": "MG", "CITY_NME": "Raxaul Bazar", "STT_NME": "Bihar", "SHAPE_Leng": "0.009398274050182" }, "geometry": { "type": "MultiLineString", "coordinates": [ [ [ 84.84924, 26.986515 ], [ 84.84796, 26.986667 ], [ 84.846928, 26.986804 ], [ 84.845589, 26.98696 ], [ 84.843506, 26.987167 ], [ 84.841982, 26.987314 ], [ 84.841545, 26.987349 ], [ 84.840606, 26.987418 ], [ 84.839891, 26.987382 ] ] ] } },
{ "type": "Feature", "properties": { "ID": "150164382", "TRK_NME": null, "FTR_CRY": "MG", "CITY_NME": "Raxaul Bazar", "STT_NME": "Bihar", "SHAPE_Leng": "0.001219381620437" }, "geometry": { "type": "MultiLineString", "coordinates": [ [ [ 84.840238, 26.987363 ], [ 84.840675, 26.987363 ], [ 84.841455, 26.987302 ] ] ] } },
{ "type": "Feature", "properties": { "ID": "150164383", "TRK_NME": null, "FTR_CRY": "MG", "CITY_NME": "Raxaul Bazar", "STT_NME": "Bihar", "SHAPE_Leng": "0.006536070929144" }, "geometry": { "type": "MultiLineString", "coordinates": [ [ [ 84.841455, 26.987302 ], [ 84.842548, 26.987184 ], [ 84.844229, 26.987023 ], [ 84.846005, 26.986842 ], [ 84.847164, 26.986735 ], [ 84.84796, 26.986667 ] ] ] } },
{ "type": "Feature", "properties": { "ID": "150113273", "TRK_NME": "Narktiaganj to Gorakpur", "FTR_CRY": "BG", "CITY_NME": null, "STT_NME": "Bihar", "SHAPE_Leng": "0.223012282302538" }, "geometry": { "type": "MultiLineString", "coordinates": [ [ [ 85.20874, 26.751042 ], [ 85.208014, 26.75166 ], [ 85.206738, 26.752744 ], [ 85.206188, 26.75322 ], [ 85.205462, 26.753836 ], [ 85.203581, 26.755434 ], [ 85.201977, 26.756795 ], [ 85.199417, 26.759007 ], [ 85.197488, 26.760641 ], [ 85.194129, 26.763504 ], [ 85.189037, 26.767876 ], [ 85.185187, 26.771096 ], [ 85.183429, 26.772639 ], [ 85.182193, 26.773701 ], [ 85.180381, 26.77527 ], [ 85.179358, 26.776145 ], [ 85.177568, 26.777669 ], [ 85.175711, 26.779264 ], [ 85.175059, 26.779835 ], [ 85.173186, 26.781412 ], [ 85.172038, 26.782366 ], [ 85.170591, 26.783631 ], [ 85.16735, 26.786411 ], [ 85.16567, 26.787852 ], [ 85.165244, 26.788214 ], [ 85.164522, 26.788832 ], [ 85.164112, 26.789185 ], [ 85.162782, 26.79032 ], [ 85.153594, 26.798216 ], [ 85.152771, 26.7989 ], [ 85.146049, 26.804652 ], [ 85.144044, 26.80639 ], [ 85.141577, 26.808511 ], [ 85.138223, 26.811381 ], [ 85.134328, 26.814677 ], [ 85.130294, 26.818157 ], [ 85.125108, 26.822579 ], [ 85.123252, 26.824202 ], [ 85.120223, 26.82688 ], [ 85.119478, 26.827504 ], [ 85.118962, 26.827884 ], [ 85.118546, 26.828113 ], [ 85.118237, 26.828252 ], [ 85.117824, 26.828399 ], [ 85.116836, 26.828647 ], [ 85.116097, 26.828751 ], [ 85.113016, 26.829205 ], [ 85.103809, 26.830568 ], [ 85.101985, 26.830834 ], [ 85.094807, 26.831899 ], [ 85.091662, 26.832341 ], [ 85.077636, 26.834436 ], [ 85.075383, 26.834771 ], [ 85.07373, 26.834997 ], [ 85.070512, 26.83546 ], [ 85.068866, 26.835711 ], [ 85.067457, 26.836044 ], [ 85.066708, 26.836276 ], [ 85.065777, 26.836593 ], [ 85.064216, 26.837098 ], [ 85.06198, 26.83784 ], [ 85.061341, 26.838057 ], [ 85.056712, 26.839657 ], [ 85.05368, 26.840721 ], [ 85.05245, 26.841132 ], [ 85.047795, 26.842604 ], [ 85.046427, 26.843067 ], [ 85.04481, 26.843622 ], [ 85.041732, 26.844649 ], [ 85.04077, 26.844967 ], [ 85.038644, 26.8457 ], [ 85.037559, 26.846074 ], [ 85.035727, 26.84669 ], [ 85.030483, 26.84844 ], [ 85.028343, 26.849164 ], [ 85.027428, 26.849363 ], [ 85.027015, 26.849437 ], [ 85.026247, 26.849526 ], [ 85.024352, 26.849808 ], [ 85.022576, 26.850039 ], [ 85.021198, 26.850256 ], [ 85.019345, 26.850573 ], [ 85.017112, 26.850929 ] ] ] } },
{ "type": "Feature", "properties": { "ID": "150127208", "TRK_NME": "Narktiaganj to Gorakpur", "FTR_CRY": "BG", "CITY_NME": null, "STT_NME": "Bihar", "SHAPE_Leng": "0.180387433708622" }, "geometry": { "type": "MultiLineString", "coordinates": [ [ [ 85.017112, 26.850929 ], [ 85.013927, 26.851407 ], [ 85.012423, 26.851683 ], [ 85.01072, 26.851927 ], [ 85.009368, 26.852164 ], [ 85.008533, 26.852331 ], [ 85.008107, 26.852467 ], [ 85.007518, 26.852705 ], [ 85.006943, 26.852996 ], [ 85.00654, 26.853263 ], [ 85.006034, 26.853669 ], [ 85.005389, 26.854382 ], [ 85.004976, 26.855035 ], [ 85.00468, 26.85548 ], [ 85.004384, 26.855966 ], [ 85.004057, 26.856501 ], [ 85.003545, 26.857332 ], [ 85.003056, 26.858139 ], [ 85.00246, 26.859091 ], [ 85.001835, 26.860103 ], [ 85.001322, 26.860919 ], [ 85.000773, 26.861836 ], [ 85.000207, 26.862759 ], [ 84.999339, 26.864148 ], [ 84.99854, 26.865475 ], [ 84.998038, 26.866255 ], [ 84.997122, 26.86773 ], [ 84.996467, 26.868822 ], [ 84.995712, 26.870054 ], [ 84.994657, 26.871778 ], [ 84.993911, 26.872983 ], [ 84.992623, 26.875102 ], [ 84.992211, 26.875752 ], [ 84.991272, 26.877283 ], [ 84.990307, 26.87883 ], [ 84.989708, 26.879812 ], [ 84.988737, 26.881379 ], [ 84.988178, 26.882281 ], [ 84.987542, 26.883358 ], [ 84.98684, 26.884474 ], [ 84.986058, 26.885777 ], [ 84.984238, 26.888708 ], [ 84.982524, 26.891511 ], [ 84.980281, 26.895136 ], [ 84.978944, 26.897348 ], [ 84.977669, 26.8995 ], [ 84.97671, 26.901155 ], [ 84.975033, 26.903792 ], [ 84.974339, 26.904841 ], [ 84.973728, 26.905828 ], [ 84.973293, 26.906491 ], [ 84.969841, 26.912023 ], [ 84.969601, 26.912337 ], [ 84.969242, 26.912693 ], [ 84.968902, 26.913001 ], [ 84.968276, 26.913399 ], [ 84.964283, 26.915245 ], [ 84.9528, 26.920478 ], [ 84.947623, 26.922812 ], [ 84.946448, 26.923335 ], [ 84.944455, 26.924248 ], [ 84.940994, 26.925857 ], [ 84.939555, 26.926506 ], [ 84.938341, 26.927062 ], [ 84.935918, 26.928153 ], [ 84.934248, 26.928913 ], [ 84.932701, 26.929604 ], [ 84.929077, 26.931265 ], [ 84.925021, 26.933102 ], [ 84.918981, 26.935834 ], [ 84.91786, 26.93638 ], [ 84.915674, 26.93735 ], [ 84.912985, 26.938551 ], [ 84.910937, 26.939508 ], [ 84.909598, 26.940125 ], [ 84.908746, 26.9405 ], [ 84.907803, 26.940921 ], [ 84.906302, 26.941599 ], [ 84.905357, 26.942019 ], [ 84.903569, 26.942855 ], [ 84.902216, 26.943461 ], [ 84.900875, 26.944058 ], [ 84.899136, 26.94484 ], [ 84.898313, 26.945223 ], [ 84.894313, 26.94702 ], [ 84.893298, 26.947468 ], [ 84.892014, 26.948118 ], [ 84.891701, 26.948302 ], [ 84.891052, 26.948744 ], [ 84.890636, 26.949085 ], [ 84.890277, 26.949471 ], [ 84.889449, 26.950381 ], [ 84.889023, 26.950844 ], [ 84.888098, 26.95187 ], [ 84.887542, 26.952481 ], [ 84.88694, 26.953169 ], [ 84.886318, 26.953786 ], [ 84.885849, 26.954276 ], [ 84.885626, 26.954504 ], [ 84.885135, 26.955005 ], [ 84.884568, 26.9556 ], [ 84.88412, 26.956064 ], [ 84.881994, 26.9582 ] ] ] } },
{ "type": "Feature", "properties": { "ID": "150113394", "TRK_NME": null, "FTR_CRY": "BG", "CITY_NME": null, "STT_NME": "Bihar", "SHAPE_Leng": "0.032319514669713" }, "geometry": { "type": "MultiLineString", "coordinates": [ [ [ 84.859565, 26.981457 ], [ 84.86035, 26.980693 ], [ 84.861582, 26.979424 ], [ 84.863502, 26.97744 ], [ 84.868385, 26.972366 ], [ 84.871181, 26.969377 ], [ 84.872479, 26.96798 ], [ 84.873557, 26.966883 ], [ 84.874083, 26.966308 ], [ 84.875208, 26.965065 ], [ 84.876126, 26.964092 ], [ 84.877358, 26.962814 ], [ 84.878097, 26.962037 ], [ 84.878666, 26.961435 ], [ 84.879381, 26.960697 ], [ 84.879927, 26.960131 ], [ 84.880723, 26.959303 ], [ 84.881994, 26.9582 ] ] ] } },
{ "type": "Feature", "properties": { "ID": "150113046", "TRK_NME": null, "FTR_CRY": "BG", "CITY_NME": null, "STT_NME": "Bihar", "SHAPE_Leng": "0.009176469707136" }, "geometry": { "type": "MultiLineString", "coordinates": [ [ [ 84.905807, 26.619198 ], [ 84.905893, 26.618107 ], [ 84.905926, 26.617 ], [ 84.905981, 26.6141 ], [ 84.90599, 26.613515 ], [ 84.90599, 26.613461 ], [ 84.905996, 26.613214 ], [ 84.906073, 26.610027 ] ] ] } },
{ "type": "Feature", "properties": { "ID": "150113137", "TRK_NME": null, "FTR_CRY": "BG", "CITY_NME": null, "STT_NME": "Bihar", "SHAPE_Leng": "0.002320297012803" }, "geometry": { "type": "MultiLineString", "coordinates": [ [ [ 85.044914, 26.419918 ], [ 85.043927, 26.421016 ], [ 85.043444, 26.421708 ] ] ] } },
{ "type": "Feature", "properties": { "ID": "150129341", "TRK_NME": null, "FTR_CRY": "BG", "CITY_NME": null, "STT_NME": "Bihar", "SHAPE_Leng": "5.70606545762E-4" }, "geometry": { "type": "MultiLineString", "coordinates": [ [ [ 85.056344, 26.4089 ], [ 85.055908, 26.409268 ] ] ] } },
{ "type": "Feature", "properties": { "ID": "150129342", "TRK_NME": null, "FTR_CRY": "BG", "CITY_NME": "Chakia", "STT_NME": "Bihar", "SHAPE_Leng": "0.015390048721412" }, "geometry": { "type": "MultiLineString", "coordinates": [ [ [ 85.055908, 26.409268 ], [ 85.055574, 26.409538 ], [ 85.0548, 26.41008 ], [ 85.054033, 26.410629 ], [ 85.05275, 26.41158 ], [ 85.052269, 26.411938 ], [ 85.051588, 26.412511 ], [ 85.050824, 26.413189 ], [ 85.050262, 26.413707 ], [ 85.049328, 26.414673 ], [ 85.048921, 26.415151 ], [ 85.047824, 26.416534 ], [ 85.046112, 26.418496 ], [ 85.044914, 26.419918 ] ] ] } },
{ "type": "Feature", "properties": { "ID": "150113267", "TRK_NME": "Samastipur to Gorakpur", "FTR_CRY": "BG", "CITY_NME": null, "STT_NME": "Bihar", "SHAPE_Leng": "0.222484437191872" }, "geometry": { "type": "MultiLineString", "coordinates": [ [ [ 85.028368, 26.441577 ], [ 85.026701, 26.443495 ], [ 85.025119, 26.445315 ], [ 85.022879, 26.447895 ], [ 85.018599, 26.452806 ], [ 85.015723, 26.456106 ], [ 85.013819, 26.458306 ], [ 85.013189, 26.459008 ], [ 85.00791, 26.465123 ], [ 85.006513, 26.466707 ], [ 85.004571, 26.468935 ], [ 85.003338, 26.470387 ], [ 84.998969, 26.475421 ], [ 84.992501, 26.482863 ], [ 84.990247, 26.485408 ], [ 84.989458, 26.486293 ], [ 84.989036, 26.486782 ], [ 84.987824, 26.488185 ], [ 84.986643, 26.489536 ], [ 84.98514, 26.491301 ], [ 84.982928, 26.493809 ], [ 84.981665, 26.495139 ], [ 84.979997, 26.496735 ], [ 84.977912, 26.498545 ], [ 84.976091, 26.500002 ], [ 84.974521, 26.501162 ], [ 84.971483, 26.503209 ], [ 84.968511, 26.504941 ], [ 84.966347, 26.506057 ], [ 84.96355, 26.507371 ], [ 84.959034, 26.509431 ], [ 84.954333, 26.511582 ], [ 84.95392, 26.511761 ], [ 84.952468, 26.512425 ], [ 84.94382, 26.516389 ], [ 84.942002, 26.517259 ], [ 84.939728, 26.518471 ], [ 84.938283, 26.519388 ], [ 84.936877, 26.520304 ], [ 84.935231, 26.521562 ], [ 84.934253, 26.522421 ], [ 84.932927, 26.523643 ], [ 84.932304, 26.524275 ], [ 84.931064, 26.525593 ], [ 84.929505, 26.527467 ], [ 84.927695, 26.529829 ], [ 84.924722, 26.533677 ], [ 84.921653, 26.537705 ], [ 84.914686, 26.546725 ], [ 84.913176, 26.54873 ], [ 84.912155, 26.550197 ], [ 84.910806, 26.552417 ], [ 84.910125, 26.553703 ], [ 84.909419, 26.555359 ], [ 84.908807, 26.556899 ], [ 84.908337, 26.558286 ], [ 84.907944, 26.559768 ], [ 84.907574, 26.5614 ], [ 84.907372, 26.562582 ], [ 84.907221, 26.563803 ], [ 84.907132, 26.564728 ], [ 84.907077, 26.565726 ], [ 84.907016, 26.568402 ], [ 84.906937, 26.571782 ], [ 84.906879, 26.573374 ], [ 84.906766, 26.577632 ], [ 84.906687, 26.579714 ], [ 84.906615, 26.58491 ], [ 84.906456, 26.591941 ], [ 84.906073, 26.610027 ] ] ] } },
{ "type": "Feature", "properties": { "ID": "150113383", "TRK_NME": null, "FTR_CRY": "BG", "CITY_NME": null, "STT_NME": "Bihar", "SHAPE_Leng": "0.025040824702733" }, "geometry": { "type": "MultiLineString", "coordinates": [ [ [ 85.043444, 26.421708 ], [ 85.042735, 26.422759 ], [ 85.042372, 26.42331 ], [ 85.041872, 26.424205 ], [ 85.041246, 26.425412 ], [ 85.040859, 26.426194 ], [ 85.0404, 26.427054 ], [ 85.039441, 26.428599 ], [ 85.039352, 26.42873 ], [ 85.039075, 26.429086 ], [ 85.038123, 26.430275 ], [ 85.036058, 26.432713 ], [ 85.034963, 26.433991 ], [ 85.033487, 26.435692 ], [ 85.030892, 26.43866 ], [ 85.029683, 26.44007 ], [ 85.028368, 26.441577 ] ] ] } },
{ "type": "Feature", "properties": { "ID": "150133489", "TRK_NME": null, "FTR_CRY": "MG", "CITY_NME": "Raxaul Bazar", "STT_NME": "Bihar", "SHAPE_Leng": "0.013391997027135" }, "geometry": { "type": "MultiLineString", "coordinates": [ [ [ 84.840085, 26.987474 ], [ 84.841537, 26.987415 ], [ 84.843017, 26.987335 ], [ 84.845739, 26.987067 ], [ 84.846764, 26.986959 ], [ 84.847113, 26.98689 ], [ 84.848069, 26.986709 ], [ 84.848691, 26.986607 ], [ 84.84924, 26.986515 ], [ 84.851496, 26.98628 ], [ 84.853393, 26.986086 ] ] ] } },
{ "type": "Feature", "properties": { "ID": "150164637", "TRK_NME": null, "FTR_CRY": "BG", "CITY_NME": "Raxaul Bazar", "STT_NME": "Bihar", "SHAPE_Leng": "0.006621204230996" }, "geometry": { "type": "MultiLineString", "coordinates": [ [ [ 84.853393, 26.986086 ], [ 84.853608, 26.986034 ], [ 84.854036, 26.985931 ], [ 84.854264, 26.985869 ], [ 84.854563, 26.985768 ], [ 84.854857, 26.985655 ], [ 84.85508, 26.985557 ], [ 84.855314, 26.98544 ], [ 84.855539, 26.985317 ], [ 84.855712, 26.985213 ], [ 84.855876, 26.985104 ], [ 84.856024, 26.985001 ], [ 84.856209, 26.984861 ], [ 84.856466, 26.984656 ], [ 84.856668, 26.98446 ], [ 84.856842, 26.984289 ], [ 84.858019, 26.983053 ], [ 84.858676, 26.982354 ] ] ] } },
{ "type": "Feature", "properties": { "ID": "150113135", "TRK_NME": null, "FTR_CRY": "BG", "CITY_NME": null, "STT_NME": "Bihar", "SHAPE_Leng": "0.02111058059645" }, "geometry": { "type": "MultiLineString", "coordinates": [ [ [ 84.503174, 26.841971 ], [ 84.503119, 26.841762 ], [ 84.503017, 26.841378 ], [ 84.502043, 26.83781 ], [ 84.501796, 26.836906 ], [ 84.501129, 26.834482 ], [ 84.500898, 26.833662 ], [ 84.500331, 26.8315 ], [ 84.500236, 26.831003 ], [ 84.500163, 26.830488 ], [ 84.500101, 26.829898 ], [ 84.50005, 26.829037 ], [ 84.50005, 26.828688 ], [ 84.500061, 26.828027 ], [ 84.500138, 26.827095 ], [ 84.500265, 26.826201 ], [ 84.500393, 26.825559 ], [ 84.500482, 26.825133 ], [ 84.500626, 26.82451 ], [ 84.50081, 26.823624 ], [ 84.50097, 26.822885 ], [ 84.501114, 26.822223 ], [ 84.501296, 26.82138 ] ] ] } },
{ "type": "Feature", "properties": { "ID": "150132242", "TRK_NME": null, "FTR_CRY": "BG", "CITY_NME": "Bettiah", "STT_NME": "Bihar", "SHAPE_Leng": "5.8249463481E-5" }, "geometry": { "type": "MultiLineString", "coordinates": [ [ [ 84.501296, 26.82138 ], [ 84.501308, 26.821323 ] ] ] } },
{ "type": "Feature", "properties": { "ID": "150164369", "TRK_NME": null, "FTR_CRY": "BG", "CITY_NME": "Bettiah", "STT_NME": "Bihar", "SHAPE_Leng": "0.00804138086686" }, "geometry": { "type": "MultiLineString", "coordinates": [ [ [ 84.518735, 26.805867 ], [ 84.520157, 26.805737 ], [ 84.522871, 26.805393 ], [ 84.525484, 26.805114 ], [ 84.526721, 26.804935 ] ] ] } },
{ "type": "Feature", "properties": { "ID": "150113136", "TRK_NME": null, "FTR_CRY": "BG", "CITY_NME": "Bettiah", "STT_NME": "Bihar", "SHAPE_Leng": "0.042176217209829" }, "geometry": { "type": "MultiLineString", "coordinates": [ [ [ 84.501308, 26.821323 ], [ 84.501567, 26.820063 ], [ 84.501817, 26.818983 ], [ 84.502014, 26.817976 ], [ 84.502155, 26.817344 ], [ 84.502348, 26.816659 ], [ 84.502467, 26.81626 ], [ 84.502573, 26.816001 ], [ 84.502739, 26.815557 ], [ 84.503025, 26.814932 ], [ 84.503373, 26.814194 ], [ 84.503848, 26.813339 ], [ 84.504292, 26.81263 ], [ 84.504909, 26.811682 ], [ 84.505479, 26.810798 ], [ 84.505686, 26.810501 ], [ 84.506001, 26.810051 ], [ 84.506387, 26.809571 ], [ 84.506669, 26.809261 ], [ 84.507095, 26.808869 ], [ 84.507544, 26.808505 ], [ 84.508113, 26.808086 ], [ 84.508572, 26.807812 ], [ 84.50921, 26.807478 ], [ 84.509931, 26.807174 ], [ 84.510502, 26.806986 ], [ 84.51104, 26.806847 ], [ 84.511965, 26.806664 ], [ 84.513119, 26.806529 ], [ 84.51424, 26.806398 ], [ 84.515747, 26.806225 ], [ 84.518735, 26.805867 ], [ 84.519355, 26.80575 ], [ 84.522904, 26.805312 ], [ 84.525774, 26.804971 ], [ 84.526721, 26.804935 ], [ 84.527999, 26.804764 ], [ 84.530698, 26.804442 ], [ 84.534581, 26.803991 ] ] ] } },
{ "type": "Feature", "properties": { "ID": "150113063", "TRK_NME": null, "FTR_CRY": "BG", "CITY_NME": "Bettiah", "STT_NME": "Bihar", "SHAPE_Leng": "0.008051282643175" }, "geometry": { "type": "MultiLineString", "coordinates": [ [ [ 84.518735, 26.805867 ], [ 84.519333, 26.805873 ], [ 84.519921, 26.80584 ], [ 84.521463, 26.805672 ], [ 84.524769, 26.805299 ], [ 84.525408, 26.805195 ], [ 84.52644, 26.805003 ], [ 84.526721, 26.804935 ] ] ] } },
{ "type": "Feature", "properties": { "ID": "150113462", "TRK_NME": null, "FTR_CRY": "BG", "CITY_NME": null, "STT_NME": "Bihar", "SHAPE_Leng": "0.062393726710786" }, "geometry": { "type": "MultiLineString", "coordinates": [ [ [ 84.523555, 26.915811 ], [ 84.524031, 26.917442 ], [ 84.524721, 26.920042 ], [ 84.525578, 26.923036 ], [ 84.526427, 26.925966 ], [ 84.527237, 26.928948 ], [ 84.527618, 26.930303 ], [ 84.528123, 26.932148 ], [ 84.528664, 26.934097 ], [ 84.529183, 26.935976 ], [ 84.529539, 26.937318 ], [ 84.529989, 26.938925 ], [ 84.530483, 26.940713 ], [ 84.530911, 26.942232 ], [ 84.531285, 26.943597 ], [ 84.532545, 26.94821 ], [ 84.533532, 26.951744 ], [ 84.533783, 26.952597 ], [ 84.534244, 26.954256 ], [ 84.534451, 26.954958 ], [ 84.534585, 26.955688 ], [ 84.534644, 26.956329 ], [ 84.534662, 26.956746 ], [ 84.534611, 26.957379 ], [ 84.534495, 26.958139 ], [ 84.534325, 26.958828 ], [ 84.534227, 26.959061 ], [ 84.533995, 26.959681 ], [ 84.533556, 26.960619 ], [ 84.532868, 26.962128 ], [ 84.532243, 26.96348 ], [ 84.531725, 26.964606 ], [ 84.531306, 26.965537 ], [ 84.530719, 26.966691 ], [ 84.53049, 26.967075 ], [ 84.530151, 26.967617 ], [ 84.529841, 26.968087 ], [ 84.528894, 26.969497 ], [ 84.528241, 26.970444 ], [ 84.527171, 26.971961 ], [ 84.525557, 26.974289 ] ] ] } },
{ "type": "Feature", "properties": { "ID": "150113223", "TRK_NME": null, "FTR_CRY": "BG", "CITY_NME": null, "STT_NME": "Bihar", "SHAPE_Leng": "0.012500033628273" }, "geometry": { "type": "MultiLineString", "coordinates": [ [ [ 88.122598, 26.447008 ], [ 88.12254, 26.445143 ], [ 88.122586, 26.444445 ], [ 88.122643, 26.444133 ], [ 88.123285, 26.44243 ], [ 88.12395, 26.440639 ], [ 88.124684, 26.438684 ], [ 88.125506, 26.436519 ], [ 88.126036, 26.435134 ] ] ] } },
{ "type": "Feature", "properties": { "ID": "150113327", "TRK_NME": "Islampur", "FTR_CRY": "BG", "CITY_NME": null, "STT_NME": "Bihar", "SHAPE_Leng": "0.079337824980145" }, "geometry": { "type": "MultiLineString", "coordinates": [ [ [ 88.122598, 26.447008 ], [ 88.122784, 26.450819 ], [ 88.122898, 26.452984 ], [ 88.122924, 26.453676 ], [ 88.123098, 26.457131 ], [ 88.123171, 26.45852 ], [ 88.123321, 26.460853 ], [ 88.123683, 26.469104 ], [ 88.123788, 26.470906 ], [ 88.124119, 26.477553 ], [ 88.124271, 26.480325 ], [ 88.124385, 26.482387 ], [ 88.124426, 26.483002 ], [ 88.124483, 26.484199 ], [ 88.124486, 26.48461 ], [ 88.124489, 26.485325 ], [ 88.124403, 26.485957 ], [ 88.12421, 26.486692 ], [ 88.123684, 26.488348 ], [ 88.122958, 26.490511 ], [ 88.122609, 26.491586 ], [ 88.121594, 26.494699 ], [ 88.120155, 26.499132 ], [ 88.119601, 26.500902 ], [ 88.118679, 26.503744 ], [ 88.117951, 26.506023 ], [ 88.116802, 26.509523 ], [ 88.116572, 26.510093 ], [ 88.116456, 26.5104 ], [ 88.116291, 26.510726 ], [ 88.116038, 26.511117 ], [ 88.115826, 26.511418 ], [ 88.115585, 26.511713 ], [ 88.115265, 26.512056 ], [ 88.113459, 26.513604 ], [ 88.112005, 26.514843 ], [ 88.11, 26.516544 ], [ 88.10897, 26.517435 ], [ 88.108467, 26.517985 ], [ 88.108229, 26.518337 ], [ 88.108014, 26.518728 ], [ 88.107846, 26.519055 ], [ 88.107702, 26.519422 ], [ 88.107561, 26.519926 ], [ 88.107481, 26.520385 ], [ 88.107426, 26.521046 ], [ 88.107441, 26.521314 ] ] ] } },
{ "type": "Feature", "properties": { "ID": "150113329", "TRK_NME": null, "FTR_CRY": "BG", "CITY_NME": null, "STT_NME": "Bihar", "SHAPE_Leng": "0.114926139242256" }, "geometry": { "type": "MultiLineString", "coordinates": [ [ [ 88.188731, 26.276048 ], [ 88.188905, 26.276569 ], [ 88.189095, 26.277189 ], [ 88.189219, 26.277896 ], [ 88.189238, 26.278445 ], [ 88.189196, 26.279016 ], [ 88.189047, 26.279811 ], [ 88.188814, 26.280781 ], [ 88.188302, 26.283091 ], [ 88.188019, 26.28434 ], [ 88.187656, 26.285905 ], [ 88.187148, 26.288252 ], [ 88.186257, 26.292013 ], [ 88.18583, 26.293695 ], [ 88.185307, 26.295925 ], [ 88.184778, 26.298232 ], [ 88.184413, 26.300011 ], [ 88.184204, 26.301252 ], [ 88.184084, 26.301902 ], [ 88.183998, 26.302209 ], [ 88.183862, 26.302635 ], [ 88.183666, 26.303093 ], [ 88.18345, 26.303513 ], [ 88.183114, 26.304107 ], [ 88.182271, 26.305652 ], [ 88.181692, 26.306799 ], [ 88.179907, 26.309873 ], [ 88.178818, 26.311789 ], [ 88.177497, 26.314083 ], [ 88.176975, 26.314997 ], [ 88.176433, 26.316308 ], [ 88.175854, 26.317881 ], [ 88.175606, 26.318562 ], [ 88.174854, 26.320582 ], [ 88.173599, 26.323995 ], [ 88.173108, 26.325279 ], [ 88.172296, 26.327416 ], [ 88.171357, 26.329985 ], [ 88.171101, 26.330707 ], [ 88.170727, 26.331696 ], [ 88.170219, 26.333025 ], [ 88.169555, 26.334861 ], [ 88.16891, 26.336625 ], [ 88.168233, 26.33859 ], [ 88.167482, 26.340601 ], [ 88.166676, 26.3428 ], [ 88.165876, 26.344997 ], [ 88.165052, 26.34721 ], [ 88.164616, 26.348475 ], [ 88.164106, 26.350022 ], [ 88.163792, 26.350987 ], [ 88.163428, 26.351944 ], [ 88.162952, 26.35308 ], [ 88.162258, 26.354755 ], [ 88.161026, 26.358048 ], [ 88.160508, 26.359472 ], [ 88.159828, 26.361385 ], [ 88.159724, 26.361922 ], [ 88.159698, 26.362372 ], [ 88.159808, 26.364369 ], [ 88.160948, 26.38539 ] ] ] } },
{ "type": "Feature", "properties": { "ID": "150113104", "TRK_NME": null, "FTR_CRY": "BG", "CITY_NME": "Kishanganj", "STT_NME": "Bihar", "SHAPE_Leng": "0.01271389830457" }, "geometry": { "type": "MultiLineString", "coordinates": [ [ [ 87.944304, 26.095516 ], [ 87.944825, 26.095818 ], [ 87.946118, 26.096443 ], [ 87.954436, 26.100388 ], [ 87.955367, 26.100856 ], [ 87.955757, 26.101031 ] ] ] } },
{ "type": "Feature", "properties": { "ID": "150113153", "TRK_NME": null, "FTR_CRY": "BG", "CITY_NME": null, "STT_NME": "Bihar", "SHAPE_Leng": "0.00180186708722" }, "geometry": { "type": "MultiLineString", "coordinates": [ [ [ 88.126036, 26.435134 ], [ 88.126661, 26.433444 ] ] ] } },
{ "type": "Feature", "properties": { "ID": "150129322", "TRK_NME": null, "FTR_CRY": "BG", "CITY_NME": "Thakurganj", "STT_NME": "Bihar", "SHAPE_Leng": "0.012035232173619" }, "geometry": { "type": "MultiLineString", "coordinates": [ [ [ 88.126661, 26.433444 ], [ 88.127316, 26.431694 ], [ 88.127981, 26.42995 ], [ 88.128624, 26.428314 ], [ 88.129382, 26.426316 ], [ 88.130149, 26.4243 ], [ 88.130314, 26.423879 ], [ 88.130542, 26.423476 ], [ 88.131285, 26.422369 ] ] ] } },
{ "type": "Feature", "properties": { "ID": "150133480", "TRK_NME": null, "FTR_CRY": "BG", "CITY_NME": "Kishanganj", "STT_NME": "Bihar", "SHAPE_Leng": "0.013251422209723" }, "geometry": { "type": "MultiLineString", "coordinates": [ [ [ 87.955757, 26.101031 ], [ 87.956417, 26.101483 ], [ 87.958091, 26.102865 ], [ 87.960074, 26.104546 ], [ 87.961156, 26.105463 ], [ 87.963581, 26.107492 ], [ 87.964869, 26.10859 ], [ 87.965949, 26.109494 ] ] ] } },
{ "type": "Feature", "properties": { "ID": "150131246", "TRK_NME": null, "FTR_CRY": "MG", "CITY_NME": "Kishanganj", "STT_NME": "Bihar", "SHAPE_Leng": "0.013276555688777" }, "geometry": { "type": "MultiLineString", "coordinates": [ [ [ 87.955805, 26.101005 ], [ 87.956465, 26.101453 ], [ 87.958139, 26.102835 ], [ 87.960122, 26.104516 ], [ 87.961229, 26.105452 ], [ 87.963615, 26.107454 ], [ 87.964914, 26.108559 ], [ 87.966016, 26.109484 ] ] ] } },
{ "type": "Feature", "properties": { "ID": "150113222", "TRK_NME": null, "FTR_CRY": "BG", "CITY_NME": null, "STT_NME": "Bihar", "SHAPE_Leng": "0.055562935339795" }, "geometry": { "type": "MultiLineString", "coordinates": [ [ [ 88.131285, 26.422369 ], [ 88.132578, 26.420496 ], [ 88.133945, 26.418545 ], [ 88.134941, 26.417114 ], [ 88.135714, 26.416025 ], [ 88.136925, 26.414276 ], [ 88.1376, 26.413334 ], [ 88.138788, 26.411658 ], [ 88.139492, 26.41064 ], [ 88.140222, 26.409624 ], [ 88.140655, 26.409005 ], [ 88.141315, 26.408077 ], [ 88.142437, 26.406482 ], [ 88.142787, 26.405973 ], [ 88.143024, 26.405564 ], [ 88.14329, 26.405053 ], [ 88.143506, 26.404599 ], [ 88.143613, 26.404281 ], [ 88.143699, 26.404014 ], [ 88.14413, 26.402661 ], [ 88.145266, 26.399049 ], [ 88.145672, 26.397826 ], [ 88.145938, 26.397031 ], [ 88.146122, 26.39669 ], [ 88.146239, 26.396478 ], [ 88.146489, 26.396129 ], [ 88.146644, 26.395884 ], [ 88.146872, 26.395623 ], [ 88.147259, 26.395209 ], [ 88.148717, 26.394015 ], [ 88.149717, 26.393292 ], [ 88.150145, 26.393045 ], [ 88.150516, 26.39288 ], [ 88.15088, 26.39275 ], [ 88.151235, 26.392648 ], [ 88.151786, 26.392551 ], [ 88.152331, 26.392508 ], [ 88.152737, 26.392497 ], [ 88.153082, 26.392517 ], [ 88.153579, 26.392613 ], [ 88.154278, 26.392752 ], [ 88.157854, 26.393646 ], [ 88.158289, 26.393722 ], [ 88.158739, 26.393765 ], [ 88.159012, 26.393771 ], [ 88.159414, 26.393737 ], [ 88.159772, 26.393686 ], [ 88.160114, 26.393598 ], [ 88.160434, 26.393487 ], [ 88.160735, 26.393356 ], [ 88.161163, 26.393146 ], [ 88.161512, 26.392919 ], [ 88.161895, 26.39259 ], [ 88.162091, 26.392352 ], [ 88.162313, 26.392045 ], [ 88.162494, 26.391733 ], [ 88.162731, 26.391157 ], [ 88.162807, 26.390697 ], [ 88.162867, 26.390133 ], [ 88.162845, 26.389891 ], [ 88.162763, 26.389508 ], [ 88.162652, 26.389139 ], [ 88.1625, 26.388736 ], [ 88.162079, 26.388004 ], [ 88.161396, 26.386887 ], [ 88.161241, 26.386579 ], [ 88.161108, 26.38624 ], [ 88.161048, 26.386009 ], [ 88.160983, 26.385713 ], [ 88.160948, 26.38539 ] ] ] } },
{ "type": "Feature", "properties": { "ID": "150113503", "TRK_NME": null, "FTR_CRY": "BG", "CITY_NME": null, "STT_NME": "Bihar", "SHAPE_Leng": "0.095913237613742" }, "geometry": { "type": "MultiLineString", "coordinates": [ [ [ 88.187467, 26.273406 ], [ 88.188731, 26.276048 ], [ 88.189335, 26.277234 ], [ 88.189732, 26.278035 ], [ 88.191321, 26.281159 ], [ 88.197136, 26.292838 ], [ 88.198549, 26.295647 ], [ 88.204862, 26.308267 ], [ 88.206664, 26.311919 ], [ 88.207549, 26.313692 ], [ 88.211463, 26.321535 ], [ 88.213277, 26.325153 ], [ 88.21541, 26.32942 ], [ 88.230276, 26.359235 ] ] ] } },
{ "type": "Feature", "properties": { "ID": "150164497", "TRK_NME": null, "FTR_CRY": "BG", "CITY_NME": null, "STT_NME": "Bihar", "SHAPE_Leng": "0.008771875113366" }, "geometry": { "type": "MultiLineString", "coordinates": [ [ [ 88.207549, 26.313692 ], [ 88.207938, 26.31435 ], [ 88.208562, 26.315575 ], [ 88.209081, 26.316509 ], [ 88.209705, 26.317702 ], [ 88.210291, 26.3189 ], [ 88.211086, 26.320636 ], [ 88.211463, 26.321535 ] ] ] } },
{ "type": "Feature", "properties": { "ID": "150164498", "TRK_NME": null, "FTR_CRY": "BG", "CITY_NME": "Kishanganj", "STT_NME": "Bihar", "SHAPE_Leng": "0.00875118138335" }, "geometry": { "type": "MultiLineString", "coordinates": [ [ [ 87.946118, 26.096443 ], [ 87.946744, 26.096883 ], [ 87.947381, 26.097287 ], [ 87.947726, 26.097495 ], [ 87.951585, 26.099373 ], [ 87.952979, 26.10009 ], [ 87.953847, 26.100522 ] ] ] } },
{ "type": "Feature", "properties": { "ID": "150164499", "TRK_NME": null, "FTR_CRY": "MG", "CITY_NME": "Kishanganj", "STT_NME": "Bihar", "SHAPE_Leng": "0.007735787358928" }, "geometry": { "type": "MultiLineString", "coordinates": [ [ [ 87.948139, 26.097234 ], [ 87.948978, 26.097439 ], [ 87.949618, 26.097656 ], [ 87.952758, 26.099295 ], [ 87.954361, 26.100106 ], [ 87.955063, 26.100599 ] ] ] } },
{ "type": "Feature", "properties": { "ID": "150131084", "TRK_NME": null, "FTR_CRY": "MG", "CITY_NME": "Kishanganj", "STT_NME": "Bihar", "SHAPE_Leng": "0.030834873220694" }, "geometry": { "type": "MultiLineString", "coordinates": [ [ [ 87.955805, 26.101005 ], [ 87.955063, 26.100599 ], [ 87.953834, 26.09994 ], [ 87.950102, 26.098125 ], [ 87.948139, 26.097234 ], [ 87.9472, 26.096808 ], [ 87.944269, 26.095432 ], [ 87.942457, 26.094667 ], [ 87.941596, 26.094305 ], [ 87.940999, 26.094018 ], [ 87.94053, 26.093751 ], [ 87.939938, 26.093371 ], [ 87.93847, 26.092412 ], [ 87.937628, 26.091745 ], [ 87.937361, 26.091515 ], [ 87.936472, 26.090481 ], [ 87.936032, 26.089904 ], [ 87.93539, 26.08921 ], [ 87.933143, 26.086849 ], [ 87.930576, 26.08413 ] ] ] } },
{ "type": "Feature", "properties": { "ID": "150131247", "TRK_NME": null, "FTR_CRY": "BG", "CITY_NME": "Kishanganj", "STT_NME": "Bihar", "SHAPE_Leng": "0.030825719348924" }, "geometry": { "type": "MultiLineString", "coordinates": [ [ [ 87.955757, 26.101031 ], [ 87.955015, 26.100625 ], [ 87.953786, 26.099966 ], [ 87.949811, 26.098073 ], [ 87.944304, 26.095516 ], [ 87.943517, 26.095162 ], [ 87.941501, 26.094331 ], [ 87.940697, 26.093923 ], [ 87.940416, 26.09375 ], [ 87.939947, 26.093447 ], [ 87.939591, 26.093222 ], [ 87.93848, 26.092497 ], [ 87.938093, 26.0922 ], [ 87.937341, 26.09157 ], [ 87.936476, 26.090569 ], [ 87.936003, 26.089944 ], [ 87.935379, 26.089286 ], [ 87.933095, 26.086875 ], [ 87.930545, 26.084158 ] ] ] } },
{ "type": "Feature", "properties": { "ID": "150127378", "TRK_NME": null, "FTR_CRY": "BG", "CITY_NME": null, "STT_NME": "Bihar", "SHAPE_Leng": "0.013623130493538" }, "geometry": { "type": "MultiLineString", "coordinates": [ [ [ 87.971018673976246, 26.11382005182773 ], [ 87.970924, 26.113742 ], [ 87.969676, 26.112613 ], [ 87.967185, 26.110522 ], [ 87.965949, 26.109494 ] ] ] } },
{ "type": "Feature", "properties": { "ID": "150127377", "TRK_NME": null, "FTR_CRY": "MG", "CITY_NME": null, "STT_NME": "Bihar", "SHAPE_Leng": "0.013594648664722" }, "geometry": { "type": "MultiLineString", "coordinates": [ [ [ 87.971017424562774, 26.113749408463484 ], [ 87.970972, 26.113712 ], [ 87.969712, 26.112587 ], [ 87.96722, 26.110498 ], [ 87.966016, 26.109484 ] ] ] } },
{ "type": "Feature", "properties": { "ID": "150125404", "TRK_NME": null, "FTR_CRY": "BG", "CITY_NME": null, "STT_NME": "West Bengal", "SHAPE_Leng": "0.005390447339529" }, "geometry": { "type": "MultiLineString", "coordinates": [ [ [ 88.25611338489756, 26.411138715333564 ], [ 88.256135, 26.411219 ], [ 88.257268, 26.41348 ], [ 88.257964, 26.414893 ], [ 88.258303, 26.415513 ], [ 88.258465, 26.415712 ] ] ] } },
{ "type": "Feature", "properties": { "ID": "150125418", "TRK_NME": null, "FTR_CRY": "BG", "CITY_NME": null, "STT_NME": "West Bengal", "SHAPE_Leng": "0.121398580786217" }, "geometry": { "type": "MultiLineString", "coordinates": [ [ [ 88.116046228320542, 26.528991150657848 ], [ 88.115951, 26.528943 ], [ 88.11546, 26.528656 ], [ 88.11418, 26.527942 ], [ 88.111296, 26.52632 ], [ 88.110724, 26.525996 ], [ 88.110075, 26.525617 ], [ 88.109506, 26.525206 ], [ 88.109096, 26.524861 ], [ 88.108771, 26.524522 ], [ 88.108613, 26.524343 ], [ 88.108435, 26.524095 ], [ 88.108138, 26.523659 ], [ 88.107878, 26.52319 ], [ 88.107642, 26.522558 ], [ 88.107544, 26.52212 ], [ 88.107477, 26.521668 ], [ 88.107441, 26.521314 ] ] ] } },
{ "type": "Feature", "properties": { "ID": "150126001", "TRK_NME": null, "FTR_CRY": "MG", "CITY_NME": "Islampur", "STT_NME": "West Bengal", "SHAPE_Leng": "0.01414020144837" }, "geometry": { "type": "MultiLineString", "coordinates": [ [ [ 88.181115311313803, 26.26071404456037 ], [ 88.185912, 26.270437 ] ] ] } },
{ "type": "Feature", "properties": { "ID": "150126143", "TRK_NME": null, "FTR_CRY": "BG", "CITY_NME": null, "STT_NME": "West Bengal", "SHAPE_Leng": "0.368110004778298" }, "geometry": { "type": "MultiLineString", "coordinates": [ [ [ 88.230276, 26.359235 ], [ 88.233356, 26.365398 ], [ 88.236357, 26.371332 ], [ 88.23921, 26.377155 ], [ 88.239596719295534, 26.377935979918913 ] ], [ [ 88.256227564595321, 26.41125362137165 ], [ 88.257706, 26.414156 ], [ 88.258465, 26.415712 ], [ 88.259901, 26.418603 ], [ 88.260464, 26.419479 ], [ 88.260949, 26.420169 ], [ 88.261804, 26.421037 ], [ 88.262193, 26.421325 ], [ 88.26252, 26.421568 ], [ 88.263012, 26.421906 ], [ 88.263644, 26.422279 ], [ 88.267856, 26.424217 ], [ 88.268513146763368, 26.424523534923186 ] ] ] } },
{ "type": "Feature", "properties": { "ID": "150127381", "TRK_NME": null, "FTR_CRY": "BG", "CITY_NME": "Islampur", "STT_NME": "West Bengal", "SHAPE_Leng": "0.017482626528711" }, "geometry": { "type": "MultiLineString", "coordinates": [ [ [ 88.181023628642123, 26.260613024541847 ], [ 88.185787, 26.270293 ], [ 88.185912, 26.270437 ], [ 88.187467, 26.273406 ] ] ] } },
{ "type": "Feature", "properties": { "ID": "150166875", "TRK_NME": null, "FTR_CRY": "BG", "CITY_NME": null, "STT_NME": "West Bengal", "SHAPE_Leng": "0.012282506019976" }, "geometry": { "type": "MultiLineString", "coordinates": [ [ [ 88.239775943646919, 26.377645582920493 ], [ 88.239564, 26.377219 ], [ 88.238888, 26.375831 ], [ 88.238178, 26.374467 ], [ 88.237712, 26.373606 ], [ 88.237392, 26.37306 ], [ 88.236357, 26.371332 ] ] ] } },
{ "type": "Feature", "properties": { "ID": "150125872", "TRK_NME": null, "FTR_CRY": "BG", "CITY_NME": null, "STT_NME": "West Bengal", "SHAPE_Leng": "0.031515321102014" }, "geometry": { "type": "MultiLineString", "coordinates": [ [ [ 87.930545, 26.084158 ], [ 87.930407, 26.084012 ], [ 87.929960685274722, 26.08355281934325 ] ] ] } },
{ "type": "Feature", "properties": { "ID": "150127374", "TRK_NME": null, "FTR_CRY": "MG", "CITY_NME": null, "STT_NME": "West Bengal", "SHAPE_Leng": "0.031473132458278" }, "geometry": { "type": "MultiLineString", "coordinates": [ [ [ 87.930576, 26.08413 ], [ 87.930412, 26.083956 ], [ 87.929994505616179, 26.083524645138642 ] ] ] } },
{ "type": "Feature", "properties": { "ID": "150113319", "TRK_NME": null, "FTR_CRY": "BG", "CITY_NME": "Buxar", "STT_NME": "Bihar", "SHAPE_Leng": "0.007739450702346" }, "geometry": { "type": "MultiLineString", "coordinates": [ [ [ 83.97808, 25.558861 ], [ 83.979282, 25.559592 ], [ 83.980863, 25.56072 ], [ 83.982722, 25.562098 ], [ 83.98448, 25.563203 ] ] ] } },
{ "type": "Feature", "properties": { "ID": "150113320", "TRK_NME": null, "FTR_CRY": "BG", "CITY_NME": "Buxar", "STT_NME": "Bihar", "SHAPE_Leng": "0.005682544531758" }, "geometry": { "type": "MultiLineString", "coordinates": [ [ [ 83.969522, 25.551676 ], [ 83.972267, 25.553673 ], [ 83.972683, 25.554115 ], [ 83.973015, 25.554598 ], [ 83.97364, 25.555497 ] ] ] } },
{ "type": "Feature", "properties": { "ID": "150113281", "TRK_NME": null, "FTR_CRY": "BG", "CITY_NME": null, "STT_NME": "Bihar", "SHAPE_Leng": "0.068577198743083" }, "geometry": { "type": "MultiLineString", "coordinates": [ [ [ 84.036655, 25.567827 ], [ 84.041015, 25.567973 ], [ 84.043324, 25.568067 ], [ 84.050972, 25.568338 ], [ 84.077494, 25.569316 ], [ 84.084162, 25.569561 ], [ 84.0961, 25.569985 ], [ 84.105187, 25.570315 ] ] ] } },
{ "type": "Feature", "properties": { "ID": "150113282", "TRK_NME": null, "FTR_CRY": "BG", "CITY_NME": null, "STT_NME": "Bihar", "SHAPE_Leng": "0.037274951677082" }, "geometry": { "type": "MultiLineString", "coordinates": [ [ [ 83.871225499380628, 25.492090306370063 ], [ 83.873374, 25.492163 ], [ 83.879891, 25.492376 ], [ 83.881625, 25.492465 ], [ 83.882709, 25.49258 ], [ 83.883904, 25.492749 ], [ 83.885147, 25.492977 ], [ 83.88638, 25.493264 ], [ 83.887776, 25.493679 ], [ 83.889678, 25.494381 ], [ 83.89045, 25.494715 ], [ 83.891224, 25.495101 ], [ 83.892408, 25.495705 ], [ 83.894068, 25.496766 ], [ 83.898491, 25.500037 ], [ 83.904788, 25.50465 ] ] ] } },
{ "type": "Feature", "properties": { "ID": "150113384", "TRK_NME": null, "FTR_CRY": "BG", "CITY_NME": null, "STT_NME": "Bihar", "SHAPE_Leng": "0.046868875843674" }, "geometry": { "type": "MultiLineString", "coordinates": [ [ [ 84.036655, 25.567827 ], [ 84.034017, 25.567725 ], [ 84.028648, 25.567494 ], [ 84.02324, 25.567295 ], [ 84.017047, 25.567066 ], [ 84.011276, 25.566865 ], [ 84.005896, 25.566652 ], [ 84.000171, 25.566426 ], [ 83.995564, 25.566245 ], [ 83.994509, 25.566178 ], [ 83.993589, 25.566092 ], [ 83.992937, 25.566002 ], [ 83.99206, 25.565857 ], [ 83.99125, 25.565692 ], [ 83.990658, 25.565551 ], [ 83.989899, 25.565355 ] ] ] } },
{ "type": "Feature", "properties": { "ID": "150113385", "TRK_NME": null, "FTR_CRY": "BG", "CITY_NME": null, "STT_NME": "Bihar", "SHAPE_Leng": "0.078028775231061" }, "geometry": { "type": "MultiLineString", "coordinates": [ [ [ 83.967546, 25.551016 ], [ 83.965723, 25.549666 ], [ 83.964226, 25.548563 ], [ 83.962373, 25.547196 ], [ 83.960778, 25.545998 ], [ 83.9595, 25.545069 ], [ 83.957789, 25.543804 ], [ 83.95562, 25.5422 ], [ 83.95318, 25.540442 ], [ 83.950847, 25.53869 ], [ 83.948629, 25.537055 ], [ 83.945988, 25.53509 ], [ 83.943784, 25.533467 ], [ 83.942189, 25.532296 ], [ 83.94044, 25.531009 ], [ 83.937884, 25.529127 ], [ 83.935689, 25.527514 ], [ 83.932822, 25.525403 ], [ 83.930011, 25.523303 ], [ 83.926861, 25.520964 ], [ 83.923047, 25.518186 ], [ 83.919503, 25.515537 ], [ 83.916328, 25.513195 ], [ 83.913167, 25.510871 ], [ 83.909275, 25.50798 ], [ 83.904788, 25.50465 ] ] ] } },
{ "type": "Feature", "properties": { "ID": "150113244", "TRK_NME": null, "FTR_CRY": "BG", "CITY_NME": null, "STT_NME": "Bihar", "SHAPE_Leng": "0.011411456444789" }, "geometry": { "type": "MultiLineString", "coordinates": [ [ [ 84.149939, 25.571822 ], [ 84.148937, 25.57185 ], [ 84.147471, 25.571875 ], [ 84.146403, 25.571895 ], [ 84.145102, 25.571889 ], [ 84.1432, 25.57184 ], [ 84.141821, 25.571799 ], [ 84.140919, 25.571758 ], [ 84.140154, 25.571671 ], [ 84.139242, 25.571563 ], [ 84.138798, 25.571524 ], [ 84.13855, 25.571467 ] ] ] } },
{ "type": "Feature", "properties": { "ID": "150113229", "TRK_NME": null, "FTR_CRY": "BG", "CITY_NME": null, "STT_NME": "Bihar", "SHAPE_Leng": "5.31154403174E-4" }, "geometry": { "type": "MultiLineString", "coordinates": [ [ [ 83.989899, 25.565355 ], [ 83.989384, 25.565225 ] ] ] } },
{ "type": "Feature", "properties": { "ID": "150129310", "TRK_NME": null, "FTR_CRY": "BG", "CITY_NME": null, "STT_NME": "Bihar", "SHAPE_Leng": "4.96620579525E-4" }, "geometry": { "type": "MultiLineString", "coordinates": [ [ [ 83.967952, 25.551302 ], [ 83.967546, 25.551016 ] ] ] } },
{ "type": "Feature", "properties": { "ID": "150129311", "TRK_NME": null, "FTR_CRY": "BG", "CITY_NME": "Buxar", "STT_NME": "Bihar", "SHAPE_Leng": "0.025698271760906" }, "geometry": { "type": "MultiLineString", "coordinates": [ [ [ 83.989384, 25.565225 ], [ 83.98899, 25.565103 ], [ 83.988295, 25.564867 ], [ 83.987175, 25.564456 ], [ 83.986501, 25.564197 ], [ 83.9859, 25.563937 ], [ 83.98538, 25.56368 ], [ 83.98448, 25.563203 ], [ 83.983068, 25.562427 ], [ 83.982788, 25.562272 ], [ 83.982078, 25.561772 ], [ 83.97808, 25.558861 ], [ 83.977135, 25.558137 ], [ 83.97364, 25.555497 ], [ 83.971782, 25.554139 ], [ 83.970524, 25.553196 ], [ 83.967952, 25.551302 ] ] ] } },
{ "type": "Feature", "properties": { "ID": "150113435", "TRK_NME": null, "FTR_CRY": "BG", "CITY_NME": "Buxar", "STT_NME": "Bihar", "SHAPE_Leng": "0.010523922994813" }, "geometry": { "type": "MultiLineString", "coordinates": [ [ [ 83.977135, 25.558137 ], [ 83.980105, 25.559891 ], [ 83.980917, 25.560421 ], [ 83.981761, 25.561057 ], [ 83.983235, 25.562223 ], [ 83.984196, 25.56286 ], [ 83.9859, 25.563937 ] ] ] } },
{ "type": "Feature", "properties": { "ID": "150113412", "TRK_NME": null, "FTR_CRY": "BG", "CITY_NME": null, "STT_NME": "Bihar", "SHAPE_Leng": "0.097639502826027" }, "geometry": { "type": "MultiLineString", "coordinates": [ [ [ 84.105187, 25.570315 ], [ 84.107925, 25.570417 ], [ 84.114273, 25.570631 ], [ 84.116518, 25.570713 ], [ 84.119594, 25.57083 ], [ 84.122374, 25.570927 ], [ 84.124427, 25.570997 ], [ 84.126487, 25.571064 ], [ 84.12822, 25.571132 ], [ 84.131075, 25.571224 ], [ 84.132742, 25.571284 ], [ 84.13488, 25.571366 ], [ 84.135999, 25.571404 ], [ 84.13855, 25.571467 ], [ 84.138943, 25.571463 ], [ 84.142766, 25.5716 ], [ 84.144745, 25.571678 ], [ 84.147649, 25.571772 ], [ 84.149939, 25.571822 ], [ 84.150493, 25.571842 ], [ 84.15213, 25.571818 ], [ 84.152817, 25.571783 ], [ 84.157356, 25.571605 ], [ 84.163841, 25.571331 ], [ 84.166812, 25.571189 ], [ 84.167907, 25.571141 ], [ 84.170316, 25.571047 ], [ 84.172865, 25.570932 ], [ 84.174901, 25.570845 ], [ 84.177457, 25.570736 ], [ 84.179292, 25.570661 ], [ 84.181775, 25.570558 ], [ 84.184133, 25.570452 ], [ 84.186786, 25.570328 ], [ 84.189, 25.57024 ], [ 84.191033, 25.570156 ], [ 84.192999, 25.570065 ], [ 84.19581, 25.569941 ], [ 84.197819, 25.569854 ], [ 84.199357, 25.569793 ], [ 84.202475, 25.569657 ], [ 84.202753, 25.569645 ] ] ] } },
{ "type": "Feature", "properties": { "ID": "150113126", "TRK_NME": null, "FTR_CRY": "BG", "CITY_NME": null, "STT_NME": "Bihar", "SHAPE_Leng": "0.029056496187224" }, "geometry": { "type": "MultiLineString", "coordinates": [ [ [ 84.046673, 27.180283 ], [ 84.047696, 27.178996 ], [ 84.050335, 27.175657 ], [ 84.050853, 27.17501 ], [ 84.051526, 27.174147 ], [ 84.051926, 27.173614 ], [ 84.0522, 27.173188 ], [ 84.05265, 27.172378 ], [ 84.052744, 27.172189 ], [ 84.05287, 27.171901 ], [ 84.053054, 27.17144 ], [ 84.0531, 27.171309 ], [ 84.053349, 27.170594 ], [ 84.053403, 27.170367 ], [ 84.053475, 27.170047 ], [ 84.053601, 27.169288 ], [ 84.053634, 27.168929 ], [ 84.05367, 27.168406 ], [ 84.05367, 27.168247 ], [ 84.05367, 27.167767 ], [ 84.053641, 27.167402 ], [ 84.053592, 27.166936 ], [ 84.053547, 27.166637 ], [ 84.053479, 27.166241 ], [ 84.05338, 27.165763 ], [ 84.053266, 27.165239 ], [ 84.052857, 27.163244 ], [ 84.052618, 27.162121 ], [ 84.052556, 27.161803 ], [ 84.05229, 27.16054 ], [ 84.052202, 27.160148 ], [ 84.052012, 27.15925 ], [ 84.05167, 27.157638 ], [ 84.051591, 27.157262 ], [ 84.05151, 27.156823 ], [ 84.051444, 27.156405 ], [ 84.051366, 27.15564 ], [ 84.051333, 27.155298 ], [ 84.051312, 27.154878 ], [ 84.051308, 27.154172 ], [ 84.051331, 27.153634 ] ] ] } },
{ "type": "Feature", "properties": { "ID": "150113128", "TRK_NME": null, "FTR_CRY": "BG", "CITY_NME": null, "STT_NME": "Bihar", "SHAPE_Leng": "0.046674567147032" }, "geometry": { "type": "MultiLineString", "coordinates": [ [ [ 84.077647, 27.132301 ], [ 84.079299, 27.132524 ], [ 84.081059, 27.132782 ], [ 84.082204, 27.132941 ], [ 84.083382, 27.133097 ], [ 84.085102, 27.133334 ], [ 84.086963, 27.133591 ], [ 84.088741, 27.133837 ], [ 84.090163, 27.134034 ], [ 84.090969, 27.134141 ], [ 84.092539, 27.134341 ], [ 84.095208, 27.134715 ], [ 84.096783, 27.134922 ], [ 84.098467, 27.135149 ], [ 84.101142, 27.135543 ], [ 84.104861, 27.13616 ], [ 84.107111, 27.136532 ], [ 84.108407, 27.136698 ], [ 84.108756, 27.136753 ], [ 84.109656, 27.136849 ], [ 84.112464, 27.137072 ], [ 84.113163, 27.137156 ], [ 84.114921, 27.1374 ], [ 84.116466, 27.137608 ], [ 84.121083, 27.138234 ], [ 84.123886, 27.138604 ] ] ] } },
{ "type": "Feature", "properties": { "ID": "150113312", "TRK_NME": "Narktiaganj to Gaunaha", "FTR_CRY": "MG", "CITY_NME": null, "STT_NME": "Bihar", "SHAPE_Leng": "0.2834361016301" }, "geometry": { "type": "MultiLineString", "coordinates": [ [ [ 84.612334, 27.333349 ], [ 84.612929, 27.333286 ], [ 84.615827, 27.332977 ], [ 84.616414, 27.332915 ], [ 84.620365, 27.332473 ], [ 84.621051, 27.332337 ], [ 84.621298, 27.33228 ], [ 84.622095, 27.331998 ], [ 84.622202, 27.331957 ], [ 84.622292, 27.331903 ], [ 84.623058, 27.331378 ], [ 84.623894, 27.330722 ], [ 84.624008, 27.330614 ], [ 84.624112, 27.330491 ], [ 84.624307, 27.330262 ], [ 84.624759, 27.329576 ], [ 84.624812, 27.329477 ], [ 84.625104, 27.328561 ], [ 84.625186, 27.328147 ], [ 84.625216, 27.327927 ], [ 84.625211, 27.327409 ], [ 84.625182, 27.326817 ], [ 84.625138, 27.326545 ], [ 84.625006, 27.32601 ], [ 84.624856, 27.325656 ], [ 84.62448, 27.324967 ], [ 84.624258, 27.324551 ], [ 84.624151, 27.324421 ], [ 84.624001, 27.324266 ], [ 84.623544, 27.3238 ], [ 84.623413, 27.323713 ], [ 84.622368, 27.32304 ], [ 84.622154, 27.322936 ], [ 84.621148, 27.322573 ], [ 84.620973, 27.322522 ], [ 84.619724, 27.322232 ], [ 84.615943, 27.321492 ], [ 84.608632, 27.319921 ], [ 84.597507, 27.317503 ], [ 84.569697, 27.311456 ], [ 84.562173, 27.309841 ], [ 84.560297, 27.309417 ], [ 84.559704, 27.309249 ], [ 84.559058, 27.309016 ], [ 84.558562, 27.308813 ], [ 84.555971, 27.307701 ], [ 84.553874, 27.306828 ], [ 84.544717, 27.303025 ], [ 84.538492, 27.30041 ], [ 84.535224, 27.299017 ], [ 84.533893, 27.298394 ], [ 84.533075, 27.298052 ], [ 84.531209, 27.297272 ], [ 84.529897, 27.296789 ], [ 84.525544, 27.294955 ], [ 84.524744, 27.294562 ], [ 84.524528, 27.294449 ], [ 84.523446, 27.293844 ], [ 84.52278, 27.293418 ], [ 84.522521, 27.293228 ], [ 84.521819, 27.292672 ], [ 84.520891, 27.291856 ], [ 84.520729, 27.291706 ], [ 84.518676, 27.289468 ], [ 84.517323, 27.287988 ], [ 84.511817, 27.281896 ], [ 84.510973, 27.280928 ], [ 84.50951, 27.279284 ], [ 84.50781, 27.277437 ], [ 84.506507, 27.275995 ], [ 84.504601, 27.273852 ], [ 84.502117, 27.271094 ], [ 84.497213, 27.265585 ], [ 84.490672, 27.258347 ], [ 84.488648, 27.256112 ], [ 84.487362, 27.254633 ], [ 84.486957, 27.254095 ], [ 84.486496, 27.253418 ], [ 84.486109, 27.252774 ], [ 84.485721, 27.252021 ], [ 84.485557, 27.25166 ], [ 84.485366, 27.251219 ], [ 84.48512, 27.250571 ], [ 84.485006, 27.250218 ], [ 84.484823, 27.249522 ], [ 84.484394, 27.247153 ], [ 84.484062, 27.245395 ], [ 84.483815, 27.243848 ], [ 84.483519, 27.24222 ], [ 84.482793, 27.238174 ], [ 84.482146, 27.234464 ], [ 84.480896, 27.227599 ], [ 84.480271, 27.223954 ], [ 84.479423, 27.219126 ], [ 84.477449, 27.208284 ], [ 84.477071, 27.205737 ], [ 84.476124, 27.200659 ], [ 84.475298, 27.195839 ], [ 84.474532, 27.191622 ], [ 84.473984, 27.188538 ], [ 84.472791, 27.181641 ], [ 84.471686, 27.175498 ], [ 84.471421, 27.173986 ], [ 84.470725, 27.169983 ], [ 84.470369, 27.168025 ], [ 84.470298, 27.167426 ], [ 84.470265, 27.166716 ], [ 84.470265, 27.165932 ], [ 84.470298, 27.165392 ], [ 84.470381, 27.164669 ], [ 84.4705, 27.163931 ], [ 84.47061, 27.163445 ], [ 84.470896, 27.16244 ], [ 84.471248, 27.161464 ], [ 84.471567, 27.160753 ], [ 84.471758, 27.160378 ], [ 84.473777, 27.156445 ], [ 84.47514, 27.153768 ], [ 84.475714, 27.152492 ] ] ] } },
{ "type": "Feature", "properties": { "ID": "150113038", "TRK_NME": "Narktiaganj to Gorakpur", "FTR_CRY": "BG", "CITY_NME": null, "STT_NME": "Bihar", "SHAPE_Leng": "0.080774462254074" }, "geometry": { "type": "MultiLineString", "coordinates": [ [ [ 84.046673, 27.180283 ], [ 84.043048, 27.18487 ], [ 84.041792, 27.186467 ], [ 84.039434, 27.18945 ], [ 84.037703, 27.191633 ], [ 84.037388, 27.192 ], [ 84.036755, 27.192834 ], [ 84.036371, 27.19334 ], [ 84.035738, 27.19416 ], [ 84.032811, 27.197822 ], [ 84.031586, 27.199357 ], [ 84.030906, 27.200209 ], [ 84.030003, 27.201352 ], [ 84.029841, 27.201551 ], [ 84.029661, 27.201819 ], [ 84.029592, 27.201941 ], [ 84.029445, 27.202216 ], [ 84.029189, 27.202735 ], [ 84.028903, 27.203252 ], [ 84.0286, 27.203903 ], [ 84.027699, 27.205676 ], [ 84.027107, 27.206679 ], [ 84.026495, 27.207449 ], [ 84.02613, 27.207881 ], [ 84.025691, 27.20836 ], [ 84.025189, 27.208826 ], [ 84.024631, 27.209296 ], [ 84.024104, 27.209709 ], [ 84.023544, 27.210076 ], [ 84.022881, 27.210489 ], [ 84.022231, 27.210867 ], [ 84.021431, 27.211297 ], [ 84.021005, 27.211479 ], [ 84.020445, 27.211706 ], [ 84.019742, 27.211935 ], [ 84.019193, 27.212078 ], [ 84.01841, 27.212277 ], [ 84.017359, 27.212512 ], [ 84.009673, 27.2142 ], [ 84.008846, 27.214362 ], [ 84.008467, 27.214421 ], [ 84.00809, 27.214445 ], [ 84.007678, 27.214445 ], [ 84.007301, 27.214424 ], [ 84.006991, 27.214394 ], [ 84.006585, 27.214314 ], [ 84.006172, 27.214212 ], [ 84.005597, 27.214033 ], [ 84.00401, 27.213538 ], [ 84.003664, 27.213428 ], [ 84.003463, 27.213355 ], [ 84.003101, 27.213203 ], [ 84.002845, 27.213072 ], [ 84.002601, 27.212946 ], [ 84.002357, 27.212799 ], [ 84.002119, 27.21263 ], [ 84.00161, 27.212247 ], [ 83.999581, 27.210652 ], [ 83.996652, 27.208352 ], [ 83.994251, 27.206427 ], [ 83.986296, 27.199765 ] ] ] } },
{ "type": "Feature", "properties": { "ID": "150113039", "TRK_NME": "Narktiaganj to Gorakpur", "FTR_CRY": "BG", "CITY_NME": null, "STT_NME": "Bihar", "SHAPE_Leng": "0.168163273394472" }, "geometry": { "type": "MultiLineString", "coordinates": [ [ [ 84.291093, 27.151519 ], [ 84.287885, 27.151217 ], [ 84.28548, 27.151022 ], [ 84.285178, 27.151012 ], [ 84.284908, 27.151012 ], [ 84.284094, 27.151031 ], [ 84.275357, 27.151242 ], [ 84.268891, 27.151393 ], [ 84.240909, 27.151969 ], [ 84.229928, 27.152222 ], [ 84.227095, 27.152267 ], [ 84.225651, 27.15227 ], [ 84.224683, 27.152219 ], [ 84.224045, 27.152168 ], [ 84.221799, 27.151918 ], [ 84.211956, 27.150541 ], [ 84.208881, 27.150161 ], [ 84.1901, 27.147578 ], [ 84.156137, 27.142971 ], [ 84.155709, 27.142878 ], [ 84.149736, 27.142065 ], [ 84.147864, 27.141844 ], [ 84.146856, 27.141707 ], [ 84.134108, 27.139982 ], [ 84.123886, 27.138604 ] ] ] } },
{ "type": "Feature", "properties": { "ID": "150113047", "TRK_NME": null, "FTR_CRY": "BG", "CITY_NME": "Narkatiaganj", "STT_NME": "Bihar", "SHAPE_Leng": "0.007267410377193" }, "geometry": { "type": "MultiLineString", "coordinates": [ [ [ 84.46652, 27.104465 ], [ 84.466189, 27.104597 ], [ 84.465425, 27.104826 ], [ 84.464961, 27.104966 ], [ 84.463554, 27.105288 ], [ 84.461252, 27.10581 ], [ 84.460749, 27.105905 ], [ 84.460634, 27.105915 ], [ 84.460245, 27.105915 ], [ 84.460087, 27.105925 ], [ 84.45944, 27.105991 ] ] ] } },
{ "type": "Feature", "properties": { "ID": "150113271", "TRK_NME": "Narktiaganj to Gorakpur", "FTR_CRY": "BG", "CITY_NME": null, "STT_NME": "Bihar", "SHAPE_Leng": "0.055391168804161" }, "geometry": { "type": "MultiLineString", "coordinates": [ [ [ 84.415801, 27.131653 ], [ 84.413717, 27.132556 ], [ 84.4102, 27.134112 ], [ 84.403025, 27.137315 ], [ 84.398346, 27.139396 ], [ 84.396455, 27.140264 ], [ 84.392638, 27.141935 ], [ 84.390446, 27.142893 ], [ 84.389521, 27.143312 ], [ 84.3792, 27.147891 ], [ 84.373195, 27.150548 ], [ 84.36757, 27.153066 ], [ 84.365182, 27.154144 ] ] ] } },
{ "type": "Feature", "properties": { "ID": "150113395", "TRK_NME": null, "FTR_CRY": "BG", "CITY_NME": null, "STT_NME": "Bihar", "SHAPE_Leng": "0.034456764824961" }, "geometry": { "type": "MultiLineString", "coordinates": [ [ [ 84.331507, 27.156824 ], [ 84.334132, 27.15699 ], [ 84.336299, 27.157153 ], [ 84.339435, 27.157381 ], [ 84.340864, 27.157467 ], [ 84.344317, 27.157717 ], [ 84.348777, 27.158031 ], [ 84.349594, 27.158082 ], [ 84.350779, 27.158165 ], [ 84.351812, 27.158197 ], [ 84.353202, 27.158156 ], [ 84.35404, 27.158082 ], [ 84.355459, 27.157871 ], [ 84.356524, 27.15764 ], [ 84.357691, 27.157298 ], [ 84.358501, 27.157032 ], [ 84.359585, 27.156611 ], [ 84.36119, 27.155924 ], [ 84.365182, 27.154144 ] ] ] } },
{ "type": "Feature", "properties": { "ID": "150113396", "TRK_NME": null, "FTR_CRY": "BG", "CITY_NME": null, "STT_NME": "Bihar", "SHAPE_Leng": "0.03260794250733" }, "geometry": { "type": "MultiLineString", "coordinates": [ [ [ 84.291093, 27.151519 ], [ 84.292886, 27.151684 ], [ 84.294765, 27.151854 ], [ 84.295827, 27.151987 ], [ 84.297402, 27.152295 ], [ 84.302975, 27.153444 ], [ 84.307229, 27.154311 ], [ 84.309792, 27.154829 ], [ 84.312589, 27.155402 ], [ 84.31328, 27.155501 ], [ 84.313932, 27.155565 ], [ 84.318489, 27.155889 ], [ 84.321678, 27.156113 ], [ 84.323299, 27.156233 ] ] ] } },
{ "type": "Feature", "properties": { "ID": "150113342", "TRK_NME": null, "FTR_CRY": "BG", "CITY_NME": null, "STT_NME": "Bihar", "SHAPE_Leng": "0.044490968989578" }, "geometry": { "type": "MultiLineString", "coordinates": [ [ [ 84.451672, 27.107244 ], [ 84.450142, 27.107597 ], [ 84.449455, 27.107798 ], [ 84.449026, 27.107949 ], [ 84.448494, 27.10818 ], [ 84.448112, 27.108372 ], [ 84.447673, 27.108622 ], [ 84.447288, 27.108878 ], [ 84.446694, 27.109301 ], [ 84.446399, 27.109557 ], [ 84.445992, 27.10997 ], [ 84.445743, 27.11022 ], [ 84.445556, 27.110432 ], [ 84.445301, 27.110726 ], [ 84.444365, 27.111863 ], [ 84.442821, 27.113772 ], [ 84.441831, 27.115012 ], [ 84.43966, 27.11778 ], [ 84.438631, 27.119022 ], [ 84.437951, 27.119871 ], [ 84.437069, 27.120912 ], [ 84.436651, 27.121338 ], [ 84.436205, 27.121758 ], [ 84.435813, 27.122107 ], [ 84.435395, 27.122437 ], [ 84.43505, 27.122693 ], [ 84.434556, 27.123033 ], [ 84.434171, 27.123292 ], [ 84.433707, 27.123587 ], [ 84.433052, 27.123946 ], [ 84.432613, 27.12417 ], [ 84.431731, 27.124593 ], [ 84.428901, 27.125836 ], [ 84.427893, 27.126272 ], [ 84.42524, 27.127463 ], [ 84.420647, 27.129507 ], [ 84.41826, 27.130555 ], [ 84.417105, 27.131105 ], [ 84.415801, 27.131653 ] ] ] } },
{ "type": "Feature", "properties": { "ID": "150113343", "TRK_NME": null, "FTR_CRY": "MG", "CITY_NME": null, "STT_NME": "Bihar", "SHAPE_Leng": "0.037610084284271" }, "geometry": { "type": "MultiLineString", "coordinates": [ [ [ 84.51382, 27.079747 ], [ 84.512767, 27.080317 ], [ 84.51182, 27.080812 ], [ 84.511012, 27.081224 ], [ 84.510502, 27.081464 ], [ 84.509377, 27.082075 ], [ 84.507829, 27.082937 ], [ 84.506691, 27.083545 ], [ 84.503568, 27.085268 ], [ 84.499857, 27.087344 ], [ 84.498163, 27.088263 ], [ 84.492367, 27.091458 ], [ 84.490356, 27.092598 ], [ 84.487609, 27.094234 ], [ 84.484782, 27.095737 ], [ 84.482165, 27.09709 ], [ 84.480842, 27.097818 ] ] ] } },
{ "type": "Feature", "properties": { "ID": "150113344", "TRK_NME": null, "FTR_CRY": "MG", "CITY_NME": null, "STT_NME": "Bihar", "SHAPE_Leng": "0.031156781357677" }, "geometry": { "type": "MultiLineString", "coordinates": [ [ [ 84.474106, 27.12151 ], [ 84.474239, 27.122919 ], [ 84.474308, 27.123798 ], [ 84.474428, 27.125137 ], [ 84.474503, 27.125995 ], [ 84.474594, 27.127302 ], [ 84.474687, 27.128261 ], [ 84.474824, 27.129916 ], [ 84.475139, 27.133324 ], [ 84.475327, 27.135397 ], [ 84.475499, 27.13743 ], [ 84.475683, 27.139459 ], [ 84.475873, 27.141696 ], [ 84.476034, 27.143546 ], [ 84.476189, 27.145237 ], [ 84.476327, 27.146908 ], [ 84.476409, 27.148282 ], [ 84.476403, 27.14872 ], [ 84.476362, 27.149493 ], [ 84.476272, 27.150161 ], [ 84.47607, 27.151207 ], [ 84.475824, 27.152118 ], [ 84.475714, 27.152492 ] ] ] } },
{ "type": "Feature", "properties": { "ID": "150113048", "TRK_NME": null, "FTR_CRY": "BG", "CITY_NME": null, "STT_NME": "Bihar", "SHAPE_Leng": "0.001097188331683" }, "geometry": { "type": "MultiLineString", "coordinates": [ [ [ 84.457539, 27.108636 ], [ 84.457629, 27.108989 ], [ 84.457821, 27.109408 ], [ 84.457949, 27.109648 ] ] ] } },
{ "type": "Feature", "properties": { "ID": "150129442", "TRK_NME": null, "FTR_CRY": "BG", "CITY_NME": "Narkatiaganj", "STT_NME": "Bihar", "SHAPE_Leng": "3.41450266494E-4" }, "geometry": { "type": "MultiLineString", "coordinates": [ [ [ 84.457977, 27.109688 ], [ 84.457982, 27.109694 ], [ 84.458042, 27.109778 ], [ 84.458171, 27.109947 ], [ 84.458182, 27.109961 ] ] ] } },
{ "type": "Feature", "properties": { "ID": "150129443", "TRK_NME": null, "FTR_CRY": "BG", "CITY_NME": "Narkatiaganj", "STT_NME": "Bihar", "SHAPE_Leng": "0.003556005601109" }, "geometry": { "type": "MultiLineString", "coordinates": [ [ [ 84.45944, 27.105991 ], [ 84.459046, 27.106113 ], [ 84.458855, 27.1062 ], [ 84.458756, 27.106266 ], [ 84.458113, 27.106819 ], [ 84.45799, 27.10697 ], [ 84.45775, 27.107319 ], [ 84.4577, 27.107409 ], [ 84.457665, 27.107497 ], [ 84.457577, 27.107893 ], [ 84.457531, 27.108527 ], [ 84.457539, 27.108636 ] ] ] } },
{ "type": "Feature", "properties": { "ID": "150129444", "TRK_NME": null, "FTR_CRY": "BG", "CITY_NME": "Narkatiaganj", "STT_NME": "Bihar", "SHAPE_Leng": "0.005413893164373" }, "geometry": { "type": "MultiLineString", "coordinates": [ [ [ 84.458182, 27.109961 ], [ 84.458275, 27.110082 ], [ 84.458579, 27.110429 ], [ 84.459156, 27.111145 ], [ 84.459618, 27.111681 ], [ 84.46156, 27.11419 ] ] ] } },
{ "type": "Feature", "properties": { "ID": "150129445", "TRK_NME": null, "FTR_CRY": "BG", "CITY_NME": "Narkatiaganj", "STT_NME": "Bihar", "SHAPE_Leng": "4.8826222498E-5" }, "geometry": { "type": "MultiLineString", "coordinates": [ [ [ 84.457949, 27.109648 ], [ 84.457977, 27.109688 ] ] ] } },
{ "type": "Feature", "properties": { "ID": "150113127", "TRK_NME": null, "FTR_CRY": "BG", "CITY_NME": null, "STT_NME": "Bihar", "SHAPE_Leng": "0.004241929140363" }, "geometry": { "type": "MultiLineString", "coordinates": [ [ [ 84.073468, 27.131578 ], [ 84.073572, 27.131598 ], [ 84.075825, 27.132028 ], [ 84.076221, 27.132084 ], [ 84.077647, 27.132301 ] ] ] } },
{ "type": "Feature", "properties": { "ID": "150129347", "TRK_NME": null, "FTR_CRY": "BG", "CITY_NME": null, "STT_NME": "Bihar", "SHAPE_Leng": "5.63567209837E-4" }, "geometry": { "type": "MultiLineString", "coordinates": [ [ [ 84.051331, 27.153634 ], [ 84.051373, 27.153072 ] ] ] } },
{ "type": "Feature", "properties": { "ID": "150129348", "TRK_NME": null, "FTR_CRY": "BG", "CITY_NME": "Bagaha", "STT_NME": "Bihar", "SHAPE_Leng": "0.042160499161612" }, "geometry": { "type": "MultiLineString", "coordinates": [ [ [ 84.051373, 27.153072 ], [ 84.0514, 27.152645 ], [ 84.051499, 27.151661 ], [ 84.051548, 27.150991 ], [ 84.051613, 27.150214 ], [ 84.051723, 27.149007 ], [ 84.051938, 27.146808 ], [ 84.05206, 27.145477 ], [ 84.052137, 27.144655 ], [ 84.052316, 27.142781 ], [ 84.052444, 27.141039 ], [ 84.052598, 27.139414 ], [ 84.052686, 27.138273 ], [ 84.052775, 27.137297 ], [ 84.052861, 27.136609 ], [ 84.052955, 27.136055 ], [ 84.053196, 27.134848 ], [ 84.053433, 27.133749 ], [ 84.05355, 27.13318 ], [ 84.053629, 27.132883 ], [ 84.053667, 27.132758 ], [ 84.053766, 27.132474 ], [ 84.053838, 27.132292 ], [ 84.053984, 27.131984 ], [ 84.054067, 27.131834 ], [ 84.054159, 27.131689 ], [ 84.05433, 27.13142 ], [ 84.054554, 27.131135 ], [ 84.0547, 27.130954 ], [ 84.054862, 27.130748 ], [ 84.055044, 27.130562 ], [ 84.055235, 27.130389 ], [ 84.055431, 27.130237 ], [ 84.055679, 27.130054 ], [ 84.055976, 27.129868 ], [ 84.056205, 27.129729 ], [ 84.056394, 27.129635 ], [ 84.056608, 27.129532 ], [ 84.056889, 27.129412 ], [ 84.057192, 27.129297 ], [ 84.057481, 27.129206 ], [ 84.057898, 27.129091 ], [ 84.058149, 27.129032 ], [ 84.058593, 27.128976 ], [ 84.058919, 27.128949 ], [ 84.059311, 27.128944 ], [ 84.059752, 27.128966 ], [ 84.06019, 27.129011 ], [ 84.060442, 27.129046 ], [ 84.061749, 27.129293 ], [ 84.070078, 27.130935 ], [ 84.071365, 27.131177 ], [ 84.07231, 27.131355 ], [ 84.072736, 27.131433 ], [ 84.073468, 27.131578 ] ] ] } },
{ "type": "Feature", "properties": { "ID": "150113122", "TRK_NME": null, "FTR_CRY": "BG", "CITY_NME": null, "STT_NME": "Bihar", "SHAPE_Leng": "5.1696228103E-4" }, "geometry": { "type": "MultiLineString", "coordinates": [ [ [ 84.323299, 27.156233 ], [ 84.323814, 27.156278 ] ] ] } },
{ "type": "Feature", "properties": { "ID": "150129349", "TRK_NME": null, "FTR_CRY": "BG", "CITY_NME": null, "STT_NME": "Bihar", "SHAPE_Leng": "5.51380993479E-4" }, "geometry": { "type": "MultiLineString", "coordinates": [ [ [ 84.330957, 27.156785 ], [ 84.331507, 27.156824 ] ] ] } },
{ "type": "Feature", "properties": { "ID": "150129350", "TRK_NME": null, "FTR_CRY": "BG", "CITY_NME": null, "STT_NME": "Bihar", "SHAPE_Leng": "2.69985129703E-4" }, "geometry": { "type": "MultiLineString", "coordinates": [ [ [ 84.325177, 27.156399 ], [ 84.325446, 27.156422 ] ] ] } },
{ "type": "Feature", "properties": { "ID": "150129351", "TRK_NME": null, "FTR_CRY": "BG", "CITY_NME": "Ramnagar", "STT_NME": "Bihar", "SHAPE_Leng": "0.005523130228053" }, "geometry": { "type": "MultiLineString", "coordinates": [ [ [ 84.325446, 27.156422 ], [ 84.328296, 27.156587 ], [ 84.330957, 27.156785 ] ] ] } },
{ "type": "Feature", "properties": { "ID": "150129352", "TRK_NME": null, "FTR_CRY": "BG", "CITY_NME": "Ramnagar", "STT_NME": "Bihar", "SHAPE_Leng": "0.001368364252833" }, "geometry": { "type": "MultiLineString", "coordinates": [ [ [ 84.323814, 27.156278 ], [ 84.325177, 27.156399 ] ] ] } },
{ "type": "Feature", "properties": { "ID": "150113119", "TRK_NME": null, "FTR_CRY": "BG", "CITY_NME": null, "STT_NME": "Bihar", "SHAPE_Leng": "0.025201203905244" }, "geometry": { "type": "MultiLineString", "coordinates": [ [ [ 84.470317, 27.098986 ], [ 84.470547, 27.098237 ], [ 84.471273, 27.095828 ], [ 84.471665, 27.094546 ], [ 84.472362, 27.09231 ], [ 84.473248, 27.089357 ], [ 84.473814, 27.087587 ], [ 84.474675, 27.084699 ], [ 84.475343, 27.082657 ], [ 84.475669, 27.081543 ], [ 84.476207, 27.079785 ], [ 84.476867, 27.077663 ], [ 84.477728, 27.0749 ] ] ] } },
{ "type": "Feature", "properties": { "ID": "150129355", "TRK_NME": null, "FTR_CRY": "BG", "CITY_NME": "Narkatiaganj", "STT_NME": "Bihar", "SHAPE_Leng": "6.6760766933E-5" }, "geometry": { "type": "MultiLineString", "coordinates": [ [ [ 84.470298, 27.09905 ], [ 84.470317, 27.098986 ] ] ] } },
{ "type": "Feature", "properties": { "ID": "150113118", "TRK_NME": null, "FTR_CRY": "BG", "CITY_NME": null, "STT_NME": "Bihar", "SHAPE_Leng": "0.00272354452934" }, "geometry": { "type": "MultiLineString", "coordinates": [ [ [ 84.454808, 27.106573 ], [ 84.455024, 27.10652 ], [ 84.456161, 27.106286 ], [ 84.45747, 27.105998 ] ] ] } },
{ "type": "Feature", "properties": { "ID": "150132246", "TRK_NME": null, "FTR_CRY": "BG", "CITY_NME": "Narkatiaganj", "STT_NME": "Bihar", "SHAPE_Leng": "0.016103567095559" }, "geometry": { "type": "MultiLineString", "coordinates": [ [ [ 84.45747, 27.105998 ], [ 84.45864, 27.10575 ], [ 84.460215, 27.105411 ], [ 84.462981, 27.104802 ], [ 84.465253, 27.104351 ], [ 84.465554, 27.104317 ], [ 84.466802, 27.104156 ], [ 84.467119, 27.104044 ], [ 84.467929, 27.103678 ], [ 84.468192, 27.103522 ], [ 84.4684, 27.103362 ], [ 84.468569, 27.103223 ], [ 84.468936, 27.102801 ], [ 84.469028, 27.102692 ], [ 84.469209, 27.102411 ], [ 84.469352, 27.102135 ], [ 84.46945, 27.101883 ], [ 84.46977, 27.100831 ], [ 84.470298, 27.09905 ] ] ] } },
{ "type": "Feature", "properties": { "ID": "150127207", "TRK_NME": null, "FTR_CRY": "BG", "CITY_NME": null, "STT_NME": "Bihar", "SHAPE_Leng": "0.006067153766455" }, "geometry": { "type": "MultiLineString", "coordinates": [ [ [ 84.457634, 27.106154 ], [ 84.456797, 27.106218 ], [ 84.455218, 27.106514 ], [ 84.454808, 27.106573 ], [ 84.451672, 27.107244 ] ] ] } },
{ "type": "Feature", "properties": { "ID": "150133604", "TRK_NME": null, "FTR_CRY": "BG", "CITY_NME": "Narkatiaganj", "STT_NME": "Bihar", "SHAPE_Leng": "0.005706421423933" }, "geometry": { "type": "MultiLineString", "coordinates": [ [ [ 84.463261, 27.105272 ], [ 84.461225, 27.105728 ], [ 84.459646, 27.105932 ], [ 84.45944, 27.105991 ], [ 84.458335, 27.106105 ], [ 84.457634, 27.106154 ] ] ] } },
{ "type": "Feature", "properties": { "ID": "150113176", "TRK_NME": null, "FTR_CRY": "MG", "CITY_NME": null, "STT_NME": "Bihar", "SHAPE_Leng": "0.008089063851876" }, "geometry": { "type": "MultiLineString", "coordinates": [ [ [ 84.480842, 27.097818 ], [ 84.473769, 27.101743 ] ] ] } },
{ "type": "Feature", "properties": { "ID": "150113175", "TRK_NME": null, "FTR_CRY": "MG", "CITY_NME": null, "STT_NME": "Bihar", "SHAPE_Leng": "0.01293165144468" }, "geometry": { "type": "MultiLineString", "coordinates": [ [ [ 84.472892, 27.108642 ], [ 84.473047, 27.10932 ], [ 84.473161, 27.110818 ], [ 84.473345, 27.112663 ], [ 84.473545, 27.114952 ], [ 84.473649, 27.116138 ], [ 84.473809, 27.118018 ], [ 84.473872, 27.118759 ], [ 84.474027, 27.120578 ], [ 84.474106, 27.12151 ] ] ] } },
{ "type": "Feature", "properties": { "ID": "150131072", "TRK_NME": null, "FTR_CRY": "MG", "CITY_NME": "Narkatiaganj", "STT_NME": "Bihar", "SHAPE_Leng": "0.007567851292366" }, "geometry": { "type": "MultiLineString", "coordinates": [ [ [ 84.467167, 27.104308 ], [ 84.468168, 27.104601 ], [ 84.469109, 27.10489 ], [ 84.469298, 27.104945 ], [ 84.46956, 27.105042 ], [ 84.469861, 27.105183 ], [ 84.470229, 27.10538 ], [ 84.470912, 27.10584 ], [ 84.471503, 27.106351 ], [ 84.471903, 27.10677 ], [ 84.472226, 27.107204 ], [ 84.472393, 27.107516 ], [ 84.472657, 27.107992 ], [ 84.472892, 27.108642 ] ] ] } },
{ "type": "Feature", "properties": { "ID": "150164361", "TRK_NME": null, "FTR_CRY": "BG", "CITY_NME": null, "STT_NME": "Bihar", "SHAPE_Leng": "0.008235136983006" }, "geometry": { "type": "MultiLineString", "coordinates": [ [ [ 84.031698, 27.199313 ], [ 84.032019, 27.198976 ], [ 84.032306, 27.198615 ], [ 84.033326, 27.197316 ], [ 84.034187, 27.196237 ], [ 84.03445, 27.195907 ], [ 84.034823, 27.195435 ], [ 84.036437, 27.193388 ], [ 84.036643, 27.193127 ], [ 84.036755, 27.192834 ] ] ] } },
{ "type": "Feature", "properties": { "ID": "150164362", "TRK_NME": null, "FTR_CRY": "BG", "CITY_NME": null, "STT_NME": "Bihar", "SHAPE_Leng": "0.008353873339759" }, "geometry": { "type": "MultiLineString", "coordinates": [ [ [ 84.156137, 27.142971 ], [ 84.155777, 27.142974 ], [ 84.152995, 27.142581 ], [ 84.149297, 27.142085 ], [ 84.147864, 27.141844 ] ] ] } },
{ "type": "Feature", "properties": { "ID": "150164363", "TRK_NME": null, "FTR_CRY": "MG", "CITY_NME": null, "STT_NME": "Bihar", "SHAPE_Leng": "0.003508289377625" }, "geometry": { "type": "MultiLineString", "coordinates": [ [ [ 84.612929, 27.333286 ], [ 84.613192, 27.333291 ], [ 84.616205, 27.332963 ], [ 84.616414, 27.332915 ] ] ] } },
{ "type": "Feature", "properties": { "ID": "150164364", "TRK_NME": null, "FTR_CRY": "MG", "CITY_NME": null, "STT_NME": "Bihar", "SHAPE_Leng": "0.00225575585184" }, "geometry": { "type": "MultiLineString", "coordinates": [ [ [ 84.615827, 27.332977 ], [ 84.615522, 27.332967 ], [ 84.613582, 27.33317 ] ] ] } },
{ "type": "Feature", "properties": { "ID": "150164365", "TRK_NME": null, "FTR_CRY": "BG", "CITY_NME": "Narkatiaganj", "STT_NME": "Bihar", "SHAPE_Leng": "0.009515529402701" }, "geometry": { "type": "MultiLineString", "coordinates": [ [ [ 84.45747, 27.105998 ], [ 84.458567, 27.105828 ], [ 84.459435, 27.105643 ], [ 84.462018, 27.105097 ], [ 84.465414, 27.104397 ], [ 84.466358, 27.104266 ], [ 84.466802, 27.104156 ] ] ] } },
{ "type": "Feature", "properties": { "ID": "150164366", "TRK_NME": null, "FTR_CRY": "BG", "CITY_NME": "Narkatiaganj", "STT_NME": "Bihar", "SHAPE_Leng": "0.009670587226272" }, "geometry": { "type": "MultiLineString", "coordinates": [ [ [ 84.458567, 27.105828 ], [ 84.459845, 27.105764 ], [ 84.459966, 27.105752 ], [ 84.460404, 27.105694 ], [ 84.462314, 27.105296 ], [ 84.464768, 27.10477 ], [ 84.466295, 27.104419 ], [ 84.466575, 27.104334 ], [ 84.467026, 27.104161 ], [ 84.467516, 27.103912 ], [ 84.467929, 27.103678 ] ] ] } },
{ "type": "Feature", "properties": { "ID": "150164367", "TRK_NME": null, "FTR_CRY": "BG", "CITY_NME": "Narkatiaganj", "STT_NME": "Bihar", "SHAPE_Leng": "0.004013091800651" }, "geometry": { "type": "MultiLineString", "coordinates": [ [ [ 84.460749, 27.105905 ], [ 84.461788, 27.10592 ], [ 84.462193, 27.105861 ], [ 84.4647, 27.10532 ] ] ] } },
{ "type": "Feature", "properties": { "ID": "150164368", "TRK_NME": null, "FTR_CRY": "MG", "CITY_NME": "Narkatiaganj", "STT_NME": "Bihar", "SHAPE_Leng": "0.001968615666352" }, "geometry": { "type": "MultiLineString", "coordinates": [ [ [ 84.467026, 27.104161 ], [ 84.46745, 27.104022 ], [ 84.467609, 27.103993 ], [ 84.467981, 27.103939 ], [ 84.468964, 27.103878 ] ] ] } },
{ "type": "Feature", "properties": { "ID": "150164371", "TRK_NME": null, "FTR_CRY": "MG", "CITY_NME": null, "STT_NME": "Bihar", "SHAPE_Leng": "0.008493819905044" }, "geometry": { "type": "MultiLineString", "coordinates": [ [ [ 84.544893, 27.067796 ], [ 84.54421, 27.067992 ], [ 84.540711, 27.069288 ], [ 84.537689, 27.070395 ], [ 84.536932, 27.070744 ] ] ] } },
{ "type": "Feature", "properties": { "ID": "150164372", "TRK_NME": null, "FTR_CRY": "MG", "CITY_NME": null, "STT_NME": "Bihar", "SHAPE_Leng": "0.009918320939994" }, "geometry": { "type": "MultiLineString", "coordinates": [ [ [ 84.580346, 27.04932 ], [ 84.579784, 27.04961 ], [ 84.579162, 27.049894 ], [ 84.578986, 27.049966 ], [ 84.574887, 27.051482 ], [ 84.574174, 27.051735 ], [ 84.573534, 27.051955 ], [ 84.573378, 27.052014 ], [ 84.572951, 27.052204 ], [ 84.572367, 27.052501 ], [ 84.572174, 27.052605 ], [ 84.571797, 27.052823 ], [ 84.571224, 27.053159 ] ] ] } },
{ "type": "Feature", "properties": { "ID": "150164636", "TRK_NME": null, "FTR_CRY": "MG", "CITY_NME": "Narkatiaganj", "STT_NME": "Bihar", "SHAPE_Leng": "0.007785486926075" }, "geometry": { "type": "MultiLineString", "coordinates": [ [ [ 84.473769, 27.101743 ], [ 84.473528, 27.10188 ], [ 84.471771, 27.102804 ], [ 84.471, 27.103152 ], [ 84.470113, 27.103517 ], [ 84.468964, 27.103878 ], [ 84.467931, 27.104138 ], [ 84.467167, 27.104308 ], [ 84.46652, 27.104465 ] ] ] } },
{ "type": "Feature", "properties": { "ID": "150132982", "TRK_NME": null, "FTR_CRY": "BG", "CITY_NME": "Narkatiaganj", "STT_NME": "Bihar", "SHAPE_Leng": "0.003357644809611" }, "geometry": { "type": "MultiLineString", "coordinates": [ [ [ 84.46652, 27.104465 ], [ 84.465384, 27.104765 ], [ 84.463261, 27.105272 ] ] ] } },
{ "type": "Feature", "properties": { "ID": "150123827", "TRK_NME": null, "FTR_CRY": "BG", "CITY_NME": null, "STT_NME": "Uttar Pradesh", "SHAPE_Leng": "0.120628025455077" }, "geometry": { "type": "MultiLineString", "coordinates": [ [ [ 83.984656159938567, 27.198394298539796 ], [ 83.986296, 27.199765 ] ] ] } }
]
}
