{
"type": "FeatureCollection",
"name": "water_areas_dcw_Bihar",
"crs": { "type": "name", "properties": { "name": "urn:ogc:def:crs:OGC:1.3:CRS84" } },
"features": [
{ "type": "Feature", "properties": { "ISO": "IND", "COUNTRY": "India", "F_CODE_DES": "Inland Water", "HYC_DESCRI": "Perennial/Permanent", "NAME": "UNK" }, "geometry": { "type": "MultiPolygon", "coordinates": [ [ [ [ 85.26752446752198, 26.461415999123574 ], [ 85.266303467520856, 26.459332999121671 ], [ 85.263748467518326, 26.460250999122536 ], [ 85.260803467515643, 26.464749999126752 ], [ 85.262084467516843, 26.468720999130483 ], [ 85.259666467514535, 26.474500999135898 ], [ 85.260223467515061, 26.477637999138778 ], [ 85.262390467517207, 26.479278999140206 ], [ 85.268890467523079, 26.467944999129713 ], [ 85.266914467521246, 26.465026999127076 ], [ 85.26752446752198, 26.461415999123574 ] ] ] ] } },
{ "type": "Feature", "properties": { "ISO": "IND", "COUNTRY": "India", "F_CODE_DES": "Inland Water", "HYC_DESCRI": "Perennial/Permanent", "NAME": "UNK" }, "geometry": { "type": "MultiPolygon", "coordinates": [ [ [ [ 85.18402846744425, 26.403609999069658 ], [ 85.183029467443248, 26.388526999055784 ], [ 85.180358467440783, 26.385388999052793 ], [ 85.174835467435514, 26.382888999050465 ], [ 85.165191467426666, 26.384805999052332 ], [ 85.161697467423437, 26.38777699905495 ], [ 85.161445467423164, 26.390111999057126 ], [ 85.164024467425406, 26.390637999057617 ], [ 85.169113467430179, 26.386777999054175 ], [ 85.174583467435241, 26.386083999053426 ], [ 85.178169467438693, 26.387750999055015 ], [ 85.180641467441092, 26.397277999063817 ], [ 85.178863467439442, 26.403417999069688 ], [ 85.171722467432573, 26.401526999067755 ], [ 85.164802467426171, 26.395554999062369 ], [ 85.162887467424525, 26.397054999063585 ], [ 85.174720467435463, 26.406110999072098 ], [ 85.181503467441871, 26.406583999072609 ], [ 85.18402846744425, 26.403609999069658 ] ] ] ] } },
{ "type": "Feature", "properties": { "ISO": "IND", "COUNTRY": "India", "F_CODE_DES": "Inland Water", "HYC_DESCRI": "Perennial/Permanent", "NAME": "UNK" }, "geometry": { "type": "MultiPolygon", "coordinates": [ [ [ [ 85.437858467680599, 26.76711099940826 ], [ 85.43194546767495, 26.765555999406843 ], [ 85.431274467674484, 26.767249999408477 ], [ 85.437278467680017, 26.770915999411955 ], [ 85.438751467681413, 26.773416999414167 ], [ 85.437194467680001, 26.776416999417052 ], [ 85.433471467676554, 26.777999999418398 ], [ 85.436584467679268, 26.779611999420013 ], [ 85.440750467683301, 26.777194999417588 ], [ 85.441803467684167, 26.773360999414081 ], [ 85.437858467680599, 26.76711099940826 ] ] ] ] } },
{ "type": "Feature", "properties": { "ISO": "IND", "COUNTRY": "India", "F_CODE_DES": "Land Subject to Inundation", "HYC_DESCRI": "Non-Perennial/Intermittent/Fluctuating", "NAME": null }, "geometry": { "type": "MultiPolygon", "coordinates": [ [ [ [ 85.535553467771479, 26.313193998985525 ], [ 85.513641467751086, 26.311749998984169 ], [ 85.508079467746029, 26.314137998986553 ], [ 85.507667467745478, 26.318749998990825 ], [ 85.515976467753262, 26.325500998997086 ], [ 85.538886467774546, 26.325999998997531 ], [ 85.541946467777507, 26.325027998996575 ], [ 85.539665467775421, 26.314971998987176 ], [ 85.539443467775072, 26.31488799898716 ], [ 85.535553467771479, 26.313193998985525 ] ] ] ] } },
{ "type": "Feature", "properties": { "ISO": "IND", "COUNTRY": "India", "F_CODE_DES": "Inland Water", "HYC_DESCRI": "Perennial/Permanent", "NAME": "UNK" }, "geometry": { "type": "MultiPolygon", "coordinates": [ [ [ [ 85.603775467835021, 26.298972998972204 ], [ 85.600166467831741, 26.295888998969531 ], [ 85.594329467826356, 26.297082998970609 ], [ 85.59210946782423, 26.293138998966924 ], [ 85.58905846782136, 26.292582998966282 ], [ 85.588218467820525, 26.295972998969546 ], [ 85.590667467822868, 26.299916998973231 ], [ 85.599029467830633, 26.304582998977594 ], [ 85.603942467835168, 26.305083998978034 ], [ 85.603775467835021, 26.298972998972204 ] ] ] ] } },
{ "type": "Feature", "properties": { "ISO": "IND", "COUNTRY": "India", "F_CODE_DES": "Inland Water", "HYC_DESCRI": "Perennial/Permanent", "NAME": "UNK" }, "geometry": { "type": "MultiPolygon", "coordinates": [ [ [ [ 85.263641467518255, 26.269082998944441 ], [ 85.260391467515319, 26.268554998943955 ], [ 85.258529467513426, 26.271499998946638 ], [ 85.259025467513993, 26.277860998952747 ], [ 85.263107467517784, 26.287389998961544 ], [ 85.270446467524607, 26.297387998970862 ], [ 85.271919467526004, 26.303748998976744 ], [ 85.274475467528418, 26.303721998976698 ], [ 85.275024467528965, 26.299916998973231 ], [ 85.26194746751662, 26.278972998953577 ], [ 85.263641467518255, 26.269082998944441 ] ] ] ] } },
{ "type": "Feature", "properties": { "ISO": "IND", "COUNTRY": "India", "F_CODE_DES": "Inland Water", "HYC_DESCRI": "Perennial/Permanent", "NAME": "UNK" }, "geometry": { "type": "MultiPolygon", "coordinates": [ [ [ [ 85.288497467541447, 26.282861998957287 ], [ 85.287971467540956, 26.281194998955698 ], [ 85.283111467536401, 26.282777998957272 ], [ 85.279808467533257, 26.28222299895674 ], [ 85.278053467531663, 26.277833998952701 ], [ 85.276168467529942, 26.277444998952205 ], [ 85.275085467528925, 26.280221998954858 ], [ 85.277053467530777, 26.283749998958228 ], [ 85.280357467533804, 26.285583998959737 ], [ 85.285057467538309, 26.2852779989596 ], [ 85.288497467541447, 26.282861998957287 ] ] ] ] } },
{ "type": "Feature", "properties": { "ISO": "IND", "COUNTRY": "India", "F_CODE_DES": "Inland Water", "HYC_DESCRI": "Perennial/Permanent", "NAME": "SAPT KOSI" }, "geometry": { "type": "MultiPolygon", "coordinates": [ [ [ [ 86.829004150212256, 26.438130242998447 ], [ 86.829281328288161, 26.438032182139153 ], [ 86.829473447108924, 26.43799242552182 ], [ 86.82966587776869, 26.437991165887635 ], [ 86.829900913488032, 26.437970377380235 ], [ 86.830220852992014, 26.437872034706643 ], [ 86.830497872832268, 26.437754722911368 ], [ 86.830775048788325, 26.437656659201387 ], [ 86.830967166503655, 26.4376169015142 ], [ 86.83124512043679, 26.437615079117407 ], [ 86.831352025561984, 26.437614378056029 ], [ 86.831587216030826, 26.437612835450359 ], [ 86.831673052541163, 26.437650770742081 ], [ 86.831951005540418, 26.43764894700649 ], [ 86.832185885294848, 26.437608907088791 ], [ 86.832250028965078, 26.437608486043658 ], [ 86.832421076744765, 26.437607363131722 ], [ 86.832656268188572, 26.43760581879533 ], [ 86.833022520039236, 26.437725208676714 ], [ 86.833235116782063, 26.43779451093376 ], [ 86.833449083423773, 26.437812353531033 ], [ 86.833663362404749, 26.437868693953259 ], [ 86.83387748542134, 26.437905785442165 ], [ 86.834091452361619, 26.437923627096289 ], [ 86.834326956896803, 26.437960577299965 ], [ 86.834492185583613, 26.437982350169829 ], [ 86.832031468979039, 26.426471999091063 ], [ 86.835807468982466, 26.421082999086138 ], [ 86.831886468978837, 26.417388999082505 ], [ 86.828277468975557, 26.409276999075018 ], [ 86.801918468950817, 26.390082999057086 ], [ 86.786331468936396, 26.387221999054418 ], [ 86.785499468935541, 26.384082999051543 ], [ 86.778694468929189, 26.383887999051467 ], [ 86.758415468910471, 26.369555999038084 ], [ 86.744308468897316, 26.368527999037042 ], [ 86.73633546888982, 26.368583999037128 ], [ 86.731247468885158, 26.370860999039223 ], [ 86.725860468880001, 26.370416999038753 ], [ 86.721527468876047, 26.367999999036556 ], [ 86.704414468860023, 26.344693999014908 ], [ 86.697364468853493, 26.341777999012265 ], [ 86.690612468847348, 26.339000999009613 ], [ 86.676223468833768, 26.337138999007948 ], [ 86.672386468830382, 26.335166999006105 ], [ 86.660942468819712, 26.324332998995942 ], [ 86.640030468800205, 26.316749998988826 ], [ 86.634696468795255, 26.312276998984771 ], [ 86.628196468789156, 26.29558399896905 ], [ 86.624969468786048, 26.291665998965527 ], [ 86.615837468777727, 26.285638998959939 ], [ 86.601417468764112, 26.270026998945468 ], [ 86.601112468763858, 26.262416998938306 ], [ 86.599082468761935, 26.246221998923147 ], [ 86.596496468759597, 26.240388998917751 ], [ 86.589691468753244, 26.234055998911799 ], [ 86.584968468748912, 26.226388998904667 ], [ 86.584945468748856, 26.220054998898831 ], [ 86.581916468745931, 26.214639998893745 ], [ 86.582946468746968, 26.210387998889928 ], [ 86.576721468741198, 26.200860998880898 ], [ 86.568031468733125, 26.194388998874956 ], [ 86.564445468729673, 26.186471998867546 ], [ 86.56333146872862, 26.175500998857387 ], [ 86.549835468716083, 26.159444998842446 ], [ 86.543083468709938, 26.154387998837592 ], [ 86.542579468709391, 26.1541939988374 ], [ 86.537612468704765, 26.152221998835557 ], [ 86.534446468701844, 26.148526998832267 ], [ 86.531501468699162, 26.139333998823531 ], [ 86.52571846869364, 26.140777998824888 ], [ 86.518279468686842, 26.135722998820256 ], [ 86.497558468667421, 26.1262229988115 ], [ 86.490028468660512, 26.119054998804813 ], [ 86.482139468653031, 26.108333998794706 ], [ 86.467308468639203, 26.093139998780543 ], [ 86.456497468629323, 26.073194998762119 ], [ 86.442306468615925, 26.062638998752163 ], [ 86.439552468613556, 26.058499998748403 ], [ 86.438919468612767, 26.040776998731872 ], [ 86.439720468613586, 26.041360998732443 ], [ 86.447525468620825, 26.046943998737561 ], [ 86.438941468612938, 26.02913899872101 ], [ 86.436447468610595, 26.018443998711064 ], [ 86.419609468594899, 25.987472998682279 ], [ 86.41916646859454, 25.981360998676564 ], [ 86.425277468600143, 25.964082998660388 ], [ 86.438392468612392, 25.946137998643735 ], [ 86.443252468616947, 25.9520279986491 ], [ 86.446052468619428, 25.951665998648878 ], [ 86.447502468620769, 25.946055998643715 ], [ 86.441749468615399, 25.941804998639782 ], [ 86.439140468613004, 25.934499998632873 ], [ 86.437805468611714, 25.899026998599766 ], [ 86.438667468612721, 25.890971998592249 ], [ 86.444885468618395, 25.880332998582389 ], [ 86.450752468623932, 25.870332998573076 ], [ 86.451919468624965, 25.864804998567934 ], [ 86.448585468621786, 25.84419399854869 ], [ 86.442832468616416, 25.834027998539341 ], [ 86.441497468615353, 25.833693998539047 ], [ 86.438835468612751, 25.833083998538314 ], [ 86.417083468592409, 25.812638998519333 ], [ 86.416580468591974, 25.805249998512409 ], [ 86.423858468598837, 25.800166998507848 ], [ 86.427360468602046, 25.788028998496429 ], [ 86.432083468606379, 25.783637998492395 ], [ 86.438529468612387, 25.781110998490021 ], [ 86.444748468618172, 25.772693998482282 ], [ 86.451164468624256, 25.770165998479797 ], [ 86.450470468623507, 25.776305998485441 ], [ 86.454612468627374, 25.786750998495336 ], [ 86.448165468621482, 25.801749998509194 ], [ 86.4487764686221, 25.805943998513158 ], [ 86.44936346862255, 25.805888998513183 ], [ 86.451332468624514, 25.80566599851295 ], [ 86.454391468627364, 25.800082998507605 ], [ 86.457611468630375, 25.786027998494546 ], [ 86.454391468627364, 25.774943998484332 ], [ 86.456306468629009, 25.769999998479761 ], [ 86.467613468639684, 25.754666998465382 ], [ 86.471275468642943, 25.746305998457501 ], [ 86.471275468642943, 25.740611998452323 ], [ 86.466278468638393, 25.737388998449205 ], [ 86.462554468634835, 25.737498998449382 ], [ 86.460777468633296, 25.73374899844589 ], [ 86.46424846863647, 25.727305998439988 ], [ 86.472579468644199, 25.719222998432315 ], [ 86.495887468665842, 25.71072199842456 ], [ 86.503471468673069, 25.703887998418168 ], [ 86.509109468678162, 25.681109998396778 ], [ 86.512779468681629, 25.679305998395193 ], [ 86.53453046870186, 25.687722998402933 ], [ 86.5460814687126, 25.684609998400219 ], [ 86.549415468715779, 25.680694998396575 ], [ 86.551940468718158, 25.673638998389833 ], [ 86.559280468724864, 25.664109998381036 ], [ 86.561721468727228, 25.655166998372806 ], [ 86.571693468736612, 25.647861998365897 ], [ 86.577636468741957, 25.6388049983575 ], [ 86.591415468754803, 25.635804998354615 ], [ 86.593559468756894, 25.635360998354372 ], [ 86.59980746876272, 25.631694998350895 ], [ 86.600280468763231, 25.631415998350576 ], [ 86.601524468764183, 25.630666998349852 ], [ 86.604553468767108, 25.624639998344264 ], [ 86.60652946876894, 25.620221998340185 ], [ 86.607139468769446, 25.618859998338849 ], [ 86.610473468772625, 25.619111998339122 ], [ 86.629302468790229, 25.620471998340463 ], [ 86.63522346879563, 25.61669299833693 ], [ 86.641670468801749, 25.608666998329454 ], [ 86.642692468802579, 25.607749998328472 ], [ 86.651107468810551, 25.60033399832173 ], [ 86.65644046881539, 25.599944998321234 ], [ 86.659301468818057, 25.601527998322808 ], [ 86.660919468819657, 25.604194998325283 ], [ 86.662307468820927, 25.606500998327419 ], [ 86.66622146882446, 25.611249998331914 ], [ 86.67094446882902, 25.6131939983336 ], [ 86.676086468833773, 25.607749998328472 ], [ 86.678863468836425, 25.601110998322383 ], [ 86.676330468834067, 25.590415998312437 ], [ 86.676498468834097, 25.583026998305513 ], [ 86.68122146883843, 25.572720998295836 ], [ 86.689582468846311, 25.572249998295547 ], [ 86.697281468853362, 25.566499998290055 ], [ 86.703476468859208, 25.563972998287682 ], [ 86.71522546887013, 25.555554998280058 ], [ 86.716003468870895, 25.554526998279016 ], [ 86.722526468877049, 25.545804998270796 ], [ 86.732833468886611, 25.541888998267268 ], [ 86.734611468888261, 25.539498998264889 ], [ 86.736251468889805, 25.53416599826005 ], [ 86.731803468885573, 25.515943998243074 ], [ 86.732025468885922, 25.509581998237081 ], [ 86.736640468890073, 25.503110998231023 ], [ 86.742752468895787, 25.504804998232657 ], [ 86.765556468917111, 25.516499998243489 ], [ 86.77813746892889, 25.517138998244263 ], [ 86.785858468935885, 25.512027998239319 ], [ 86.786468468936619, 25.509889998237441 ], [ 86.782081468932347, 25.498027998226462 ], [ 86.779136468929664, 25.490054998218966 ], [ 86.779441468929917, 25.485833998214957 ], [ 86.783249468933491, 25.48211099821151 ], [ 86.807113468955777, 25.468221998198715 ], [ 86.820221468967929, 25.458694998189685 ], [ 86.828781468975876, 25.45777699818882 ], [ 86.842582468988894, 25.459832998190905 ], [ 86.850166468995894, 25.457471998188566 ], [ 86.855529469000885, 25.457694998188799 ], [ 86.870834469015108, 25.462249998193101 ], [ 86.883552469026881, 25.46836699819869 ], [ 86.883529469026826, 25.468141998198462 ], [ 86.882736469026213, 25.462066998192995 ], [ 86.882659469026066, 25.461858998192611 ], [ 86.877975469021749, 25.460944998191735 ], [ 86.867469469011894, 25.454555998185924 ], [ 86.857330469002591, 25.450666998182214 ], [ 86.850555468996163, 25.450055998181597 ], [ 86.843246468989491, 25.453055998184482 ], [ 86.822197468969762, 25.450387998182123 ], [ 86.786972468936938, 25.47411199820408 ], [ 86.777610468928287, 25.480388998209946 ], [ 86.772857468923803, 25.490054998218966 ], [ 86.774246468925185, 25.495500998224088 ], [ 86.782028468932367, 25.509194998236808 ], [ 86.780052468930535, 25.512221998239511 ], [ 86.775276468926222, 25.515111998242219 ], [ 86.768280468919556, 25.514304998241641 ], [ 86.758972468910997, 25.5089169982366 ], [ 86.741142468894395, 25.49913999822752 ], [ 86.735359468888873, 25.500609998228811 ], [ 86.728080468882126, 25.509915998237375 ], [ 86.726860468881114, 25.514609998241895 ], [ 86.729942468883792, 25.528028998254285 ], [ 86.729972468883943, 25.53416599826005 ], [ 86.727584468881787, 25.53866599826415 ], [ 86.724418468878639, 25.540666998266033 ], [ 86.716468468871426, 25.539887998265385 ], [ 86.714080468869042, 25.54438999826948 ], [ 86.702003468857811, 25.556193998280605 ], [ 86.696136468852501, 25.561055998285156 ], [ 86.680137468837529, 25.5685269982921 ], [ 86.674247468831936, 25.57294499829618 ], [ 86.670776468828763, 25.579415998302238 ], [ 86.67277546883065, 25.606805998327673 ], [ 86.669586468827674, 25.608165998329014 ], [ 86.663414468821884, 25.599500998320991 ], [ 86.662887468821509, 25.59902799832048 ], [ 86.657386468816412, 25.594193998315859 ], [ 86.641555468801471, 25.600221998321558 ], [ 86.639358468799628, 25.603360998324433 ], [ 86.637085468797522, 25.606555998327394 ], [ 86.634498468795073, 25.610165998330785 ], [ 86.627945468788994, 25.615027998335336 ], [ 86.606086468768581, 25.614444998334875 ], [ 86.602531468765164, 25.614360998334632 ], [ 86.601448468764147, 25.616027998336222 ], [ 86.601333468764096, 25.616193998336485 ], [ 86.599891468762735, 25.618444998338418 ], [ 86.598304468761398, 25.625472998345003 ], [ 86.594749468757982, 25.629611998348992 ], [ 86.584892468748876, 25.633498998352479 ], [ 86.578475468742909, 25.633916998353016 ], [ 86.571861468736643, 25.634360998353259 ], [ 86.559753468725376, 25.64635999836446 ], [ 86.550247468716634, 25.653359998371116 ], [ 86.548637468715015, 25.654527998372032 ], [ 86.546417468712889, 25.657332998374841 ], [ 86.544639468711239, 25.665221998382094 ], [ 86.539138468706142, 25.673833998390137 ], [ 86.53549946870271, 25.677388998393326 ], [ 86.532607468700007, 25.680165998395978 ], [ 86.528442468696312, 25.680943998396742 ], [ 86.513084468681882, 25.674861998391179 ], [ 86.505920468675185, 25.676776998392825 ], [ 86.503524468673049, 25.680665998396535 ], [ 86.499336468669071, 25.699805998414377 ], [ 86.496025468665948, 25.704778998418988 ], [ 86.493110468663417, 25.705749998419833 ], [ 86.474418468645808, 25.711999998425654 ], [ 86.466003468638064, 25.717526998430912 ], [ 86.459915468632516, 25.723832998436592 ], [ 86.454940468627683, 25.733943998446193 ], [ 86.455108468627941, 25.737943998449737 ], [ 86.463195468635377, 25.742331998453892 ], [ 86.46424846863647, 25.745889998457187 ], [ 86.461776468634071, 25.754416998465103 ], [ 86.458221468630882, 25.758750998469168 ], [ 86.438110468612194, 25.770139998479863 ], [ 86.427414468602137, 25.780055998488933 ], [ 86.423027468598093, 25.784139998492947 ], [ 86.419830468595137, 25.792693998500908 ], [ 86.412529468588218, 25.803054998510561 ], [ 86.411552468587388, 25.808139998515117 ], [ 86.413002468588729, 25.815499998522 ], [ 86.429725468604374, 25.832526998538015 ], [ 86.443946468617469, 25.850888998555092 ], [ 86.446746468620177, 25.857554998561227 ], [ 86.441139468614892, 25.875916998578305 ], [ 86.435524468609628, 25.881555998583508 ], [ 86.434860468609031, 25.883277998585072 ], [ 86.432746468607093, 25.888694998590154 ], [ 86.432525468606855, 25.889277998590842 ], [ 86.431442468605837, 25.941693998639494 ], [ 86.429557468604116, 25.947249998644793 ], [ 86.416999468592394, 25.961165998657634 ], [ 86.413498468589069, 25.967387998663526 ], [ 86.412887468588679, 25.982194998677187 ], [ 86.416389468591888, 25.988860998683549 ], [ 86.416831468592363, 25.993917998688175 ], [ 86.414886468590566, 26.004943998698536 ], [ 86.412696468588365, 26.008416998701705 ], [ 86.415443468591093, 26.013165998706199 ], [ 86.419693468594915, 26.007972998701234 ], [ 86.423446468598513, 26.008498998701725 ], [ 86.433113468607417, 26.023415998715791 ], [ 86.434333468608656, 26.028083998719922 ], [ 86.43475346860896, 26.029693998721541 ], [ 86.433441468607725, 26.051305998741555 ], [ 86.435363468609467, 26.058221998748195 ], [ 86.440330468614093, 26.066083998755403 ], [ 86.451416468624529, 26.075250998763977 ], [ 86.456718468629333, 26.083304998771382 ], [ 86.473251468644776, 26.108388998794908 ], [ 86.492775468663012, 26.129971998814881 ], [ 86.499000468668783, 26.133777998818459 ], [ 86.510864468679756, 26.138055998822438 ], [ 86.52044646868876, 26.143472998827519 ], [ 86.525306468693316, 26.148610998832282 ], [ 86.534110468701556, 26.164582998847209 ], [ 86.533859468701166, 26.170110998852351 ], [ 86.52883146869658, 26.173638998855495 ], [ 86.554801468720825, 26.221415998900056 ], [ 86.563194468728625, 26.22644399890487 ], [ 86.570274468735079, 26.240359998917711 ], [ 86.577278468741724, 26.245444998922494 ], [ 86.579666468743881, 26.253165998929717 ], [ 86.574996468739528, 26.25033399892709 ], [ 86.578720468743086, 26.259110998935284 ], [ 86.589668468753189, 26.268722998944213 ], [ 86.592971468756332, 26.27558299895054 ], [ 86.605941468768378, 26.283832998958133 ], [ 86.623359468784656, 26.297860998971373 ], [ 86.627136468788194, 26.30513999897812 ], [ 86.630218468791099, 26.317277998989312 ], [ 86.634941468795432, 26.324332998995942 ], [ 86.641502468801491, 26.330443999001545 ], [ 86.644607468804452, 26.33794399900853 ], [ 86.643585468803394, 26.341805999012195 ], [ 86.64580546880552, 26.344054999014361 ], [ 86.651695468811113, 26.339221999009851 ], [ 86.654052468813234, 26.339332999009912 ], [ 86.65724946881619, 26.343055999013359 ], [ 86.656692468815663, 26.347278999017362 ], [ 86.667808468826024, 26.343333999013566 ], [ 86.677696468835165, 26.344083999014401 ], [ 86.690277468846944, 26.348304999018183 ], [ 86.69866946885486, 26.353110999022647 ], [ 86.704719468860503, 26.358193999027435 ], [ 86.727142468881311, 26.38516599905256 ], [ 86.738975468892249, 26.393222999060072 ], [ 86.753501468905824, 26.399083999065624 ], [ 86.754364468906715, 26.403054999069354 ], [ 86.759719468911726, 26.407554999073454 ], [ 86.76594546891738, 26.40988899907552 ], [ 86.776168468926926, 26.4137499990793 ], [ 86.782943468933354, 26.424943999089692 ], [ 86.792335468941928, 26.436276999100301 ], [ 86.80001046894904, 26.443767999107195 ], [ 86.80001046894904, 26.441663999105231 ], [ 86.808328468956915, 26.441663999105231 ], [ 86.78980246893957, 26.420693999085643 ], [ 86.785499468935541, 26.412805999078273 ], [ 86.786468468936619, 26.396304999062977 ], [ 86.784942468935014, 26.393166999059986 ], [ 86.786720468936664, 26.391000999057951 ], [ 86.791885468941473, 26.391055999058153 ], [ 86.80333746895235, 26.395944999062522 ], [ 86.805358468954182, 26.399470999065898 ], [ 86.804138468952942, 26.403748999069876 ], [ 86.811363468959826, 26.408360999074148 ], [ 86.820694468968441, 26.407193999073115 ], [ 86.828247468975405, 26.420277999085329 ], [ 86.825469468972869, 26.426276999090987 ], [ 86.827751468975066, 26.430638999094981 ], [ 86.827774468974894, 26.43677699910063 ], [ 86.828970731180391, 26.438143396375253 ], [ 86.829004150212256, 26.438130242998447 ] ], [ [ 86.76691446891823, 26.399917999066247 ], [ 86.762359468914156, 26.397527999064096 ], [ 86.755058468907237, 26.391000999057951 ], [ 86.751502468903936, 26.384137999051745 ], [ 86.746612468899457, 26.379222999046988 ], [ 86.740135468893413, 26.376054999044072 ], [ 86.73886146889231, 26.373361999041663 ], [ 86.741142468894395, 26.371165999039476 ], [ 86.748054468900818, 26.374331999042397 ], [ 86.760055468912014, 26.375415999043526 ], [ 86.770858468921915, 26.387082999054428 ], [ 86.779693468930191, 26.391444999058422 ], [ 86.781280468931755, 26.395638999062385 ], [ 86.781722468932003, 26.400472999066778 ], [ 86.780082468930686, 26.400943999067294 ], [ 86.774055468924871, 26.396916999063478 ], [ 86.76691446891823, 26.399917999066247 ] ], [ [ 86.744499468897402, 26.384999999052525 ], [ 86.743888468896785, 26.387361999054747 ], [ 86.740112468893358, 26.38683299905415 ], [ 86.735748468889369, 26.383611999051254 ], [ 86.733970468887719, 26.379861999047762 ], [ 86.735496468889096, 26.376861999044877 ], [ 86.742469468895479, 26.381471999049154 ], [ 86.744499468897402, 26.384999999052525 ] ], [ [ 86.665084468823579, 26.334138999005063 ], [ 86.66444346882281, 26.335416999006156 ], [ 86.654808468813826, 26.334666999005549 ], [ 86.643722468803617, 26.326999998998417 ], [ 86.641502468801491, 26.324111998995704 ], [ 86.642112468801997, 26.321971998993831 ], [ 86.658691468817551, 26.326722998998093 ], [ 86.665084468823579, 26.334138999005063 ] ], [ [ 86.580192468744372, 26.236054998913687 ], [ 86.565193468730513, 26.223832998902253 ], [ 86.55833446872407, 26.215804998894782 ], [ 86.547943468714493, 26.19563899887612 ], [ 86.539001468706147, 26.182193998863568 ], [ 86.5384974687056, 26.169110998851465 ], [ 86.542198468709103, 26.161582998844324 ], [ 86.548637468715015, 26.164777998847285 ], [ 86.553749468719843, 26.170110998852351 ], [ 86.557052468722986, 26.177194998858795 ], [ 86.559944468725462, 26.191054998871778 ], [ 86.562690468728078, 26.195805998876267 ], [ 86.572334468737154, 26.202472998882513 ], [ 86.579002468743283, 26.211778998891077 ], [ 86.574386468739021, 26.21383299889294 ], [ 86.572723468737422, 26.218944998897769 ], [ 86.575805468740327, 26.225610998903903 ], [ 86.586944468750744, 26.235194998912903 ], [ 86.588836468752561, 26.23813799891559 ], [ 86.592163468755643, 26.243278998920459 ], [ 86.595642468758797, 26.254359998930795 ], [ 86.596275468759359, 26.265277998940974 ], [ 86.596389468759526, 26.267444998942892 ], [ 86.586608468750455, 26.256970998933184 ], [ 86.577468468741927, 26.23888999891642 ], [ 86.580497468744625, 26.238360998915823 ], [ 86.580413468744609, 26.237611998915099 ], [ 86.580192468744372, 26.236054998913687 ] ] ] ] } },
{ "type": "Feature", "properties": { "ISO": "IND", "COUNTRY": "India", "F_CODE_DES": "Inland Water", "HYC_DESCRI": "Perennial/Permanent", "NAME": "UNK" }, "geometry": { "type": "MultiPolygon", "coordinates": [ [ [ [ 86.031196468233247, 26.628249999278978 ], [ 86.029052468231157, 26.626832999277667 ], [ 86.028198468230357, 26.629582999280274 ], [ 86.02216346822479, 26.632083999282486 ], [ 86.021308468223879, 26.634221999284591 ], [ 86.024749468227128, 26.638999999288899 ], [ 86.021194468223712, 26.644582999294244 ], [ 86.021308468223879, 26.648389999297706 ], [ 86.026947468229082, 26.647805999297134 ], [ 86.030357468232296, 26.645165999294704 ], [ 86.024223468226637, 26.644082999293687 ], [ 86.027778468230053, 26.638055999288099 ], [ 86.025306468227654, 26.634526999284844 ], [ 86.028999468231177, 26.632333999282764 ], [ 86.031196468233247, 26.628249999278978 ] ] ] ] } },
{ "type": "Feature", "properties": { "ISO": "IND", "COUNTRY": "India", "F_CODE_DES": "Inland Water", "HYC_DESCRI": "Perennial/Permanent", "NAME": "UNK" }, "geometry": { "type": "MultiPolygon", "coordinates": [ [ [ [ 86.030693468232585, 26.612832999264583 ], [ 86.034553468236254, 26.609332999261369 ], [ 86.040527468241862, 26.612138999264062 ], [ 86.042274468243477, 26.61169399926348 ], [ 86.04333546824455, 26.611415999263272 ], [ 86.041580468242728, 26.608304999260326 ], [ 86.039833468241113, 26.60769499925982 ], [ 86.035385468237109, 26.606137999258408 ], [ 86.029334468231355, 26.607388999259456 ], [ 86.027641468229831, 26.605721999258094 ], [ 86.029136468231172, 26.601666999254121 ], [ 86.025474468227912, 26.597749999250482 ], [ 86.022415468225063, 26.59085999924423 ], [ 86.020530468223114, 26.590278999243537 ], [ 86.019416468222062, 26.592444999245572 ], [ 86.021247468223919, 26.597665999250466 ], [ 86.025169468227432, 26.602221999254652 ], [ 86.023635468226075, 26.605638999257962 ], [ 86.024223468226637, 26.609416999261384 ], [ 86.027580468229871, 26.611443999263429 ], [ 86.027221468229527, 26.614610999266233 ], [ 86.022529468225002, 26.621722999272833 ], [ 86.024276468226617, 26.624639999275587 ], [ 86.027831468230033, 26.625583999276387 ], [ 86.026084468228419, 26.622666999273861 ], [ 86.02672546822896, 26.620749999271993 ], [ 86.037475468238881, 26.618777999270151 ], [ 86.037170468238628, 26.616666999268091 ], [ 86.033607468235459, 26.616332999267797 ], [ 86.030693468232585, 26.612832999264583 ] ] ] ] } },
{ "type": "Feature", "properties": { "ISO": "IND", "COUNTRY": "India", "F_CODE_DES": "Inland Water", "HYC_DESCRI": "Perennial/Permanent", "NAME": "UNK" }, "geometry": { "type": "MultiPolygon", "coordinates": [ [ [ [ 86.199249468389553, 26.576165999230398 ], [ 86.200920468391132, 26.572305999226955 ], [ 86.19452646838522, 26.575471999229876 ], [ 86.194030468384881, 26.581193999235211 ], [ 86.199249468389553, 26.576165999230398 ] ] ] ] } },
{ "type": "Feature", "properties": { "ISO": "IND", "COUNTRY": "India", "F_CODE_DES": "Inland Water", "HYC_DESCRI": "Perennial/Permanent", "NAME": "UNK" }, "geometry": { "type": "MultiPolygon", "coordinates": [ [ [ [ 86.195724468386288, 26.555778999211498 ], [ 86.189918468380938, 26.551305999207216 ], [ 86.184776468376185, 26.55208399920798 ], [ 86.182281468373731, 26.547721999203986 ], [ 86.180496468372212, 26.550082999206097 ], [ 86.183250468374808, 26.554860999210632 ], [ 86.189834468380923, 26.55511099921091 ], [ 86.195167468385762, 26.559804999215203 ], [ 86.195724468386288, 26.555778999211498 ] ] ] ] } },
{ "type": "Feature", "properties": { "ISO": "IND", "COUNTRY": "India", "F_CODE_DES": "Inland Water", "HYC_DESCRI": "Non-Perennial/Intermittent/Fluctuating", "NAME": "UNK" }, "geometry": { "type": "MultiPolygon", "coordinates": [ [ [ [ 86.744308468897316, 26.368527999037042 ], [ 86.744308468897316, 26.356694999026104 ], [ 86.742225468895413, 26.351693999021336 ], [ 86.737113468890584, 26.346999999017044 ], [ 86.725860468880001, 26.341248999011668 ], [ 86.722167468876705, 26.342832999013126 ], [ 86.729194468883179, 26.348722999018719 ], [ 86.733444468887228, 26.355138999024575 ], [ 86.731056468884844, 26.359666999028832 ], [ 86.726860468881114, 26.360639999029672 ], [ 86.722030468876483, 26.356805999026164 ], [ 86.714553468869553, 26.345611999015773 ], [ 86.710388468865631, 26.335610999006349 ], [ 86.711051468866344, 26.32861099899992 ], [ 86.709114468864527, 26.327193998998609 ], [ 86.705223468860822, 26.329665999001008 ], [ 86.704414468860023, 26.344693999014908 ], [ 86.721527468876047, 26.367999999036556 ], [ 86.725860468880001, 26.370416999038753 ], [ 86.731247468885158, 26.370860999039223 ], [ 86.73633546888982, 26.368583999037128 ], [ 86.744308468897316, 26.368527999037042 ] ] ] ] } },
{ "type": "Feature", "properties": { "ISO": "IND", "COUNTRY": "India", "F_CODE_DES": "Inland Water", "HYC_DESCRI": "Non-Perennial/Intermittent/Fluctuating", "NAME": "UNK" }, "geometry": { "type": "MultiPolygon", "coordinates": [ [ [ [ 86.658691468817551, 26.326722998998093 ], [ 86.642112468801997, 26.321971998993831 ], [ 86.641502468801491, 26.324111998995704 ], [ 86.643722468803617, 26.326999998998417 ], [ 86.654808468813826, 26.334666999005549 ], [ 86.66444346882281, 26.335416999006156 ], [ 86.665084468823579, 26.334138999005063 ], [ 86.658691468817551, 26.326722998998093 ] ] ] ] } },
{ "type": "Feature", "properties": { "ISO": "IND", "COUNTRY": "India", "F_CODE_DES": "Inland Water", "HYC_DESCRI": "Perennial/Permanent", "NAME": "UNK" }, "geometry": { "type": "MultiPolygon", "coordinates": [ [ [ [ 86.085670468283979, 26.325833998997268 ], [ 86.080719468279312, 26.325110998996706 ], [ 86.07917046827788, 26.328137998999409 ], [ 86.081916468280269, 26.332694999003706 ], [ 86.094779468292245, 26.332332999003484 ], [ 86.085670468283979, 26.325833998997268 ] ] ] ] } },
{ "type": "Feature", "properties": { "ISO": "IND", "COUNTRY": "India", "F_CODE_DES": "Inland Water", "HYC_DESCRI": "Non-Perennial/Intermittent/Fluctuating", "NAME": "UNK" }, "geometry": { "type": "MultiPolygon", "coordinates": [ [ [ [ 86.744857468897862, 26.300944998974046 ], [ 86.750968468903466, 26.301526998974623 ], [ 86.753112468905556, 26.305583998978364 ], [ 86.755943468908072, 26.310971998983405 ], [ 86.766723468918144, 26.331443999002659 ], [ 86.76814246891945, 26.326304998997784 ], [ 86.767196468918655, 26.319999998991989 ], [ 86.7623364689141, 26.310805998983369 ], [ 86.759834468911777, 26.30608399897892 ], [ 86.759582468911503, 26.305304998978272 ], [ 86.753669468906082, 26.28705599896125 ], [ 86.747581468900307, 26.281777998956386 ], [ 86.74214146889517, 26.268416998943849 ], [ 86.72891946888285, 26.254277998930775 ], [ 86.731582468885335, 26.250388998927065 ], [ 86.736030468889567, 26.25044399892704 ], [ 86.738975468892249, 26.24783299892465 ], [ 86.738586468891981, 26.244248998921421 ], [ 86.734970468888605, 26.241832998919108 ], [ 86.722305468876812, 26.240972998918323 ], [ 86.722114468876498, 26.233359998911283 ], [ 86.721916468876316, 26.225778998904161 ], [ 86.721191468875759, 26.224637998903063 ], [ 86.699668468855634, 26.190139998871018 ], [ 86.69486246885117, 26.186915998868017 ], [ 86.692886468849338, 26.187194998868108 ], [ 86.697914468854151, 26.193915998874445 ], [ 86.69744146885364, 26.196694998877092 ], [ 86.694030468850542, 26.195527998876059 ], [ 86.688224468844965, 26.190389998871296 ], [ 86.679222468836542, 26.176444998858187 ], [ 86.66122446881991, 26.165193998847826 ], [ 86.651031468810288, 26.155860998838989 ], [ 86.650527468809969, 26.1553899988387 ], [ 86.646247468805996, 26.147916998831533 ], [ 86.640220468800408, 26.143472998827519 ], [ 86.638191468798368, 26.139110998823526 ], [ 86.632614468793236, 26.139916998824219 ], [ 86.64005246880015, 26.156583998839778 ], [ 86.645195468805014, 26.16211099884481 ], [ 86.672554468830413, 26.179610998861108 ], [ 86.672607468830392, 26.181304998862743 ], [ 86.663025468821616, 26.181193998862682 ], [ 86.655891468814843, 26.178666998860308 ], [ 86.654083468813269, 26.180220998861614 ], [ 86.665557468823863, 26.197610998877963 ], [ 86.66783146882608, 26.196250998876621 ], [ 86.668945468827133, 26.188611998869646 ], [ 86.677223468834882, 26.184972998866215 ], [ 86.685943468842879, 26.19483399887531 ], [ 86.693389468849773, 26.203250998883277 ], [ 86.704635468860261, 26.20899999888843 ], [ 86.710693468865884, 26.224360998902739 ], [ 86.712196468867432, 26.228194998906474 ], [ 86.714141468869229, 26.242082998919386 ], [ 86.72080246887549, 26.244611998921755 ], [ 86.723274468877662, 26.248137998924904 ], [ 86.720970468875521, 26.254527998930826 ], [ 86.738639468891961, 26.274665998949786 ], [ 86.744857468897862, 26.300944998974046 ] ] ] ] } },
{ "type": "Feature", "properties": { "ISO": "IND", "COUNTRY": "India", "F_CODE_DES": "Inland Water", "HYC_DESCRI": "Non-Perennial/Intermittent/Fluctuating", "NAME": "UNK" }, "geometry": { "type": "MultiPolygon", "coordinates": [ [ [ [ 86.634941468795432, 26.324332998995942 ], [ 86.630218468791099, 26.317277998989312 ], [ 86.627136468788194, 26.30513999897812 ], [ 86.623359468784656, 26.297860998971373 ], [ 86.605941468768378, 26.283832998958133 ], [ 86.600440468763281, 26.293305998967071 ], [ 86.599998468762806, 26.300082998973267 ], [ 86.604194468766764, 26.305026998978065 ], [ 86.628334468789262, 26.323472998995157 ], [ 86.63216446879278, 26.325055998996504 ], [ 86.634941468795432, 26.324332998995942 ] ] ] ] } },
{ "type": "Feature", "properties": { "ISO": "IND", "COUNTRY": "India", "F_CODE_DES": "Inland Water", "HYC_DESCRI": "Perennial/Permanent", "NAME": "UNK" }, "geometry": { "type": "MultiPolygon", "coordinates": [ [ [ [ 86.120307468316014, 26.297610998971095 ], [ 86.117225468313336, 26.296416998970017 ], [ 86.110420468306984, 26.296832998970331 ], [ 86.106086468302919, 26.300111998973307 ], [ 86.105697468302424, 26.302028998975175 ], [ 86.110443468307039, 26.304000998977017 ], [ 86.120307468316014, 26.297610998971095 ] ] ] ] } },
{ "type": "Feature", "properties": { "ISO": "IND", "COUNTRY": "India", "F_CODE_DES": "Inland Water", "HYC_DESCRI": "Non-Perennial/Intermittent/Fluctuating", "NAME": "UNK" }, "geometry": { "type": "MultiPolygon", "coordinates": [ [ [ [ 86.656776468815679, 26.277972998952691 ], [ 86.642669468802524, 26.276305998951102 ], [ 86.636253468796667, 26.273971998949037 ], [ 86.625831468786828, 26.27158399894688 ], [ 86.615913468777762, 26.267139998942639 ], [ 86.63161446879235, 26.281304998955875 ], [ 86.648719468808167, 26.293443998967177 ], [ 86.658638468817571, 26.29544499896906 ], [ 86.662475468820958, 26.297666998971181 ], [ 86.666694468824971, 26.297721998971156 ], [ 86.669197468827406, 26.295943998969506 ], [ 86.663139468821782, 26.284749998959114 ], [ 86.656776468815679, 26.277972998952691 ] ] ] ] } },
{ "type": "Feature", "properties": { "ISO": "IND", "COUNTRY": "India", "F_CODE_DES": "Inland Water", "HYC_DESCRI": "Non-Perennial/Intermittent/Fluctuating", "NAME": "UNK" }, "geometry": { "type": "MultiPolygon", "coordinates": [ [ [ [ 86.636253468796667, 26.273971998949037 ], [ 86.642669468802524, 26.276305998951102 ], [ 86.656776468815679, 26.277972998952691 ], [ 86.655807468814828, 26.265527998941252 ], [ 86.658386468817298, 26.259526998935598 ], [ 86.644302468804199, 26.246470998923314 ], [ 86.64397446880389, 26.250499998927125 ], [ 86.649635468809038, 26.263610998939384 ], [ 86.647552468807135, 26.26980599894523 ], [ 86.643363468803273, 26.270360998945762 ], [ 86.635330468795701, 26.262805998938575 ], [ 86.62591546878707, 26.249805998926604 ], [ 86.621444468782784, 26.249305998926047 ], [ 86.621864468783315, 26.253528998930051 ], [ 86.636253468796667, 26.273971998949037 ] ] ] ] } },
{ "type": "Feature", "properties": { "ISO": "IND", "COUNTRY": "India", "F_CODE_DES": "Inland Water", "HYC_DESCRI": "Non-Perennial/Intermittent/Fluctuating", "NAME": "UNK" }, "geometry": { "type": "MultiPolygon", "coordinates": [ [ [ [ 86.615913468777762, 26.267139998942639 ], [ 86.625831468786828, 26.27158399894688 ], [ 86.606887468769401, 26.248500998925238 ], [ 86.606140468768672, 26.252971998929524 ], [ 86.615913468777762, 26.267139998942639 ] ] ] ] } },
{ "type": "Feature", "properties": { "ISO": "IND", "COUNTRY": "India", "F_CODE_DES": "Inland Water", "HYC_DESCRI": "Non-Perennial/Intermittent/Fluctuating", "NAME": "UNK" }, "geometry": { "type": "MultiPolygon", "coordinates": [ [ [ [ 86.588836468752561, 26.23813799891559 ], [ 86.580413468744609, 26.237611998915099 ], [ 86.580497468744625, 26.238360998915823 ], [ 86.577468468741927, 26.23888999891642 ], [ 86.586608468750455, 26.256970998933184 ], [ 86.596389468759526, 26.267444998942892 ], [ 86.596275468759359, 26.265277998940974 ], [ 86.595642468758797, 26.254359998930795 ], [ 86.592163468755643, 26.243278998920459 ], [ 86.588836468752561, 26.23813799891559 ] ] ] ] } },
{ "type": "Feature", "properties": { "ISO": "IND", "COUNTRY": "India", "F_CODE_DES": "Inland Water", "HYC_DESCRI": "Perennial/Permanent", "NAME": "UNK" }, "geometry": { "type": "MultiPolygon", "coordinates": [ [ [ [ 86.664253468822608, 26.235888998913651 ], [ 86.658500468817465, 26.232694998910574 ], [ 86.656723468815699, 26.234860998912609 ], [ 86.661308468819925, 26.238526998916086 ], [ 86.668304468826591, 26.249694998926316 ], [ 86.673553468831415, 26.248332998925207 ], [ 86.673858468831668, 26.248248998924964 ], [ 86.673530468831359, 26.245721998922818 ], [ 86.671668468829694, 26.245276998922236 ], [ 86.668113468826277, 26.244416998921452 ], [ 86.666442468824698, 26.23813799891559 ], [ 86.664253468822608, 26.235888998913651 ] ] ] ] } },
{ "type": "Feature", "properties": { "ISO": "IND", "COUNTRY": "India", "F_CODE_DES": "Inland Water", "HYC_DESCRI": "Perennial/Permanent", "NAME": "UNK" }, "geometry": { "type": "MultiPolygon", "coordinates": [ [ [ [ 86.173889468366042, 26.188943998869945 ], [ 86.166862468359568, 26.182611998863877 ], [ 86.16530646835804, 26.184749998865982 ], [ 86.169891468362266, 26.188416998869343 ], [ 86.167663468360161, 26.191859998872587 ], [ 86.169387468361947, 26.194360998874799 ], [ 86.173858468366006, 26.195498998876019 ], [ 86.175636468367657, 26.192277998872896 ], [ 86.173889468366042, 26.188943998869945 ] ] ] ] } },
{ "type": "Feature", "properties": { "ISO": "IND", "COUNTRY": "India", "F_CODE_DES": "Land Subject to Inundation", "HYC_DESCRI": "Non-Perennial/Intermittent/Fluctuating", "NAME": null }, "geometry": { "type": "MultiPolygon", "coordinates": [ [ [ [ 86.231224468419441, 26.142278998826441 ], [ 86.227058468415635, 26.138720998823146 ], [ 86.222999468411672, 26.139277998823673 ], [ 86.216835468406089, 26.146527998830379 ], [ 86.195304468385984, 26.149554998833082 ], [ 86.189804468380771, 26.153333998836615 ], [ 86.192169468383099, 26.164777998847285 ], [ 86.198638468389163, 26.177499998859275 ], [ 86.203750468393764, 26.178277998859812 ], [ 86.205749468395652, 26.176860998858501 ], [ 86.207725468397484, 26.17452799885632 ], [ 86.211418468401007, 26.161582998844324 ], [ 86.230415468418641, 26.149888998833376 ], [ 86.231834468419947, 26.145944998829691 ], [ 86.231224468419441, 26.142278998826441 ] ] ] ] } },
{ "type": "Feature", "properties": { "ISO": "IND", "COUNTRY": "India", "F_CODE_DES": "Land Subject to Inundation", "HYC_DESCRI": "Non-Perennial/Intermittent/Fluctuating", "NAME": null }, "geometry": { "type": "MultiPolygon", "coordinates": [ [ [ [ 86.002082468206027, 26.133166998817842 ], [ 85.997947468202256, 26.130944998815721 ], [ 85.993415468198009, 26.132415998817123 ], [ 85.991889468196632, 26.132916998817564 ], [ 85.991500468196136, 26.133248998817862 ], [ 85.985916468190908, 26.138110998822413 ], [ 85.978057468183579, 26.148833998832515 ], [ 85.978637468184161, 26.151582998835011 ], [ 85.982749468188103, 26.153333998836615 ], [ 85.996971468201309, 26.152110998835497 ], [ 86.000442468204483, 26.148360998832004 ], [ 86.002777468206659, 26.140498998824796 ], [ 86.002082468206027, 26.133166998817842 ] ] ] ] } },
{ "type": "Feature", "properties": { "ISO": "IND", "COUNTRY": "India", "F_CODE_DES": "Inland Water", "HYC_DESCRI": "Non-Perennial/Intermittent/Fluctuating", "NAME": "UNK" }, "geometry": { "type": "MultiPolygon", "coordinates": [ [ [ [ 86.531501468699162, 26.139333998823531 ], [ 86.531585468699177, 26.12938899881442 ], [ 86.524559468692587, 26.128749998813873 ], [ 86.518608468687034, 26.126416998811692 ], [ 86.518279468686842, 26.135722998820256 ], [ 86.52571846869364, 26.140777998824888 ], [ 86.531501468699162, 26.139333998823531 ] ] ] ] } },
{ "type": "Feature", "properties": { "ISO": "IND", "COUNTRY": "India", "F_CODE_DES": "Inland Water", "HYC_DESCRI": "Non-Perennial/Intermittent/Fluctuating", "NAME": "UNK" }, "geometry": { "type": "MultiPolygon", "coordinates": [ [ [ [ 86.610443468772701, 26.135554998820226 ], [ 86.603920468766546, 26.130277998815245 ], [ 86.602691468765443, 26.134944998819492 ], [ 86.604919468767548, 26.137832998822205 ], [ 86.606246468768632, 26.135694998820327 ], [ 86.610443468772701, 26.135554998820226 ] ] ] ] } },
{ "type": "Feature", "properties": { "ISO": "IND", "COUNTRY": "India", "F_CODE_DES": "Inland Water", "HYC_DESCRI": "Non-Perennial/Intermittent/Fluctuating", "NAME": "UNK" }, "geometry": { "type": "MultiPolygon", "coordinates": [ [ [ [ 86.568496468733429, 26.103276998790079 ], [ 86.563751468729151, 26.101748998788707 ], [ 86.549751468716067, 26.102832998789609 ], [ 86.545974468712529, 26.108027998794569 ], [ 86.561225468726661, 26.115359998801296 ], [ 86.572197468736931, 26.126193998811459 ], [ 86.576026468740565, 26.122693998808245 ], [ 86.577919468742266, 26.117139998802941 ], [ 86.568496468733429, 26.103276998790079 ] ] ] ] } },
{ "type": "Feature", "properties": { "ISO": "IND", "COUNTRY": "India", "F_CODE_DES": "Inland Water", "HYC_DESCRI": "Non-Perennial/Intermittent/Fluctuating", "NAME": "UNK" }, "geometry": { "type": "MultiPolygon", "coordinates": [ [ [ [ 86.534805468702189, 26.109637998795961 ], [ 86.526802468694768, 26.107999998794412 ], [ 86.523780468691939, 26.108722998795201 ], [ 86.519531468688001, 26.113915998799939 ], [ 86.524086468692076, 26.11630599880209 ], [ 86.530891468698428, 26.116944998802865 ], [ 86.543029468709847, 26.122472998808007 ], [ 86.543609468710429, 26.119082998804743 ], [ 86.540611468707539, 26.114304998800435 ], [ 86.534805468702189, 26.109637998795961 ] ] ] ] } },
{ "type": "Feature", "properties": { "ISO": "IND", "COUNTRY": "India", "F_CODE_DES": "Land Subject to Inundation", "HYC_DESCRI": "Non-Perennial/Intermittent/Fluctuating", "NAME": null }, "geometry": { "type": "MultiPolygon", "coordinates": [ [ [ [ 86.240524468428021, 26.039887998731047 ], [ 86.235885468423703, 26.037915998729204 ], [ 86.219169468408154, 26.039693998730854 ], [ 86.210586468400152, 26.050443998740775 ], [ 86.20430746839429, 26.05336199874364 ], [ 86.182472468374044, 26.054305998744439 ], [ 86.178474468370268, 26.056693998746596 ], [ 86.175056468367075, 26.06136099875107 ], [ 86.174720468366786, 26.068276998757483 ], [ 86.176330468368405, 26.070971998759887 ], [ 86.188919468379936, 26.084027998772171 ], [ 86.201721468391952, 26.105777998792291 ], [ 86.203582468393734, 26.107554998794058 ], [ 86.211113468400754, 26.114749998800789 ], [ 86.21575146840496, 26.116916998802708 ], [ 86.2213364684103, 26.116332998802136 ], [ 86.22322046841191, 26.111249998797575 ], [ 86.215888468405183, 26.103610998790373 ], [ 86.214248468403639, 26.099500998786652 ], [ 86.216468468405765, 26.08797299877574 ], [ 86.208251468397975, 26.08449899877246 ], [ 86.205024468395095, 26.079499998767915 ], [ 86.214080468403381, 26.057248998747127 ], [ 86.218719468407699, 26.050277998740739 ], [ 86.22396846841275, 26.047860998738543 ], [ 86.236641468424523, 26.046166998736908 ], [ 86.240112468427697, 26.043332998734286 ], [ 86.240524468428021, 26.039887998731047 ] ] ] ] } },
{ "type": "Feature", "properties": { "ISO": "IND", "COUNTRY": "India", "F_CODE_DES": "Inland Water", "HYC_DESCRI": "Perennial/Permanent", "NAME": "UNK" }, "geometry": { "type": "MultiPolygon", "coordinates": [ [ [ [ 85.796890468014908, 26.102471998789269 ], [ 85.792915468011188, 26.102166998789016 ], [ 85.788635468007215, 26.107554998794058 ], [ 85.783302468002375, 26.108748998795136 ], [ 85.782638468001551, 26.110249998796462 ], [ 85.786468468005296, 26.112472998798694 ], [ 85.782859468001789, 26.116805998802647 ], [ 85.795913468014078, 26.116027998801883 ], [ 85.798889468016796, 26.113639998799727 ], [ 85.8001634680179, 26.109582998795986 ], [ 85.798614468016467, 26.104554998791173 ], [ 85.796890468014908, 26.102471998789269 ] ] ] ] } },
{ "type": "Feature", "properties": { "ISO": "IND", "COUNTRY": "India", "F_CODE_DES": "Inland Water", "HYC_DESCRI": "Non-Perennial/Intermittent/Fluctuating", "NAME": "UNK" }, "geometry": { "type": "MultiPolygon", "coordinates": [ [ [ [ 86.495498468665573, 26.084666998772718 ], [ 86.490585468661038, 26.084193998772207 ], [ 86.486747468657313, 26.087888998775725 ], [ 86.503669468673252, 26.10258299878933 ], [ 86.503776468673323, 26.099193998786177 ], [ 86.499885468669618, 26.088971998776742 ], [ 86.495498468665573, 26.084666998772718 ] ] ] ] } },
{ "type": "Feature", "properties": { "ISO": "IND", "COUNTRY": "India", "F_CODE_DES": "Inland Water", "HYC_DESCRI": "Perennial/Permanent", "NAME": "UNK" }, "geometry": { "type": "MultiPolygon", "coordinates": [ [ [ [ 86.659301468818057, 26.07502699876386 ], [ 86.654777468813791, 26.066943998756187 ], [ 86.655303468814282, 26.074527998763187 ], [ 86.658996468817804, 26.079694998767991 ], [ 86.664886468823397, 26.080749998769079 ], [ 86.670440468828474, 26.085027998773057 ], [ 86.670082468828241, 26.087777998775664 ], [ 86.674942468832569, 26.092055998779642 ], [ 86.677276468834862, 26.097693998784962 ], [ 86.679885468837256, 26.099305998786349 ], [ 86.680420468837838, 26.088916998776767 ], [ 86.674552468832417, 26.082776998770896 ], [ 86.659301468818057, 26.07502699876386 ] ] ] ] } },
{ "type": "Feature", "properties": { "ISO": "IND", "COUNTRY": "India", "F_CODE_DES": "Inland Water", "HYC_DESCRI": "Perennial/Permanent", "NAME": "UNK" }, "geometry": { "type": "MultiPolygon", "coordinates": [ [ [ [ 86.101165468298404, 26.082194998770319 ], [ 86.10221846829927, 26.078805998767166 ], [ 86.105720468302479, 26.079110998767646 ], [ 86.107025468303846, 26.076554998765232 ], [ 86.102752468299741, 26.073722998762605 ], [ 86.103332468300323, 26.07072299875972 ], [ 86.101280468298455, 26.071637998760707 ], [ 86.096305468293849, 26.070083998759173 ], [ 86.092857468290504, 26.071887998760758 ], [ 86.088279468286373, 26.068194998757463 ], [ 86.085723468283959, 26.068276998757483 ], [ 86.082557468281038, 26.07152799876053 ], [ 86.083557468281924, 26.073833998762666 ], [ 86.088302468286429, 26.075387998764199 ], [ 86.085945468284081, 26.082000998770354 ], [ 86.087501468285609, 26.085971998773857 ], [ 86.09244546829018, 26.087527998775386 ], [ 86.093696468291455, 26.083054998771331 ], [ 86.101165468298404, 26.082194998770319 ] ] ] ] } },
{ "type": "Feature", "properties": { "ISO": "IND", "COUNTRY": "India", "F_CODE_DES": "Inland Water", "HYC_DESCRI": "Non-Perennial/Intermittent/Fluctuating", "NAME": "UNK" }, "geometry": { "type": "MultiPolygon", "coordinates": [ [ [ [ 86.470611468642346, 26.063472998753014 ], [ 86.461082468633549, 26.052554998742835 ], [ 86.458473468631155, 26.051360998741757 ], [ 86.453697468626615, 26.055110998745249 ], [ 86.46602646863812, 26.078193998766665 ], [ 86.467666468639663, 26.079694998767991 ], [ 86.471107468642913, 26.082889998771179 ], [ 86.473915468645373, 26.082360998770582 ], [ 86.472473468644012, 26.077861998766366 ], [ 86.470725468642513, 26.072331998761229 ], [ 86.470611468642346, 26.063472998753014 ] ] ] ] } },
{ "type": "Feature", "properties": { "ISO": "IND", "COUNTRY": "India", "F_CODE_DES": "Land Subject to Inundation", "HYC_DESCRI": "Non-Perennial/Intermittent/Fluctuating", "NAME": null }, "geometry": { "type": "MultiPolygon", "coordinates": [ [ [ [ 85.766502467986584, 26.045249998735926 ], [ 85.759193467979912, 26.044749998735597 ], [ 85.758468467979128, 26.045472998736159 ], [ 85.757888467978546, 26.045804998736457 ], [ 85.751358467972523, 26.049666998740122 ], [ 85.748390467969784, 26.053416998743614 ], [ 85.74802346796946, 26.058915998748716 ], [ 85.754333467975357, 26.067527998756759 ], [ 85.752471467973464, 26.074916998763683 ], [ 85.754554467975595, 26.077167998765844 ], [ 85.757614467978328, 26.077109998765764 ], [ 85.768058467988112, 26.068166998757306 ], [ 85.777191467996545, 26.067082998756405 ], [ 85.779693467998868, 26.065194998754578 ], [ 85.781112468000174, 26.061026998750776 ], [ 85.77844246799782, 26.055583998745533 ], [ 85.766502467986584, 26.045249998735926 ] ] ] ] } },
{ "type": "Feature", "properties": { "ISO": "IND", "COUNTRY": "India", "F_CODE_DES": "Inland Water", "HYC_DESCRI": "Non-Perennial/Intermittent/Fluctuating", "NAME": "UNK" }, "geometry": { "type": "MultiPolygon", "coordinates": [ [ [ [ 86.584808468748633, 26.05924999874901 ], [ 86.571281468736061, 26.054805998744996 ], [ 86.56194346872735, 26.055304998745441 ], [ 86.554832468720861, 26.045638998736422 ], [ 86.551330468717651, 26.040860998731887 ], [ 86.551307468717596, 26.046637998737424 ], [ 86.551277468717444, 26.051415998741732 ], [ 86.557251468723052, 26.060332998750027 ], [ 86.561775468727319, 26.062499998752173 ], [ 86.568801468733909, 26.06313899875272 ], [ 86.577499468741962, 26.063916998753484 ], [ 86.586135468749944, 26.076110998764761 ], [ 86.587890468751539, 26.073083998761831 ], [ 86.584808468748633, 26.05924999874901 ] ] ] ] } },
{ "type": "Feature", "properties": { "ISO": "IND", "COUNTRY": "India", "F_CODE_DES": "Inland Water", "HYC_DESCRI": "Perennial/Permanent", "NAME": "UNK" }, "geometry": { "type": "MultiPolygon", "coordinates": [ [ [ [ 86.639030468799319, 26.064694998754021 ], [ 86.635002468795392, 26.057860998747856 ], [ 86.629997468790862, 26.055249998745239 ], [ 86.628196468789156, 26.051305998741555 ], [ 86.623527468784687, 26.051249998741696 ], [ 86.620697468782055, 26.044776998735642 ], [ 86.616584468778228, 26.046805998737455 ], [ 86.613914468775874, 26.051139998741519 ], [ 86.620803468782242, 26.059359998749187 ], [ 86.625335468786488, 26.061749998751338 ], [ 86.630920468791601, 26.060943998750645 ], [ 86.638442468798758, 26.068082998757291 ], [ 86.639030468799319, 26.064694998754021 ] ] ] ] } },
{ "type": "Feature", "properties": { "ISO": "IND", "COUNTRY": "India", "F_CODE_DES": "Inland Water", "HYC_DESCRI": "Perennial/Permanent", "NAME": "UNK" }, "geometry": { "type": "MultiPolygon", "coordinates": [ [ [ [ 86.458473468631155, 26.051360998741757 ], [ 86.461082468633549, 26.052554998742835 ], [ 86.470611468642346, 26.063472998753014 ], [ 86.480972468651998, 26.065249998754553 ], [ 86.4827804686538, 26.063498998752948 ], [ 86.477500468648714, 26.059859998749516 ], [ 86.470413468642164, 26.057750998747679 ], [ 86.463752468635903, 26.048888998739358 ], [ 86.458580468631226, 26.047971998738603 ], [ 86.45722246862988, 26.049304998739899 ], [ 86.458473468631155, 26.051360998741757 ] ] ] ] } },
{ "type": "Feature", "properties": { "ISO": "IND", "COUNTRY": "India", "F_CODE_DES": "Inland Water", "HYC_DESCRI": "Perennial/Permanent", "NAME": "UNK" }, "geometry": { "type": "MultiPolygon", "coordinates": [ [ [ [ 86.515472468684038, 26.044305998735126 ], [ 86.511390468680247, 26.040860998731887 ], [ 86.507919468677073, 26.042443998733461 ], [ 86.512725468681538, 26.051805998742111 ], [ 86.518028468686452, 26.056054998746049 ], [ 86.519302468687783, 26.052444998742658 ], [ 86.515472468684038, 26.044305998735126 ] ] ] ] } },
{ "type": "Feature", "properties": { "ISO": "IND", "COUNTRY": "India", "F_CODE_DES": "Inland Water", "HYC_DESCRI": "Perennial/Permanent", "NAME": "UNK" }, "geometry": { "type": "MultiPolygon", "coordinates": [ [ [ [ 86.021774468224294, 26.051249998741696 ], [ 86.020080468222886, 26.048972998739373 ], [ 86.016357468219212, 26.049722998740208 ], [ 86.008277468211872, 26.045917998736741 ], [ 86.007972468211392, 26.050582998740992 ], [ 86.010612468214049, 26.052832998743042 ], [ 86.020446468223099, 26.052972998743144 ], [ 86.021774468224294, 26.051249998741696 ] ] ] ] } },
{ "type": "Feature", "properties": { "ISO": "IND", "COUNTRY": "India", "F_CODE_DES": "Inland Water", "HYC_DESCRI": "Perennial/Permanent", "NAME": "UNK" }, "geometry": { "type": "MultiPolygon", "coordinates": [ [ [ [ 86.064476468264047, 26.041610998732722 ], [ 86.060890468260823, 26.039611998730834 ], [ 86.056472468256743, 26.040555998731634 ], [ 86.052864468253347, 26.044250998735151 ], [ 86.05982946825975, 26.04955499873995 ], [ 86.063774468263546, 26.048388998739028 ], [ 86.065719468265343, 26.044331998735061 ], [ 86.064476468264047, 26.041610998732722 ] ] ] ] } },
{ "type": "Feature", "properties": { "ISO": "IND", "COUNTRY": "India", "F_CODE_DES": "Land Subject to Inundation", "HYC_DESCRI": "Non-Perennial/Intermittent/Fluctuating", "NAME": null }, "geometry": { "type": "MultiPolygon", "coordinates": [ [ [ [ 86.148109468342, 26.042693998733739 ], [ 86.150001468343817, 26.03713799872844 ], [ 86.138031468332656, 26.027305998719385 ], [ 86.132362468327301, 26.024665998716955 ], [ 86.122779468318413, 26.026721998718813 ], [ 86.116302468312369, 26.031916998723545 ], [ 86.115364468311554, 26.035165998726598 ], [ 86.120162468316039, 26.04286199873377 ], [ 86.127281468322508, 26.043166998734023 ], [ 86.135330468330039, 26.04022199873134 ], [ 86.143058468337358, 26.043721998734554 ], [ 86.148109468342, 26.042693998733739 ] ] ] ] } },
{ "type": "Feature", "properties": { "ISO": "IND", "COUNTRY": "India", "F_CODE_DES": "Inland Water", "HYC_DESCRI": "Non-Perennial/Intermittent/Fluctuating", "NAME": "UNK" }, "geometry": { "type": "MultiPolygon", "coordinates": [ [ [ [ 86.564666468729911, 26.004527998697995 ], [ 86.560607468726175, 25.995999998690195 ], [ 86.559028468724819, 25.997304998691334 ], [ 86.560386468725937, 26.002332998696147 ], [ 86.557662468723493, 26.010859998704063 ], [ 86.558220468723903, 26.01908299871161 ], [ 86.555473468721402, 26.026582998718595 ], [ 86.55966946872536, 26.038499998729776 ], [ 86.563224468728549, 26.039638998730879 ], [ 86.567802468732907, 26.036971998728404 ], [ 86.568885468733924, 26.034804998726258 ], [ 86.566581468731783, 26.030026998721951 ], [ 86.575607468740145, 26.02172299871404 ], [ 86.566108468731272, 26.017777998710471 ], [ 86.564666468729911, 26.004527998697995 ] ] ] ] } },
{ "type": "Feature", "properties": { "ISO": "IND", "COUNTRY": "India", "F_CODE_DES": "Inland Water", "HYC_DESCRI": "Non-Perennial/Intermittent/Fluctuating", "NAME": "UNK" }, "geometry": { "type": "MultiPolygon", "coordinates": [ [ [ [ 86.951296155496422, 26.518665225242056 ], [ 86.951360868001373, 26.518722495777503 ], [ 86.951426107859959, 26.518837509319908 ], [ 86.951490820514181, 26.518894778891767 ], [ 86.951555709687753, 26.518971296407585 ], [ 86.951641993759338, 26.519047656048528 ], [ 86.951727751506013, 26.51906627259903 ], [ 86.951834729604514, 26.519065483239203 ], [ 86.95189891706498, 26.51906500958124 ], [ 86.952091477436568, 26.519063588452703 ], [ 86.952284740092495, 26.519139158987553 ], [ 86.952457134937916, 26.519272629360433 ], [ 86.952586211553694, 26.519348672484114 ], [ 86.952715462983491, 26.519443964378468 ], [ 86.952844715617061, 26.519539255245199 ], [ 86.952952396855409, 26.519615456065971 ], [ 86.953081825570933, 26.519729994691819 ], [ 86.953254222179609, 26.519863464096698 ], [ 86.953384001961709, 26.520016498397254 ], [ 86.953470816275413, 26.520150599934453 ], [ 86.953579025829825, 26.520284544188705 ], [ 86.953644443503819, 26.520418804656067 ], [ 86.953752477687203, 26.520533500801214 ], [ 86.953838941151716, 26.520629107063694 ], [ 86.954010635509107, 26.520685584576913 ], [ 86.954117615059303, 26.520684793544124 ], [ 86.954181626503541, 26.520665070922853 ], [ 86.954266683246161, 26.520606694998175 ], [ 86.954329991000108, 26.520509981343437 ], [ 86.954371903592801, 26.52041342590547 ], [ 86.9543918923208, 26.520259284802574 ], [ 86.954391188659798, 26.520182293826842 ], [ 86.954261582282868, 26.520048508408738 ], [ 86.954196514879072, 26.51995274415215 ], [ 86.954045689892737, 26.519838365625649 ], [ 86.954002370417982, 26.519780938111985 ], [ 86.953958699301509, 26.519685015540169 ], [ 86.953957468389277, 26.519550280624721 ], [ 86.953977633368964, 26.519415388411982 ], [ 86.953997094895925, 26.519203504284746 ], [ 86.953995512242741, 26.519030273392559 ], [ 86.954037424583632, 26.518933718002643 ], [ 86.954143347313476, 26.518817440883517 ], [ 86.954228401732635, 26.518759064049522 ], [ 86.954313280173665, 26.518681440087967 ], [ 86.954376939677559, 26.518623221400485 ], [ 86.954397454839537, 26.518526824153849 ], [ 86.954439366673171, 26.518430268632169 ], [ 86.954524244739233, 26.51835264453932 ], [ 86.954609122693725, 26.518275020395055 ], [ 86.954694529422852, 26.518255139235674 ], [ 86.954887088440557, 26.518253714417849 ], [ 86.954994769824808, 26.518329913764489 ], [ 86.955081055659704, 26.51840627229123 ], [ 86.955210133018227, 26.518482313116198 ], [ 86.955382530211224, 26.518615780062799 ], [ 86.955468640415077, 26.518672890374742 ], [ 86.955533707141882, 26.518768654112769 ], [ 86.955664194161244, 26.51899867743726 ], [ 86.955729086095872, 26.519075193094853 ], [ 86.955794329399922, 26.519190204678456 ], [ 86.955902716863747, 26.519343394323961 ], [ 86.956096334796172, 26.519457454847082 ], [ 86.95622488532031, 26.519475751733918 ], [ 86.956353259648338, 26.519474800535377 ], [ 86.956438665948212, 26.519454918370727 ], [ 86.956545291841365, 26.519415630516125 ], [ 86.956652270224325, 26.519414837624868 ], [ 86.956845184736551, 26.519451905257846 ], [ 86.95699565926752, 26.519527785867027 ], [ 86.957103873252549, 26.519661727528334 ], [ 86.957169118219426, 26.519776738474782 ], [ 86.957212968353957, 26.519891908051509 ], [ 86.957235597959112, 26.520026483357476 ], [ 86.957343282483222, 26.520102681828718 ], [ 86.957450437890586, 26.520121135416673 ], [ 86.957600208913945, 26.520120024415338 ], [ 86.957685586436924, 26.520080826612716 ], [ 86.958808469096994, 26.516860999175151 ], [ 86.977752469114648, 26.514943999173511 ], [ 86.979278469116025, 26.509831999168682 ], [ 86.985809469122159, 26.488055999148401 ], [ 86.987808469124047, 26.481416999142311 ], [ 86.993080469128927, 26.472777999134223 ], [ 86.993721469129468, 26.465554999127562 ], [ 86.985305469121613, 26.444499999107848 ], [ 86.976470469113565, 26.459083999121503 ], [ 86.978141469115144, 26.474776999136111 ], [ 86.975082469112294, 26.485444999146011 ], [ 86.972641469109931, 26.488694999148947 ], [ 86.968414469105937, 26.473082999134476 ], [ 86.950859469089664, 26.505193999164476 ], [ 86.949058469087959, 26.508471999167341 ], [ 86.948059469086957, 26.510304999169193 ], [ 86.950962095409068, 26.518480804574825 ], [ 86.951296155496422, 26.518665225242056 ] ] ] ] } },
{ "type": "Feature", "properties": { "ISO": "IND", "COUNTRY": "India", "F_CODE_DES": "Inland Water", "HYC_DESCRI": "Non-Perennial/Intermittent/Fluctuating", "NAME": "UNK" }, "geometry": { "type": "MultiPolygon", "coordinates": [ [ [ [ 86.968414469105937, 26.473082999134476 ], [ 86.966972469104576, 26.46013799912248 ], [ 86.969192469106702, 26.452249999115111 ], [ 86.974914469112036, 26.442971999106476 ], [ 86.976470469113565, 26.459083999121503 ], [ 86.985305469121613, 26.444499999107848 ], [ 86.985252469121633, 26.432471999096606 ], [ 86.991531469127494, 26.414277999079786 ], [ 86.989082469125151, 26.401055999067466 ], [ 86.990554469126664, 26.3916949990587 ], [ 86.989364469125576, 26.385833999053148 ], [ 86.986083469122377, 26.391000999057951 ], [ 86.983276469119801, 26.391749999058675 ], [ 86.981277469117913, 26.38863999905584 ], [ 86.981414469118135, 26.36961199903817 ], [ 86.983779469120236, 26.36488899903361 ], [ 86.984443469120833, 26.363582999032587 ], [ 86.99478146913043, 26.352860999022596 ], [ 86.996002469131781, 26.348388999018425 ], [ 86.992614469128512, 26.333304999004213 ], [ 86.992225469128243, 26.331611999002689 ], [ 86.994056469129873, 26.329165999000452 ], [ 86.997558469133082, 26.324443998996003 ], [ 86.991996469128026, 26.299083998972492 ], [ 86.996170469131812, 26.292388998966089 ], [ 86.996917469132541, 26.287499998961721 ], [ 86.993164469128942, 26.276832998951704 ], [ 86.998275469133887, 26.264609998940387 ], [ 86.9973604691329, 26.259776998935877 ], [ 86.997139469132662, 26.259387998935381 ], [ 86.991249469127297, 26.248387998925182 ], [ 86.985527469121962, 26.240109998917433 ], [ 86.984664469121071, 26.236360998914051 ], [ 86.986358469122706, 26.226777998905163 ], [ 86.991752469127732, 26.215804998894782 ], [ 86.994750469130622, 26.214860998893982 ], [ 86.991081469127039, 26.20547299888517 ], [ 86.97699746911394, 26.183139998864362 ], [ 86.942947469082355, 26.163388998846131 ], [ 86.942718469082138, 26.162888998845574 ], [ 86.940361469079789, 26.157777998840857 ], [ 86.941108469080518, 26.153304998836575 ], [ 86.949279469088196, 26.13613899882057 ], [ 86.950225469088991, 26.11961199880534 ], [ 86.948608469087503, 26.111499998797626 ], [ 86.947830469086739, 26.107638998794073 ], [ 86.941833469081303, 26.092416998779981 ], [ 86.939834469079415, 26.078137998766579 ], [ 86.932525469072516, 26.060416998750043 ], [ 86.925277469065804, 26.021138998713468 ], [ 86.934524469074404, 25.990832998685391 ], [ 86.935470469075199, 25.989471998684166 ], [ 86.947303469086364, 25.972638998668344 ], [ 86.955886469094366, 25.955888998652881 ], [ 86.956581469094999, 25.954554998651474 ], [ 86.945892469085038, 25.955359998652284 ], [ 86.944274469083439, 25.956916998653696 ], [ 86.941169469080705, 25.959943998656627 ], [ 86.935302469075168, 25.981915998677096 ], [ 86.92749746906793, 25.990861998685432 ], [ 86.917335469058344, 25.999221998693201 ], [ 86.9156954690568, 26.004582998698197 ], [ 86.918220469059179, 26.020333998712886 ], [ 86.91208646905352, 26.029637998721455 ], [ 86.911110469052574, 26.034749998726284 ], [ 86.916885469057888, 26.04955499873995 ], [ 86.918388469059437, 26.057944998747871 ], [ 86.917167469058313, 26.059777998749496 ], [ 86.912445469053864, 26.066804998756197 ], [ 86.910385469052017, 26.072999998761816 ], [ 86.913444469054866, 26.084943998773042 ], [ 86.929580469069833, 26.112498998798628 ], [ 86.934806469074601, 26.125859998811165 ], [ 86.935913469075786, 26.135749998820302 ], [ 86.932861469072805, 26.146193998830086 ], [ 86.927886469068198, 26.156110998839267 ], [ 86.928390469068745, 26.163415998846176 ], [ 86.928497469068816, 26.164943998847548 ], [ 86.931999469072025, 26.170110998852351 ], [ 86.947670469086688, 26.180778998862252 ], [ 86.951614469090373, 26.185498998866706 ], [ 86.955802469094351, 26.185361998866483 ], [ 86.972358469109622, 26.194915998875331 ], [ 86.975723469112836, 26.202193998882194 ], [ 86.976776469113702, 26.210832998890282 ], [ 86.975028469112203, 26.219138998897961 ], [ 86.967193469104814, 26.222360998900967 ], [ 86.964080469101873, 26.225860998904182 ], [ 86.971473469108787, 26.239972998917438 ], [ 86.97753146911441, 26.244832998921993 ], [ 86.986442469122721, 26.250667998927383 ], [ 86.987968469124098, 26.253360998929793 ], [ 86.988586469124812, 26.257667998933812 ], [ 86.989280469125333, 26.262610998938499 ], [ 86.984253469120631, 26.27652699895134 ], [ 86.979858469116607, 26.320109998991938 ], [ 86.979667469116521, 26.321999998993761 ], [ 86.979469469116339, 26.324027998995689 ], [ 86.976776469113702, 26.332360999003413 ], [ 86.967330469105036, 26.347472999017555 ], [ 86.967529469105102, 26.357415999026671 ], [ 86.972419469109809, 26.36780499903648 ], [ 86.970054469107481, 26.383527999051012 ], [ 86.973136469110386, 26.395888999062663 ], [ 86.972419469109809, 26.398555999065138 ], [ 86.962806469100769, 26.433860999097988 ], [ 86.962135469100076, 26.451638999114493 ], [ 86.957832469096047, 26.460471999122774 ], [ 86.95710746909549, 26.465972999127871 ], [ 86.954414469092853, 26.468610999130306 ], [ 86.953392469092023, 26.449832999112914 ], [ 86.95447546909304, 26.436915999100847 ], [ 86.95314046909175, 26.432944999097117 ], [ 86.950058469088845, 26.432416999096631 ], [ 86.94658646908556, 26.439082999102766 ], [ 86.94255846908186, 26.437943999101662 ], [ 86.940834469080301, 26.434888999098803 ], [ 86.939529469079162, 26.432555999096621 ], [ 86.937225469077021, 26.422500999087333 ], [ 86.939308469078924, 26.410583999076152 ], [ 86.942970469082184, 26.403054999069354 ], [ 86.944389469083717, 26.358832999027982 ], [ 86.941330469080867, 26.342027999012316 ], [ 86.939941469079486, 26.336804999007654 ], [ 86.938720469078362, 26.335776999006612 ], [ 86.937385469077071, 26.337722999008292 ], [ 86.93997146907941, 26.358777999028007 ], [ 86.939277469078888, 26.357415999026671 ], [ 86.932251469072298, 26.34361099901389 ], [ 86.932167469072283, 26.336000999006728 ], [ 86.926170469066619, 26.327333998998711 ], [ 86.918335469059457, 26.324861998996539 ], [ 86.915641469056936, 26.321999998993761 ], [ 86.91386446905517, 26.31847199899039 ], [ 86.913581469054861, 26.311610998984179 ], [ 86.913139469054613, 26.301305998974385 ], [ 86.912918469054375, 26.295888998969531 ], [ 86.910163469051668, 26.292165998966084 ], [ 86.904441469046333, 26.290027998963978 ], [ 86.894859469037556, 26.26816699894357 ], [ 86.88700146903011, 26.258943998935138 ], [ 86.892028469034813, 26.2496109989263 ], [ 86.895469469038062, 26.243220998920378 ], [ 86.895362469037991, 26.238832998916223 ], [ 86.895332469037839, 26.238387998915869 ], [ 86.895027469037586, 26.226748998905123 ], [ 86.897697469040168, 26.195582998876034 ], [ 86.89091446903376, 26.178693998860354 ], [ 86.881668469025271, 26.176055998857919 ], [ 86.880752469024401, 26.164666998847224 ], [ 86.872276469016469, 26.146998998830668 ], [ 86.871055469015346, 26.139804998824047 ], [ 86.870720469014941, 26.137750998822185 ], [ 86.868721469013053, 26.134666998819284 ], [ 86.86663846901115, 26.141860998825905 ], [ 86.865447469010178, 26.145970998829853 ], [ 86.872329469016449, 26.159249998842142 ], [ 86.87361146901776, 26.167666998850109 ], [ 86.872558469016667, 26.175944998857631 ], [ 86.874107469018099, 26.180110998861664 ], [ 86.881973469025525, 26.183444998864616 ], [ 86.887390469030606, 26.189610998870421 ], [ 86.889999469033, 26.195861998876353 ], [ 86.887748469030839, 26.203750998883606 ], [ 86.890693469033522, 26.212527998891801 ], [ 86.887168469030257, 26.23483299891268 ], [ 86.887580469030809, 26.237248998914765 ], [ 86.888694469031634, 26.243443998920611 ], [ 86.887664469030824, 26.246665998923618 ], [ 86.882835469026304, 26.247027998923841 ], [ 86.880584469024143, 26.245194998922216 ], [ 86.877609469021309, 26.23622099891395 ], [ 86.877723469021475, 26.235250998912989 ], [ 86.87947046902309, 26.2190279988979 ], [ 86.878387469022073, 26.215693998894722 ], [ 86.86927846901358, 26.21030599888968 ], [ 86.872001469016141, 26.219277998898178 ], [ 86.866836469011332, 26.224971998903357 ], [ 86.866806469011408, 26.229833998907907 ], [ 86.871864469016145, 26.233027998910984 ], [ 86.871971469016216, 26.234082998911845 ], [ 86.872665469016738, 26.240167998917514 ], [ 86.873336469017431, 26.246083998923041 ], [ 86.876861469020696, 26.258472998934622 ], [ 86.876915469020787, 26.258637998934773 ], [ 86.890304469033254, 26.282277998956715 ], [ 86.896636469039095, 26.299611998972978 ], [ 86.897247469039712, 26.300832998974101 ], [ 86.901107469043382, 26.308389998981056 ], [ 86.907112469048798, 26.320167998992019 ], [ 86.912666469054102, 26.329499999000745 ], [ 86.924308469064954, 26.338611999009345 ], [ 86.925163469065637, 26.342582999012848 ], [ 86.921913469062702, 26.348416999018355 ], [ 86.922584469063395, 26.353249999022864 ], [ 86.934639469074455, 26.366776999035437 ], [ 86.936225469075907, 26.371388999039709 ], [ 86.935302469075168, 26.376916999044852 ], [ 86.928390469068745, 26.385804999053107 ], [ 86.926246469066655, 26.39580499906242 ], [ 86.930274469070355, 26.408360999074148 ], [ 86.931274469071468, 26.431777999096084 ], [ 86.941833469081303, 26.448749999111897 ], [ 86.944885469084056, 26.465138999127021 ], [ 86.94866946908769, 26.471776999133226 ], [ 86.945831469084851, 26.481999999142772 ], [ 86.938613469078291, 26.483304999143911 ], [ 86.945808469085023, 26.503499999162841 ], [ 86.947830469086739, 26.509166999167974 ], [ 86.947914469086982, 26.509416999168252 ], [ 86.948059469086957, 26.510304999169193 ], [ 86.949058469087959, 26.508471999167341 ], [ 86.950859469089664, 26.505193999164476 ], [ 86.968414469105937, 26.473082999134476 ] ], [ [ 86.988472469124645, 26.342721999013065 ], [ 86.990058469126097, 26.346915999017028 ], [ 86.988250469124523, 26.353721999023264 ], [ 86.986190469122448, 26.355277999024793 ], [ 86.983413469120023, 26.350528999020298 ], [ 86.98633546912265, 26.342166999012534 ], [ 86.988472469124645, 26.342721999013065 ] ], [ [ 86.977973469114886, 26.227500998905725 ], [ 86.979751469116536, 26.236722998914274 ], [ 86.976470469113565, 26.236638998914259 ], [ 86.974052469111257, 26.234805998912634 ], [ 86.971969469109354, 26.230222998908175 ], [ 86.975807469112851, 26.226304998904652 ], [ 86.977973469114886, 26.227500998905725 ] ], [ [ 86.925087469065602, 26.066998998756162 ], [ 86.935058469074875, 26.092444998779911 ], [ 86.938888469078393, 26.111554998797828 ], [ 86.937919469077542, 26.116443998802424 ], [ 86.930526469070628, 26.107610998794144 ], [ 86.917747469058895, 26.081416998769782 ], [ 86.919525469060545, 26.068250998757549 ], [ 86.92272146906339, 26.066028998755428 ], [ 86.925087469065602, 26.066998998756162 ] ] ] ] } },
{ "type": "Feature", "properties": { "ISO": "IND", "COUNTRY": "India", "F_CODE_DES": "Inland Water", "HYC_DESCRI": "Non-Perennial/Intermittent/Fluctuating", "NAME": "UNK" }, "geometry": { "type": "MultiPolygon", "coordinates": [ [ [ [ 86.816707629020542, 26.440597099531676 ], [ 86.816964207394435, 26.440595442435892 ], [ 86.817199404982958, 26.440593923030008 ], [ 86.817434602565427, 26.440592403244768 ], [ 86.817712563701619, 26.440590606643603 ], [ 86.81784100693713, 26.440609025883226 ], [ 86.818033594568178, 26.44062703022454 ], [ 86.818353857413072, 26.440567210009846 ], [ 86.818502760499882, 26.440469999543026 ], [ 86.818694425817498, 26.440372512203133 ], [ 86.818928393057803, 26.440217002859665 ], [ 86.81909836839219, 26.440081156138877 ], [ 86.819161590808918, 26.439965250030852 ], [ 86.819181588487794, 26.439791875809352 ], [ 86.819308645903803, 26.439637057070236 ], [ 86.819435703996945, 26.439482239109172 ], [ 86.81975550142559, 26.439364670825753 ], [ 86.819947934421677, 26.439363424015664 ], [ 86.820054841194292, 26.439362731236582 ], [ 86.820246965280191, 26.439322986791236 ], [ 86.820416938823229, 26.439187139391855 ], [ 86.820500616025768, 26.438955603209745 ], [ 86.820542454002691, 26.438839835097721 ], [ 86.820627055777905, 26.438723789671474 ], [ 86.820712118460207, 26.438665490079785 ], [ 86.820818716511567, 26.438626299486405 ], [ 86.821032528711896, 26.43862491257272 ], [ 86.821224959487466, 26.438623664083693 ], [ 86.821438926824811, 26.438641525194246 ], [ 86.821652893224069, 26.438659385997305 ], [ 86.821803023800413, 26.438716159312694 ], [ 86.82236032474249, 26.438885785648655 ], [ 86.82240324196826, 26.438904755557424 ], [ 86.82251061126766, 26.438961806848617 ], [ 86.822703351276431, 26.438999053655262 ], [ 86.823002844462806, 26.439016355734701 ], [ 86.823174203220361, 26.439053740914044 ], [ 86.823537840113232, 26.439070625722628 ], [ 86.824008229047365, 26.439067565325917 ], [ 86.824285876279305, 26.439027258958799 ], [ 86.824520916007302, 26.439006479122838 ], [ 86.82486301675749, 26.439004251224596 ], [ 86.825141283540745, 26.439040937703819 ], [ 86.825376787502407, 26.439077902348451 ], [ 86.82565520843967, 26.439133835569329 ], [ 86.825805187695849, 26.439171357033839 ], [ 86.825976702441054, 26.439227986633906 ], [ 86.826169290064314, 26.439245980232315 ], [ 86.826404019990022, 26.439186700126751 ], [ 86.826489390089989, 26.439166894409603 ], [ 86.826531377249324, 26.439070373205226 ], [ 86.826552138835453, 26.438993239214643 ], [ 86.826551208981726, 26.438877748402195 ], [ 86.826571505596007, 26.438742870349142 ], [ 86.826592112122597, 26.438646488626897 ], [ 86.826677016803032, 26.438568936030361 ], [ 86.826783612796788, 26.438529741978197 ], [ 86.826869137379319, 26.43852918375342 ], [ 86.827040342600611, 26.43854731576787 ], [ 86.827168785062327, 26.438565725900865 ], [ 86.827297537766938, 26.438622634064117 ], [ 86.827404909165608, 26.438679680854211 ], [ 86.827597960551003, 26.438755418434049 ], [ 86.827683485293051, 26.438754859731755 ], [ 86.827940215712417, 26.438772431033318 ], [ 86.828110799532737, 26.438713568223658 ], [ 86.828217395174278, 26.438674372222518 ], [ 86.828323990752409, 26.438635177045704 ], [ 86.828430276690611, 26.438557483642512 ], [ 86.828536406194189, 26.43846054244931 ], [ 86.828599928104794, 26.438383129438371 ], [ 86.82870621263956, 26.438305436737224 ], [ 86.828854949011159, 26.438188967010124 ], [ 86.828970731180391, 26.438143396375253 ], [ 86.827774468974894, 26.43677699910063 ], [ 86.827751468975066, 26.430638999094981 ], [ 86.825469468972869, 26.426276999090987 ], [ 86.819389468967302, 26.421416999086432 ], [ 86.811363468959826, 26.408360999074148 ], [ 86.804138468952942, 26.403748999069876 ], [ 86.798774468948068, 26.399054999065584 ], [ 86.786468468936619, 26.396304999062977 ], [ 86.785499468935541, 26.412805999078273 ], [ 86.78980246893957, 26.420693999085643 ], [ 86.808328468956915, 26.441663999105231 ], [ 86.808349468956976, 26.441663999105231 ], [ 86.813041129780814, 26.441663999105231 ], [ 86.816707629020542, 26.440597099531676 ] ] ] ] } },
{ "type": "Feature", "properties": { "ISO": "IND", "COUNTRY": "India", "F_CODE_DES": "Inland Water", "HYC_DESCRI": "Non-Perennial/Intermittent/Fluctuating", "NAME": "UNK" }, "geometry": { "type": "MultiPolygon", "coordinates": [ [ [ [ 86.811363468959826, 26.408360999074148 ], [ 86.819389468967302, 26.421416999086432 ], [ 86.825469468972869, 26.426276999090987 ], [ 86.828247468975405, 26.420277999085329 ], [ 86.820694468968441, 26.407193999073115 ], [ 86.811363468959826, 26.408360999074148 ] ] ] ] } },
{ "type": "Feature", "properties": { "ISO": "IND", "COUNTRY": "India", "F_CODE_DES": "Inland Water", "HYC_DESCRI": "Non-Perennial/Intermittent/Fluctuating", "NAME": "UNK" }, "geometry": { "type": "MultiPolygon", "coordinates": [ [ [ [ 86.786468468936619, 26.396304999062977 ], [ 86.798774468948068, 26.399054999065584 ], [ 86.804138468952942, 26.403748999069876 ], [ 86.805358468954182, 26.399470999065898 ], [ 86.80333746895235, 26.395944999062522 ], [ 86.791885468941473, 26.391055999058153 ], [ 86.786720468936664, 26.391000999057951 ], [ 86.784942468935014, 26.393166999059986 ], [ 86.786468468936619, 26.396304999062977 ] ] ] ] } },
{ "type": "Feature", "properties": { "ISO": "IND", "COUNTRY": "India", "F_CODE_DES": "Inland Water", "HYC_DESCRI": "Non-Perennial/Intermittent/Fluctuating", "NAME": "UNK" }, "geometry": { "type": "MultiPolygon", "coordinates": [ [ [ [ 86.770858468921915, 26.387082999054428 ], [ 86.770248468921409, 26.389861999057075 ], [ 86.774055468924871, 26.396916999063478 ], [ 86.780082468930686, 26.400943999067294 ], [ 86.781722468932003, 26.400472999066778 ], [ 86.781280468931755, 26.395638999062385 ], [ 86.779693468930191, 26.391444999058422 ], [ 86.770858468921915, 26.387082999054428 ] ] ] ] } },
{ "type": "Feature", "properties": { "ISO": "IND", "COUNTRY": "India", "F_CODE_DES": "Inland Water", "HYC_DESCRI": "Non-Perennial/Intermittent/Fluctuating", "NAME": "UNK" }, "geometry": { "type": "MultiPolygon", "coordinates": [ [ [ [ 86.774055468924871, 26.396916999063478 ], [ 86.770248468921409, 26.389861999057075 ], [ 86.770858468921915, 26.387082999054428 ], [ 86.760055468912014, 26.375415999043526 ], [ 86.748054468900818, 26.374331999042397 ], [ 86.741142468894395, 26.371165999039476 ], [ 86.73886146889231, 26.373361999041663 ], [ 86.740135468893413, 26.376054999044072 ], [ 86.746612468899457, 26.379222999046988 ], [ 86.751502468903936, 26.384137999051745 ], [ 86.755058468907237, 26.391000999057951 ], [ 86.762359468914156, 26.397527999064096 ], [ 86.76691446891823, 26.399917999066247 ], [ 86.774055468924871, 26.396916999063478 ] ] ] ] } },
{ "type": "Feature", "properties": { "ISO": "IND", "COUNTRY": "India", "F_CODE_DES": "Inland Water", "HYC_DESCRI": "Non-Perennial/Intermittent/Fluctuating", "NAME": "UNK" }, "geometry": { "type": "MultiPolygon", "coordinates": [ [ [ [ 86.788391468938244, 26.357249999026635 ], [ 86.782669468932909, 26.354583999024044 ], [ 86.774833468925635, 26.364139999033114 ], [ 86.783752468933926, 26.375472999043495 ], [ 86.786087468936103, 26.380887999048582 ], [ 86.785499468935541, 26.384082999051543 ], [ 86.786331468936396, 26.387221999054418 ], [ 86.801918468950817, 26.390082999057086 ], [ 86.791862468941645, 26.373500999041653 ], [ 86.788391468938244, 26.357249999026635 ] ] ] ] } },
{ "type": "Feature", "properties": { "ISO": "IND", "COUNTRY": "India", "F_CODE_DES": "Inland Water", "HYC_DESCRI": "Non-Perennial/Intermittent/Fluctuating", "NAME": "UNK" }, "geometry": { "type": "MultiPolygon", "coordinates": [ [ [ [ 86.742469468895479, 26.381471999049154 ], [ 86.735496468889096, 26.376861999044877 ], [ 86.733970468887719, 26.379861999047762 ], [ 86.735748468889369, 26.383611999051254 ], [ 86.740112468893358, 26.38683299905415 ], [ 86.743888468896785, 26.387361999054747 ], [ 86.744499468897402, 26.384999999052525 ], [ 86.742469468895479, 26.381471999049154 ] ] ] ] } },
{ "type": "Feature", "properties": { "ISO": "IND", "COUNTRY": "India", "F_CODE_DES": "Inland Water", "HYC_DESCRI": "Non-Perennial/Intermittent/Fluctuating", "NAME": "UNK" }, "geometry": { "type": "MultiPolygon", "coordinates": [ [ [ [ 86.773864468924785, 26.340278999010707 ], [ 86.768836468920199, 26.343415999013814 ], [ 86.782669468932909, 26.354583999024044 ], [ 86.788391468938244, 26.357249999026635 ], [ 86.787941468938016, 26.35166699902129 ], [ 86.790413468940187, 26.349471999019443 ], [ 86.803833468952689, 26.361916999030882 ], [ 86.804580468953418, 26.357221999026478 ], [ 86.798530468947774, 26.34666599901675 ], [ 86.796363468945856, 26.345248999015439 ], [ 86.776054468926759, 26.342332999012797 ], [ 86.773864468924785, 26.340278999010707 ] ] ] ] } },
{ "type": "Feature", "properties": { "ISO": "IND", "COUNTRY": "India", "F_CODE_DES": "Inland Water", "HYC_DESCRI": "Non-Perennial/Intermittent/Fluctuating", "NAME": "UNK" }, "geometry": { "type": "MultiPolygon", "coordinates": [ [ [ [ 86.773864468924785, 26.340278999010707 ], [ 86.766723468918144, 26.331443999002659 ], [ 86.755943468908072, 26.310971998983405 ], [ 86.753112468905556, 26.305583998978364 ], [ 86.750968468903466, 26.301526998974623 ], [ 86.744857468897862, 26.300944998974046 ], [ 86.745414468898389, 26.304750998977624 ], [ 86.745780468898602, 26.307111998979963 ], [ 86.746139468898946, 26.309499998982119 ], [ 86.753913468906148, 26.316443998988689 ], [ 86.75536346890749, 26.334971999005802 ], [ 86.757858468909944, 26.338693999009365 ], [ 86.763168468914728, 26.342111999012559 ], [ 86.768836468920199, 26.343415999013814 ], [ 86.773864468924785, 26.340278999010707 ] ] ] ] } },
{ "type": "Feature", "properties": { "ISO": "IND", "COUNTRY": "India", "F_CODE_DES": "Inland Water", "HYC_DESCRI": "Perennial/Permanent", "NAME": "UNK" }, "geometry": { "type": "MultiPolygon", "coordinates": [ [ [ [ 86.704887468860534, 26.028109998720083 ], [ 86.699195468855351, 26.025971998717978 ], [ 86.69222246884874, 26.027055998719106 ], [ 86.691581468848199, 26.0283339987202 ], [ 86.705024468860756, 26.03149999872312 ], [ 86.706138468861809, 26.029971998721749 ], [ 86.704887468860534, 26.028109998720083 ] ] ] ] } },
{ "type": "Feature", "properties": { "ISO": "IND", "COUNTRY": "India", "F_CODE_DES": "Land Subject to Inundation", "HYC_DESCRI": "Non-Perennial/Intermittent/Fluctuating", "NAME": null }, "geometry": { "type": "MultiPolygon", "coordinates": [ [ [ [ 87.445053469549975, 25.933194998631734 ], [ 87.443084469548012, 25.935805998634123 ], [ 87.445419469550188, 25.940999998638972 ], [ 87.444030469549034, 25.951388998648554 ], [ 87.441001469546109, 25.956582998653403 ], [ 87.440223469545344, 25.957360998654167 ], [ 87.426940469533065, 25.970443998666269 ], [ 87.4269714695331, 25.981221998676347 ], [ 87.4229434695294, 25.990027998684582 ], [ 87.416137469522937, 25.994721998688874 ], [ 87.411529469518655, 26.000304998694219 ], [ 87.412391469519434, 26.006888998700333 ], [ 87.414581469521409, 26.010943998704079 ], [ 87.41822046952484, 26.013110998705997 ], [ 87.423889469530195, 26.014777998707586 ], [ 87.433975469539519, 26.012610998705668 ], [ 87.439361469544565, 26.007859998701178 ], [ 87.445114469549935, 25.998471998692366 ], [ 87.461555469565155, 25.951999998649171 ], [ 87.461830469565484, 25.939137998637307 ], [ 87.458557469562493, 25.933721998632109 ], [ 87.451141469555523, 25.932137998630651 ], [ 87.445053469549975, 25.933194998631734 ] ] ] ] } },
{ "type": "Feature", "properties": { "ISO": "IND", "COUNTRY": "India", "F_CODE_DES": "Land Subject to Inundation", "HYC_DESCRI": "Non-Perennial/Intermittent/Fluctuating", "NAME": null }, "geometry": { "type": "MultiPolygon", "coordinates": [ [ [ [ 87.443084469548012, 25.935805998634123 ], [ 87.439193469544534, 25.938498998636533 ], [ 87.433891469539503, 25.945998998643518 ], [ 87.431640469537342, 25.959638998656374 ], [ 87.427665469533622, 25.968249998664305 ], [ 87.41161346951867, 25.986693998681403 ], [ 87.410247469517572, 25.990861998685432 ], [ 87.410972469518128, 25.99616599869023 ], [ 87.411529469518655, 26.000304998694219 ], [ 87.416137469522937, 25.994721998688874 ], [ 87.4229434695294, 25.990027998684582 ], [ 87.4269714695331, 25.981221998676347 ], [ 87.426940469533065, 25.970443998666269 ], [ 87.440223469545344, 25.957360998654167 ], [ 87.441001469546109, 25.956582998653403 ], [ 87.444030469549034, 25.951388998648554 ], [ 87.445419469550188, 25.940999998638972 ], [ 87.443084469548012, 25.935805998634123 ] ] ] ] } },
{ "type": "Feature", "properties": { "ISO": "IND", "COUNTRY": "India", "F_CODE_DES": "Land Subject to Inundation", "HYC_DESCRI": "Non-Perennial/Intermittent/Fluctuating", "NAME": null }, "geometry": { "type": "MultiPolygon", "coordinates": [ [ [ [ 87.324974469438075, 25.959027998655756 ], [ 87.32714046944011, 25.964694998660889 ], [ 87.325668469438597, 25.968555998664669 ], [ 87.319641469433009, 25.974916998670551 ], [ 87.313583469427385, 25.975139998670784 ], [ 87.312416469426353, 25.975165998670718 ], [ 87.306915469421256, 25.977500998672895 ], [ 87.29844646941342, 25.976527998672054 ], [ 87.295608469410809, 25.992139998686525 ], [ 87.298614469413451, 25.994832998689162 ], [ 87.30725046942166, 25.995027998689238 ], [ 87.312225469426266, 25.991666998686014 ], [ 87.320945469434264, 25.980832998676078 ], [ 87.32994046944259, 25.977332998672864 ], [ 87.351196469462593, 25.974831998670425 ], [ 87.354698469465802, 25.973332998669093 ], [ 87.357612469468449, 25.970027998665955 ], [ 87.362220469472732, 25.957944998654739 ], [ 87.362968469473344, 25.951026998648331 ], [ 87.361831469472463, 25.947833998645365 ], [ 87.357193469468029, 25.946137998643735 ], [ 87.353668469464765, 25.946721998644307 ], [ 87.347274469458853, 25.951972998649126 ], [ 87.33955346945163, 25.962777998659249 ], [ 87.336051469448421, 25.96427699866058 ], [ 87.332496469445005, 25.963916998660352 ], [ 87.324974469438075, 25.959027998655756 ] ] ] ] } },
{ "type": "Feature", "properties": { "ISO": "IND", "COUNTRY": "India", "F_CODE_DES": "Land Subject to Inundation", "HYC_DESCRI": "Non-Perennial/Intermittent/Fluctuating", "NAME": null }, "geometry": { "type": "MultiPolygon", "coordinates": [ [ [ [ 87.324974469438075, 25.959027998655756 ], [ 87.32311246943641, 25.957776998654481 ], [ 87.314002469427805, 25.958528998655311 ], [ 87.304031469418533, 25.963443998659841 ], [ 87.302139469416716, 25.96524999866142 ], [ 87.294220469409311, 25.972917998668663 ], [ 87.290969469406491, 25.981305998676362 ], [ 87.290725469406198, 25.987748998682491 ], [ 87.295608469410809, 25.992139998686525 ], [ 87.29844646941342, 25.976527998672054 ], [ 87.306915469421256, 25.977500998672895 ], [ 87.312416469426353, 25.975165998670718 ], [ 87.313583469427385, 25.975139998670784 ], [ 87.319641469433009, 25.974916998670551 ], [ 87.325668469438597, 25.968555998664669 ], [ 87.32714046944011, 25.964694998660889 ], [ 87.324974469438075, 25.959027998655756 ] ] ] ] } },
{ "type": "Feature", "properties": { "ISO": "IND", "COUNTRY": "India", "F_CODE_DES": "Land Subject to Inundation", "HYC_DESCRI": "Non-Perennial/Intermittent/Fluctuating", "NAME": null }, "geometry": { "type": "MultiPolygon", "coordinates": [ [ [ [ 87.387252469496161, 25.941499998639301 ], [ 87.385971469494962, 25.941110998639033 ], [ 87.379585469489029, 25.94483399864248 ], [ 87.378502469488012, 25.945472998643027 ], [ 87.373695469483437, 25.952527998649657 ], [ 87.373359469483148, 25.957110998653889 ], [ 87.373497469483254, 25.957416998654253 ], [ 87.374252469483963, 25.959249998655878 ], [ 87.375053469484783, 25.961194998657675 ], [ 87.380386469489622, 25.967471998663541 ], [ 87.383972469493074, 25.968276998664351 ], [ 87.386970469495736, 25.967250998663303 ], [ 87.39302846950136, 25.953277998650265 ], [ 87.391609469500054, 25.942777998640622 ], [ 87.387252469496161, 25.941499998639301 ] ] ] ] } },
{ "type": "Feature", "properties": { "ISO": "IND", "COUNTRY": "India", "F_CODE_DES": "Land Subject to Inundation", "HYC_DESCRI": "Non-Perennial/Intermittent/Fluctuating", "NAME": null }, "geometry": { "type": "MultiPolygon", "coordinates": [ [ [ [ 87.511253469611574, 25.910359998610375 ], [ 87.505584469606219, 25.923888998622942 ], [ 87.504585469605445, 25.922221998621353 ], [ 87.507919469608396, 25.913859998613589 ], [ 87.507278469607854, 25.9103049986104 ], [ 87.501419469602297, 25.914527998614176 ], [ 87.499336469600394, 25.91430499861417 ], [ 87.496444469597691, 25.922387998621616 ], [ 87.495887469597164, 25.933888998632256 ], [ 87.497024469598273, 25.936610998634933 ], [ 87.495086469596572, 25.951833998648908 ], [ 87.495971469597407, 25.961444998657953 ], [ 87.501777469602757, 25.966777998663019 ], [ 87.50772046960833, 25.962916998659239 ], [ 87.512168469612334, 25.953582998650745 ], [ 87.515441469615553, 25.940389998638466 ], [ 87.514358469614535, 25.9259449986248 ], [ 87.515975469616023, 25.914861998614697 ], [ 87.513778469613953, 25.9112489986112 ], [ 87.511253469611574, 25.910359998610375 ] ] ] ] } },
{ "type": "Feature", "properties": { "ISO": "IND", "COUNTRY": "India", "F_CODE_DES": "Inland Water", "HYC_DESCRI": "Perennial/Permanent", "NAME": "UNK" }, "geometry": { "type": "MultiPolygon", "coordinates": [ [ [ [ 87.606140469699994, 25.950387998647784 ], [ 87.602142469696219, 25.949498998646732 ], [ 87.598472469692751, 25.951333998648579 ], [ 87.59880846969304, 25.953221998650406 ], [ 87.60283646969674, 25.954110998651231 ], [ 87.604805469698704, 25.96122199865772 ], [ 87.607635469701336, 25.961749998658206 ], [ 87.60847446970206, 25.959611998656328 ], [ 87.606140469699994, 25.950387998647784 ] ] ] ] } },
{ "type": "Feature", "properties": { "ISO": "IND", "COUNTRY": "India", "F_CODE_DES": "Inland Water", "HYC_DESCRI": "Perennial/Permanent", "NAME": "UNK" }, "geometry": { "type": "MultiPolygon", "coordinates": [ [ [ [ 87.443084469548012, 25.935805998634123 ], [ 87.445053469549975, 25.933194998631734 ], [ 87.441307469546473, 25.922971998622188 ], [ 87.442642469547536, 25.916583998616261 ], [ 87.441085469546124, 25.913249998613082 ], [ 87.441444469546468, 25.905416998605688 ], [ 87.437385469542733, 25.888888998590346 ], [ 87.435028469540612, 25.893416998594603 ], [ 87.437080469542479, 25.902221998602727 ], [ 87.435997469541462, 25.909444998609615 ], [ 87.429031469534948, 25.914777998614454 ], [ 87.435806469541376, 25.92022099861947 ], [ 87.435028469540612, 25.923221998622466 ], [ 87.431419469537104, 25.926305998625139 ], [ 87.422386469528874, 25.927916998626642 ], [ 87.418357469525063, 25.931472998629943 ], [ 87.417472469524228, 25.937610998635819 ], [ 87.4102254695174, 25.942750998640577 ], [ 87.413108469520239, 25.944749998642465 ], [ 87.418914469525589, 25.943500998641184 ], [ 87.434280469539772, 25.932111998630717 ], [ 87.437751469543173, 25.93155499863019 ], [ 87.443084469548012, 25.935805998634123 ] ], [ [ 87.437080469542479, 25.929276998627984 ], [ 87.428169469534168, 25.931277998629866 ], [ 87.42116546952775, 25.935777998633966 ], [ 87.422836469529102, 25.931472998629943 ], [ 87.436805469542151, 25.927443998626359 ], [ 87.437080469542479, 25.929276998627984 ] ] ] ] } },
{ "type": "Feature", "properties": { "ISO": "IND", "COUNTRY": "India", "F_CODE_DES": "Inland Water", "HYC_DESCRI": "Non-Perennial/Intermittent/Fluctuating", "NAME": "UNK" }, "geometry": { "type": "MultiPolygon", "coordinates": [ [ [ [ 87.874725469950135, 26.086444998774368 ], [ 87.863029469939192, 26.076999998765586 ], [ 87.862556469938681, 26.082110998770304 ], [ 87.865219469941167, 26.088111998775958 ], [ 87.873001469948349, 26.093915998781313 ], [ 87.874725469950135, 26.086444998774368 ] ] ] ] } },
{ "type": "Feature", "properties": { "ISO": "IND", "COUNTRY": "India", "F_CODE_DES": "Inland Water", "HYC_DESCRI": "Non-Perennial/Intermittent/Fluctuating", "NAME": "UNK" }, "geometry": { "type": "MultiPolygon", "coordinates": [ [ [ [ 87.865303469941182, 26.066777998756152 ], [ 87.863029469939192, 26.076999998765586 ], [ 87.874725469950135, 26.086444998774368 ], [ 87.874748469949964, 26.077582998766047 ], [ 87.871391469946957, 26.071582998760505 ], [ 87.865303469941182, 26.066777998756152 ] ] ] ] } },
{ "type": "Feature", "properties": { "ISO": "IND", "COUNTRY": "India", "F_CODE_DES": "Inland Water", "HYC_DESCRI": "Non-Perennial/Intermittent/Fluctuating", "NAME": "UNK" }, "geometry": { "type": "MultiPolygon", "coordinates": [ [ [ [ 87.865303469941182, 26.066777998756152 ], [ 87.863525469939532, 26.064305998753753 ], [ 87.861251469937542, 26.065026998754547 ], [ 87.856140469932825, 26.061221998750852 ], [ 87.854553469931261, 26.066998998756162 ], [ 87.855636469932278, 26.070109998759108 ], [ 87.863029469939192, 26.076999998765586 ], [ 87.865303469941182, 26.066777998756152 ] ] ] ] } },
{ "type": "Feature", "properties": { "ISO": "IND", "COUNTRY": "India", "F_CODE_DES": "Inland Water", "HYC_DESCRI": "Perennial/Permanent", "NAME": "UNK" }, "geometry": { "type": "MultiPolygon", "coordinates": [ [ [ [ 87.837913469915748, 26.052249998742582 ], [ 87.837806469915677, 26.050361998740755 ], [ 87.833885469912047, 26.051139998741519 ], [ 87.831474469909836, 26.04955499873995 ], [ 87.829330469907745, 26.044583998735334 ], [ 87.827667469906146, 26.04380599873457 ], [ 87.826225469904784, 26.04766699873835 ], [ 87.828552469906981, 26.052220998742541 ], [ 87.83425146991226, 26.053887998744131 ], [ 87.837913469915748, 26.052249998742582 ] ] ] ] } },
{ "type": "Feature", "properties": { "ISO": "IND", "COUNTRY": "India", "F_CODE_DES": "Inland Water", "HYC_DESCRI": "Non-Perennial/Intermittent/Fluctuating", "NAME": "UNK" }, "geometry": { "type": "MultiPolygon", "coordinates": [ [ [ [ 87.859132619987079, 26.037804354640009 ], [ 87.859012677532206, 26.037831090297512 ], [ 87.858741499610716, 26.037855238661187 ], [ 87.858516258011008, 26.037919649738367 ], [ 87.858041096864341, 26.037926135044373 ], [ 87.857633815697397, 26.037931692643511 ], [ 87.857339326537982, 26.03791526528968 ], [ 87.857177821933448, 26.037839521827813 ], [ 87.857168674553705, 26.03782403217653 ], [ 87.857130534693937, 26.037715181893628 ], [ 87.857068736051048, 26.037639465118346 ], [ 87.857007485747317, 26.03759655254332 ], [ 87.856921661892599, 26.037532100641567 ], [ 87.856872698469004, 26.037499956756974 ], [ 87.856835473655707, 26.037445779188751 ], [ 87.856810169177948, 26.03738050179928 ], [ 87.856796603303962, 26.037293190740137 ], [ 87.856794958718439, 26.037194778951626 ], [ 87.8567936796167, 26.037118237551525 ], [ 87.856780296501398, 26.037041860327793 ], [ 87.856778651947977, 26.036943449437182 ], [ 87.856765635306331, 26.036888940781672 ], [ 87.856728044296446, 26.036812894607348 ], [ 87.856714843983013, 26.03674745211778 ], [ 87.856651584370965, 26.036584258095541 ], [ 87.85618675642452, 26.035573448773494 ], [ 87.855941808998409, 26.034679948260568 ], [ 87.855625757090777, 26.033153065468717 ], [ 87.855607275560175, 26.0330853902374 ], [ 87.854919469931701, 26.03230499872393 ], [ 87.849197469926366, 26.03044499872226 ], [ 87.848030469925106, 26.039582998730793 ], [ 87.859252469935655, 26.04861099873915 ], [ 87.861526469937871, 26.042832998733729 ], [ 87.859286082692734, 26.037718296489267 ], [ 87.859132619987079, 26.037804354640009 ] ] ] ] } },
{ "type": "Feature", "properties": { "ISO": "IND", "COUNTRY": "India", "F_CODE_DES": "Inland Water", "HYC_DESCRI": "Non-Perennial/Intermittent/Fluctuating", "NAME": "UNK" }, "geometry": { "type": "MultiPolygon", "coordinates": [ [ [ [ 87.853448777496084, 26.028579097954189 ], [ 87.852450411949363, 26.028247690059615 ], [ 87.850221186340377, 26.027381015100328 ], [ 87.848894460165596, 26.02567405167477 ], [ 87.847239422165302, 26.022591537776062 ], [ 87.846900756673634, 26.020595140649796 ], [ 87.846792295697625, 26.01866461768368 ], [ 87.846793579071502, 26.018063123204062 ], [ 87.845222469922646, 26.016221998708943 ], [ 87.84208646991965, 26.019111998711651 ], [ 87.841278469918961, 26.021667998714065 ], [ 87.843414469920845, 26.026666998718611 ], [ 87.849197469926366, 26.03044499872226 ], [ 87.854919469931701, 26.03230499872393 ], [ 87.853522002712126, 26.028638044739985 ], [ 87.853448777496084, 26.028579097954189 ] ] ] ] } },
{ "type": "Feature", "properties": { "ISO": "IND", "COUNTRY": "India", "F_CODE_DES": "Inland Water", "HYC_DESCRI": "Perennial/Permanent", "NAME": "UNK" }, "geometry": { "type": "MultiPolygon", "coordinates": [ [ [ [ 87.724998469810544, 26.01055499870381 ], [ 87.720306469806246, 26.01011099870334 ], [ 87.719695469805629, 26.012250998705213 ], [ 87.724029469809693, 26.014388998707318 ], [ 87.722610469808387, 26.018888998711418 ], [ 87.725387469811039, 26.023415998715791 ], [ 87.725387469811039, 26.018554998711124 ], [ 87.72769146981318, 26.013389998706316 ], [ 87.724998469810544, 26.01055499870381 ] ] ] ] } },
{ "type": "Feature", "properties": { "ISO": "IND", "COUNTRY": "India", "F_CODE_DES": "Inland Water", "HYC_DESCRI": "Non-Perennial/Intermittent/Fluctuating", "NAME": "UNK" }, "geometry": { "type": "MultiPolygon", "coordinates": [ [ [ [ 87.846364681703804, 26.013501905011584 ], [ 87.845127820540569, 26.010407214202466 ], [ 87.84389335503603, 26.005041953928671 ], [ 87.840987863839871, 26.004805305352349 ], [ 87.840677931892969, 26.00453349952793 ], [ 87.840587874630543, 26.003706718143444 ], [ 87.840400908273324, 26.001639248817078 ], [ 87.838766981324753, 25.999798346444347 ], [ 87.838446791582811, 25.998905675314884 ], [ 87.838107200063391, 25.996840263943856 ], [ 87.838158419784691, 25.995321571426661 ], [ 87.838745109922272, 25.993864639219211 ], [ 87.839815117453895, 25.99352614504236 ], [ 87.838393972044884, 25.991369612578623 ], [ 87.837940690597691, 25.991391509899671 ], [ 87.837248004487861, 25.991055868874341 ], [ 87.836690649404133, 25.988784887224202 ], [ 87.836082469914118, 25.987861998682547 ], [ 87.829055469907416, 25.983054998678199 ], [ 87.823165469902051, 25.991332998685721 ], [ 87.824752469903615, 25.994861998689203 ], [ 87.830360469908783, 25.999721998693531 ], [ 87.834472469912498, 26.002499998696294 ], [ 87.836524469914366, 26.006000998699392 ], [ 87.838722469916547, 26.017333998710001 ], [ 87.84208646991965, 26.019111998711651 ], [ 87.845222469922646, 26.016221998708943 ], [ 87.846699342562033, 26.014339210770128 ], [ 87.846364681703804, 26.013501905011584 ] ] ] ] } },
{ "type": "Feature", "properties": { "ISO": "IND", "COUNTRY": "India", "F_CODE_DES": "Inland Water", "HYC_DESCRI": "Non-Perennial/Intermittent/Fluctuating", "NAME": "UNK" }, "geometry": { "type": "MultiPolygon", "coordinates": [ [ [ [ 87.830360469908783, 25.999721998693531 ], [ 87.829170469907694, 26.003999998697509 ], [ 87.831337469909613, 26.009831998703021 ], [ 87.834861469912994, 26.01497299870789 ], [ 87.838722469916547, 26.017333998710001 ], [ 87.836524469914366, 26.006000998699392 ], [ 87.834472469912498, 26.002499998696294 ], [ 87.830360469908783, 25.999721998693531 ] ] ] ] } },
{ "type": "Feature", "properties": { "ISO": "IND", "COUNTRY": "India", "F_CODE_DES": "Inland Water", "HYC_DESCRI": "Perennial/Permanent", "NAME": "UNK" }, "geometry": { "type": "MultiPolygon", "coordinates": [ [ [ [ 87.595024469689633, 25.913415998613345 ], [ 87.592857469687488, 25.912026998611964 ], [ 87.587028469682082, 25.917109998616752 ], [ 87.585113469680437, 25.921222998620578 ], [ 87.59030946968528, 25.932221998630666 ], [ 87.592224469686926, 25.932776998631198 ], [ 87.592277469686906, 25.929166998627807 ], [ 87.588470469683443, 25.923194998622421 ], [ 87.588607469683666, 25.920638998620007 ], [ 87.595024469689633, 25.913415998613345 ] ] ] ] } },
{ "type": "Feature", "properties": { "ISO": "IND", "COUNTRY": "India", "F_CODE_DES": "Inland Water", "HYC_DESCRI": "Perennial/Permanent", "NAME": "UNK" }, "geometry": { "type": "MultiPolygon", "coordinates": [ [ [ [ 87.511253469611574, 25.910359998610375 ], [ 87.510223469610537, 25.908276998608471 ], [ 87.50569146960629, 25.906333998606669 ], [ 87.504280469604964, 25.901111998601891 ], [ 87.505332469605946, 25.898332998599244 ], [ 87.507614469608143, 25.892110998593353 ], [ 87.505447469606224, 25.890916998592274 ], [ 87.502639469603537, 25.895694998596809 ], [ 87.501304469602246, 25.907138998607479 ], [ 87.495941469597255, 25.907554998607793 ], [ 87.48966946959149, 25.913304998613057 ], [ 87.499336469600394, 25.91430499861417 ], [ 87.501419469602297, 25.914527998614176 ], [ 87.507278469607854, 25.9103049986104 ], [ 87.507919469608396, 25.913859998613589 ], [ 87.504585469605445, 25.922221998621353 ], [ 87.505584469606219, 25.923888998622942 ], [ 87.511253469611574, 25.910359998610375 ] ] ] ] } },
{ "type": "Feature", "properties": { "ISO": "IND", "COUNTRY": "India", "F_CODE_DES": "Land Subject to Inundation", "HYC_DESCRI": "Non-Perennial/Intermittent/Fluctuating", "NAME": null }, "geometry": { "type": "MultiPolygon", "coordinates": [ [ [ [ 87.524528469623874, 25.887944998589546 ], [ 87.523193469622584, 25.867305998570373 ], [ 87.52094246962065, 25.86141599856478 ], [ 87.517303469617218, 25.859692998563105 ], [ 87.511253469611574, 25.86036099856392 ], [ 87.506278469606968, 25.863276998566562 ], [ 87.490669469592376, 25.865777998568774 ], [ 87.481086469583488, 25.867305998570373 ], [ 87.476585469579277, 25.869304998572261 ], [ 87.473198469576118, 25.873527998576037 ], [ 87.473999469576938, 25.88130599858323 ], [ 87.479225469581706, 25.884831998586606 ], [ 87.507637469608198, 25.884360998586089 ], [ 87.509246469609707, 25.886611998588251 ], [ 87.509109469609484, 25.896249998597341 ], [ 87.510780469611063, 25.899415998600261 ], [ 87.513885469614024, 25.901166998601866 ], [ 87.518943469618762, 25.900527998601319 ], [ 87.52185846962152, 25.897666998598652 ], [ 87.524528469623874, 25.887944998589546 ] ] ] ] } },
{ "type": "Feature", "properties": { "ISO": "IND", "COUNTRY": "India", "F_CODE_DES": "Inland Water", "HYC_DESCRI": "Perennial/Permanent", "NAME": "UNK" }, "geometry": { "type": "MultiPolygon", "coordinates": [ [ [ [ 87.396080469504341, 25.854110998558099 ], [ 87.399055469506948, 25.852305998556403 ], [ 87.399803469507788, 25.85374999855776 ], [ 87.39522546950343, 25.862805998566046 ], [ 87.399002469506968, 25.861194998564542 ], [ 87.403640469511402, 25.855498998559369 ], [ 87.404197469511928, 25.852277998556247 ], [ 87.407470469514919, 25.832805998538106 ], [ 87.403335469511148, 25.833749998539133 ], [ 87.402694469510379, 25.830194998535717 ], [ 87.414581469521409, 25.820027998526257 ], [ 87.42305746952934, 25.816110998522618 ], [ 87.435722469541133, 25.812860998519682 ], [ 87.443473469548508, 25.80391699851134 ], [ 87.454109469558261, 25.801804998509397 ], [ 87.484611469586753, 25.799693998507337 ], [ 87.488304469590275, 25.799443998507058 ], [ 87.490470469592083, 25.795972998503885 ], [ 87.491302469592938, 25.78855499849692 ], [ 87.484443469586495, 25.794194998502235 ], [ 87.484390469586515, 25.794250998502321 ], [ 87.483001469585133, 25.795388998503313 ], [ 87.480529469582962, 25.797416998505241 ], [ 87.461807469565429, 25.796666998504406 ], [ 87.453308469557669, 25.794444998502513 ], [ 87.447051469551752, 25.797000998504927 ], [ 87.445304469550138, 25.797721998505494 ], [ 87.428497469534477, 25.798139998505803 ], [ 87.421249469527766, 25.802443998509943 ], [ 87.416557469523241, 25.807055998514215 ], [ 87.410469469517693, 25.816777998523321 ], [ 87.40752446951501, 25.818387998524713 ], [ 87.401168469509003, 25.817361998523893 ], [ 87.396499469504761, 25.822610998528717 ], [ 87.394165469502468, 25.82777799853352 ], [ 87.396415469504518, 25.835500998540738 ], [ 87.394386469502706, 25.847194998551458 ], [ 87.388107469496845, 25.858416998562006 ], [ 87.370834469480769, 25.873248998575718 ], [ 87.365303469475521, 25.880416998582405 ], [ 87.36911046947921, 25.891694998593039 ], [ 87.366386469476538, 25.898971998599791 ], [ 87.367836469477879, 25.899333998600014 ], [ 87.373168469482835, 25.893638998594724 ], [ 87.376472469486089, 25.884444998586332 ], [ 87.38200346949111, 25.877665998579914 ], [ 87.388420469497078, 25.864972998568192 ], [ 87.392440469500798, 25.861220998564704 ], [ 87.396080469504341, 25.854110998558099 ] ], [ [ 87.432693469538435, 25.802833998510323 ], [ 87.433281469538997, 25.805139998512459 ], [ 87.42880246953473, 25.809333998516195 ], [ 87.421691469528241, 25.811915998518771 ], [ 87.418807469525518, 25.810138998517004 ], [ 87.43058046953638, 25.802278998509792 ], [ 87.432693469538435, 25.802833998510323 ] ] ] ] } },
{ "type": "Feature", "properties": { "ISO": "IND", "COUNTRY": "India", "F_CODE_DES": "Inland Water", "HYC_DESCRI": "Perennial/Permanent", "NAME": "UNK" }, "geometry": { "type": "MultiPolygon", "coordinates": [ [ [ [ 87.593475469688201, 25.822610998528717 ], [ 87.587890469682861, 25.818166998524475 ], [ 87.582916469678366, 25.81647299852284 ], [ 87.574752469670784, 25.816165998522592 ], [ 87.570335469666588, 25.811889998518609 ], [ 87.568191469664498, 25.815999998522557 ], [ 87.564529469661238, 25.817611998523944 ], [ 87.566780469663172, 25.820693998526849 ], [ 87.585220469680507, 25.820611998526829 ], [ 87.592857469687488, 25.824527998530357 ], [ 87.593475469688201, 25.822610998528717 ] ] ] ] } },
{ "type": "Feature", "properties": { "ISO": "IND", "COUNTRY": "India", "F_CODE_DES": "Inland Water", "HYC_DESCRI": "Perennial/Permanent", "NAME": "UNK" }, "geometry": { "type": "MultiPolygon", "coordinates": [ [ [ [ 87.613914469707197, 25.791583998499846 ], [ 87.614387469707708, 25.786916998495371 ], [ 87.625946469718428, 25.788999998497275 ], [ 87.62699846971941, 25.786610998495235 ], [ 87.612136469705547, 25.78361099849235 ], [ 87.607498469701113, 25.779361998488412 ], [ 87.605941469699701, 25.781110998490021 ], [ 87.610862469704216, 25.79105599849936 ], [ 87.613914469707197, 25.791583998499846 ] ] ] ] } },
{ "type": "Feature", "properties": { "ISO": "IND", "COUNTRY": "India", "F_CODE_DES": "Inland Water", "HYC_DESCRI": "Perennial/Permanent", "NAME": "UNK" }, "geometry": { "type": "MultiPolygon", "coordinates": [ [ [ [ 87.457694469561602, 25.717666998431014 ], [ 87.459251469563014, 25.716443998429895 ], [ 87.457748469561693, 25.714610998428043 ], [ 87.456253469560352, 25.714360998427765 ], [ 87.456024469560134, 25.714331998427724 ], [ 87.44599946955077, 25.712722998426216 ], [ 87.438331469543527, 25.71344399842701 ], [ 87.435218469540814, 25.716304998429678 ], [ 87.435997469541462, 25.7181949984315 ], [ 87.441390469546377, 25.718833998432046 ], [ 87.447586469552334, 25.716693998429946 ], [ 87.450195469554728, 25.717416998430735 ], [ 87.441413469546433, 25.724526998437341 ], [ 87.439331469544641, 25.72988899844222 ], [ 87.438392469543714, 25.73944499845129 ], [ 87.442497469547561, 25.74794399845905 ], [ 87.440780469545871, 25.750972998461975 ], [ 87.431724469537585, 25.756804998467487 ], [ 87.430831469536542, 25.762750998472939 ], [ 87.432777469538451, 25.770583998480106 ], [ 87.436584469541913, 25.785998998494506 ], [ 87.436302469541715, 25.790221998498509 ], [ 87.438919469544089, 25.790971998499117 ], [ 87.439804469544924, 25.789693998498024 ], [ 87.441970469546959, 25.78663799849528 ], [ 87.443084469548012, 25.780249998489126 ], [ 87.439163469544383, 25.771888998481472 ], [ 87.437141469542439, 25.767583998477448 ], [ 87.43766746954293, 25.758916998469431 ], [ 87.450500469554981, 25.74911099846031 ], [ 87.444610469549389, 25.737916998449691 ], [ 87.446197469550953, 25.726888998439563 ], [ 87.457473469561364, 25.717860998431206 ], [ 87.457694469561602, 25.717666998431014 ] ] ] ] } },
{ "type": "Feature", "properties": { "ISO": "IND", "COUNTRY": "India", "F_CODE_DES": "Inland Water", "HYC_DESCRI": "Non-Perennial/Intermittent/Fluctuating", "NAME": "UNK" }, "geometry": { "type": "MultiPolygon", "coordinates": [ [ [ [ 87.790412469871626, 25.769999998479761 ], [ 87.782722469864439, 25.770221998479883 ], [ 87.777221469859342, 25.771916998481402 ], [ 87.776611469858608, 25.773833998483269 ], [ 87.778778469860754, 25.784749998493453 ], [ 87.787246469868478, 25.776582998485765 ], [ 87.790412469871626, 25.769999998479761 ] ] ] ] } },
{ "type": "Feature", "properties": { "ISO": "IND", "COUNTRY": "India", "F_CODE_DES": "Inland Water", "HYC_DESCRI": "Perennial/Permanent", "NAME": "UNK" }, "geometry": { "type": "MultiPolygon", "coordinates": [ [ [ [ 87.381919469491095, 25.769055998478734 ], [ 87.380027469489278, 25.768498998478208 ], [ 87.378974469488412, 25.77086099848043 ], [ 87.380775469490118, 25.774583998483877 ], [ 87.385635469494446, 25.779277998488396 ], [ 87.387725469496445, 25.778972998487916 ], [ 87.381919469491095, 25.769055998478734 ] ] ] ] } },
{ "type": "Feature", "properties": { "ISO": "IND", "COUNTRY": "India", "F_CODE_DES": "Inland Water", "HYC_DESCRI": "Perennial/Permanent", "NAME": "UNK" }, "geometry": { "type": "MultiPolygon", "coordinates": [ [ [ [ 87.632026469723996, 25.755555998466207 ], [ 87.626808469719208, 25.753859998464577 ], [ 87.625251469717796, 25.75499899846568 ], [ 87.634750469726669, 25.763915998473976 ], [ 87.633972469725904, 25.766889998476699 ], [ 87.627723469719967, 25.768193998477955 ], [ 87.630752469722893, 25.772527998482019 ], [ 87.635192469726917, 25.773194998482722 ], [ 87.63808446972962, 25.769915998479519 ], [ 87.638694469730126, 25.763333998473399 ], [ 87.632026469723996, 25.755555998466207 ] ] ] ] } },
{ "type": "Feature", "properties": { "ISO": "IND", "COUNTRY": "India", "F_CODE_DES": "Inland Water", "HYC_DESCRI": "Perennial/Permanent", "NAME": "UNK" }, "geometry": { "type": "MultiPolygon", "coordinates": [ [ [ [ 87.801193469881582, 25.747277998458458 ], [ 87.794944469875645, 25.738860998450718 ], [ 87.795219469875974, 25.735471998447565 ], [ 87.801582469881851, 25.731831998444022 ], [ 87.809585469889498, 25.728332998440919 ], [ 87.816696469895987, 25.721471998434481 ], [ 87.818725469897799, 25.71527899842863 ], [ 87.817192469896554, 25.708360998422222 ], [ 87.820999469900016, 25.695722998410474 ], [ 87.819969469898979, 25.688804998404066 ], [ 87.810302469890075, 25.677583998393629 ], [ 87.807640469887474, 25.665832998382712 ], [ 87.795196469875918, 25.654721998372224 ], [ 87.794525469875452, 25.650748998368499 ], [ 87.801529469881871, 25.636722998355481 ], [ 87.801170469881527, 25.634000998353031 ], [ 87.794219469875088, 25.630666998349852 ], [ 87.790000469871075, 25.631194998350338 ], [ 87.786140469867632, 25.631638998350809 ], [ 87.784889469866357, 25.629998998349265 ], [ 87.791053469872168, 25.622777998342599 ], [ 87.792053469873053, 25.61708299833731 ], [ 87.794502469875397, 25.603415998324635 ], [ 87.800834469881238, 25.594888998316492 ], [ 87.803474469883668, 25.582332998304992 ], [ 87.811531469891179, 25.575444998298508 ], [ 87.818473469897754, 25.574943998298068 ], [ 87.825668469904258, 25.578666998301514 ], [ 87.833305469911465, 25.578137998300917 ], [ 87.837638469915419, 25.576055998299125 ], [ 87.838417469916294, 25.573054998296357 ], [ 87.83586146991388, 25.5685269982921 ], [ 87.832107469910397, 25.572471998295669 ], [ 87.825141469903883, 25.573193998296347 ], [ 87.818275469897571, 25.570943998294297 ], [ 87.808776469888699, 25.571971998295339 ], [ 87.801170469881527, 25.577777998300689 ], [ 87.79619546987692, 25.595082998316684 ], [ 87.790947469871981, 25.60208299832334 ], [ 87.788803469870118, 25.61708299833731 ], [ 87.788360469869531, 25.620137998340169 ], [ 87.780029469861802, 25.630832998350115 ], [ 87.783996469865542, 25.635943998354833 ], [ 87.795112469875903, 25.634444998353501 ], [ 87.797775469878388, 25.636443998355389 ], [ 87.79261046987358, 25.6463889983645 ], [ 87.791832469872816, 25.647887998366059 ], [ 87.792388469873458, 25.65908199837645 ], [ 87.800026469880549, 25.662999998379973 ], [ 87.805419469885464, 25.668248998384797 ], [ 87.804611469884776, 25.675277998391493 ], [ 87.808250469888208, 25.682944998398625 ], [ 87.815330469894661, 25.689416998404567 ], [ 87.817695469896989, 25.694610998409416 ], [ 87.812614469892196, 25.709388998423265 ], [ 87.814025469893522, 25.714610998428043 ], [ 87.813278469892794, 25.718444998431551 ], [ 87.809585469889498, 25.723887998436794 ], [ 87.80538946988554, 25.724055998436825 ], [ 87.801307469881749, 25.726138998438728 ], [ 87.791473469872471, 25.734776998446932 ], [ 87.791252469872234, 25.739638998451483 ], [ 87.798027469878662, 25.749499998460578 ], [ 87.802558469882797, 25.756305998466814 ], [ 87.803276469883485, 25.761332998471516 ], [ 87.799194469879694, 25.76827799847797 ], [ 87.802085469882513, 25.77005599847962 ], [ 87.805580469885626, 25.765277998475312 ], [ 87.807724469887717, 25.761167998471365 ], [ 87.806694469886679, 25.754638998465452 ], [ 87.801193469881582, 25.747277998458458 ] ] ] ] } },
{ "type": "Feature", "properties": { "ISO": "IND", "COUNTRY": "India", "F_CODE_DES": "Inland Water", "HYC_DESCRI": "Non-Perennial/Intermittent/Fluctuating", "NAME": "UNK" }, "geometry": { "type": "MultiPolygon", "coordinates": [ [ [ [ 87.799194469879694, 25.76827799847797 ], [ 87.803276469883485, 25.761332998471516 ], [ 87.802558469882797, 25.756305998466814 ], [ 87.795501469876172, 25.759555998469978 ], [ 87.790412469871626, 25.769999998479761 ], [ 87.798332469878915, 25.769776998479529 ], [ 87.799194469879694, 25.76827799847797 ] ] ] ] } },
{ "type": "Feature", "properties": { "ISO": "IND", "COUNTRY": "India", "F_CODE_DES": "Inland Water", "HYC_DESCRI": "Perennial/Permanent", "NAME": "UNK" }, "geometry": { "type": "MultiPolygon", "coordinates": [ [ [ [ 87.740386469824898, 25.748694998459769 ], [ 87.74280546982709, 25.7411939984529 ], [ 87.741058469825475, 25.738721998450501 ], [ 87.738670469823319, 25.742000998453705 ], [ 87.734779469819614, 25.739194998451012 ], [ 87.73252846981768, 25.740971998452551 ], [ 87.737335469822028, 25.752831998463762 ], [ 87.723808469809455, 25.76247199847262 ], [ 87.725334469810832, 25.765138998475095 ], [ 87.739051469823607, 25.755082998465696 ], [ 87.746635469830835, 25.752860998463802 ], [ 87.747276469831377, 25.751166998462168 ], [ 87.740386469824898, 25.748694998459769 ] ] ] ] } },
{ "type": "Feature", "properties": { "ISO": "IND", "COUNTRY": "India", "F_CODE_DES": "Inland Water", "HYC_DESCRI": "Perennial/Permanent", "NAME": "GANGA GANGES" }, "geometry": { "type": "MultiPolygon", "coordinates": [ [ [ [ 84.079639478111346, 25.684880962419047 ], [ 84.079515714794923, 25.685011854374547 ], [ 84.079237103156487, 25.686041353780926 ], [ 84.079007123260638, 25.686753624119319 ], [ 84.078779538830304, 25.687307008105808 ], [ 84.078418639355945, 25.68797792520725 ], [ 84.078278725439816, 25.688532395508137 ], [ 84.077961657964295, 25.689203855037803 ], [ 84.077699813180757, 25.689539030068918 ], [ 84.10052446643499, 25.696999998411684 ], [ 84.109169466443063, 25.697110998411745 ], [ 84.114776466448347, 25.698722998413359 ], [ 84.118805466452159, 25.703111998417398 ], [ 84.12249746645557, 25.701999998416341 ], [ 84.125053466457985, 25.700915998415439 ], [ 84.145553521303754, 25.716055984040462 ], [ 84.14881641744347, 25.715034266139781 ], [ 84.149233808290973, 25.716257653211407 ], [ 84.149929635631835, 25.717376846827513 ], [ 84.150903903518483, 25.718391842082141 ], [ 84.151375941220621, 25.71857663591496 ], [ 84.151889610375918, 25.718618580423325 ], [ 84.152640597070416, 25.718663343741678 ], [ 84.152917467622487, 25.718666633992374 ], [ 84.153233372819642, 25.718706222708104 ], [ 84.153271368999199, 25.718814181628634 ], [ 84.153189669374797, 25.71899238986931 ], [ 84.152948719708306, 25.719240377235142 ], [ 84.152747840576893, 25.719453004267493 ], [ 84.152507407019215, 25.719665161810532 ], [ 84.152188905208646, 25.719804718657031 ], [ 84.151713226923547, 25.719870734544205 ], [ 84.151551897338734, 25.720083831123894 ], [ 84.15146134922432, 25.720419115284034 ], [ 84.153114466484112, 25.721639998434739 ], [ 84.153290808545364, 25.721746364395749 ], [ 84.153706072618817, 25.721578697688425 ], [ 84.156094845269934, 25.720531977649685 ], [ 84.158320190094031, 25.719841639511099 ], [ 84.160746218835513, 25.719592193247252 ], [ 84.14641546647772, 25.710944998424566 ], [ 84.139358466471322, 25.70683299842085 ], [ 84.127052466459872, 25.69580699841049 ], [ 84.11772146645103, 25.693831998408768 ], [ 84.103973466438219, 25.693805998408607 ], [ 84.094581466429418, 25.688443998403727 ], [ 84.08805846642349, 25.687888998403196 ], [ 84.084693466420276, 25.682443998398185 ], [ 84.081077931034287, 25.680934280781528 ], [ 84.079639478111346, 25.684880962419047 ] ] ], [ [ [ 84.168405183131597, 25.717724590955768 ], [ 84.168438699229398, 25.717703494638993 ], [ 84.16879878561322, 25.717421048494746 ], [ 84.169119318350297, 25.717138136787192 ], [ 84.16916683881432, 25.717083899020764 ], [ 84.168083590285335, 25.717779832135786 ], [ 84.168405183131597, 25.717724590955768 ] ] ], [ [ [ 84.171671206268883, 25.715734725004403 ], [ 84.172345130137202, 25.715635137150564 ], [ 84.172544941972831, 25.715494141184873 ], [ 84.172705713837274, 25.715316852095199 ], [ 84.172670264505072, 25.71502974975235 ], [ 84.172618667458309, 25.714866271397526 ], [ 84.171327167396512, 25.715695995728556 ], [ 84.171671206268883, 25.715734725004403 ] ] ], [ [ [ 84.175538008965887, 25.715148889068605 ], [ 84.175725017372883, 25.715903632204512 ], [ 84.176117978581374, 25.716087417008382 ], [ 84.17643234940121, 25.716234445357816 ], [ 84.176787807630546, 25.716274446306851 ], [ 84.177343073362195, 25.716173445616747 ], [ 84.179616959761034, 25.714838309448723 ], [ 84.184089553109501, 25.711880368500857 ], [ 84.191029234485825, 25.707875912246624 ], [ 84.194072977383044, 25.705223576585272 ], [ 84.197606822290936, 25.701465947765158 ], [ 84.198491762646711, 25.700542593243238 ], [ 84.192863466520976, 25.701859998416239 ], [ 84.174911459604147, 25.713393266876921 ], [ 84.175538008965887, 25.715148889068605 ] ] ], [ [ [ 84.288219897663737, 25.67245067002543 ], [ 84.288075623761088, 25.673563383149219 ], [ 84.289495276821356, 25.673872162777815 ], [ 84.290469013042156, 25.673648227716992 ], [ 84.292284719584046, 25.673374841421701 ], [ 84.293385522365753, 25.673328216050546 ], [ 84.294805923936622, 25.673343714781165 ], [ 84.289001466610671, 25.672166998388548 ], [ 84.288267173219054, 25.672401892369962 ], [ 84.288219897663737, 25.67245067002543 ] ] ], [ [ [ 84.394460228655547, 25.740234289436533 ], [ 84.395806836519697, 25.741167600722953 ], [ 84.397140466711335, 25.737887998449878 ], [ 84.402725466716447, 25.737166998449084 ], [ 84.416389466729242, 25.721749998434689 ], [ 84.439972466751215, 25.699637998414119 ], [ 84.456665466766708, 25.695554998410444 ], [ 84.463890466773364, 25.69608299841093 ], [ 84.468109466777378, 25.697915998412554 ], [ 84.461586466771223, 25.708360998422222 ], [ 84.46069916767209, 25.709829258962117 ], [ 84.460798137553851, 25.709770871306809 ], [ 84.463899736965416, 25.708148461017966 ], [ 84.468464035698588, 25.70517248154038 ], [ 84.47626517764337, 25.699720179018051 ], [ 84.477977331783464, 25.698539952999703 ], [ 84.479880799741508, 25.697133598395084 ], [ 84.481149307905497, 25.696234001717531 ], [ 84.481973560938641, 25.695672051108296 ], [ 84.483052701460338, 25.694827605172279 ], [ 84.483240654726401, 25.694660882333153 ], [ 84.499336466806426, 25.674388998390668 ], [ 84.504974466811746, 25.66436199838131 ], [ 84.512138466818442, 25.662970998379933 ], [ 84.528274466833409, 25.665444998382327 ], [ 84.532974466837913, 25.667027998383674 ], [ 84.546081466849955, 25.67149899838796 ], [ 84.567497466870009, 25.693721998408591 ], [ 84.573196466875288, 25.698499998413126 ], [ 84.585136466886297, 25.702498998416786 ], [ 84.62905846692729, 25.708083998421898 ], [ 84.651443466948194, 25.708972998422723 ], [ 84.658805466955073, 25.715165998428574 ], [ 84.673530466968714, 25.717444998430665 ], [ 84.676307466971366, 25.716138998429415 ], [ 84.684913466979197, 25.715777998429076 ], [ 84.696807466990322, 25.716611998429926 ], [ 84.704719466997858, 25.705499998419555 ], [ 84.728111467019517, 25.709722998423558 ], [ 84.738609467029391, 25.710166998424029 ], [ 84.747360467037424, 25.716554998429956 ], [ 84.748970467039044, 25.715444998428893 ], [ 84.749359467039312, 25.712083998425669 ], [ 84.751915467041727, 25.712249998425932 ], [ 84.770835467059442, 25.724360998437078 ], [ 84.781135467068907, 25.737248998449104 ], [ 84.78585846707324, 25.7411939984529 ], [ 84.787803467075037, 25.742833998454444 ], [ 84.794746467081495, 25.744006998455461 ], [ 84.794822467081758, 25.744019998455542 ], [ 84.794952467081885, 25.74398999845539 ], [ 84.802833467089158, 25.744819998456251 ], [ 84.802925467089153, 25.744895998456286 ], [ 84.82389046710864, 25.731387998443779 ], [ 84.847946467131123, 25.723971998436809 ], [ 84.853446467136337, 25.72005499843317 ], [ 84.853858467136661, 25.716887998430138 ], [ 84.869224467151071, 25.706443998420582 ], [ 84.883583467164271, 25.693305998408277 ], [ 84.897804467177593, 25.683721998399278 ], [ 84.904975467184158, 25.68169399839735 ], [ 84.912193467190946, 25.681748998397552 ], [ 84.930496467208059, 25.687528998402968 ], [ 84.943885467220525, 25.701833998416078 ], [ 84.950279467226437, 25.705083998419241 ], [ 84.977943467252317, 25.713193998426732 ], [ 84.982635467256614, 25.714166998427572 ], [ 84.986053467259808, 25.711778998425416 ], [ 84.991218467264616, 25.713555998427182 ], [ 85.000000467272685, 25.718249998431475 ], [ 85.017913467289418, 25.727805998440317 ], [ 85.029808467300427, 25.737916998449691 ], [ 85.037696467307796, 25.741582998453168 ], [ 85.013999467285885, 25.738860998450718 ], [ 85.006919467279204, 25.735639998447596 ], [ 85.003669467276268, 25.736333998448345 ], [ 85.007026467279275, 25.739638998451483 ], [ 85.016418467288076, 25.743054998454681 ], [ 85.038169467308308, 25.745776998457131 ], [ 85.064552467332987, 25.757054998467538 ], [ 85.07599646734343, 25.758082998468581 ], [ 85.102218467367948, 25.75394399846482 ], [ 85.113998467378906, 25.749276998460346 ], [ 85.118774467383446, 25.744304998455846 ], [ 85.122863467387106, 25.73155599844381 ], [ 85.122055467386417, 25.727138998439841 ], [ 85.116363467381234, 25.722388998435235 ], [ 85.115280467380217, 25.717137998430417 ], [ 85.116470467381305, 25.699805998414377 ], [ 85.115028467379943, 25.670693998387151 ], [ 85.115501467380227, 25.662444998379442 ], [ 85.115837467380743, 25.656304998373798 ], [ 85.117691467382429, 25.646554998364763 ], [ 85.121719467386129, 25.640361998358912 ], [ 85.134719467398327, 25.630582998349837 ], [ 85.140274467403287, 25.629193998348455 ], [ 85.163192467424778, 25.632304998351401 ], [ 85.165084467426595, 25.633721998352712 ], [ 85.149192467411694, 25.640193998358882 ], [ 85.14878046741137, 25.641889998360284 ], [ 85.153915467416027, 25.642638998361008 ], [ 85.164085467425593, 25.63933399835787 ], [ 85.157447467419388, 25.64402799836239 ], [ 85.152694467414904, 25.649609998367623 ], [ 85.149803467412312, 25.655166998372806 ], [ 85.149719467412297, 25.661500998378642 ], [ 85.151832467414124, 25.661887998378916 ], [ 85.160751467422415, 25.64627799836444 ], [ 85.168777467429891, 25.641471998359975 ], [ 85.174110467434957, 25.640721998359368 ], [ 85.179031467439472, 25.642083998360476 ], [ 85.181221467441446, 25.64541599836366 ], [ 85.181297467441709, 25.645692998363984 ], [ 85.181503467441871, 25.645635998363787 ], [ 85.186584467446437, 25.643090998361458 ], [ 85.186775467446751, 25.643081998361367 ], [ 85.186752467446695, 25.642972998361302 ], [ 85.190803467450451, 25.637610998356422 ], [ 85.208808467467179, 25.62502899834476 ], [ 85.211387467469649, 25.62322199834307 ], [ 85.215332467473218, 25.622222998342068 ], [ 85.215499467473364, 25.622193998342027 ], [ 85.215614467473642, 25.622167998342093 ], [ 85.219696467477434, 25.621138998340939 ], [ 85.223503467480896, 25.623387998343105 ], [ 85.218749467476528, 25.627471998346891 ], [ 85.218666467476396, 25.627555998346907 ], [ 85.21852846747629, 25.627665998347084 ], [ 85.21847546747631, 25.62772199834717 ], [ 85.219001467476801, 25.629388998348759 ], [ 85.219474467477085, 25.629304998348744 ], [ 85.219665467477398, 25.629277998348698 ], [ 85.219833467477429, 25.629249998348541 ], [ 85.24055446749685, 25.626193998345798 ], [ 85.255668467510759, 25.634082998353051 ], [ 85.262275467516929, 25.637111998355977 ], [ 85.27603146752972, 25.638276998357014 ], [ 85.296554467548958, 25.639304998358057 ], [ 85.29977446755197, 25.637750998356523 ], [ 85.301330467553498, 25.634749998353755 ], [ 85.279418467532878, 25.63397199835299 ], [ 85.282363467535788, 25.628888998348202 ], [ 85.27999846753346, 25.62997199834922 ], [ 85.261886467516661, 25.622971998342791 ], [ 85.261024467515881, 25.625304998344973 ], [ 85.271698467525766, 25.632054998351123 ], [ 85.267280467521687, 25.633416998352459 ], [ 85.262168467516858, 25.632667998351735 ], [ 85.244194467500165, 25.622943998342635 ], [ 85.228141467485329, 25.622666998342538 ], [ 85.225440467482713, 25.617860998338074 ], [ 85.259414467514262, 25.600415998321751 ], [ 85.265556467520128, 25.60302699832414 ], [ 85.270805467524951, 25.607999998328751 ], [ 85.275779467529674, 25.61105499833161 ], [ 85.300277467552405, 25.613666998334111 ], [ 85.308303467559881, 25.61708299833731 ], [ 85.313057467564249, 25.621415998341263 ], [ 85.337501467587117, 25.620444998340417 ], [ 85.337333467586859, 25.615167998335437 ], [ 85.353386467601922, 25.614777998335057 ], [ 85.36344146761121, 25.607388998328133 ], [ 85.380386467626977, 25.605527998326579 ], [ 85.388885467634964, 25.601527998322808 ], [ 85.400306467645578, 25.594083998315909 ], [ 85.409858467654431, 25.586249998308631 ], [ 85.412307467656774, 25.582389998304961 ], [ 85.418304467662438, 25.563666998287545 ], [ 85.419219467663197, 25.571471998294783 ], [ 85.424469467668132, 25.559304998283551 ], [ 85.438247467680867, 25.544833998269951 ], [ 85.452308467693911, 25.548083998272887 ], [ 85.464279467705182, 25.559415998283612 ], [ 85.463607467704605, 25.560916998284938 ], [ 85.458694467699843, 25.559777998283835 ], [ 85.456863467698213, 25.56150099828551 ], [ 85.460914467701969, 25.564582998288415 ], [ 85.466308467706995, 25.565720998289407 ], [ 85.484886467724436, 25.564860998288623 ], [ 85.487892467727079, 25.563499998287398 ], [ 85.483863467723495, 25.561082998285201 ], [ 85.48841846772757, 25.55758299828176 ], [ 85.489860467728931, 25.557193998281491 ], [ 85.506889467744941, 25.552722998277204 ], [ 85.511222467748894, 25.549861998274764 ], [ 85.517723467754877, 25.549277998274192 ], [ 85.519081467756223, 25.547776998272639 ], [ 85.52764146776417, 25.538693998264307 ], [ 85.532913467769049, 25.535609998261407 ], [ 85.553169467787939, 25.528165998254508 ], [ 85.56244646779669, 25.518861998245711 ], [ 85.569084467802668, 25.516137998243266 ], [ 85.574531467807901, 25.519137998246151 ], [ 85.576416467809622, 25.520194998247007 ], [ 85.58605246781849, 25.523137998249695 ], [ 85.587913467820272, 25.523721998250267 ], [ 85.588691467821036, 25.526221998252595 ], [ 85.583030467815661, 25.533027998259058 ], [ 85.574302467807684, 25.543471998268615 ], [ 85.565414467799428, 25.549804998274567 ], [ 85.554275467789012, 25.558331998282483 ], [ 85.539001467774824, 25.564443998288198 ], [ 85.535194467771134, 25.566388998289995 ], [ 85.53569746777157, 25.56677799829049 ], [ 85.537277467773038, 25.568082998291629 ], [ 85.539970467775674, 25.570277998293705 ], [ 85.547607467782655, 25.568831998292353 ], [ 85.550582467785489, 25.566859998290511 ], [ 85.574691467807952, 25.547915998272856 ], [ 85.577583467810655, 25.544082998269232 ], [ 85.581413467814173, 25.539082998264576 ], [ 85.586082467818642, 25.535388998261169 ], [ 85.589447467821628, 25.532721998258694 ], [ 85.59049946782261, 25.531888998257955 ], [ 85.593559467825571, 25.533082998259033 ], [ 85.616279467846653, 25.522582998249163 ], [ 85.64655346787481, 25.50113899822918 ], [ 85.654586467882382, 25.497138998225637 ], [ 85.672058467898751, 25.497554998225951 ], [ 85.671669467898255, 25.493138998221866 ], [ 85.676475467902719, 25.490693998219513 ], [ 85.6968304679217, 25.487416998216531 ], [ 85.699447467924074, 25.489055998217964 ], [ 85.703941467928416, 25.498637998226968 ], [ 85.710136467934035, 25.503777998231726 ], [ 85.71719346794066, 25.505916998233715 ], [ 85.719474467942746, 25.511777998239268 ], [ 85.72783646795051, 25.511554998239035 ], [ 85.737335467959383, 25.518083998244947 ], [ 85.745780467967279, 25.520165998246966 ], [ 85.754303467975205, 25.525222998251593 ], [ 85.753639467974608, 25.526721998253151 ], [ 85.751113467972345, 25.526999998253359 ], [ 85.750640467971834, 25.526776998253126 ], [ 85.74044746796244, 25.521359998248045 ], [ 85.736305467958573, 25.522332998249112 ], [ 85.740135467962091, 25.526221998252595 ], [ 85.749107467970362, 25.530221998256366 ], [ 85.762412467982813, 25.531999998258016 ], [ 85.78822346800689, 25.538722998264348 ], [ 85.805915468023386, 25.553666998278231 ], [ 85.80891446802616, 25.555360998279866 ], [ 85.815635468032269, 25.559110998283359 ], [ 85.83330546804882, 25.566249998290004 ], [ 85.841468468056519, 25.56647299829001 ], [ 85.852058468066389, 25.563027998286998 ], [ 85.870391468083426, 25.554082998278545 ], [ 85.875137468087814, 25.550166998275017 ], [ 85.886528468098504, 25.527888998254184 ], [ 85.908531468118781, 25.499610998227809 ], [ 85.903831468114504, 25.499305998227555 ], [ 85.916915468126717, 25.475110998205082 ], [ 85.919693468129253, 25.47505599820488 ], [ 85.928001468136927, 25.465528998196078 ], [ 85.936141468144569, 25.458972998189893 ], [ 85.945724468153458, 25.445832998177821 ], [ 85.94941746815698, 25.445083998177097 ], [ 85.951332468158853, 25.446944998178878 ], [ 85.948112468155841, 25.454638998186056 ], [ 85.949531468157147, 25.456277998187488 ], [ 85.964584468171097, 25.440249998172476 ], [ 85.966751468173015, 25.435527998168254 ], [ 85.980140468185482, 25.425443998158698 ], [ 85.984108468189334, 25.425776998159108 ], [ 85.988052468193018, 25.418692998152437 ], [ 85.993888468198293, 25.412416998146682 ], [ 85.996002468200459, 25.399054998134261 ], [ 85.998641468202777, 25.387776998123627 ], [ 86.000335468204412, 25.384499998120646 ], [ 86.002998468206897, 25.379416998115857 ], [ 86.004470468208183, 25.376443998113245 ], [ 86.004585468208461, 25.376248998112942 ], [ 86.015640468218635, 25.354138998092367 ], [ 86.024498468226966, 25.347777998086485 ], [ 86.032974468234897, 25.337832998077147 ], [ 86.039779468241022, 25.332776998072404 ], [ 86.049163468249844, 25.328915998068851 ], [ 86.054801468255164, 25.33024999807003 ], [ 86.065414468265089, 25.342193998081257 ], [ 86.067359468266886, 25.344472998083347 ], [ 86.073387468272358, 25.344943998083863 ], [ 86.099357468296603, 25.343360998082289 ], [ 86.112998468309343, 25.334304998074003 ], [ 86.131889468327017, 25.329970998069939 ], [ 86.137802468332438, 25.332971998072708 ], [ 86.14150246833583, 25.332639998072409 ], [ 86.14583546834001, 25.329999998069979 ], [ 86.149170468343073, 25.325665998065915 ], [ 86.169502468361998, 25.329720998069661 ], [ 86.180610468372379, 25.328555998068623 ], [ 86.18836246837941, 25.331082998070997 ], [ 86.199165468389538, 25.328221998068329 ], [ 86.199806468390079, 25.326528998066578 ], [ 86.203025468393207, 25.325582998065784 ], [ 86.208503468398249, 25.329221998069215 ], [ 86.214080468403381, 25.329915998069737 ], [ 86.215553468404778, 25.331332998071048 ], [ 86.21397346840331, 25.333083998072652 ], [ 86.207725468397484, 25.333278998072956 ], [ 86.207832468397555, 25.336415998075836 ], [ 86.234306468422346, 25.336720998076089 ], [ 86.244163468431452, 25.332833998072601 ], [ 86.256721468443175, 25.333083998072652 ], [ 86.269500468455135, 25.327222998067327 ], [ 86.310523468493329, 25.331082998070997 ], [ 86.313468468496012, 25.328860998068876 ], [ 86.277946468462915, 25.322970998063283 ], [ 86.275802468461052, 25.321111998061724 ], [ 86.27405546845921, 25.318000998058778 ], [ 86.291641468475746, 25.303332998045107 ], [ 86.307861468490728, 25.308555998049997 ], [ 86.316864468499261, 25.307027998048397 ], [ 86.325752468507517, 25.308638998049901 ], [ 86.343055468523517, 25.306222998047815 ], [ 86.347946468528107, 25.309777998051004 ], [ 86.351669468531554, 25.312499998053681 ], [ 86.376052468554235, 25.312833998053975 ], [ 86.376640468554797, 25.313027998054167 ], [ 86.380531468558502, 25.314387998055281 ], [ 86.399330468575954, 25.327332998067504 ], [ 86.408943468584994, 25.335694998075269 ], [ 86.437774468611678, 25.342832998081803 ], [ 86.442443468616148, 25.349666998088196 ], [ 86.443862468617453, 25.356582998094609 ], [ 86.438529468612387, 25.37555499811242 ], [ 86.437942468611936, 25.378943998115574 ], [ 86.444885468618395, 25.402389998137323 ], [ 86.444885468618395, 25.409360998143711 ], [ 86.448753468622044, 25.412610998146874 ], [ 86.448669468622029, 25.401805998136751 ], [ 86.44533546861885, 25.388778998124735 ], [ 86.451164468624256, 25.40041699813537 ], [ 86.457275468629859, 25.404332998139125 ], [ 86.457000468629758, 25.409610998143989 ], [ 86.464668468636773, 25.422055998155656 ], [ 86.478530468649751, 25.431971998164954 ], [ 86.478775468649928, 25.432471998165283 ], [ 86.481552468652581, 25.438193998170618 ], [ 86.481803468652743, 25.444943998176996 ], [ 86.479385468650435, 25.454970998186354 ], [ 86.476249468647666, 25.451665998183216 ], [ 86.475471468646901, 25.437333998169834 ], [ 86.472442468643976, 25.436805998169348 ], [ 86.472305468643981, 25.445806998177659 ], [ 86.475830468647246, 25.463777998194473 ], [ 86.458580468631226, 25.421166998154831 ], [ 86.454940468627683, 25.416638998150574 ], [ 86.452224468625218, 25.418637998152462 ], [ 86.461196468633716, 25.439250998171701 ], [ 86.477913468649149, 25.477611998207294 ], [ 86.471191468642928, 25.477805998207486 ], [ 86.452392468625476, 25.472693998202885 ], [ 86.457725468630315, 25.478249998207957 ], [ 86.462219468634657, 25.480416998209876 ], [ 86.470191468642042, 25.482499998212006 ], [ 86.483665468654635, 25.481860998211232 ], [ 86.488136468658695, 25.483193998212528 ], [ 86.496276468666338, 25.489694998218511 ], [ 86.510749468679705, 25.497277998225627 ], [ 86.536918468704016, 25.506165998233882 ], [ 86.540168468707179, 25.506249998234125 ], [ 86.560195468725851, 25.506694998234479 ], [ 86.568496468733429, 25.504527998232334 ], [ 86.575332468739816, 25.500943998229104 ], [ 86.582779468746821, 25.494777998223299 ], [ 86.588996468752612, 25.487416998216531 ], [ 86.596359468759374, 25.473027998203179 ], [ 86.59980746876272, 25.453694998185028 ], [ 86.598388468761414, 25.441472998173595 ], [ 86.599166468762178, 25.431748998164721 ], [ 86.596389468759526, 25.419999998153799 ], [ 86.592529468755856, 25.416333998150321 ], [ 86.585639468749605, 25.412110998146318 ], [ 86.584808468748633, 25.402833998137794 ], [ 86.578308468742762, 25.390805998126552 ], [ 86.577858468742306, 25.385110998121263 ], [ 86.592781468756129, 25.364444998102044 ], [ 86.590858468754277, 25.371388998108387 ], [ 86.591583468755061, 25.373694998110523 ], [ 86.593864468757147, 25.372554998109536 ], [ 86.599281468762229, 25.362248998099858 ], [ 86.614585468776568, 25.322444998062792 ], [ 86.614891468776705, 25.32161099806217 ], [ 86.610031468772149, 25.321971998062509 ], [ 86.608970468771304, 25.319055998059639 ], [ 86.610336468772402, 25.312055998053211 ], [ 86.612747468774842, 25.308583998049926 ], [ 86.6209714687825, 25.304944998046494 ], [ 86.625640468786742, 25.295859998038168 ], [ 86.62458046878578, 25.303748998045421 ], [ 86.62635846878743, 25.306027998047512 ], [ 86.633720468794309, 25.292499998035055 ], [ 86.636886468797229, 25.290276998032823 ], [ 86.652336468811654, 25.287026998029887 ], [ 86.666442468824698, 25.280444998023768 ], [ 86.67363746883143, 25.280000998023297 ], [ 86.680725468838091, 25.283137998026177 ], [ 86.683975468841027, 25.282611998025686 ], [ 86.693420468849808, 25.275109998018706 ], [ 86.697219468853518, 25.272942998016788 ], [ 86.709083468864492, 25.266166998010476 ], [ 86.718002468872783, 25.262500998006999 ], [ 86.740524468893682, 25.263221998007793 ], [ 86.742920468896045, 25.264693998009079 ], [ 86.744110468897134, 25.265416998009641 ], [ 86.753280468905587, 25.279693998023049 ], [ 86.753723468905946, 25.285165998028106 ], [ 86.749275468901942, 25.284471998027584 ], [ 86.765609468917091, 25.303582998045385 ], [ 86.775970468926744, 25.319055998059639 ], [ 86.778053468928647, 25.330609998070486 ], [ 86.793304468943006, 25.345305998084086 ], [ 86.797973468947248, 25.357610998095652 ], [ 86.802024468951004, 25.361028998098845 ], [ 86.816024468964088, 25.372861998109784 ], [ 86.841445468987786, 25.386138998122078 ], [ 86.850051468995844, 25.387111998123146 ], [ 86.864029469008756, 25.387277998123182 ], [ 86.867164469011641, 25.384639998120747 ], [ 86.873641469017684, 25.3840009981202 ], [ 86.880416469024112, 25.378915998115417 ], [ 86.8872524690305, 25.36452899810206 ], [ 86.888107469031183, 25.357110998095095 ], [ 86.886558469029751, 25.336444998075876 ], [ 86.886306469029478, 25.330333998070273 ], [ 86.892997469035663, 25.318276998058991 ], [ 86.903892469045786, 25.311555998052654 ], [ 86.907333469049036, 25.310805998052047 ], [ 86.915275469056496, 25.306304998047835 ], [ 86.923751469064428, 25.303693998045446 ], [ 86.926086469066604, 25.298139998040142 ], [ 86.981414469118135, 25.299777998041691 ], [ 87.005500469140543, 25.298110998040102 ], [ 87.007362469142208, 25.296472998038553 ], [ 87.007530469142466, 25.296332998038451 ], [ 87.007224469142102, 25.296248998038436 ], [ 86.998581469134024, 25.293916998036366 ], [ 86.997497469133123, 25.289943998032641 ], [ 86.998581469134024, 25.282554998025716 ], [ 87.006858469141889, 25.280526998023788 ], [ 87.0378644691707, 25.27835999802187 ], [ 87.046333469178535, 25.275527998019243 ], [ 87.063636469194762, 25.262250998006721 ], [ 87.076362469206515, 25.250165997995509 ], [ 87.082054469211926, 25.247222997992822 ], [ 87.099914469228452, 25.247443997993059 ], [ 87.104057469232202, 25.246026997991748 ], [ 87.123886469250692, 25.232833997979469 ], [ 87.139442469265305, 25.232915997979489 ], [ 87.145805469271181, 25.234582997981079 ], [ 87.146110469271434, 25.236693997982911 ], [ 87.137642469263483, 25.238889997985098 ], [ 87.123779469250621, 25.245721997991495 ], [ 87.123641469250515, 25.247861997993368 ], [ 87.150497469275479, 25.241582997987507 ], [ 87.157585469282139, 25.243859997989603 ], [ 87.185607469308252, 25.258471998003188 ], [ 87.205947469327157, 25.266610998010947 ], [ 87.213501469334233, 25.271666998015462 ], [ 87.215499469336009, 25.273026998016803 ], [ 87.218055469338424, 25.278222998021647 ], [ 87.220581469340914, 25.298388998040537 ], [ 87.219558469339972, 25.306666998048058 ], [ 87.216194469336642, 25.309749998051075 ], [ 87.212692469333433, 25.30902899805028 ], [ 87.199249469320876, 25.29433299803668 ], [ 87.190330469312585, 25.286832998029695 ], [ 87.187637469310175, 25.286443998029426 ], [ 87.171196469294955, 25.284139998027285 ], [ 87.168640469292541, 25.284665998027776 ], [ 87.168251469292045, 25.286361998029179 ], [ 87.17041746929408, 25.287776998030495 ], [ 87.184913469307503, 25.29000099803261 ], [ 87.185081469307761, 25.290082998032631 ], [ 87.192474469314675, 25.293082998035516 ], [ 87.197639469319483, 25.298026998040086 ], [ 87.201194469322672, 25.30144499804328 ], [ 87.217414469337882, 25.321555998061967 ], [ 87.233306469352783, 25.344417998083372 ], [ 87.240447469359424, 25.348582998087295 ], [ 87.250640469368818, 25.357915998095905 ], [ 87.256530469374411, 25.354943998093177 ], [ 87.262474469379868, 25.362556998100217 ], [ 87.269302469386275, 25.380471998116946 ], [ 87.265609469382753, 25.381026998117477 ], [ 87.264526469381735, 25.382749998118925 ], [ 87.267753469384843, 25.387500998123414 ], [ 87.270332469387085, 25.389833998125596 ], [ 87.285697469401384, 25.403749998138665 ], [ 87.290969469406491, 25.412610998146874 ], [ 87.296775469411841, 25.417888998151739 ], [ 87.316108469429764, 25.423943998157483 ], [ 87.361389469471987, 25.432387998165268 ], [ 87.371887469481862, 25.433026998165815 ], [ 87.375640469485234, 25.434817998167546 ], [ 87.376815469486246, 25.439837998172152 ], [ 87.383583469492578, 25.439776998172192 ], [ 87.389274469497877, 25.442111998174369 ], [ 87.397277469505298, 25.440610998172815 ], [ 87.404724469512303, 25.439193998171504 ], [ 87.415641469522598, 25.43877799817119 ], [ 87.442337469547283, 25.432666998165587 ], [ 87.456886469560914, 25.427972998161067 ], [ 87.457916469561951, 25.427638998160774 ], [ 87.500640469601649, 25.406777998141479 ], [ 87.508972469609489, 25.400748998135668 ], [ 87.517364469617178, 25.391526998127119 ], [ 87.5227204696223, 25.382028998118358 ], [ 87.523834469623353, 25.375859998112674 ], [ 87.531219469630059, 25.369666998106823 ], [ 87.539947469638264, 25.352416998090803 ], [ 87.554725469652112, 25.350554998089137 ], [ 87.563858469660545, 25.347249998085999 ], [ 87.568168469664442, 25.345166998084096 ], [ 87.575218640339841, 25.339318780482628 ], [ 87.574929016233853, 25.338702375335068 ], [ 87.573231356003205, 25.335089063382519 ], [ 87.570137469666406, 25.337916998077162 ], [ 87.564002469660636, 25.340693998079814 ], [ 87.56119546965806, 25.345027998083879 ], [ 87.554496469651895, 25.346137998084942 ], [ 87.548835469646519, 25.344028998082877 ], [ 87.549140469646773, 25.340444998079647 ], [ 87.55455808926169, 25.33168136024544 ], [ 87.554398404913073, 25.331707460240899 ], [ 87.554050697567931, 25.331809134620777 ], [ 87.553864921010742, 25.331863457783573 ], [ 87.553700650638163, 25.331902816206018 ], [ 87.553392971747883, 25.332000013744636 ], [ 87.553105365507946, 25.332059529173712 ], [ 87.552796632570889, 25.332081840286627 ], [ 87.552570035553572, 25.33208447223554 ], [ 87.552465984485565, 25.332010782388995 ], [ 87.552422152548573, 25.331824046604087 ], [ 87.55239734113124, 25.33152474338862 ], [ 87.552393919179465, 25.331281364588921 ], [ 87.552440026060296, 25.330359206716651 ], [ 87.552490402381082, 25.329351620379448 ], [ 87.552570430526202, 25.329182170665472 ], [ 87.552651774746224, 25.329106327574276 ], [ 87.552793093687299, 25.329027015701428 ], [ 87.552856187029931, 25.328991605711813 ], [ 87.552915878462386, 25.32884111661383 ], [ 87.552893436112427, 25.328710306224849 ], [ 87.552850131291862, 25.32856101271134 ], [ 87.55278675397291, 25.328449402400093 ], [ 87.552703305119934, 25.328375473447128 ], [ 87.552579710044469, 25.328376909026243 ], [ 87.5524151808238, 25.328397544469532 ], [ 87.552230051365541, 25.328418418942988 ], [ 87.551962527063253, 25.328440249845002 ], [ 87.551757324506823, 25.328498805907081 ], [ 87.551530997357261, 25.328520157741448 ], [ 87.551490960635107, 25.328510261960297 ], [ 87.551339380506874, 25.328375972233662 ], [ 87.55122349160105, 25.328072951097589 ], [ 87.551218503366229, 25.327717914889391 ], [ 87.551208526998067, 25.327007843386717 ], [ 87.551388964560488, 25.324906671615036 ], [ 87.540191469638557, 25.333583998073209 ], [ 87.54174846963997, 25.322139998062539 ], [ 87.545082469643148, 25.319026998059599 ], [ 87.548693306987758, 25.317776052537724 ], [ 87.54789987012623, 25.31513813643797 ], [ 87.544944469642815, 25.315888998056835 ], [ 87.538864469637247, 25.319915998060424 ], [ 87.530975469629993, 25.330165998070015 ], [ 87.530639469629705, 25.337777998077172 ], [ 87.524307469623636, 25.355971998093992 ], [ 87.514083469614206, 25.371165998108154 ], [ 87.496528469597934, 25.393193998128709 ], [ 87.497863469598997, 25.397166998132434 ], [ 87.482971469585209, 25.406804998141524 ], [ 87.467613469571006, 25.411637998146034 ], [ 87.461586469565191, 25.411860998146039 ], [ 87.449996469554435, 25.406278998141033 ], [ 87.453475469557816, 25.411971998146328 ], [ 87.450920469555285, 25.412276998146581 ], [ 87.444969469549733, 25.409749998144207 ], [ 87.440330469545415, 25.409526998143974 ], [ 87.438140469543441, 25.407693998142349 ], [ 87.436607469541968, 25.399943998135086 ], [ 87.435165469540607, 25.398721998133851 ], [ 87.421501469528039, 25.399888998134884 ], [ 87.411720469518741, 25.394332998129812 ], [ 87.399559469507494, 25.392278998127949 ], [ 87.389083469497791, 25.392444998127985 ], [ 87.366607469476776, 25.398805998133867 ], [ 87.35680346946765, 25.398110998133234 ], [ 87.35369146946482, 25.401610998136675 ], [ 87.337333469449504, 25.404332998139125 ], [ 87.332496469445005, 25.395638998131062 ], [ 87.302948469417515, 25.373944998110801 ], [ 87.288169469403783, 25.365611998103077 ], [ 87.280861469396996, 25.366832998104201 ], [ 87.280082469396348, 25.366971998104418 ], [ 87.274635469391114, 25.364638998102237 ], [ 87.271942469388705, 25.351417998089801 ], [ 87.26266446938007, 25.336360998075861 ], [ 87.261276469378799, 25.331332998071048 ], [ 87.264747469381973, 25.320222998060672 ], [ 87.264968469382211, 25.314500998055564 ], [ 87.256584469374275, 25.293277998035592 ], [ 87.229164469348916, 25.271888998015811 ], [ 87.223945469344017, 25.264472998008841 ], [ 87.223442469343581, 25.261861998006452 ], [ 87.222137469342215, 25.255250998000292 ], [ 87.219169469339477, 25.245416997991015 ], [ 87.204223469325598, 25.23308399797952 ], [ 87.195663469317651, 25.228331997975147 ], [ 87.172058469295735, 25.224971997972034 ], [ 87.13855746926447, 25.227887997974904 ], [ 87.108581469236469, 25.227887997974904 ], [ 87.102470469230866, 25.231276997978057 ], [ 87.105552469233771, 25.232860997979515 ], [ 87.104721469233027, 25.234582997981079 ], [ 87.094329469223339, 25.241305997987183 ], [ 87.079498469209511, 25.24224999798821 ], [ 87.065391469196356, 25.248666997994178 ], [ 87.050468469182306, 25.259332998004083 ], [ 87.040832469173438, 25.266221998010451 ], [ 87.028831469162242, 25.273000998016869 ], [ 87.015640469149957, 25.273026998016803 ], [ 87.015357469149649, 25.273026998016803 ], [ 87.010780469145402, 25.27447099801816 ], [ 87.000084469135572, 25.27447099801816 ], [ 86.998252469133831, 25.2744999980182 ], [ 86.997749469133396, 25.274722998018433 ], [ 86.985694469122109, 25.280000998023297 ], [ 86.973640469110933, 25.280639998023844 ], [ 86.942802469082153, 25.287194998029918 ], [ 86.929168469069509, 25.288499998031284 ], [ 86.908332469050038, 25.295554998037915 ], [ 86.897552469039965, 25.293610998036002 ], [ 86.895553469038077, 25.295360998037722 ], [ 86.901031469043119, 25.298999998040927 ], [ 86.882972469026299, 25.311639998052897 ], [ 86.864029469008756, 25.325387998065708 ], [ 86.859252469004332, 25.327666998067798 ], [ 86.853195468998592, 25.327248998067262 ], [ 86.842941468989238, 25.326749998066816 ], [ 86.831413468978326, 25.328387998068365 ], [ 86.826225468973462, 25.331943998071665 ], [ 86.820663468968405, 25.332555998072166 ], [ 86.811470468959897, 25.329694998069499 ], [ 86.801475468950457, 25.318581998059244 ], [ 86.804832468953691, 25.332026998071797 ], [ 86.795387468944909, 25.333638998073184 ], [ 86.790054468939843, 25.328526998068583 ], [ 86.776390468927048, 25.30594499804738 ], [ 86.770584468921697, 25.300443998042283 ], [ 86.772666468923717, 25.288749998031562 ], [ 86.770027468921171, 25.280833998024036 ], [ 86.764747468916312, 25.273305998017122 ], [ 86.761642468913351, 25.268861998012881 ], [ 86.762054468913902, 25.267138998011433 ], [ 86.757309468909398, 25.264554998008862 ], [ 86.748107468900798, 25.254943998000044 ], [ 86.741218468894431, 25.251166997996506 ], [ 86.734001468887755, 25.250972997996314 ], [ 86.729110468883164, 25.244805997990625 ], [ 86.726081468880238, 25.244693997990453 ], [ 86.725471468879732, 25.246194997991779 ], [ 86.723053468877424, 25.255971998000859 ], [ 86.716972468871745, 25.260415998005101 ], [ 86.699775468855705, 25.260139998004888 ], [ 86.696418468852698, 25.263194998007748 ], [ 86.68824746884502, 25.262193998006751 ], [ 86.680664468837904, 25.263499998008001 ], [ 86.670829468828742, 25.267638998011762 ], [ 86.656890468815845, 25.267220998011453 ], [ 86.65235946881171, 25.276027998019572 ], [ 86.649192468808678, 25.278666998022118 ], [ 86.636360468796738, 25.282472998025696 ], [ 86.633247468793797, 25.280471998023813 ], [ 86.6293644687903, 25.287555998030257 ], [ 86.618858468780445, 25.292333998034792 ], [ 86.599418468762224, 25.311749998052846 ], [ 86.592666468756079, 25.329720998069661 ], [ 86.59497046875822, 25.328805998068674 ], [ 86.599357468762264, 25.322110998062499 ], [ 86.600555468763332, 25.323333998063617 ], [ 86.598358468761262, 25.344527998083322 ], [ 86.593086468756383, 25.345971998084678 ], [ 86.589919468753578, 25.3488059980873 ], [ 86.582916468747044, 25.365943998103376 ], [ 86.578247468742575, 25.371360998108457 ], [ 86.572197468736931, 25.382749998118925 ], [ 86.569747468734704, 25.391915998127615 ], [ 86.573776468738515, 25.399804998134869 ], [ 86.572914468737736, 25.408082998142618 ], [ 86.580413468744609, 25.439527998171798 ], [ 86.588752468752318, 25.450444998182093 ], [ 86.590248468753771, 25.459693998190687 ], [ 86.589752468753431, 25.476388998206176 ], [ 86.579361468743627, 25.490472998219275 ], [ 86.575859468740418, 25.490138998218981 ], [ 86.573219468737989, 25.494472998223046 ], [ 86.550941468717156, 25.495387998224032 ], [ 86.546913468713456, 25.494027998222691 ], [ 86.547332468713876, 25.497138998225637 ], [ 86.534614468701875, 25.494193998222727 ], [ 86.523445468691534, 25.494555998223177 ], [ 86.520164468688563, 25.488111998217164 ], [ 86.516586468685091, 25.485471998214734 ], [ 86.515335468684043, 25.485055998214193 ], [ 86.50105246867065, 25.480277998209885 ], [ 86.489974468660421, 25.464137998194929 ], [ 86.488334468658877, 25.439471998171939 ], [ 86.486335468656989, 25.435222998167774 ], [ 86.481025468651978, 25.424083998157585 ], [ 86.477859468649058, 25.420360998154138 ], [ 86.469390468641222, 25.417472998151425 ], [ 86.466720468638641, 25.415221998149264 ], [ 86.466392468638333, 25.405721998140507 ], [ 86.45861046863115, 25.390555998126274 ], [ 86.464553468636723, 25.375359998112117 ], [ 86.465614468637796, 25.366887998104175 ], [ 86.45935846863199, 25.342360998081404 ], [ 86.455329468628179, 25.333638998073184 ], [ 86.45200346862498, 25.332026998071797 ], [ 86.443862468617453, 25.331860998071534 ], [ 86.432441468606839, 25.324611998064938 ], [ 86.408805468584887, 25.313304998054264 ], [ 86.407554468583612, 25.317138998057999 ], [ 86.398529468575134, 25.311500998052679 ], [ 86.387336468564854, 25.310361998051576 ], [ 86.377861468555921, 25.307248998048635 ], [ 86.364303468543312, 25.302833998044662 ], [ 86.352165468532121, 25.301082998043057 ], [ 86.345695468525946, 25.295583998037728 ], [ 86.327194468508878, 25.291276998033936 ], [ 86.318168468500289, 25.291554998034144 ], [ 86.310913468493709, 25.290082998032631 ], [ 86.293502468477527, 25.296527998038755 ], [ 86.283279468467981, 25.302667998044399 ], [ 86.278724468463679, 25.30541599804701 ], [ 86.268691468454335, 25.317332998058191 ], [ 86.265052468450904, 25.319554998060084 ], [ 86.254470468441014, 25.322165998062701 ], [ 86.247917468434935, 25.327638998067641 ], [ 86.238304468426122, 25.324777998064974 ], [ 86.242111468429584, 25.320638998061213 ], [ 86.231445468419679, 25.321166998061699 ], [ 86.227165468415706, 25.318749998059502 ], [ 86.207725468397484, 25.320582998061127 ], [ 86.200920468391132, 25.318471998059067 ], [ 86.191886468382791, 25.312388998053393 ], [ 86.179695468371392, 25.308944998050265 ], [ 86.174003468366209, 25.305305998046833 ], [ 86.171836468364063, 25.30322299804493 ], [ 86.161972468354861, 25.293610998036002 ], [ 86.149055468342794, 25.289332998032023 ], [ 86.139999468334508, 25.288972998031568 ], [ 86.131553468326501, 25.286471998029356 ], [ 86.128860468324092, 25.289304998032094 ], [ 86.116584468312567, 25.289637998032276 ], [ 86.112052468308548, 25.293776998036265 ], [ 86.108413468305116, 25.302554998044343 ], [ 86.102386468299528, 25.303138998044915 ], [ 86.094390468291977, 25.299998998041929 ], [ 86.090164468288094, 25.298194998040344 ], [ 86.080497468278963, 25.301221998043047 ], [ 86.056579468256814, 25.301055998043012 ], [ 86.053581468253924, 25.301555998043341 ], [ 86.05413846825445, 25.303861998045477 ], [ 86.064002468263652, 25.30719399804866 ], [ 86.058471468258631, 25.315139998056111 ], [ 86.047973468248756, 25.320527998061152 ], [ 86.034835468236452, 25.323415998063865 ], [ 86.02394146822644, 25.331332998071048 ], [ 86.01027646821376, 25.346694998085468 ], [ 85.995414468199897, 25.368028998105274 ], [ 85.995330468199654, 25.368138998105451 ], [ 85.989913468194572, 25.375888998112714 ], [ 85.98611446819109, 25.381360998117771 ], [ 85.974082468179859, 25.389722998125535 ], [ 85.96224946816892, 25.392554998128162 ], [ 85.955169468162239, 25.394250998129792 ], [ 85.943695468151645, 25.39858199813375 ], [ 85.928916468137913, 25.401305998136195 ], [ 85.92942046813846, 25.402749998137551 ], [ 85.934364468143031, 25.404111998138887 ], [ 85.938972468147313, 25.403359998138285 ], [ 85.979553468185031, 25.39380599812921 ], [ 85.989196468193995, 25.384665998120909 ], [ 85.991943468196496, 25.382054998118292 ], [ 85.993888468198293, 25.384526998120691 ], [ 85.988281468193236, 25.404527998139201 ], [ 85.980918468186246, 25.414027998148185 ], [ 85.971191468177267, 25.42233299815598 ], [ 85.963165468169791, 25.425277998158663 ], [ 85.948333468155852, 25.434943998167682 ], [ 85.947914468155659, 25.435193998167961 ], [ 85.926696468135788, 25.453944998185307 ], [ 85.915474468125467, 25.459748998190662 ], [ 85.913528468123559, 25.462554998193355 ], [ 85.915886468125791, 25.465220998195718 ], [ 85.9166414681265, 25.466887998197308 ], [ 85.905304468115901, 25.482610998212067 ], [ 85.892753468104274, 25.504693998232597 ], [ 85.88580346809772, 25.512916998240144 ], [ 85.877525468089971, 25.53002699825629 ], [ 85.869277468082373, 25.545083998270229 ], [ 85.868942468081968, 25.545665998270806 ], [ 85.866447468079741, 25.547637998272648 ], [ 85.859527468073338, 25.549527998274243 ], [ 85.851829468066171, 25.548888998273696 ], [ 85.834640468050111, 25.556498998280858 ], [ 85.823890468039963, 25.555943998280327 ], [ 85.814476468031216, 25.544999998270214 ], [ 85.795250468013364, 25.532611998258517 ], [ 85.79472346801299, 25.530526998256619 ], [ 85.808998468026175, 25.525916998252342 ], [ 85.810996468027952, 25.523332998249998 ], [ 85.812919468029804, 25.517999998244932 ], [ 85.81294246802986, 25.50408399823209 ], [ 85.814552468031479, 25.496221998224655 ], [ 85.810417468027481, 25.497804998226229 ], [ 85.807998468025289, 25.501887998229904 ], [ 85.806503468023948, 25.505916998233715 ], [ 85.807693468025036, 25.514554998241692 ], [ 85.805168468022657, 25.522860998249598 ], [ 85.787414468006091, 25.527749998253967 ], [ 85.780723467999906, 25.522221998248824 ], [ 85.758468467979128, 25.517110998244107 ], [ 85.745941467967441, 25.511304998238757 ], [ 85.722389467945504, 25.501555998229605 ], [ 85.711807467935614, 25.489778998218753 ], [ 85.70655846793079, 25.477666998207496 ], [ 85.701026467925658, 25.474582998204596 ], [ 85.701278467925931, 25.475720998205588 ], [ 85.70300246792749, 25.478555998208321 ], [ 85.705558467929905, 25.482778998212098 ], [ 85.704223467928614, 25.48469399821397 ], [ 85.684249467909922, 25.482804998212259 ], [ 85.649307467877406, 25.479499998209121 ], [ 85.645805467874197, 25.479165998208828 ], [ 85.644279467872821, 25.479028998208605 ], [ 85.637611467866691, 25.481721998211242 ], [ 85.643218467871748, 25.483277998212543 ], [ 85.655777467883581, 25.482749998212057 ], [ 85.663780467891002, 25.485305998214471 ], [ 85.675857467902233, 25.485415998214648 ], [ 85.674774467901216, 25.48777799821687 ], [ 85.652778467880808, 25.491500998220317 ], [ 85.63719146786616, 25.498637998226968 ], [ 85.620864467850879, 25.496915998225404 ], [ 85.616027467846379, 25.498527998226791 ], [ 85.603279467834682, 25.498860998227201 ], [ 85.579528467812452, 25.501971998230147 ], [ 85.574333467807719, 25.496804998225343 ], [ 85.572944467806337, 25.504666998232551 ], [ 85.57105246780452, 25.504887998232789 ], [ 85.568779467802415, 25.505166998233108 ], [ 85.567779467801529, 25.506026998233892 ], [ 85.566719467800567, 25.506915998234717 ], [ 85.567497467801331, 25.5098609982374 ], [ 85.564971467798841, 25.510470998237906 ], [ 85.549163467784183, 25.514415998241702 ], [ 85.544891467780189, 25.515471998242674 ], [ 85.543556467778899, 25.516110998243221 ], [ 85.542358467777831, 25.516665998243752 ], [ 85.531112467767343, 25.521943998248616 ], [ 85.522445467759326, 25.52308299824972 ], [ 85.508163467746044, 25.524972998251542 ], [ 85.505859467743903, 25.525277998251795 ], [ 85.509025467746824, 25.530055998256103 ], [ 85.504447467742466, 25.532693998258765 ], [ 85.491890467730855, 25.532805998258709 ], [ 85.480194467719912, 25.538777998264322 ], [ 85.467636467708189, 25.539498998264889 ], [ 85.453666467695257, 25.53855499826409 ], [ 85.443885467686187, 25.538999998264444 ], [ 85.434639467677471, 25.540471998265957 ], [ 85.416999467661071, 25.549972998274825 ], [ 85.410415467654957, 25.572305998295633 ], [ 85.406417467651181, 25.579139998302026 ], [ 85.396003467641549, 25.58933299831142 ], [ 85.38363646763014, 25.597415998318866 ], [ 85.377807467624507, 25.595971998317509 ], [ 85.384056467630444, 25.586221998308474 ], [ 85.367942467615421, 25.601998998323097 ], [ 85.365753467613331, 25.60302699832414 ], [ 85.361274467609292, 25.605109998326043 ], [ 85.354942467603223, 25.60399999832498 ], [ 85.347358467596223, 25.607333998328158 ], [ 85.341972467591177, 25.605332998326276 ], [ 85.336608467586302, 25.60524899832626 ], [ 85.330413467580456, 25.608554998329282 ], [ 85.326889467577303, 25.607778998328513 ], [ 85.317611467568668, 25.600388998321705 ], [ 85.312225467563621, 25.598832998320177 ], [ 85.299888467552137, 25.599305998320688 ], [ 85.269531467523848, 25.595555998317195 ], [ 85.253501467508841, 25.596110998317727 ], [ 85.235664467492143, 25.600110998321497 ], [ 85.213363467471481, 25.610499998331079 ], [ 85.209442467467852, 25.611972998332476 ], [ 85.209335467467781, 25.61199899833241 ], [ 85.209251467467539, 25.612027998332451 ], [ 85.202529467461318, 25.614610998334911 ], [ 85.19033046744994, 25.619248998339344 ], [ 85.165748467427193, 25.623361998343171 ], [ 85.138496467401637, 25.622666998342538 ], [ 85.128418467392294, 25.630137998349483 ], [ 85.112663467377615, 25.641805998360269 ], [ 85.111137467376238, 25.644721998362911 ], [ 85.109390467374624, 25.648082998366135 ], [ 85.108001467373242, 25.65077799836854 ], [ 85.10639146737185, 25.669389998385896 ], [ 85.105888467371415, 25.695998998410687 ], [ 85.107780467373232, 25.715833998429162 ], [ 85.109558467374882, 25.721055998434167 ], [ 85.114585467379584, 25.73552699844754 ], [ 85.112220467377256, 25.743833998455329 ], [ 85.105583467371162, 25.748193998459328 ], [ 85.097030467363084, 25.750693998461657 ], [ 85.081665467348785, 25.751416998462446 ], [ 85.070915467338864, 25.750804998461717 ], [ 85.067863467335883, 25.749165998460285 ], [ 85.040496467310504, 25.736638998448598 ], [ 85.000000467272685, 25.711360998425107 ], [ 84.997917467270781, 25.710055998423741 ], [ 84.98664146726037, 25.706471998420511 ], [ 84.975196467249589, 25.704804998418922 ], [ 84.972885467247579, 25.70675099842083 ], [ 84.94380146722051, 25.687888998403196 ], [ 84.933113467210433, 25.679026998394875 ], [ 84.911834467190602, 25.675637998391721 ], [ 84.901863467181329, 25.677527998393543 ], [ 84.8727184671543, 25.687165998402634 ], [ 84.868362467150064, 25.689166998404289 ], [ 84.861473467143696, 25.694139998409128 ], [ 84.861312467143534, 25.694232998409007 ], [ 84.85725446713991, 25.699983998414382 ], [ 84.857139467139632, 25.700023998414508 ], [ 84.854057467136727, 25.70588899842005 ], [ 84.845390467128709, 25.714082998427557 ], [ 84.815498467100952, 25.731750998444113 ], [ 84.809944467095647, 25.732499998444837 ], [ 84.802330467088723, 25.737082998449068 ], [ 84.796302467083024, 25.737388998449205 ], [ 84.786918467074202, 25.734387998446437 ], [ 84.770690467059239, 25.718221998431545 ], [ 84.768524467057205, 25.717055998430396 ], [ 84.753501467043179, 25.708833998422733 ], [ 84.725997467017578, 25.699193998413648 ], [ 84.714111467006433, 25.698138998412787 ], [ 84.693664466987457, 25.700416998414767 ], [ 84.683418466977855, 25.700166998414716 ], [ 84.673332466968532, 25.697165998411947 ], [ 84.664695466960438, 25.696916998411552 ], [ 84.655975466952441, 25.702554998416872 ], [ 84.645057466942262, 25.703582998417914 ], [ 84.636558466934275, 25.702554998416872 ], [ 84.61444046691372, 25.699887998414397 ], [ 84.585746466887031, 25.697444998412038 ], [ 84.57683546687872, 25.693999998408799 ], [ 84.569946466872352, 25.687778998403019 ], [ 84.56324746686596, 25.679860998395725 ], [ 84.550445466854171, 25.668666998385333 ], [ 84.534164466839002, 25.661527998378688 ], [ 84.531417466836274, 25.66033399837761 ], [ 84.524665466830129, 25.660249998377367 ], [ 84.518806466824572, 25.658000998375428 ], [ 84.503028466809837, 25.660804998377898 ], [ 84.490058466797791, 25.676221998392293 ], [ 84.483085466791408, 25.688582998403945 ], [ 84.476890466785562, 25.693110998407974 ], [ 84.472251466781245, 25.694470998409315 ], [ 84.465942466775459, 25.693721998408591 ], [ 84.458663466768485, 25.69044499840561 ], [ 84.450530466760938, 25.690804998405838 ], [ 84.435722466747166, 25.696944998411709 ], [ 84.405334466718841, 25.727610998440241 ], [ 84.398864466712894, 25.731111998443566 ], [ 84.394058466708429, 25.736028998448091 ], [ 84.39267730048519, 25.738747557669754 ], [ 84.394460228655547, 25.740234289436533 ] ], [ [ 84.659667466955852, 25.711778998425416 ], [ 84.657249466953544, 25.708026998421929 ], [ 84.660224466956379, 25.705222998419231 ], [ 84.671112466966406, 25.702498998416786 ], [ 84.689361466983428, 25.705749998419833 ], [ 84.692916466986844, 25.709498998423214 ], [ 84.689025466983139, 25.712110998425715 ], [ 84.675247466970404, 25.711305998424905 ], [ 84.663169466959062, 25.712972998426494 ], [ 84.659667466955852, 25.711778998425416 ] ], [ [ 85.308281467559937, 25.607999998328751 ], [ 85.303474467555361, 25.610860998331418 ], [ 85.284027467537271, 25.606221998327101 ], [ 85.28091446753433, 25.603110998324155 ], [ 85.292747467545496, 25.601583998322894 ], [ 85.294441467546903, 25.60430499832546 ], [ 85.314193467565474, 25.603221998324443 ], [ 85.31755846756846, 25.606305998327116 ], [ 85.308281467559937, 25.607999998328751 ] ], [ [ 85.493331467732105, 25.550721998275549 ], [ 85.475830467715923, 25.557471998281699 ], [ 85.473274467713509, 25.556888998281238 ], [ 85.468612467709136, 25.54919399827395 ], [ 85.463638467704641, 25.545722998270776 ], [ 85.465919467706726, 25.544194998269404 ], [ 85.469444467709991, 25.545360998270553 ], [ 85.475471467715579, 25.544805998270022 ], [ 85.486053467725469, 25.540971998266286 ], [ 85.488670467727843, 25.542388998267597 ], [ 85.49136346773048, 25.546748998271823 ], [ 85.497192467735886, 25.547860998272881 ], [ 85.506942467744921, 25.54658299827156 ], [ 85.505165467743154, 25.549359998274213 ], [ 85.493331467732105, 25.550721998275549 ] ], [ [ 85.512497467750109, 25.545388998270482 ], [ 85.506553467744425, 25.54130599826658 ], [ 85.499191467737774, 25.543805998268908 ], [ 85.496612467735304, 25.543027998268371 ], [ 85.491332467730444, 25.537665998263265 ], [ 85.494499467733249, 25.534833998260638 ], [ 85.499694467738209, 25.537471998263072 ], [ 85.504364467742562, 25.537555998263088 ], [ 85.511917467749527, 25.533805998259595 ], [ 85.51802846775513, 25.52794499825427 ], [ 85.528251467764676, 25.527055998253445 ], [ 85.529441467765764, 25.528304998254498 ], [ 85.520614467757696, 25.537166998262819 ], [ 85.517753467755028, 25.542527998267815 ], [ 85.512497467750109, 25.545388998270482 ] ], [ [ 85.607940467838944, 25.508222998235851 ], [ 85.617279467847538, 25.509276998236828 ], [ 85.610473467841302, 25.515555998242689 ], [ 85.601364467832809, 25.521277998248024 ], [ 85.594886467826882, 25.523332998249998 ], [ 85.571975467805487, 25.51163899823905 ], [ 85.59344446782552, 25.5058329982337 ], [ 85.602943467834393, 25.504748998232571 ], [ 85.607391467838397, 25.505277998233169 ], [ 85.607940467838944, 25.508222998235851 ] ], [ [ 85.950691468158084, 25.442138998174414 ], [ 85.947136468154895, 25.441916998174065 ], [ 85.94850146815611, 25.439610998171929 ], [ 85.958557468165509, 25.434194998166959 ], [ 85.958335468165387, 25.43619499816873 ], [ 85.950691468158084, 25.442138998174414 ] ], [ [ 86.102363468299473, 25.308638998049901 ], [ 86.115692468311863, 25.304860998046479 ], [ 86.124107468319608, 25.303138998044915 ], [ 86.125137468320645, 25.302916998044566 ], [ 86.122886468318484, 25.297915998040025 ], [ 86.12425246831981, 25.297027998039084 ], [ 86.130996468325975, 25.297889998040091 ], [ 86.136085468330748, 25.296887998038983 ], [ 86.138916468333491, 25.291333998033906 ], [ 86.158164468351288, 25.297750998039874 ], [ 86.166885468359396, 25.307637998049131 ], [ 86.176528468368588, 25.311581998052816 ], [ 86.187690468378833, 25.318444998059022 ], [ 86.190139468381176, 25.321944998062463 ], [ 86.189308468380432, 25.324498998064655 ], [ 86.185607468376929, 25.325665998065915 ], [ 86.176803468368689, 25.319388998060049 ], [ 86.171890468364154, 25.318055998058753 ], [ 86.146888468340876, 25.32088799806138 ], [ 86.137748468332347, 25.324943998065237 ], [ 86.121749468317375, 25.325610998065713 ], [ 86.111610468308072, 25.327998998068097 ], [ 86.108497468305131, 25.331887998071579 ], [ 86.07917046827788, 25.336749998076129 ], [ 86.054779468254992, 25.322860998063334 ], [ 86.055191468255543, 25.321166998061699 ], [ 86.061996468261896, 25.316749998057503 ], [ 86.067970468267276, 25.314887998055838 ], [ 86.069747468269043, 25.312305998053489 ], [ 86.068664468268025, 25.308305998049718 ], [ 86.073890468272793, 25.304360998045922 ], [ 86.083168468281428, 25.304110998045871 ], [ 86.092582468290402, 25.307860998049364 ], [ 86.102363468299473, 25.308638998049901 ] ], [ [ 86.308639468491492, 25.304721998046261 ], [ 86.305969468489138, 25.301639998043584 ], [ 86.308914468491821, 25.299638998041701 ], [ 86.321914468503792, 25.299054998041129 ], [ 86.32524846850697, 25.295360998037722 ], [ 86.338501468519325, 25.301915998043796 ], [ 86.308639468491492, 25.304721998046261 ] ], [ [ 86.426445468601287, 25.325221998065444 ], [ 86.432029468606515, 25.331805998071559 ], [ 86.429748468604203, 25.332944998072662 ], [ 86.41041546858628, 25.325499998065652 ], [ 86.408920468584938, 25.322804998063248 ], [ 86.420776468595932, 25.323083998063339 ], [ 86.426445468601287, 25.325221998065444 ] ], [ [ 86.453971468626833, 25.340859998080077 ], [ 86.460418468632952, 25.37041699810743 ], [ 86.458694468631165, 25.374082998110907 ], [ 86.44797546862128, 25.360665998098511 ], [ 86.451225468624216, 25.347888998086546 ], [ 86.450080468623355, 25.342666998081768 ], [ 86.444862468618339, 25.339444998078761 ], [ 86.443862468617453, 25.337359998076636 ], [ 86.446807468620136, 25.335999998075522 ], [ 86.450805468623912, 25.336944998076433 ], [ 86.453971468626833, 25.340859998080077 ] ], [ [ 86.451362468624438, 25.38316699811935 ], [ 86.455665468628467, 25.392333998127924 ], [ 86.455360468628214, 25.396998998132176 ], [ 86.445030468618597, 25.381471998117831 ], [ 86.444663468618273, 25.377889998114597 ], [ 86.447250468620723, 25.372304998109257 ], [ 86.449584468622788, 25.372666998109707 ], [ 86.451362468624438, 25.38316699811935 ] ], [ [ 86.492363468662688, 25.47841599820822 ], [ 86.492919468663104, 25.480721998210356 ], [ 86.488945468659495, 25.479998998209567 ], [ 86.481246468652216, 25.473054998203224 ], [ 86.479614468650652, 25.466998998197369 ], [ 86.480003468651148, 25.458722998189842 ], [ 86.486663468657298, 25.474999998205021 ], [ 86.492363468662688, 25.47841599820822 ] ], [ [ 86.589943468753518, 25.436137998168761 ], [ 86.589302468752976, 25.438472998170937 ], [ 86.587471468751119, 25.437528998170137 ], [ 86.580886468745121, 25.425887998159169 ], [ 86.579635468743845, 25.420998998154573 ], [ 86.584526468748436, 25.426444998159695 ], [ 86.589943468753518, 25.436137998168761 ] ], [ [ 86.682197468839377, 25.278666998022118 ], [ 86.674163468831921, 25.275971998019486 ], [ 86.686142468843173, 25.267333998011509 ], [ 86.689361468846073, 25.266581998010906 ], [ 86.695274468851494, 25.269360998013326 ], [ 86.682197468839377, 25.278666998022118 ] ], [ [ 86.883667469027159, 25.362332998100101 ], [ 86.877807469021491, 25.372249998109282 ], [ 86.870193469014566, 25.379249998115711 ], [ 86.862030469006868, 25.383750998119922 ], [ 86.85739146900255, 25.384332998120499 ], [ 86.836418468983084, 25.37702799811359 ], [ 86.828277468975557, 25.376027998112704 ], [ 86.827079468974262, 25.375859998112674 ], [ 86.82064046896835, 25.372277998109212 ], [ 86.819969468967656, 25.371638998108665 ], [ 86.807441468956085, 25.359611998097535 ], [ 86.806388468954992, 25.358611998096649 ], [ 86.799056468948265, 25.343638998082497 ], [ 86.801277468950275, 25.341666998080655 ], [ 86.806892468955539, 25.342332998081474 ], [ 86.810524468958874, 25.340304998079546 ], [ 86.813835468961997, 25.335971998075365 ], [ 86.818107468965991, 25.338777998078058 ], [ 86.829475468976625, 25.33816699807744 ], [ 86.836914468983423, 25.332639998072409 ], [ 86.852302468997777, 25.333804998073447 ], [ 86.872528469016743, 25.32847199806838 ], [ 86.879135469022913, 25.32530599806546 ], [ 86.881027469024502, 25.326499998066538 ], [ 86.879638469023348, 25.332250998071913 ], [ 86.882141469025555, 25.335971998075365 ], [ 86.884666469027934, 25.352776998091031 ], [ 86.883667469027159, 25.362332998100101 ] ], [ [ 86.908638469050402, 25.302943998044611 ], [ 86.9040834690461, 25.304999998046696 ], [ 86.901191469043397, 25.308276998049678 ], [ 86.896774469039201, 25.308415998049895 ], [ 86.899391469041802, 25.304332998045993 ], [ 86.908752469050341, 25.299998998041929 ], [ 86.910385469052017, 25.300361998042263 ], [ 86.908638469050402, 25.302943998044611 ] ], [ [ 86.990524469126512, 25.289748998032337 ], [ 86.992080469128041, 25.294137998036604 ], [ 86.987724469124032, 25.295138998037373 ], [ 86.965309469103204, 25.292109998034675 ], [ 86.964752469102677, 25.289611998032342 ], [ 86.967414469105051, 25.287389998030221 ], [ 86.98794546912427, 25.283944998026982 ], [ 86.992858469128805, 25.284610998027574 ], [ 86.990524469126512, 25.289748998032337 ] ], [ [ 87.192001469314164, 25.240083997986176 ], [ 87.187027469309669, 25.243220997989056 ], [ 87.17702446930025, 25.242526997988534 ], [ 87.176002469299419, 25.240666997986636 ], [ 87.178474469301591, 25.238665997984754 ], [ 87.191696469313911, 25.233138997979722 ], [ 87.193695469315799, 25.236444997982744 ], [ 87.192001469314164, 25.240083997986176 ] ], [ [ 87.213081469333929, 25.260638998005334 ], [ 87.209136469330133, 25.260165998004823 ], [ 87.195694469317687, 25.250304997995727 ], [ 87.194664469316649, 25.248027997993631 ], [ 87.197776469319706, 25.244943997990731 ], [ 87.21275346933362, 25.257916998002656 ], [ 87.213081469333929, 25.260638998005334 ] ], [ [ 87.254890469372867, 25.317666998058485 ], [ 87.252670469370742, 25.320248998060833 ], [ 87.234970469354266, 25.2929989980355 ], [ 87.236526469355795, 25.291694998034245 ], [ 87.243942469362537, 25.291194998033689 ], [ 87.250083469368292, 25.293500998035825 ], [ 87.255889469373642, 25.298583998040613 ], [ 87.255081469372954, 25.313443998054481 ], [ 87.258163469375859, 25.322139998062539 ], [ 87.254890469372867, 25.317666998058485 ] ], [ [ 87.251777469369927, 25.336749998076129 ], [ 87.253555469371577, 25.340278998079384 ], [ 87.252357469370509, 25.344554998083368 ], [ 87.248108469366571, 25.343026998081996 ], [ 87.242332469361145, 25.338361998077744 ], [ 87.233360469352647, 25.335526998075011 ], [ 87.230026469349696, 25.32847199806838 ], [ 87.229309469348891, 25.322804998063248 ], [ 87.225364469345323, 25.306888998048407 ], [ 87.226585469346446, 25.303027998044854 ], [ 87.235473469354702, 25.309888998051065 ], [ 87.246055469364592, 25.333360998072976 ], [ 87.251777469369927, 25.336749998076129 ] ], [ [ 87.311470469425558, 25.408471998142886 ], [ 87.298919469413704, 25.388026998123905 ], [ 87.291496469406866, 25.383222998119436 ], [ 87.29055746940594, 25.381139998117533 ], [ 87.289192469404725, 25.378055998114633 ], [ 87.292030469407337, 25.373916998110872 ], [ 87.296447469411532, 25.374389998111155 ], [ 87.317581469431161, 25.39472199813008 ], [ 87.325225469438237, 25.398665998133765 ], [ 87.322776469436121, 25.401500998136498 ], [ 87.326973469439963, 25.406833998141337 ], [ 87.334274469446655, 25.40911099814366 ], [ 87.337913469450086, 25.412555998146672 ], [ 87.337860469450106, 25.416360998150367 ], [ 87.330863469443557, 25.415360998149481 ], [ 87.327415469440439, 25.416749998150635 ], [ 87.311470469425558, 25.408471998142886 ] ], [ [ 87.386390469495154, 25.419610998153303 ], [ 87.395362469503652, 25.422860998156466 ], [ 87.396614469504811, 25.424499998157899 ], [ 87.396163469504245, 25.430221998163233 ], [ 87.400276469508299, 25.433860998166665 ], [ 87.394554469502964, 25.435361998167991 ], [ 87.389556469498302, 25.433221998166118 ], [ 87.380500469489789, 25.423415998156997 ], [ 87.363723469474053, 25.422582998156031 ], [ 87.362945469473516, 25.420499998154128 ], [ 87.364639469474923, 25.417054998150888 ], [ 87.374832469484545, 25.416221998150149 ], [ 87.379135469488574, 25.419026998152731 ], [ 87.386390469495154, 25.419610998153303 ] ], [ [ 87.431274469537129, 25.414721998148707 ], [ 87.435668469541042, 25.419415998153227 ], [ 87.44330546954825, 25.423554998156987 ], [ 87.44019346954542, 25.426833998159964 ], [ 87.436943469542257, 25.426970998160186 ], [ 87.430610469536532, 25.430583998163456 ], [ 87.408470469515805, 25.429526998162601 ], [ 87.401527469509347, 25.420304998154052 ], [ 87.385246469494177, 25.415221998149264 ], [ 87.378807469488265, 25.411637998146034 ], [ 87.374420469484221, 25.407388998141869 ], [ 87.382835469491965, 25.403165998138093 ], [ 87.388526469497265, 25.400304998135425 ], [ 87.399246469507261, 25.399304998134539 ], [ 87.40402946951167, 25.398860998134069 ], [ 87.420829469527234, 25.410472998144769 ], [ 87.431274469537129, 25.414721998148707 ] ], [ [ 87.307281469421469, 25.413083998147158 ], [ 87.30425246941877, 25.413388998147639 ], [ 87.300857469415632, 25.410138998144475 ], [ 87.293052469408394, 25.391639998127403 ], [ 87.295135469410297, 25.391332998126927 ], [ 87.300582469415303, 25.398749998134008 ], [ 87.307281469421469, 25.413083998147158 ] ] ], [ [ [ 87.766863682659007, 25.258031452222333 ], [ 87.757640514181645, 25.260927407359727 ], [ 87.757201146532424, 25.261065345472961 ], [ 87.754812379047394, 25.261452774127299 ], [ 87.747863469831827, 25.265527998009929 ], [ 87.758529469841733, 25.262305998006923 ], [ 87.752609469836216, 25.267859998012 ], [ 87.733253469818237, 25.275611998019258 ], [ 87.728805469814233, 25.275166998018904 ], [ 87.725807469811343, 25.270638998014647 ], [ 87.726501469812092, 25.265750998010162 ], [ 87.729297736622698, 25.25934009030237 ], [ 87.727855921838142, 25.259043965102496 ], [ 87.725320238290593, 25.258809875517326 ], [ 87.723985217783394, 25.258657317929664 ], [ 87.723887224039828, 25.258655699013325 ], [ 87.719642469805649, 25.268138998012319 ], [ 87.715614469801949, 25.271249998015264 ], [ 87.712439224059537, 25.270349260653109 ], [ 87.712411150339506, 25.273362402528875 ], [ 87.71186350027088, 25.274028841293436 ], [ 87.703695022041984, 25.278501458771665 ], [ 87.703446856276656, 25.278527201374708 ], [ 87.703313594967369, 25.278528889021221 ], [ 87.702993767214139, 25.278532938878598 ], [ 87.702570669745327, 25.278756434042407 ], [ 87.702441488597287, 25.27902468373594 ], [ 87.702281945543945, 25.279050940521159 ], [ 87.702122030456806, 25.279052964402112 ], [ 87.70196248730926, 25.279079221737149 ], [ 87.701829595281339, 25.279105140767605 ], [ 87.701723727295089, 25.279154956089091 ], [ 87.701592319591967, 25.279277806758341 ], [ 87.701384291259757, 25.279619765308283 ], [ 87.700357859533014, 25.280328479396548 ], [ 87.697256807783418, 25.282026115979335 ], [ 87.695335034496679, 25.283107715918259 ], [ 87.695640469783257, 25.285582998028531 ], [ 87.694871593873089, 25.286480893646331 ], [ 87.695492152580016, 25.288177028327176 ], [ 87.695975966707209, 25.289499345622168 ], [ 87.696911923872619, 25.29232832800465 ], [ 87.697084710385525, 25.292681246632881 ], [ 87.697255174554783, 25.292882009244799 ], [ 87.697475024301198, 25.293027619916799 ], [ 87.697364469784816, 25.292499998035055 ], [ 87.706497469793476, 25.293805998036078 ], [ 87.712448469799028, 25.296748998038993 ], [ 87.712997469799348, 25.298778998040916 ], [ 87.709747469796412, 25.298749998040876 ], [ 87.700538020814093, 25.296141749407873 ], [ 87.700469234083826, 25.296222183850382 ], [ 87.700522485668998, 25.296475849431975 ], [ 87.700687985184132, 25.296837322366756 ], [ 87.700797947653228, 25.297054070860817 ], [ 87.700880512716125, 25.297222690816479 ], [ 87.700883108157143, 25.29739232105559 ], [ 87.700782413193366, 25.29778139802438 ], [ 87.700491786023576, 25.297954735521653 ], [ 87.699797971255222, 25.29791503024931 ], [ 87.69952955171388, 25.297797233962232 ], [ 87.699315557773943, 25.297751461921663 ], [ 87.69883573916097, 25.297757523151986 ], [ 87.698275208898664, 25.297716127050432 ], [ 87.697927932825479, 25.297672035827286 ], [ 87.697074772394274, 25.297705629142659 ], [ 87.696939761109888, 25.297806642837106 ], [ 87.696612756139118, 25.298318052621248 ], [ 87.696584217089963, 25.2983717933459 ], [ 87.696499572313826, 25.298417191378689 ], [ 87.696314823925846, 25.298540709858528 ], [ 87.696156361915769, 25.29863965913599 ], [ 87.695999010014646, 25.298811307458717 ], [ 87.695956493466895, 25.298864358378328 ], [ 87.695787603856701, 25.298935161427778 ], [ 87.69571022107688, 25.299105801039673 ], [ 87.695739096204534, 25.299250863395073 ], [ 87.695900517556325, 25.299345778593803 ], [ 87.696036021013668, 25.299489495351899 ], [ 87.695957898663934, 25.299611669546422 ], [ 87.695824613706591, 25.299613350281145 ], [ 87.695531385992737, 25.299617047474584 ], [ 87.695346265086442, 25.299716331942697 ], [ 87.69532256552813, 25.299910532020657 ], [ 87.695408451910708, 25.300297251941672 ], [ 87.695570243128003, 25.300416400305217 ], [ 87.6958919796418, 25.300533531671579 ], [ 87.696160400766715, 25.300651335647665 ], [ 87.696482137500112, 25.300768465712959 ], [ 87.696858669898816, 25.300981854420659 ], [ 87.697503627583316, 25.301313043631186 ], [ 87.697821890685191, 25.301521194031167 ], [ 87.698059469785449, 25.301555998043341 ], [ 87.704559469791548, 25.301721998043604 ], [ 87.718055469804085, 25.302443998044282 ], [ 87.722725469808438, 25.297805998039848 ], [ 87.726608469812163, 25.297027998039084 ], [ 87.732414469817513, 25.292138998034716 ], [ 87.74016546982466, 25.288859998031512 ], [ 87.742332469826806, 25.280749998024021 ], [ 87.749031469832971, 25.279832998023267 ], [ 87.754776469838362, 25.274333998017937 ], [ 87.760475469843641, 25.27177799801575 ], [ 87.766441469849269, 25.261167998005703 ], [ 87.767073951928793, 25.258009542386592 ], [ 87.766863682659007, 25.258031452222333 ] ], [ [ 87.733085469818207, 25.281554998024831 ], [ 87.724555469810184, 25.292443998034969 ], [ 87.711441469798046, 25.290666998033203 ], [ 87.701057469788338, 25.287055998029928 ], [ 87.701164469788409, 25.284526998027559 ], [ 87.707191469793997, 25.279637998022963 ], [ 87.708885469795632, 25.276166998019789 ], [ 87.720947469806788, 25.275916998019511 ], [ 87.72769146981318, 25.280694998024046 ], [ 87.733085469818207, 25.281554998024831 ] ] ], [ [ [ 87.613453664135506, 25.312474033844577 ], [ 87.613170238810937, 25.312173077560328 ], [ 87.612889030081334, 25.312024277978043 ], [ 87.612275987416766, 25.312082382290249 ], [ 87.605782889812744, 25.31459528747218 ], [ 87.605178655003684, 25.315261991142325 ], [ 87.604246964029812, 25.316439892201469 ], [ 87.603748434509299, 25.31669950084164 ], [ 87.60347090058599, 25.316804278276155 ], [ 87.603068660041259, 25.316942704475846 ], [ 87.602358846044538, 25.316976514061196 ], [ 87.602228574073038, 25.316938768137906 ], [ 87.602119947066825, 25.317052083793392 ], [ 87.602042419607898, 25.317222673261512 ], [ 87.602018914497194, 25.317441091128263 ], [ 87.601834741365863, 25.317612955727625 ], [ 87.601542518605271, 25.317689162062454 ], [ 87.601355538355676, 25.317667159138832 ], [ 87.601220128332642, 25.317523353492771 ], [ 87.601111379643442, 25.317379228170626 ], [ 87.601098502862698, 25.317356570625854 ], [ 87.600978423101978, 25.317405054408457 ], [ 87.600981227526077, 25.317598920440002 ], [ 87.600984031972331, 25.317792787375506 ], [ 87.60095982469791, 25.317962738102004 ], [ 87.600882995072311, 25.31818179392511 ], [ 87.600778101843375, 25.318304234376345 ], [ 87.600566912863698, 25.318452182931583 ], [ 87.600424951428735, 25.318470036561006 ], [ 87.600353971205024, 25.318478964220247 ], [ 87.600193300808002, 25.318432408248846 ], [ 87.600086304409743, 25.318409449110284 ], [ 87.599917918505611, 25.318324639952692 ], [ 87.599898273295366, 25.318314745194531 ], [ 87.599790226114919, 25.318219085839534 ], [ 87.599656567785445, 25.318196444797845 ], [ 87.599523260755873, 25.318198036652927 ], [ 87.599310319316544, 25.318224816402726 ], [ 87.599204373848139, 25.318274555709618 ], [ 87.599071767067329, 25.318324614117152 ], [ 87.598912848065908, 25.318399223694829 ], [ 87.598888987859766, 25.318593408014351 ], [ 87.598864076198183, 25.318714892337137 ], [ 87.598834950701132, 25.318788409421941 ], [ 87.59865218394377, 25.318814371122972 ], [ 87.598587248032089, 25.318870306030593 ], [ 87.598422347243527, 25.318893729102381 ], [ 87.597868725112548, 25.319204701912945 ], [ 87.597037554981171, 25.319620438577115 ], [ 87.596261448826809, 25.319984785047307 ], [ 87.595652745839374, 25.320347133888571 ], [ 87.595043307962229, 25.320658760681532 ], [ 87.594544739801307, 25.320918337599444 ], [ 87.594389319809309, 25.321022059701292 ], [ 87.594152181951031, 25.321122088785245 ], [ 87.593728031595987, 25.321296799187209 ], [ 87.593409830752208, 25.321421772458123 ], [ 87.593197231182515, 25.321472777150245 ], [ 87.592984631418162, 25.321523780626777 ], [ 87.592824657620824, 25.321525683458169 ], [ 87.592664684811695, 25.321527586100569 ], [ 87.592506804074773, 25.321674888694503 ], [ 87.592375934792685, 25.321846107122596 ], [ 87.592378376527833, 25.322015740295349 ], [ 87.592380469439902, 25.322161139513518 ], [ 87.592356249037863, 25.32233108972369 ], [ 87.59235903956845, 25.322524955952286 ], [ 87.592468480047103, 25.322717553993144 ], [ 87.592681779918223, 25.322715017379171 ], [ 87.59292139308576, 25.3226879302631 ], [ 87.593134692894438, 25.322685392980329 ], [ 87.59352756589233, 25.32268071878104 ], [ 87.59390799071646, 25.323208672451354 ], [ 87.593983563208852, 25.32333076766233 ], [ 87.594078703865947, 25.323425520410044 ], [ 87.594161136330612, 25.323594201473259 ], [ 87.59418467053041, 25.323655676462543 ], [ 87.594216557355637, 25.323738965917457 ], [ 87.594271628328855, 25.323859498206275 ], [ 87.594300735311379, 25.32402881306523 ], [ 87.594276168057192, 25.324174530557954 ], [ 87.59419827457036, 25.324320882815599 ], [ 87.594119683519054, 25.324418768016933 ], [ 87.593935836386635, 25.32461485564324 ], [ 87.593866448623174, 25.324712189623305 ], [ 87.593430595495533, 25.324939101956787 ], [ 87.593044346125382, 25.325248064360807 ], [ 87.592545755419863, 25.32550763350018 ], [ 87.591824673655907, 25.325820574849978 ], [ 87.591492033495484, 25.325976712126579 ], [ 87.591160122026864, 25.326183567250304 ], [ 87.590219456262346, 25.326752748540937 ], [ 87.589942617133346, 25.326908219521105 ], [ 87.589500546480451, 25.327217835070474 ], [ 87.588893243290883, 25.327681593652613 ], [ 87.588177236008718, 25.328349550825198 ], [ 87.587680806076989, 25.328761260894485 ], [ 87.587183644828841, 25.329122250625453 ], [ 87.586742286531248, 25.329482577293227 ], [ 87.586300926548361, 25.329842901701603 ], [ 87.585692143021859, 25.330205208670936 ], [ 87.585194968747174, 25.330566191583799 ], [ 87.585088443914671, 25.330922547250587 ], [ 87.585195166296842, 25.331741368970505 ], [ 87.606086469699903, 25.321500998061993 ], [ 87.610496469704003, 25.317082998057913 ], [ 87.613488382636916, 25.312549995905854 ], [ 87.613453664135506, 25.312474033844577 ] ] ] ] } },
{ "type": "Feature", "properties": { "ISO": "IND", "COUNTRY": "India", "F_CODE_DES": "Inland Water", "HYC_DESCRI": "Non-Perennial/Intermittent/Fluctuating", "NAME": "UNK" }, "geometry": { "type": "MultiPolygon", "coordinates": [ [ [ [ 87.801582469881851, 25.731831998444022 ], [ 87.795219469875974, 25.735471998447565 ], [ 87.794944469875645, 25.738860998450718 ], [ 87.801193469881582, 25.747277998458458 ], [ 87.803581469883738, 25.738915998450693 ], [ 87.803581469883738, 25.734693998446801 ], [ 87.801582469881851, 25.731831998444022 ] ] ] ] } },
{ "type": "Feature", "properties": { "ISO": "IND", "COUNTRY": "India", "F_CODE_DES": "Land Subject to Inundation", "HYC_DESCRI": "Non-Perennial/Intermittent/Fluctuating", "NAME": null }, "geometry": { "type": "MultiPolygon", "coordinates": [ [ [ [ 86.987808469124047, 25.696416998411223 ], [ 86.985252469121633, 25.695582998410373 ], [ 86.977218469114177, 25.697638998412231 ], [ 86.971801469109096, 25.70286199841712 ], [ 86.968971469106464, 25.708444998422237 ], [ 86.969833469107243, 25.718526998431798 ], [ 86.971969469109354, 25.721415998434395 ], [ 86.975135469112274, 25.725720998438419 ], [ 86.978248469115215, 25.726998998439512 ], [ 86.97919446911601, 25.7267229984393 ], [ 86.985275469121689, 25.724971998437695 ], [ 86.990859469126917, 25.711026998424813 ], [ 86.990470469126421, 25.700027998414498 ], [ 86.987808469124047, 25.696416998411223 ] ] ] ] } },
{ "type": "Feature", "properties": { "ISO": "IND", "COUNTRY": "India", "F_CODE_DES": "Land Subject to Inundation", "HYC_DESCRI": "Non-Perennial/Intermittent/Fluctuating", "NAME": null }, "geometry": { "type": "MultiPolygon", "coordinates": [ [ [ [ 87.627029469719446, 25.613526998334009 ], [ 87.618919469711727, 25.613332998333817 ], [ 87.613441469706686, 25.615359998335634 ], [ 87.603836469697853, 25.621888998341774 ], [ 87.600692469694877, 25.625888998345545 ], [ 87.600303469694381, 25.62910999834844 ], [ 87.603080469697034, 25.634999998354033 ], [ 87.611030469704474, 25.643443998361818 ], [ 87.626167469718666, 25.654443998372017 ], [ 87.633079469725089, 25.662471998379488 ], [ 87.64199846973338, 25.682387998398099 ], [ 87.650169469740831, 25.683944998399511 ], [ 87.650749469741413, 25.685304998400852 ], [ 87.652748469743301, 25.68477799840025 ], [ 87.656166469746495, 25.681888998397653 ], [ 87.658943469749147, 25.675361998391509 ], [ 87.651222469741924, 25.647611998365619 ], [ 87.655052469745442, 25.641971998360532 ], [ 87.654357469744809, 25.6378609983567 ], [ 87.646057469737116, 25.633082998352165 ], [ 87.636886469728552, 25.619611998339678 ], [ 87.632698469724573, 25.616082998336424 ], [ 87.627029469719446, 25.613526998334009 ] ] ] ] } },
{ "type": "Feature", "properties": { "ISO": "IND", "COUNTRY": "India", "F_CODE_DES": "Land Subject to Inundation", "HYC_DESCRI": "Non-Perennial/Intermittent/Fluctuating", "NAME": null }, "geometry": { "type": "MultiPolygon", "coordinates": [ [ [ [ 87.438888469544054, 25.669944998386427 ], [ 87.431114469536851, 25.663220998380211 ], [ 87.431335469537089, 25.657916998375185 ], [ 87.436225469541569, 25.647805998365811 ], [ 87.4393924695446, 25.645139998363447 ], [ 87.45088946955525, 25.64238899836073 ], [ 87.455329469559501, 25.637776998356458 ], [ 87.458969469562817, 25.630666998349852 ], [ 87.470748469573891, 25.61838899833856 ], [ 87.476470469579226, 25.609416998330062 ], [ 87.4754414695783, 25.609805998330557 ], [ 87.449996469554435, 25.631999998351148 ], [ 87.434219469539812, 25.643721998362025 ], [ 87.432281469537884, 25.645194998363422 ], [ 87.426551469532569, 25.654111998371718 ], [ 87.424308469530615, 25.661527998378688 ], [ 87.424804469530955, 25.668166998384777 ], [ 87.427169469533283, 25.670165998386665 ], [ 87.431831469537656, 25.672776998389054 ], [ 87.436859469542242, 25.672137998388507 ], [ 87.438888469544054, 25.669944998386427 ] ] ] ] } },
{ "type": "Feature", "properties": { "ISO": "IND", "COUNTRY": "India", "F_CODE_DES": "Land Subject to Inundation", "HYC_DESCRI": "Non-Perennial/Intermittent/Fluctuating", "NAME": null }, "geometry": { "type": "MultiPolygon", "coordinates": [ [ [ [ 87.476470469579226, 25.609416998330062 ], [ 87.470748469573891, 25.61838899833856 ], [ 87.458969469562817, 25.630666998349852 ], [ 87.455329469559501, 25.637776998356458 ], [ 87.45088946955525, 25.64238899836073 ], [ 87.4393924695446, 25.645139998363447 ], [ 87.436225469541569, 25.647805998365811 ], [ 87.431335469537089, 25.657916998375185 ], [ 87.431114469536851, 25.663220998380211 ], [ 87.438888469544054, 25.669944998386427 ], [ 87.454139469558413, 25.653443998371131 ], [ 87.488250469590184, 25.613055998333493 ], [ 87.488525469590286, 25.607554998328396 ], [ 87.481941469584172, 25.607305998328229 ], [ 87.476470469579226, 25.609416998330062 ] ] ] ] } },
{ "type": "Feature", "properties": { "ISO": "IND", "COUNTRY": "India", "F_CODE_DES": "Inland Water", "HYC_DESCRI": "Perennial/Permanent", "NAME": "UNK" }, "geometry": { "type": "MultiPolygon", "coordinates": [ [ [ [ 87.550331469647972, 25.660722998377878 ], [ 87.545722469643579, 25.657304998374684 ], [ 87.543891469641949, 25.658027998375474 ], [ 87.551361469649009, 25.668082998384762 ], [ 87.553474469650837, 25.668416998385055 ], [ 87.550331469647972, 25.660722998377878 ] ] ] ] } },
{ "type": "Feature", "properties": { "ISO": "IND", "COUNTRY": "India", "F_CODE_DES": "Inland Water", "HYC_DESCRI": "Perennial/Permanent", "NAME": "UNK" }, "geometry": { "type": "MultiPolygon", "coordinates": [ [ [ [ 87.773109469855399, 25.646554998364763 ], [ 87.769500469852119, 25.64416699836238 ], [ 87.76697546984974, 25.644694998362866 ], [ 87.769218469851694, 25.647971998366074 ], [ 87.770751469853167, 25.655305998372796 ], [ 87.773719469855905, 25.654138998371764 ], [ 87.774971469857064, 25.651332998369071 ], [ 87.773109469855399, 25.646554998364763 ] ] ] ] } },
{ "type": "Feature", "properties": { "ISO": "IND", "COUNTRY": "India", "F_CODE_DES": "Inland Water", "HYC_DESCRI": "Perennial/Permanent", "NAME": "UNK" }, "geometry": { "type": "MultiPolygon", "coordinates": [ [ [ [ 87.683525469771894, 25.653749998371495 ], [ 87.68830846977653, 25.646804998365042 ], [ 87.686752469775001, 25.643693998362096 ], [ 87.681198469769924, 25.644332998362643 ], [ 87.674362469763537, 25.647776998365771 ], [ 87.674446469763552, 25.649249998367168 ], [ 87.684387469772901, 25.647582998365579 ], [ 87.681808469770431, 25.651916998369643 ], [ 87.683525469771894, 25.653749998371495 ] ] ] ] } },
{ "type": "Feature", "properties": { "ISO": "IND", "COUNTRY": "India", "F_CODE_DES": "Land Subject to Inundation", "HYC_DESCRI": "Non-Perennial/Intermittent/Fluctuating", "NAME": null }, "geometry": { "type": "MultiPolygon", "coordinates": [ [ [ [ 87.13388846926, 25.609500998330304 ], [ 87.128807469255435, 25.612943998333321 ], [ 87.127746469254362, 25.610026998330795 ], [ 87.132080469258426, 25.607333998328158 ], [ 87.129386469255905, 25.604083998325223 ], [ 87.126808469253547, 25.595666998317256 ], [ 87.121833469248941, 25.59144399831348 ], [ 87.116752469244148, 25.590693998312645 ], [ 87.113281469240974, 25.593082998314912 ], [ 87.113609469241283, 25.601804998323132 ], [ 87.124664469251456, 25.620971998340792 ], [ 87.132698469258912, 25.625554998345251 ], [ 87.13774846926367, 25.624944998344517 ], [ 87.140693469266353, 25.622582998342295 ], [ 87.14130446926697, 25.618415998338605 ], [ 87.13388846926, 25.609500998330304 ] ] ] ] } },
{ "type": "Feature", "properties": { "ISO": "IND", "COUNTRY": "India", "F_CODE_DES": "Inland Water", "HYC_DESCRI": "Perennial/Permanent", "NAME": "UNK" }, "geometry": { "type": "MultiPolygon", "coordinates": [ [ [ [ 87.186637469309289, 25.604083998325223 ], [ 87.183082469305873, 25.602944998324119 ], [ 87.173751469297258, 25.617860998338074 ], [ 87.176803469300012, 25.61860999833857 ], [ 87.180419469303388, 25.621833998341572 ], [ 87.184524469307235, 25.614083998334536 ], [ 87.188224469310626, 25.613526998334009 ], [ 87.189498469311957, 25.610944998331433 ], [ 87.186637469309289, 25.604083998325223 ] ] ] ] } },
{ "type": "Feature", "properties": { "ISO": "IND", "COUNTRY": "India", "F_CODE_DES": "Inland Water", "HYC_DESCRI": "Perennial/Permanent", "NAME": "UNK" }, "geometry": { "type": "MultiPolygon", "coordinates": [ [ [ [ 87.13388846926, 25.609500998330304 ], [ 87.149612469274643, 25.598887998320379 ], [ 87.147468469272781, 25.597888998319377 ], [ 87.132080469258426, 25.607333998328158 ], [ 87.127746469254362, 25.610026998330795 ], [ 87.128807469255435, 25.612943998333321 ], [ 87.13388846926, 25.609500998330304 ] ] ] ] } },
{ "type": "Feature", "properties": { "ISO": "IND", "COUNTRY": "India", "F_CODE_DES": "Land Subject to Inundation", "HYC_DESCRI": "Non-Perennial/Intermittent/Fluctuating", "NAME": null }, "geometry": { "type": "MultiPolygon", "coordinates": [ [ [ [ 87.175026469298473, 25.606387998327364 ], [ 87.183418469306162, 25.599694998320956 ], [ 87.185302469307999, 25.59641599831798 ], [ 87.185638469308287, 25.591361998313232 ], [ 87.181167469304228, 25.580472998303094 ], [ 87.17697146930027, 25.575999998299039 ], [ 87.169776469293538, 25.573028998296195 ], [ 87.161331469285642, 25.577861998300705 ], [ 87.158607469283197, 25.586221998308474 ], [ 87.165306469289362, 25.603471998324494 ], [ 87.167419469291417, 25.605693998326615 ], [ 87.17294346929657, 25.604138998325197 ], [ 87.175026469298473, 25.606387998327364 ] ] ] ] } },
{ "type": "Feature", "properties": { "ISO": "IND", "COUNTRY": "India", "F_CODE_DES": "Inland Water", "HYC_DESCRI": "Perennial/Permanent", "NAME": "UNK" }, "geometry": { "type": "MultiPolygon", "coordinates": [ [ [ [ 87.475914469578584, 25.579305998302061 ], [ 87.465583469569083, 25.572499998295825 ], [ 87.458946469562761, 25.565165998288876 ], [ 87.459777469563505, 25.558165998282448 ], [ 87.466751469569999, 25.547944998272897 ], [ 87.472999469575825, 25.546861998271879 ], [ 87.480362469582815, 25.540250998265719 ], [ 87.494804469596147, 25.535472998261184 ], [ 87.502670469603572, 25.534304998260268 ], [ 87.507331469607834, 25.53455599826043 ], [ 87.511169469611559, 25.536721998262465 ], [ 87.512252469612577, 25.540277998265765 ], [ 87.518837469618575, 25.541499998266772 ], [ 87.52111046962068, 25.540360998265896 ], [ 87.514251469614237, 25.532805998258709 ], [ 87.514831469614819, 25.530665998256836 ], [ 87.525695469624907, 25.529193998255323 ], [ 87.523582469623079, 25.527444998253713 ], [ 87.523025469622553, 25.52697199825343 ], [ 87.521888469621445, 25.52711099825342 ], [ 87.508003469608411, 25.528832998254984 ], [ 87.491218469592923, 25.528638998254792 ], [ 87.472808469575739, 25.532498998258461 ], [ 87.463417469567048, 25.541110998266504 ], [ 87.454887469559026, 25.557694998281931 ], [ 87.459663469563566, 25.57527699829825 ], [ 87.462059469565702, 25.577083998299941 ], [ 87.463584469567195, 25.574916998298022 ], [ 87.473915469576696, 25.581693998304218 ], [ 87.476470469579226, 25.581387998304081 ], [ 87.475914469578584, 25.579305998302061 ] ] ] ] } },
{ "type": "Feature", "properties": { "ISO": "IND", "COUNTRY": "India", "F_CODE_DES": "Inland Water", "HYC_DESCRI": "Perennial/Permanent", "NAME": "UNK" }, "geometry": { "type": "MultiPolygon", "coordinates": [ [ [ [ 87.597389469691734, 25.54836099827321 ], [ 87.593864469688469, 25.547860998272881 ], [ 87.591362469686146, 25.54922299827399 ], [ 87.594718469689269, 25.55100099827564 ], [ 87.59880846969304, 25.558665998282777 ], [ 87.601501469695677, 25.561082998285201 ], [ 87.605163469698937, 25.560498998284629 ], [ 87.606697469700521, 25.558139998282286 ], [ 87.604919469698871, 25.554805998279335 ], [ 87.597389469691734, 25.54836099827321 ] ] ] ] } },
{ "type": "Feature", "properties": { "ISO": "IND", "COUNTRY": "India", "F_CODE_DES": "Inland Water", "HYC_DESCRI": "Perennial/Permanent", "NAME": "UNK" }, "geometry": { "type": "MultiPolygon", "coordinates": [ [ [ [ 87.812385469891979, 25.531859998257914 ], [ 87.807472469887443, 25.531444998257484 ], [ 87.809555469889347, 25.545304998270467 ], [ 87.812614469892196, 25.550248998275038 ], [ 87.814971469894317, 25.55100099827564 ], [ 87.815551469894899, 25.548638998273418 ], [ 87.812805469892282, 25.544970998270173 ], [ 87.813942469893391, 25.535193998261093 ], [ 87.812385469891979, 25.531859998257914 ] ] ] ] } },
{ "type": "Feature", "properties": { "ISO": "IND", "COUNTRY": "India", "F_CODE_DES": "Inland Water", "HYC_DESCRI": "Perennial/Permanent", "NAME": "UNK" }, "geometry": { "type": "MultiPolygon", "coordinates": [ [ [ [ 87.712387469798841, 25.543776998269095 ], [ 87.701446469788607, 25.543361998268665 ], [ 87.696891469784532, 25.545665998270806 ], [ 87.697471469784887, 25.547749998272593 ], [ 87.712249469798735, 25.545665998270806 ], [ 87.712387469798841, 25.543776998269095 ] ] ] ] } },
{ "type": "Feature", "properties": { "ISO": "IND", "COUNTRY": "India", "F_CODE_DES": "Inland Water", "HYC_DESCRI": "Perennial/Permanent", "NAME": "UNK" }, "geometry": { "type": "MultiPolygon", "coordinates": [ [ [ [ 87.707221469794149, 25.528333998254539 ], [ 87.71228046979877, 25.526860998253142 ], [ 87.716972469803068, 25.527720998253926 ], [ 87.719558469805634, 25.513665998240867 ], [ 87.715888469802167, 25.510444998237972 ], [ 87.709724469796356, 25.507943998235532 ], [ 87.700141469787468, 25.50727799823494 ], [ 87.694000469781713, 25.510278998237709 ], [ 87.695472469782999, 25.511472998238787 ], [ 87.708030469794721, 25.511388998238772 ], [ 87.711135469797682, 25.512971998240346 ], [ 87.713973469800294, 25.518777998245696 ], [ 87.711860469798467, 25.52308299824972 ], [ 87.702835469789989, 25.524083998250717 ], [ 87.707221469794149, 25.528333998254539 ] ] ] ] } },
{ "type": "Feature", "properties": { "ISO": "IND", "COUNTRY": "India", "F_CODE_DES": "Inland Water", "HYC_DESCRI": "Perennial/Permanent", "NAME": "UNK" }, "geometry": { "type": "MultiPolygon", "coordinates": [ [ [ [ 87.660469469750524, 25.510138998237608 ], [ 87.657302469747492, 25.506665998234439 ], [ 87.647163469738189, 25.523555998250231 ], [ 87.648170469739171, 25.524999998251587 ], [ 87.660003469750109, 25.514388998241657 ], [ 87.660469469750524, 25.510138998237608 ] ] ] ] } },
{ "type": "Feature", "properties": { "ISO": "IND", "COUNTRY": "India", "F_CODE_DES": "Inland Water", "HYC_DESCRI": "Perennial/Permanent", "NAME": "UNK" }, "geometry": { "type": "MultiPolygon", "coordinates": [ [ [ [ 87.412139469519161, 25.52447099825099 ], [ 87.413864469520831, 25.521249998248095 ], [ 87.417808469524516, 25.521527998248303 ], [ 87.419052469525695, 25.518304998245185 ], [ 87.413635469520614, 25.511527998238989 ], [ 87.409225469516514, 25.511916998239258 ], [ 87.413696469520801, 25.51785999824483 ], [ 87.409301469516549, 25.518666998245635 ], [ 87.407806469515208, 25.521249998248095 ], [ 87.409080469516311, 25.523971998250545 ], [ 87.412139469519161, 25.52447099825099 ] ] ] ] } },
{ "type": "Feature", "properties": { "ISO": "IND", "COUNTRY": "India", "F_CODE_DES": "Inland Water", "HYC_DESCRI": "Perennial/Permanent", "NAME": "UNK" }, "geometry": { "type": "MultiPolygon", "coordinates": [ [ [ [ 87.336051469448421, 25.519137998246151 ], [ 87.331443469444139, 25.515693998242796 ], [ 87.329612469442282, 25.515971998243003 ], [ 87.330444469443137, 25.51911199824599 ], [ 87.334052469446533, 25.521943998248616 ], [ 87.336807469449013, 25.522027998248632 ], [ 87.336051469448421, 25.519137998246151 ] ] ] ] } },
{ "type": "Feature", "properties": { "ISO": "IND", "COUNTRY": "India", "F_CODE_DES": "Inland Water", "HYC_DESCRI": "Perennial/Permanent", "NAME": "UNK" }, "geometry": { "type": "MultiPolygon", "coordinates": [ [ [ [ 87.795753469876445, 25.515443998242517 ], [ 87.789138469870295, 25.508942998236535 ], [ 87.781280469863077, 25.510110998237678 ], [ 87.763252469846293, 25.507888998235558 ], [ 87.773056469855419, 25.513194998240579 ], [ 87.788887469870133, 25.513194998240579 ], [ 87.794334469875139, 25.520139998247032 ], [ 87.795753469876445, 25.515443998242517 ] ] ] ] } },
{ "type": "Feature", "properties": { "ISO": "IND", "COUNTRY": "India", "F_CODE_DES": "Land Subject to Inundation", "HYC_DESCRI": "Non-Perennial/Intermittent/Fluctuating", "NAME": null }, "geometry": { "type": "MultiPolygon", "coordinates": [ [ [ [ 87.546806469644707, 25.464055998194681 ], [ 87.541557469639656, 25.46075099819177 ], [ 87.525474469624896, 25.473611998203751 ], [ 87.527641469626815, 25.477582998207254 ], [ 87.527862469627053, 25.478055998207765 ], [ 87.5351414696338, 25.484471998213849 ], [ 87.535972469634544, 25.485221998214456 ], [ 87.539360469637813, 25.488305998217356 ], [ 87.540054469638335, 25.490527998219477 ], [ 87.541137469639352, 25.491916998220631 ], [ 87.54350246964168, 25.496610998225151 ], [ 87.546607469644414, 25.498582998226993 ], [ 87.548500469646342, 25.506526998234222 ], [ 87.550468469647967, 25.510444998237972 ], [ 87.555084469652456, 25.512111998239561 ], [ 87.55941746965641, 25.511722998239065 ], [ 87.562309469659112, 25.50888799823656 ], [ 87.563941469660676, 25.505637998233397 ], [ 87.564140469660742, 25.498055998226391 ], [ 87.562637469659421, 25.492110998220824 ], [ 87.545669469643599, 25.466498998197039 ], [ 87.546806469644707, 25.464055998194681 ] ] ] ] } },
{ "type": "Feature", "properties": { "ISO": "IND", "COUNTRY": "India", "F_CODE_DES": "Land Subject to Inundation", "HYC_DESCRI": "Non-Perennial/Intermittent/Fluctuating", "NAME": null }, "geometry": { "type": "MultiPolygon", "coordinates": [ [ [ [ 87.54350246964168, 25.496610998225151 ], [ 87.548500469646342, 25.506526998234222 ], [ 87.546607469644414, 25.498582998226993 ], [ 87.54350246964168, 25.496610998225151 ] ] ] ] } },
{ "type": "Feature", "properties": { "ISO": "IND", "COUNTRY": "India", "F_CODE_DES": "Land Subject to Inundation", "HYC_DESCRI": "Non-Perennial/Intermittent/Fluctuating", "NAME": null }, "geometry": { "type": "MultiPolygon", "coordinates": [ [ [ [ 87.535972469634544, 25.485221998214456 ], [ 87.540054469638335, 25.490527998219477 ], [ 87.539360469637813, 25.488305998217356 ], [ 87.535972469634544, 25.485221998214456 ] ] ] ] } },
{ "type": "Feature", "properties": { "ISO": "IND", "COUNTRY": "India", "F_CODE_DES": "Inland Water", "HYC_DESCRI": "Perennial/Permanent", "NAME": "UNK" }, "geometry": { "type": "MultiPolygon", "coordinates": [ [ [ [ 87.525749469624998, 25.485305998214471 ], [ 87.518859469618519, 25.482749998212057 ], [ 87.511612469611919, 25.481776998211217 ], [ 87.509086469609429, 25.482720998212017 ], [ 87.509193469609727, 25.48502699821438 ], [ 87.514999469615077, 25.484805998214142 ], [ 87.527420469626577, 25.487361998216556 ], [ 87.525749469624998, 25.485305998214471 ] ] ] ] } },
{ "type": "Feature", "properties": { "ISO": "IND", "COUNTRY": "India", "F_CODE_DES": "Inland Water", "HYC_DESCRI": "Perennial/Permanent", "NAME": "GHUGRI" }, "geometry": { "type": "MultiPolygon", "coordinates": [ [ [ [ 87.376815469486246, 25.439837998172152 ], [ 87.375640469485234, 25.434817998167546 ], [ 87.369781469479676, 25.43797299817038 ], [ 87.360443469471193, 25.440276998172521 ], [ 87.356666469467655, 25.441222998173544 ], [ 87.341751469453584, 25.455943998187195 ], [ 87.335029469447363, 25.456193998187473 ], [ 87.282806469398793, 25.422221998155692 ], [ 87.272834469389409, 25.417722998151476 ], [ 87.251503469369709, 25.41408299814816 ], [ 87.242225469361074, 25.414638998148803 ], [ 87.237609469356585, 25.415027998149071 ], [ 87.228637469348314, 25.419555998153328 ], [ 87.228385469348041, 25.419694998153318 ], [ 87.228164469347803, 25.419805998153606 ], [ 87.228057469347732, 25.419860998153581 ], [ 87.221473469341618, 25.423221998156805 ], [ 87.201774469323254, 25.440833998173048 ], [ 87.19783046931957, 25.441415998173625 ], [ 87.184501469307179, 25.439137998171645 ], [ 87.15892046928343, 25.428887998162054 ], [ 87.152359469277371, 25.427859998161011 ], [ 87.145195469270675, 25.427249998160505 ], [ 87.139999469265831, 25.426833998159964 ], [ 87.126442469253107, 25.430470998163401 ], [ 87.109642469237542, 25.428748998161836 ], [ 87.115638469243095, 25.433194998166073 ], [ 87.105804469234045, 25.437139998169641 ], [ 87.098587469227141, 25.436971998169611 ], [ 87.095169469223947, 25.432860998165779 ], [ 87.089302469218637, 25.432221998165005 ], [ 87.070114469200689, 25.412416998146682 ], [ 87.062919469193957, 25.407832998142339 ], [ 87.051780469183541, 25.408416998142911 ], [ 87.044525469176961, 25.412499998146814 ], [ 87.027359469160956, 25.413110998147204 ], [ 87.018363469152519, 25.41488799814897 ], [ 87.017723469151861, 25.415471998149542 ], [ 87.015220469149654, 25.417748998151637 ], [ 87.009719469144557, 25.419639998153343 ], [ 86.990669469126715, 25.408889998143422 ], [ 86.986000469122473, 25.408221998142835 ], [ 86.982055469118677, 25.408555998143129 ], [ 86.970474469108012, 25.415082998149046 ], [ 86.967918469105598, 25.426166998159488 ], [ 86.957359469095763, 25.418721998152478 ], [ 86.95436046909299, 25.418611998152528 ], [ 86.949417469088303, 25.422999998156456 ], [ 86.948638469087655, 25.426833998159964 ], [ 86.951530469090358, 25.429276998162322 ], [ 86.951667469090353, 25.432221998165005 ], [ 86.943443469082695, 25.429971998162955 ], [ 86.9332504690733, 25.430972998163952 ], [ 86.925941469066402, 25.434388998167151 ], [ 86.922584469063395, 25.437249998169818 ], [ 86.927886469068198, 25.439582998172 ], [ 86.933219469073265, 25.441943998174111 ], [ 86.932167469072283, 25.444083998176211 ], [ 86.913253469054553, 25.442222998174429 ], [ 86.908531469050104, 25.446387998178352 ], [ 86.889945469032909, 25.440694998173058 ], [ 86.885086469028465, 25.441693998173832 ], [ 86.883331469026643, 25.443860998175978 ], [ 86.887947469031133, 25.454499998185838 ], [ 86.886497469029791, 25.458972998189893 ], [ 86.882659469026066, 25.461858998192611 ], [ 86.882736469026213, 25.462066998192995 ], [ 86.883529469026826, 25.468141998198462 ], [ 86.883552469026881, 25.46836699819869 ], [ 86.890525469033491, 25.471721998201929 ], [ 86.903335469045487, 25.477611998207294 ], [ 86.925697469066108, 25.481221998210685 ], [ 86.930358469070597, 25.478805998208372 ], [ 86.936164469075948, 25.473109998203199 ], [ 86.942642469081875, 25.455359998186623 ], [ 86.944251469083383, 25.455304998186648 ], [ 86.949752469088708, 25.462554998193355 ], [ 86.950668469089351, 25.463750998194428 ], [ 86.958053469096285, 25.468139998198467 ], [ 86.976890469113869, 25.467694998198112 ], [ 86.981887469118647, 25.464970998195668 ], [ 86.986663469122959, 25.457194998188243 ], [ 86.990943469126933, 25.448609998180245 ], [ 86.992553469128552, 25.437139998169641 ], [ 86.994888469130728, 25.437055998169626 ], [ 87.003608469138726, 25.445193998177274 ], [ 87.012748469147255, 25.447194998178929 ], [ 87.013496469147867, 25.447665998179446 ], [ 87.020385469154462, 25.45199999818351 ], [ 87.03180746916496, 25.452443998183981 ], [ 87.038498469171145, 25.445443998177325 ], [ 87.048919469180873, 25.417193998151106 ], [ 87.05161246918351, 25.415193998149334 ], [ 87.059944469191123, 25.414054998148231 ], [ 87.063468469194504, 25.415193998149334 ], [ 87.090332469219447, 25.439805998172233 ], [ 87.102058469230542, 25.442138998174414 ], [ 87.112442469240023, 25.441943998174111 ], [ 87.114608469242057, 25.441888998174136 ], [ 87.125221469251983, 25.434527998167141 ], [ 87.133224469259403, 25.436360998168993 ], [ 87.138748469264556, 25.435527998168254 ], [ 87.150665469275737, 25.430694998163744 ], [ 87.155250469279963, 25.431388998164266 ], [ 87.14355446926902, 25.438943998171453 ], [ 87.143470469269005, 25.442527998174683 ], [ 87.1522524692773, 25.435472998168052 ], [ 87.15892046928343, 25.43394499816668 ], [ 87.16477946928876, 25.434998998167657 ], [ 87.171447469295117, 25.438582998171114 ], [ 87.183502469306404, 25.448277998179947 ], [ 87.190834469313131, 25.451388998182892 ], [ 87.207694469328771, 25.453944998185307 ], [ 87.211112469331965, 25.452109998183687 ], [ 87.215278469335999, 25.440499998172754 ], [ 87.216499469337123, 25.437139998169641 ], [ 87.222641469342761, 25.428887998162054 ], [ 87.226280469346193, 25.432332998165293 ], [ 87.22914146934886, 25.428443998161583 ], [ 87.235610469354924, 25.426305998159478 ], [ 87.235885469355026, 25.426194998159417 ], [ 87.236305469355557, 25.426055998159427 ], [ 87.236915469356063, 25.425860998159123 ], [ 87.248611469367006, 25.4220279981555 ], [ 87.253891469371865, 25.420749998154406 ], [ 87.262970469380207, 25.421054998154659 ], [ 87.272224469388902, 25.425138998158445 ], [ 87.328666469441487, 25.459805998190859 ], [ 87.334587469447115, 25.462110998192884 ], [ 87.340614469452703, 25.461471998192337 ], [ 87.349945469461318, 25.456693998187802 ], [ 87.364944469475176, 25.444278998176287 ], [ 87.376815469486246, 25.439837998172152 ] ], [ [ 86.92852746906874, 25.474000998204019 ], [ 86.925331469065895, 25.475583998205366 ], [ 86.915000469056167, 25.472999998203022 ], [ 86.912528469053996, 25.475194998205097 ], [ 86.898475469040932, 25.468972998199206 ], [ 86.892135469034883, 25.466166998196741 ], [ 86.894142469036751, 25.458278998189371 ], [ 86.88925146903216, 25.446832998178706 ], [ 86.891502469034322, 25.444859998176753 ], [ 86.910636469052179, 25.452027998183439 ], [ 86.914329469055701, 25.445777998177618 ], [ 86.922973469063663, 25.446526998178342 ], [ 86.930999469071139, 25.44941699818105 ], [ 86.933975469073857, 25.448667998180326 ], [ 86.937858469077582, 25.441583998173883 ], [ 86.92933646906954, 25.437444998169894 ], [ 86.934303469074166, 25.434499998167212 ], [ 86.940551469079992, 25.433444998166124 ], [ 86.950805469089573, 25.437194998169616 ], [ 86.951637469090429, 25.437499998170097 ], [ 86.955108469093602, 25.436749998169262 ], [ 86.957084469095435, 25.433720998166564 ], [ 86.954330469092838, 25.427472998160738 ], [ 86.953224469091765, 25.42497299815841 ], [ 86.954750469093369, 25.422832998156309 ], [ 86.95850346909674, 25.42333399815675 ], [ 86.964836469102693, 25.429860998162894 ], [ 86.970726469108058, 25.431777998164762 ], [ 86.977279469114137, 25.416333998150321 ], [ 86.982559469119224, 25.414666998148732 ], [ 86.992057469127985, 25.414332998148438 ], [ 86.997001469132556, 25.415444998149496 ], [ 87.007163469142142, 25.425221998158577 ], [ 87.010002469144638, 25.425971998159184 ], [ 87.017387469151572, 25.419137998153019 ], [ 87.041053469173676, 25.418111998151971 ], [ 87.034469469167561, 25.443694998175715 ], [ 87.03083046916413, 25.445498998177527 ], [ 87.025001469158724, 25.445083998177097 ], [ 87.010169469144785, 25.440749998173033 ], [ 87.006362469141322, 25.438971998171382 ], [ 86.998832469134413, 25.43122299816423 ], [ 86.9946134691304, 25.430528998163481 ], [ 86.99069246912677, 25.431277998164205 ], [ 86.988441469124609, 25.433665998166362 ], [ 86.988029469124285, 25.434138998166873 ], [ 86.985862469122139, 25.448777998180503 ], [ 86.983139469119806, 25.456054998187255 ], [ 86.977333469114228, 25.462165998193086 ], [ 86.973915469111034, 25.463555998194352 ], [ 86.962997469100856, 25.46394499819462 ], [ 86.954719469093334, 25.46086099819172 ], [ 86.950416469089305, 25.458026998189098 ], [ 86.947166469086142, 25.452443998183981 ], [ 86.941780469081095, 25.451360998182963 ], [ 86.937194469076985, 25.453221998184745 ], [ 86.934585469074591, 25.457110998188227 ], [ 86.932891469072956, 25.46666699819707 ], [ 86.92852746906874, 25.474000998204019 ] ] ] ] } },
{ "type": "Feature", "properties": { "ISO": "IND", "COUNTRY": "India", "F_CODE_DES": "Inland Water", "HYC_DESCRI": "Perennial/Permanent", "NAME": "UNK" }, "geometry": { "type": "MultiPolygon", "coordinates": [ [ [ [ 87.768028469850606, 25.467971998198436 ], [ 87.758834469842213, 25.465388998195976 ], [ 87.747001469831048, 25.466277998196801 ], [ 87.740417469824934, 25.469304998199732 ], [ 87.737640469822281, 25.474694998204541 ], [ 87.742553469827044, 25.479777998209329 ], [ 87.741386469825784, 25.474971998204865 ], [ 87.742858469827297, 25.472165998202399 ], [ 87.750892469834753, 25.469304998199732 ], [ 87.768028469850606, 25.467971998198436 ] ] ] ] } },
{ "type": "Feature", "properties": { "ISO": "IND", "COUNTRY": "India", "F_CODE_DES": "Land Subject to Inundation", "HYC_DESCRI": "Non-Perennial/Intermittent/Fluctuating", "NAME": null }, "geometry": { "type": "MultiPolygon", "coordinates": [ [ [ [ 87.541557469639656, 25.46075099819177 ], [ 87.542053469640223, 25.456693998187802 ], [ 87.549079469646813, 25.447970998179699 ], [ 87.552002469649551, 25.445332998177264 ], [ 87.557975469655048, 25.4436109981757 ], [ 87.577247469673011, 25.428916998162094 ], [ 87.580108469675679, 25.424998998158344 ], [ 87.580696469676241, 25.41313899814736 ], [ 87.579086469674621, 25.41058399814483 ], [ 87.575775469671726, 25.410388998144754 ], [ 87.568946469665207, 25.414332998148438 ], [ 87.559219469656227, 25.419915998153556 ], [ 87.544387469642515, 25.434388998167151 ], [ 87.525413469624709, 25.46580499819629 ], [ 87.525192469624471, 25.473166998203169 ], [ 87.525474469624896, 25.473611998203751 ], [ 87.541557469639656, 25.46075099819177 ] ] ] ] } },
{ "type": "Feature", "properties": { "ISO": "IND", "COUNTRY": "India", "F_CODE_DES": "Land Subject to Inundation", "HYC_DESCRI": "Non-Perennial/Intermittent/Fluctuating", "NAME": null }, "geometry": { "type": "MultiPolygon", "coordinates": [ [ [ [ 87.579086469674621, 25.41058399814483 ], [ 87.580696469676241, 25.41313899814736 ], [ 87.580108469675679, 25.424998998158344 ], [ 87.577247469673011, 25.428916998162094 ], [ 87.557975469655048, 25.4436109981757 ], [ 87.552002469649551, 25.445332998177264 ], [ 87.549079469646813, 25.447970998179699 ], [ 87.542053469640223, 25.456693998187802 ], [ 87.541557469639656, 25.46075099819177 ], [ 87.546806469644707, 25.464055998194681 ], [ 87.551246469648731, 25.454389998185661 ], [ 87.558525469655478, 25.44633299817815 ], [ 87.576751469672445, 25.434249998166933 ], [ 87.581611469677, 25.429500998162666 ], [ 87.583999469679384, 25.413804998147953 ], [ 87.580863469676387, 25.410693998145007 ], [ 87.579086469674621, 25.41058399814483 ] ] ] ] } },
{ "type": "Feature", "properties": { "ISO": "IND", "COUNTRY": "India", "F_CODE_DES": "Inland Water", "HYC_DESCRI": "Perennial/Permanent", "NAME": "UNK" }, "geometry": { "type": "MultiPolygon", "coordinates": [ [ [ [ 87.123695469250606, 25.458055998189138 ], [ 87.137725469263614, 25.449082998180756 ], [ 87.136444469262415, 25.446610998178585 ], [ 87.1230854692501, 25.454694998185914 ], [ 87.119613469246815, 25.4552229981864 ], [ 87.114135469241774, 25.452054998183485 ], [ 87.113250469240938, 25.453360998184735 ], [ 87.118614469245813, 25.458859998189837 ], [ 87.123695469250606, 25.458055998189138 ] ] ] ] } },
{ "type": "Feature", "properties": { "ISO": "IND", "COUNTRY": "India", "F_CODE_DES": "Inland Water", "HYC_DESCRI": "Non-Perennial/Intermittent/Fluctuating", "NAME": "GANGA GANGES" }, "geometry": { "type": "MultiPolygon", "coordinates": [ [ [ [ 87.379135469488574, 25.419026998152731 ], [ 87.374832469484545, 25.416221998150149 ], [ 87.364639469474923, 25.417054998150888 ], [ 87.362945469473516, 25.420499998154128 ], [ 87.363723469474053, 25.422582998156031 ], [ 87.380500469489789, 25.423415998156997 ], [ 87.389556469498302, 25.433221998166118 ], [ 87.394554469502964, 25.435361998167991 ], [ 87.400276469508299, 25.433860998166665 ], [ 87.396163469504245, 25.430221998163233 ], [ 87.396614469504811, 25.424499998157899 ], [ 87.395362469503652, 25.422860998156466 ], [ 87.386390469495154, 25.419610998153303 ], [ 87.379135469488574, 25.419026998152731 ] ] ] ] } },
{ "type": "Feature", "properties": { "ISO": "IND", "COUNTRY": "India", "F_CODE_DES": "Inland Water", "HYC_DESCRI": "Perennial/Permanent", "NAME": "UNK" }, "geometry": { "type": "MultiPolygon", "coordinates": [ [ [ [ 87.60761246970128, 25.411666998145847 ], [ 87.602058469696203, 25.407443998142071 ], [ 87.600501469694564, 25.408776998143367 ], [ 87.606445469700247, 25.416778998150676 ], [ 87.601860469696021, 25.427722998160789 ], [ 87.602973469696963, 25.431277998164205 ], [ 87.603858469697798, 25.429915998162869 ], [ 87.608169469701807, 25.423249998156734 ], [ 87.609695469703183, 25.416444998150382 ], [ 87.608612469702166, 25.41394399814817 ], [ 87.60761246970128, 25.411666998145847 ] ] ] ] } },
{ "type": "Feature", "properties": { "ISO": "IND", "COUNTRY": "India", "F_CODE_DES": "Inland Water", "HYC_DESCRI": "Non-Perennial/Intermittent/Fluctuating", "NAME": "GANGA GANGES" }, "geometry": { "type": "MultiPolygon", "coordinates": [ [ [ [ 87.420829469527234, 25.410472998144769 ], [ 87.40402946951167, 25.398860998134069 ], [ 87.399246469507261, 25.399304998134539 ], [ 87.388526469497265, 25.400304998135425 ], [ 87.382835469491965, 25.403165998138093 ], [ 87.374420469484221, 25.407388998141869 ], [ 87.378807469488265, 25.411637998146034 ], [ 87.385246469494177, 25.415221998149264 ], [ 87.401527469509347, 25.420304998154052 ], [ 87.408470469515805, 25.429526998162601 ], [ 87.430610469536532, 25.430583998163456 ], [ 87.436943469542257, 25.426970998160186 ], [ 87.44019346954542, 25.426833998159964 ], [ 87.44330546954825, 25.423554998156987 ], [ 87.435668469541042, 25.419415998153227 ], [ 87.431274469537129, 25.414721998148707 ], [ 87.420829469527234, 25.410472998144769 ] ] ] ] } },
{ "type": "Feature", "properties": { "ISO": "IND", "COUNTRY": "India", "F_CODE_DES": "Inland Water", "HYC_DESCRI": "Perennial/Permanent", "NAME": "UNK" }, "geometry": { "type": "MultiPolygon", "coordinates": [ [ [ [ 87.991363470058786, 25.641694998360208 ], [ 87.989250470056732, 25.639472998358087 ], [ 87.987030470054606, 25.641665998360168 ], [ 87.988136470055679, 25.643109998361524 ], [ 87.992530470059819, 25.648833998366854 ], [ 87.989585470057136, 25.655305998372796 ], [ 87.990692470058093, 25.658860998376213 ], [ 87.99441547006154, 25.658471998375717 ], [ 87.998863470065771, 25.649638998367664 ], [ 87.991363470058786, 25.641694998360208 ] ] ] ] } },
{ "type": "Feature", "properties": { "ISO": "IND", "COUNTRY": "India", "F_CODE_DES": "Inland Water", "HYC_DESCRI": "Non-Perennial/Intermittent/Fluctuating", "NAME": "UNK" }, "geometry": { "type": "MultiPolygon", "coordinates": [ [ [ [ 87.210472469331307, 25.332776998072404 ], [ 87.206916469328007, 25.331221998070987 ], [ 87.198806469320516, 25.331306998071113 ], [ 87.187469469309917, 25.320416998060864 ], [ 87.187583469310084, 25.324527998064696 ], [ 87.195808469317853, 25.331832998071604 ], [ 87.215225469335792, 25.343139998082052 ], [ 87.211364469332239, 25.347527998086207 ], [ 87.188697469311137, 25.354916998093131 ], [ 87.188446469310975, 25.359776998097686 ], [ 87.206832469327992, 25.355527998093748 ], [ 87.21458446933525, 25.352056998090347 ], [ 87.219253469339492, 25.347249998085999 ], [ 87.219970469340296, 25.341887998080892 ], [ 87.217414469337882, 25.337388998076676 ], [ 87.210472469331307, 25.332776998072404 ] ] ] ] } },
{ "type": "Feature", "properties": { "ISO": "IND", "COUNTRY": "India", "F_CODE_DES": "Inland Water", "HYC_DESCRI": "Perennial/Permanent", "NAME": "UNK" }, "geometry": { "type": "MultiPolygon", "coordinates": [ [ [ [ 87.907219886162466, 25.779953517426655 ], [ 87.907246052790583, 25.779406401184396 ], [ 87.907244422515532, 25.779311058305854 ], [ 87.907108289575291, 25.779312966395675 ], [ 87.906983779742191, 25.779357242408775 ], [ 87.906828201660673, 25.779416131290507 ], [ 87.906641798502747, 25.779503806212858 ], [ 87.906485736521816, 25.77953434723722 ], [ 87.906298848434972, 25.779593674242154 ], [ 87.906236956087, 25.779637072302293 ], [ 87.906113413486722, 25.77973804253217 ], [ 87.906036835579371, 25.779838355660818 ], [ 87.905976154038186, 25.779952621846846 ], [ 87.905917652196393, 25.780194452097899 ], [ 87.905873594515867, 25.780365194794953 ], [ 87.905829536693403, 25.780535936572633 ], [ 87.905723100304826, 25.78072173051455 ], [ 87.905693243515984, 25.78080721056277 ], [ 87.905647958709508, 25.780873894755587 ], [ 87.90685981385883, 25.780919442573303 ], [ 87.907219886162466, 25.779953517426655 ] ] ], [ [ [ 87.917041129528698, 25.772675608981526 ], [ 87.919281469991574, 25.772812894588821 ], [ 87.919281469991574, 25.771333998480941 ], [ 87.916221469988614, 25.771249998480926 ], [ 87.914033409819751, 25.772625640013018 ], [ 87.917041129528698, 25.772675608981526 ] ] ] ] } },
{ "type": "Feature", "properties": { "ISO": "IND", "COUNTRY": "India", "F_CODE_DES": "Inland Water", "HYC_DESCRI": "Perennial/Permanent", "NAME": "UNK" }, "geometry": { "type": "MultiPolygon", "coordinates": [ [ [ [ 87.915336469987778, 25.712110998425715 ], [ 87.914497469987055, 25.709388998423265 ], [ 87.9131084699859, 25.709666998423472 ], [ 87.909362469982398, 25.718694998431829 ], [ 87.910003469982939, 25.721860998434749 ], [ 87.915946469988512, 25.728999998441395 ], [ 87.920524469992642, 25.731971998444351 ], [ 87.921836469993877, 25.729804998442205 ], [ 87.912887469985662, 25.719193998432274 ], [ 87.915336469987778, 25.712110998425715 ] ] ] ] } },
{ "type": "Feature", "properties": { "ISO": "IND", "COUNTRY": "India", "F_CODE_DES": "Inland Water", "HYC_DESCRI": "Perennial/Permanent", "NAME": "UNK" }, "geometry": { "type": "MultiPolygon", "coordinates": [ [ [ [ 88.018632593460865, 25.69755227407024 ], [ 88.018631440147416, 25.697488286108108 ], [ 88.018641480476319, 25.697392130467204 ], [ 88.018663676523346, 25.697317130883661 ], [ 88.018685872526177, 25.697242130393491 ], [ 88.018754958324465, 25.69715576814794 ], [ 88.018785887067736, 25.69711710578871 ], [ 88.018949215987007, 25.695944796763342 ], [ 88.019040197524546, 25.695747673412384 ], [ 88.019046812137191, 25.695711347450569 ], [ 88.019056660730755, 25.695604527541846 ], [ 88.019066892803295, 25.695519036066649 ], [ 88.019076932630057, 25.695422881282635 ], [ 88.019099320267927, 25.695358544927625 ], [ 88.019133286706079, 25.695283370155376 ], [ 88.01915509652892, 25.695187041174684 ], [ 88.01918944741287, 25.695133195711804 ], [ 88.019258916162855, 25.69506816253438 ], [ 88.019328770404172, 25.695024459534643 ], [ 88.019398623581509, 25.694980755613052 ], [ 88.019413669389024, 25.694972667847875 ], [ 88.019530290727744, 25.694739841365564 ], [ 88.019699190055107, 25.694555287871278 ], [ 88.020095788100122, 25.69426333099824 ], [ 88.020251032627684, 25.694200307871434 ], [ 88.020303061389185, 25.69420997877419 ], [ 88.020374838407989, 25.69427292007202 ], [ 88.020436383527397, 25.694421352929794 ], [ 88.020466462971882, 25.694434427397198 ], [ 88.0212784700866, 25.691360998406481 ], [ 88.017974470083573, 25.686000998401369 ], [ 88.016525470082115, 25.69430499840928 ], [ 88.000190470066855, 25.711720998425335 ], [ 88.001220470067892, 25.713555998427182 ], [ 88.008529470074564, 25.710500998424322 ], [ 88.011474470077474, 25.704249998418391 ], [ 88.018648189160629, 25.697668285278983 ], [ 88.018632593460865, 25.69755227407024 ] ] ] ] } },
{ "type": "Feature", "properties": { "ISO": "IND", "COUNTRY": "India", "F_CODE_DES": "Inland Water", "HYC_DESCRI": "Perennial/Permanent", "NAME": "UNK" }, "geometry": { "type": "MultiPolygon", "coordinates": [ [ [ [ 87.979225470047368, 25.666528998383228 ], [ 87.981002470049134, 25.660748998377812 ], [ 87.984222470051918, 25.664193998381052 ], [ 87.985496470053249, 25.662026998379133 ], [ 87.982391470050288, 25.656026998373591 ], [ 87.976135470044483, 25.656499998373874 ], [ 87.973030470041522, 25.659804998377012 ], [ 87.979225470047368, 25.666528998383228 ] ] ] ] } },
{ "type": "Feature", "properties": { "ISO": "IND", "COUNTRY": "India", "F_CODE_DES": "Inland Water", "HYC_DESCRI": "Non-Perennial/Intermittent/Fluctuating", "NAME": "GANGA GANGES" }, "geometry": { "type": "MultiPolygon", "coordinates": [ [ [ [ 87.327415469440439, 25.416749998150635 ], [ 87.330863469443557, 25.415360998149481 ], [ 87.337860469450106, 25.416360998150367 ], [ 87.337913469450086, 25.412555998146672 ], [ 87.334274469446655, 25.40911099814366 ], [ 87.326973469439963, 25.406833998141337 ], [ 87.322776469436121, 25.401500998136498 ], [ 87.325225469438237, 25.398665998133765 ], [ 87.317581469431161, 25.39472199813008 ], [ 87.296447469411532, 25.374389998111155 ], [ 87.292030469407337, 25.373916998110872 ], [ 87.289192469404725, 25.378055998114633 ], [ 87.29055746940594, 25.381139998117533 ], [ 87.291496469406866, 25.383222998119436 ], [ 87.298919469413704, 25.388026998123905 ], [ 87.311470469425558, 25.408471998142886 ], [ 87.327415469440439, 25.416749998150635 ] ] ] ] } },
{ "type": "Feature", "properties": { "ISO": "IND", "COUNTRY": "India", "F_CODE_DES": "Inland Water", "HYC_DESCRI": "Non-Perennial/Intermittent/Fluctuating", "NAME": "GANGA GANGES" }, "geometry": { "type": "MultiPolygon", "coordinates": [ [ [ [ 87.300582469415303, 25.398749998134008 ], [ 87.295135469410297, 25.391332998126927 ], [ 87.293052469408394, 25.391639998127403 ], [ 87.300857469415632, 25.410138998144475 ], [ 87.30425246941877, 25.413388998147639 ], [ 87.307281469421469, 25.413083998147158 ], [ 87.300582469415303, 25.398749998134008 ] ] ] ] } },
{ "type": "Feature", "properties": { "ISO": "IND", "COUNTRY": "India", "F_CODE_DES": "Inland Water", "HYC_DESCRI": "Non-Perennial/Intermittent/Fluctuating", "NAME": "GANGA GANGES" }, "geometry": { "type": "MultiPolygon", "coordinates": [ [ [ [ 87.514083469614206, 25.371165998108154 ], [ 87.486526469588625, 25.383222998119436 ], [ 87.435165469540607, 25.398721998133851 ], [ 87.436607469541968, 25.399943998135086 ], [ 87.438140469543441, 25.407693998142349 ], [ 87.440330469545415, 25.409526998143974 ], [ 87.444969469549733, 25.409749998144207 ], [ 87.450920469555285, 25.412276998146581 ], [ 87.453475469557816, 25.411971998146328 ], [ 87.449996469554435, 25.406278998141033 ], [ 87.461586469565191, 25.411860998146039 ], [ 87.467613469571006, 25.411637998146034 ], [ 87.482971469585209, 25.406804998141524 ], [ 87.497863469598997, 25.397166998132434 ], [ 87.496528469597934, 25.393193998128709 ], [ 87.514083469614206, 25.371165998108154 ] ] ] ] } },
{ "type": "Feature", "properties": { "ISO": "IND", "COUNTRY": "India", "F_CODE_DES": "Inland Water", "HYC_DESCRI": "Non-Perennial/Intermittent/Fluctuating", "NAME": "UNK" }, "geometry": { "type": "MultiPolygon", "coordinates": [ [ [ [ 87.756668469840179, 25.402276998137268 ], [ 87.75897246984232, 25.392693998128379 ], [ 87.747024469831103, 25.395915998131386 ], [ 87.744224469828623, 25.399833998134909 ], [ 87.749191469833249, 25.406833998141337 ], [ 87.757003469840356, 25.409471998143999 ], [ 87.756668469840179, 25.402276998137268 ] ] ] ] } },
{ "type": "Feature", "properties": { "ISO": "IND", "COUNTRY": "India", "F_CODE_DES": "Inland Water", "HYC_DESCRI": "Non-Perennial/Intermittent/Fluctuating", "NAME": "GANGA GANGES" }, "geometry": { "type": "MultiPolygon", "coordinates": [ [ [ [ 87.563858469660545, 25.347249998085999 ], [ 87.554725469652112, 25.350554998089137 ], [ 87.539947469638264, 25.352416998090803 ], [ 87.531219469630059, 25.369666998106823 ], [ 87.523834469623353, 25.375859998112674 ], [ 87.5227204696223, 25.382028998118358 ], [ 87.517364469617178, 25.391526998127119 ], [ 87.524307469623636, 25.391055998126831 ], [ 87.530029469628971, 25.388944998124771 ], [ 87.544303469642273, 25.376111998112947 ], [ 87.564636469661309, 25.349332998087903 ], [ 87.563858469660545, 25.347249998085999 ] ] ] ] } },
{ "type": "Feature", "properties": { "ISO": "IND", "COUNTRY": "India", "F_CODE_DES": "Inland Water", "HYC_DESCRI": "Perennial/Permanent", "NAME": "UNK" }, "geometry": { "type": "MultiPolygon", "coordinates": [ [ [ [ 87.76080346984395, 25.382888998119142 ], [ 87.76219146984522, 25.37819499811485 ], [ 87.761581469844714, 25.374833998111626 ], [ 87.759475469842755, 25.374694998111408 ], [ 87.754974469838544, 25.382277998118525 ], [ 87.751442469835183, 25.381360998117771 ], [ 87.752891469836641, 25.377499998114217 ], [ 87.747695469831797, 25.376248998112942 ], [ 87.746887469831108, 25.378610998115164 ], [ 87.748474469832445, 25.382554998118849 ], [ 87.753555469837238, 25.386777998122852 ], [ 87.757026469840412, 25.386222998122321 ], [ 87.76080346984395, 25.382888998119142 ] ] ] ] } },
{ "type": "Feature", "properties": { "ISO": "IND", "COUNTRY": "India", "F_CODE_DES": "Inland Water", "HYC_DESCRI": "Perennial/Permanent", "NAME": "UNK" }, "geometry": { "type": "MultiPolygon", "coordinates": [ [ [ [ 87.199447469321058, 25.382833998119168 ], [ 87.193031469315201, 25.379693998116181 ], [ 87.198860469320607, 25.385610998121592 ], [ 87.202362469323816, 25.385888998122027 ], [ 87.199447469321058, 25.382833998119168 ] ] ] ] } },
{ "type": "Feature", "properties": { "ISO": "IND", "COUNTRY": "India", "F_CODE_DES": "Inland Water", "HYC_DESCRI": "Non-Perennial/Intermittent/Fluctuating", "NAME": "GANGA GANGES" }, "geometry": { "type": "MultiPolygon", "coordinates": [ [ [ [ 87.572511337345105, 25.333556570616071 ], [ 87.572281609266582, 25.33310272006721 ], [ 87.571997516353434, 25.33275096320159 ], [ 87.571435827546026, 25.332503921692375 ], [ 87.570933554459629, 25.332509819967928 ], [ 87.569428175655148, 25.33262894358289 ], [ 87.564075612532065, 25.333046728950194 ], [ 87.562388893676172, 25.332855346817158 ], [ 87.561931839472791, 25.332649520304756 ], [ 87.561703653443132, 25.33253983849038 ], [ 87.561413138944914, 25.332393433969212 ], [ 87.561164354045033, 25.332283991816396 ], [ 87.560935375710912, 25.332118144289531 ], [ 87.560748654727774, 25.332026700679894 ], [ 87.560623734357478, 25.331934535626328 ], [ 87.560499342200714, 25.331879814381665 ], [ 87.5603340160946, 25.331844294343025 ], [ 87.560210417517382, 25.331845736451037 ], [ 87.559757753463842, 25.331888466257389 ], [ 87.558853745584955, 25.332067528232965 ], [ 87.557805536133102, 25.332248264620887 ], [ 87.557475147636154, 25.332195939706139 ], [ 87.557227686699605, 25.332180098308164 ], [ 87.556784885729058, 25.332122490326032 ], [ 87.556607055932233, 25.332000079383668 ], [ 87.556481610068133, 25.331870468646429 ], [ 87.556189520676966, 25.331611725476456 ], [ 87.555920406255609, 25.331521234668969 ], [ 87.555611147771629, 25.331506108778445 ], [ 87.555220546198086, 25.331566826803051 ], [ 87.555056276681057, 25.331606186766816 ], [ 87.55464507376081, 25.331667142853117 ], [ 87.55455808926169, 25.33168136024544 ], [ 87.549140469646773, 25.340444998079647 ], [ 87.548835469646519, 25.344028998082877 ], [ 87.554496469651895, 25.346137998084942 ], [ 87.56119546965806, 25.345027998083879 ], [ 87.564002469660636, 25.340693998079814 ], [ 87.570137469666406, 25.337916998077162 ], [ 87.573231356003205, 25.335089063382519 ], [ 87.572511337345105, 25.333556570616071 ] ] ] ] } },
{ "type": "Feature", "properties": { "ISO": "IND", "COUNTRY": "India", "F_CODE_DES": "Inland Water", "HYC_DESCRI": "Perennial/Permanent", "NAME": "UNK" }, "geometry": { "type": "MultiPolygon", "coordinates": [ [ [ [ 87.611358469704783, 25.334805998074444 ], [ 87.609947469703457, 25.334222998073756 ], [ 87.602416469696436, 25.342137998081171 ], [ 87.605835469699741, 25.345387998084334 ], [ 87.61105346970453, 25.33799899807741 ], [ 87.611358469704783, 25.334805998074444 ] ] ] ] } },
{ "type": "Feature", "properties": { "ISO": "IND", "COUNTRY": "India", "F_CODE_DES": "Inland Water", "HYC_DESCRI": "Non-Perennial/Intermittent/Fluctuating", "NAME": "GANGA GANGES" }, "geometry": { "type": "MultiPolygon", "coordinates": [ [ [ [ 87.246055469364592, 25.333360998072976 ], [ 87.240386469359237, 25.331471998071265 ], [ 87.229309469348891, 25.322804998063248 ], [ 87.230026469349696, 25.32847199806838 ], [ 87.233360469352647, 25.335526998075011 ], [ 87.242332469361145, 25.338361998077744 ], [ 87.248108469366571, 25.343026998081996 ], [ 87.252357469370509, 25.344554998083368 ], [ 87.253555469371577, 25.340278998079384 ], [ 87.251777469369927, 25.336749998076129 ], [ 87.246055469364592, 25.333360998072976 ] ] ] ] } },
{ "type": "Feature", "properties": { "ISO": "IND", "COUNTRY": "India", "F_CODE_DES": "Inland Water", "HYC_DESCRI": "Non-Perennial/Intermittent/Fluctuating", "NAME": "GANGA GANGES" }, "geometry": { "type": "MultiPolygon", "coordinates": [ [ [ [ 87.622675583681541, 25.313587881307143 ], [ 87.62223141920353, 25.313745439788569 ], [ 87.621899595058991, 25.313952366365928 ], [ 87.621625796696108, 25.314310774459958 ], [ 87.621407053164774, 25.314617787947903 ], [ 87.621189793036251, 25.315026238894617 ], [ 87.621028331624728, 25.315434015809291 ], [ 87.620922669478617, 25.315841117073429 ], [ 87.62048294712821, 25.316302984460854 ], [ 87.61987359375965, 25.316614715990127 ], [ 87.619846780530679, 25.31664510220282 ], [ 87.618882223195996, 25.3173292014745 ], [ 87.618261744825531, 25.316880140319611 ], [ 87.618033356713482, 25.31652780060357 ], [ 87.617749168400792, 25.316176133910911 ], [ 87.617351901684259, 25.315724375262938 ], [ 87.616788718349341, 25.315376072417099 ], [ 87.616394417856341, 25.315127187726933 ], [ 87.615833460101499, 25.314931038368236 ], [ 87.615050046247219, 25.314788295614573 ], [ 87.61460143043746, 25.31464151618766 ], [ 87.614430334904654, 25.314389937416017 ], [ 87.614143206226728, 25.313835387035716 ], [ 87.613859036796683, 25.313483713613238 ], [ 87.613684988219731, 25.313029257355502 ], [ 87.613568955896213, 25.312726285509683 ], [ 87.613488382636916, 25.312549995905854 ], [ 87.610496469704003, 25.317082998057913 ], [ 87.606086469699903, 25.321500998061993 ], [ 87.585195166296842, 25.331741368970505 ], [ 87.585213872568701, 25.3318848918322 ], [ 87.585385659725333, 25.332187224884809 ], [ 87.585559628445736, 25.332641715503819 ], [ 87.585637907652966, 25.332738618338109 ], [ 87.595222469689816, 25.332694998072384 ], [ 87.6119694697054, 25.328027998068137 ], [ 87.616447469709556, 25.319804998060363 ], [ 87.622779469715397, 25.315970998056855 ], [ 87.624359832471342, 25.312979035683014 ], [ 87.622675583681541, 25.313587881307143 ] ] ] ] } },
{ "type": "Feature", "properties": { "ISO": "IND", "COUNTRY": "India", "F_CODE_DES": "Inland Water", "HYC_DESCRI": "Non-Perennial/Intermittent/Fluctuating", "NAME": "UNK" }, "geometry": { "type": "MultiPolygon", "coordinates": [ [ [ [ 87.674774469763861, 25.319804998060363 ], [ 87.679336469768032, 25.313277998054218 ], [ 87.679031469767779, 25.311610998052856 ], [ 87.672553469761851, 25.312499998053681 ], [ 87.655052469745442, 25.320388998060935 ], [ 87.646552469737571, 25.322639998063096 ], [ 87.632919469724811, 25.328666998068684 ], [ 87.631614469723672, 25.330832998070719 ], [ 87.644363469735481, 25.33011099807004 ], [ 87.674774469763861, 25.319804998060363 ] ] ] ] } },
{ "type": "Feature", "properties": { "ISO": "IND", "COUNTRY": "India", "F_CODE_DES": "Inland Water", "HYC_DESCRI": "Perennial/Permanent", "NAME": "UNK" }, "geometry": { "type": "MultiPolygon", "coordinates": [ [ [ [ 87.379974469489298, 25.304471998046211 ], [ 87.380302469489607, 25.3030549980449 ], [ 87.374420469484221, 25.30047199804244 ], [ 87.371612469481533, 25.299722998041716 ], [ 87.363609469474113, 25.302777998044576 ], [ 87.352279469463383, 25.298778998040916 ], [ 87.34219346945406, 25.301694998043558 ], [ 87.338836469451053, 25.304360998045922 ], [ 87.338722469450886, 25.30711199804864 ], [ 87.349639469460953, 25.302054998043786 ], [ 87.355003469466055, 25.302054998043786 ], [ 87.360748469471446, 25.30627799804779 ], [ 87.360107469470677, 25.311526998052614 ], [ 87.368720469478831, 25.30416699804573 ], [ 87.372947469482824, 25.303332998045107 ], [ 87.357330469468252, 25.318665998059259 ], [ 87.357139469467938, 25.323277998063531 ], [ 87.367111469477322, 25.311639998052897 ], [ 87.372024469481858, 25.308915998050225 ], [ 87.379974469489298, 25.304471998046211 ] ] ] ] } },
{ "type": "Feature", "properties": { "ISO": "IND", "COUNTRY": "India", "F_CODE_DES": "Inland Water", "HYC_DESCRI": "Perennial/Permanent", "NAME": "UNK" }, "geometry": { "type": "MultiPolygon", "coordinates": [ [ [ [ 87.349609469461029, 25.321916998062306 ], [ 87.35314146946439, 25.312694998053757 ], [ 87.34535946945698, 25.310222998051358 ], [ 87.342109469454044, 25.31499999805601 ], [ 87.346946469458544, 25.314387998055281 ], [ 87.348663469460007, 25.316443998057366 ], [ 87.347663469459121, 25.320083998060682 ], [ 87.349609469461029, 25.321916998062306 ] ] ] ] } },
{ "type": "Feature", "properties": { "ISO": "IND", "COUNTRY": "India", "F_CODE_DES": "Inland Water", "HYC_DESCRI": "Non-Perennial/Intermittent/Fluctuating", "NAME": "UNK" }, "geometry": { "type": "MultiPolygon", "coordinates": [ [ [ [ 87.698230783077392, 25.301788617789946 ], [ 87.698475144155879, 25.302076384361126 ], [ 87.698557709410707, 25.302245005677509 ], [ 87.698666561968324, 25.30238905752072 ], [ 87.698776155516541, 25.302581574827908 ], [ 87.698777266609383, 25.302654273145876 ], [ 87.698779118461417, 25.302775438815207 ], [ 87.698675820628296, 25.30299488226245 ], [ 87.698543272580466, 25.303045031955648 ], [ 87.698491437727299, 25.303142637224333 ], [ 87.69859955034903, 25.303238222672235 ], [ 87.698732840308992, 25.30323653936394 ], [ 87.698894638830097, 25.303355684016843 ], [ 87.698890489403908, 25.303371715337352 ], [ 87.698755326463186, 25.303414576989294 ], [ 87.696608789447239, 25.305369350480252 ], [ 87.69611050718062, 25.305629276860216 ], [ 87.694324297889111, 25.305601063852421 ], [ 87.690760279830329, 25.305413122018535 ], [ 87.685324527632915, 25.308285546253661 ], [ 87.685325536284466, 25.308352029290177 ], [ 87.685723805403185, 25.308854319814696 ], [ 87.686171717034966, 25.308950159290994 ], [ 87.686450698970319, 25.308946660089074 ], [ 87.686893989610013, 25.308738185178331 ], [ 87.687280712804409, 25.308479691040606 ], [ 87.687720919242579, 25.308068338531214 ], [ 87.688336216773564, 25.308162070952719 ], [ 87.689068505669113, 25.308609429127479 ], [ 87.690808995742941, 25.309297751748968 ], [ 87.691596324861777, 25.30969367747532 ], [ 87.691931877766208, 25.309740183853059 ], [ 87.692266658498284, 25.309735971389184 ], [ 87.692600666631236, 25.309681040089085 ], [ 87.692769602213289, 25.309780370200603 ], [ 87.692942401740197, 25.310133294020869 ], [ 87.692944719940783, 25.310285450004422 ], [ 87.692782737483228, 25.310642588057725 ], [ 87.679850741026613, 25.311533407487453 ], [ 87.679077610631495, 25.311586615753892 ], [ 87.679031469767779, 25.311610998052856 ], [ 87.679336469768032, 25.313277998054218 ], [ 87.674774469763861, 25.319804998060363 ], [ 87.687919469776034, 25.317805998058475 ], [ 87.704414469791345, 25.303416998045122 ], [ 87.704559469791548, 25.301721998043604 ], [ 87.698059469785449, 25.301555998043341 ], [ 87.697957497376862, 25.301609883505204 ], [ 87.698230783077392, 25.301788617789946 ] ] ] ] } },
{ "type": "Feature", "properties": { "ISO": "IND", "COUNTRY": "India", "F_CODE_DES": "Inland Water", "HYC_DESCRI": "Non-Perennial/Intermittent/Fluctuating", "NAME": "GANGA GANGES" }, "geometry": { "type": "MultiPolygon", "coordinates": [ [ [ [ 87.697480654043531, 25.293031348602309 ], [ 87.697649570121683, 25.293130672941402 ], [ 87.697987403135244, 25.293329321930948 ], [ 87.698436040324282, 25.293475842226968 ], [ 87.698661522412564, 25.293625179744417 ], [ 87.698889330528147, 25.293926672704799 ], [ 87.699116363543197, 25.29417744642365 ], [ 87.699399963805007, 25.294478233782097 ], [ 87.700023732500625, 25.295129820628002 ], [ 87.700307336319113, 25.295430606228855 ], [ 87.700479361515548, 25.295732801945086 ], [ 87.700541358999644, 25.296137845964683 ], [ 87.700538020814093, 25.296141749407873 ], [ 87.709747469796412, 25.298749998040876 ], [ 87.712997469799348, 25.298778998040916 ], [ 87.712448469799028, 25.296748998038993 ], [ 87.706497469793476, 25.293805998036078 ], [ 87.697364469784816, 25.292499998035055 ], [ 87.697475024301198, 25.293027619916799 ], [ 87.697480654043531, 25.293031348602309 ] ] ] ] } },
{ "type": "Feature", "properties": { "ISO": "IND", "COUNTRY": "India", "F_CODE_DES": "Inland Water", "HYC_DESCRI": "Non-Perennial/Intermittent/Fluctuating", "NAME": "GANGA GANGES" }, "geometry": { "type": "MultiPolygon", "coordinates": [ [ [ [ 87.694767415756857, 25.28342717940469 ], [ 87.694490812373544, 25.283582850482802 ], [ 87.694325778174374, 25.28373711519172 ], [ 87.694051493594245, 25.284044941221723 ], [ 87.694054585747253, 25.284247815935355 ], [ 87.694871593873089, 25.286480893646331 ], [ 87.695640469783257, 25.285582998028531 ], [ 87.695335034496679, 25.283107715918259 ], [ 87.694767415756857, 25.28342717940469 ] ] ] ] } },
{ "type": "Feature", "properties": { "ISO": "IND", "COUNTRY": "India", "F_CODE_DES": "Inland Water", "HYC_DESCRI": "Non-Perennial/Intermittent/Fluctuating", "NAME": "GANGA GANGES" }, "geometry": { "type": "MultiPolygon", "coordinates": [ [ [ [ 87.72769146981318, 25.280694998024046 ], [ 87.720947469806788, 25.275916998019511 ], [ 87.708885469795632, 25.276166998019789 ], [ 87.707191469793997, 25.279637998022963 ], [ 87.701164469788409, 25.284526998027559 ], [ 87.701057469788338, 25.287055998029928 ], [ 87.711441469798046, 25.290666998033203 ], [ 87.724555469810184, 25.292443998034969 ], [ 87.733085469818207, 25.281554998024831 ], [ 87.72769146981318, 25.280694998024046 ] ] ] ] } },
{ "type": "Feature", "properties": { "ISO": "IND", "COUNTRY": "India", "F_CODE_DES": "Inland Water", "HYC_DESCRI": "Non-Perennial/Intermittent/Fluctuating", "NAME": "GANGA GANGES" }, "geometry": { "type": "MultiPolygon", "coordinates": [ [ [ [ 87.74745611845907, 25.262645868959076 ], [ 87.746734276631457, 25.262945068499096 ], [ 87.743716733424122, 25.263119226579544 ], [ 87.742559155778665, 25.262780399946905 ], [ 87.739401481991422, 25.261856081561891 ], [ 87.737771368812403, 25.261065469371221 ], [ 87.732404282543513, 25.260255478538649 ], [ 87.732271674363858, 25.260199104007345 ], [ 87.730958003520229, 25.259707007435068 ], [ 87.729299801875598, 25.259340514471571 ], [ 87.729297736622698, 25.25934009030237 ], [ 87.726501469812092, 25.265750998010162 ], [ 87.725807469811343, 25.270638998014647 ], [ 87.728805469814233, 25.275166998018904 ], [ 87.733253469818237, 25.275611998019258 ], [ 87.752609469836216, 25.267859998012 ], [ 87.758529469841733, 25.262305998006923 ], [ 87.747863469831827, 25.265527998009929 ], [ 87.754812379047394, 25.261452774127299 ], [ 87.74745611845907, 25.262645868959076 ] ] ] ] } },
{ "type": "Feature", "properties": { "ISO": "IND", "COUNTRY": "India", "F_CODE_DES": "Inland Water", "HYC_DESCRI": "Non-Perennial/Intermittent/Fluctuating", "NAME": "GANGA GANGES" }, "geometry": { "type": "MultiPolygon", "coordinates": [ [ [ [ 87.723221696519275, 25.258644704093253 ], [ 87.715803838412313, 25.257268049908451 ], [ 87.715194469801418, 25.25774999800251 ], [ 87.711886817739511, 25.257988138425503 ], [ 87.711897306858987, 25.25809969127971 ], [ 87.712453220408051, 25.268847037798917 ], [ 87.712439224059537, 25.270349260653109 ], [ 87.715614469801949, 25.271249998015264 ], [ 87.719642469805649, 25.268138998012319 ], [ 87.723887224039828, 25.258655699013325 ], [ 87.723221696519275, 25.258644704093253 ] ] ] ] } },
{ "type": "Feature", "properties": { "ISO": "IND", "COUNTRY": "India", "F_CODE_DES": "Inland Water", "HYC_DESCRI": "Non-Perennial/Intermittent/Fluctuating", "NAME": "UNK" }, "geometry": { "type": "MultiPolygon", "coordinates": [ [ [ [ 87.839066729510151, 25.247732998210921 ], [ 87.838769652356376, 25.24760926526821 ], [ 87.83858578734791, 25.247535101110614 ], [ 87.838444271698762, 25.247473138692047 ], [ 87.838302967268191, 25.24742395041655 ], [ 87.838161032747749, 25.247336438214436 ], [ 87.837990164268291, 25.24719820897252 ], [ 87.837889318945372, 25.247046250118014 ], [ 87.837731027970889, 25.246818406763673 ], [ 87.837272305259788, 25.246262432176596 ], [ 87.836944411706071, 25.245973005252587 ], [ 87.836350986499497, 25.245459890638291 ], [ 87.811470469891219, 25.256165998001052 ], [ 87.807251469887206, 25.259915998004544 ], [ 87.80625146988632, 25.262916998007313 ], [ 87.808387469888203, 25.263888998008269 ], [ 87.831779469910089, 25.253415997998673 ], [ 87.838531469916234, 25.248916997994456 ], [ 87.839228394941799, 25.247803782635962 ], [ 87.839066729510151, 25.247732998210921 ] ] ] ] } },
{ "type": "Feature", "properties": { "ISO": "IND", "COUNTRY": "India", "F_CODE_DES": "Inland Water", "HYC_DESCRI": "Non-Perennial/Intermittent/Fluctuating", "NAME": "UNK" }, "geometry": { "type": "MultiPolygon", "coordinates": [ [ [ [ 86.952468469091173, 25.88433299858616 ], [ 86.950752469089593, 25.884055998585836 ], [ 86.945198469084289, 25.883111998585036 ], [ 86.940109469079516, 25.884971998586707 ], [ 86.938003469077557, 25.884194998586054 ], [ 86.930831469070881, 25.886138998587739 ], [ 86.930358469070597, 25.886638998588296 ], [ 86.926803469067181, 25.890498998591966 ], [ 86.928024469068305, 25.891526998592781 ], [ 86.9340594690741, 25.89047199859192 ], [ 86.939025469078615, 25.891999998593292 ], [ 86.948997469087999, 25.896499998597392 ], [ 86.949912469088758, 25.89013899859151 ], [ 86.952468469091173, 25.88433299858616 ] ] ] ] } },
{ "type": "Feature", "properties": { "ISO": "IND", "COUNTRY": "India", "F_CODE_DES": "Inland Water", "HYC_DESCRI": "Non-Perennial/Intermittent/Fluctuating", "NAME": "UNK" }, "geometry": { "type": "MultiPolygon", "coordinates": [ [ [ [ 86.952468469091173, 25.88433299858616 ], [ 86.949912469088758, 25.89013899859151 ], [ 86.948997469087999, 25.896499998597392 ], [ 86.956474469094928, 25.890527998592006 ], [ 86.957496469095759, 25.88755599858905 ], [ 86.95532946909384, 25.883471998585264 ], [ 86.95497146909338, 25.882777998584743 ], [ 86.953498469091983, 25.883693998585613 ], [ 86.952468469091173, 25.88433299858616 ] ] ] ] } },
{ "type": "Feature", "properties": { "ISO": "IND", "COUNTRY": "India", "F_CODE_DES": "Inland Water", "HYC_DESCRI": "Perennial/Permanent", "NAME": "UNK" }, "geometry": { "type": "MultiPolygon", "coordinates": [ [ [ [ 86.81397246896222, 25.866027998569052 ], [ 86.808502468957158, 25.862832998566091 ], [ 86.805473468954233, 25.863555998566881 ], [ 86.810333468958788, 25.867833998570859 ], [ 86.812385468960656, 25.872417998574974 ], [ 86.809753468958206, 25.882443998584449 ], [ 86.810058468958459, 25.889609998591141 ], [ 86.812919468961127, 25.891416998592831 ], [ 86.815414468963581, 25.872722998575227 ], [ 86.81397246896222, 25.866027998569052 ] ] ] ] } },
{ "type": "Feature", "properties": { "ISO": "IND", "COUNTRY": "India", "F_CODE_DES": "Inland Water", "HYC_DESCRI": "Perennial/Permanent", "NAME": "UNK" }, "geometry": { "type": "MultiPolygon", "coordinates": [ [ [ [ 86.685752468842793, 25.852305998556403 ], [ 86.683609468840814, 25.8506949985549 ], [ 86.673721468831445, 25.86049999856391 ], [ 86.674751468832483, 25.862805998566046 ], [ 86.678024468835474, 25.863332998566648 ], [ 86.681915468839179, 25.861527998564952 ], [ 86.682663468839792, 25.856832998560549 ], [ 86.685752468842793, 25.852305998556403 ] ] ] ] } },
{ "type": "Feature", "properties": { "ISO": "IND", "COUNTRY": "India", "F_CODE_DES": "Inland Water", "HYC_DESCRI": "Perennial/Permanent", "NAME": "UNK" }, "geometry": { "type": "MultiPolygon", "coordinates": [ [ [ [ 86.946418469085529, 25.82875099853436 ], [ 86.950080469089016, 25.827361998533206 ], [ 86.955444469093891, 25.827611998533257 ], [ 86.958557469096831, 25.823472998529496 ], [ 86.960861469098973, 25.823194998529289 ], [ 86.971969469109354, 25.826194998531946 ], [ 86.973030469110199, 25.823833998529835 ], [ 86.970169469107532, 25.822444998528454 ], [ 86.966636469104287, 25.816443998523027 ], [ 86.961639469099737, 25.813861998520451 ], [ 86.944305469083474, 25.811944998518811 ], [ 86.943084469082351, 25.816609998523063 ], [ 86.944610469083727, 25.819528998525811 ], [ 86.944168469083479, 25.825250998531146 ], [ 86.946418469085529, 25.82875099853436 ] ] ] ] } },
{ "type": "Feature", "properties": { "ISO": "IND", "COUNTRY": "India", "F_CODE_DES": "Inland Water", "HYC_DESCRI": "Perennial/Permanent", "NAME": "UNK" }, "geometry": { "type": "MultiPolygon", "coordinates": [ [ [ [ 86.954780469093294, 25.79508399850306 ], [ 86.951500469090206, 25.794776998502812 ], [ 86.945198469084289, 25.800277998507909 ], [ 86.946029469085033, 25.802998998510475 ], [ 86.953247469091821, 25.80844499851537 ], [ 86.955024469093587, 25.806054998513218 ], [ 86.955085469093547, 25.80183399850921 ], [ 86.952888469091477, 25.79999899850759 ], [ 86.954917469093516, 25.798055998505788 ], [ 86.954780469093294, 25.79508399850306 ] ] ] ] } },
{ "type": "Feature", "properties": { "ISO": "IND", "COUNTRY": "India", "F_CODE_DES": "Inland Water", "HYC_DESCRI": "Perennial/Permanent", "NAME": "UNK" }, "geometry": { "type": "MultiPolygon", "coordinates": [ [ [ [ 86.807167468955868, 25.729917998442261 ], [ 86.802360468951292, 25.72400099843685 ], [ 86.800308468949424, 25.724694998437371 ], [ 86.80333746895235, 25.730721998443187 ], [ 86.806053468954815, 25.732221998444402 ], [ 86.809059468957685, 25.733916998446148 ], [ 86.811554468959912, 25.738055998449909 ], [ 86.81322446896138, 25.738416998450248 ], [ 86.814086468962159, 25.736916998448805 ], [ 86.81177546896015, 25.732139998444381 ], [ 86.807525468956101, 25.730388998442777 ], [ 86.807167468955868, 25.729917998442261 ] ] ] ] } },
{ "type": "Feature", "properties": { "ISO": "IND", "COUNTRY": "India", "F_CODE_DES": "Land Subject to Inundation", "HYC_DESCRI": "Non-Perennial/Intermittent/Fluctuating", "NAME": null }, "geometry": { "type": "MultiPolygon", "coordinates": [ [ [ [ 86.87464146901857, 25.688971998404213 ], [ 86.875358469019375, 25.685193998400791 ], [ 86.871193469015452, 25.663360998380313 ], [ 86.864082469008736, 25.654527998372032 ], [ 86.864029469008756, 25.65386199837144 ], [ 86.86399846900872, 25.653527998371146 ], [ 86.863197469007901, 25.652665998370367 ], [ 86.856918469002039, 25.652388998370043 ], [ 86.856613469001786, 25.652388998370043 ], [ 86.8515854689972, 25.653888998371485 ], [ 86.846191468992174, 25.659110998376491 ], [ 86.836418468983084, 25.669944998386427 ], [ 86.836052468982643, 25.674083998390415 ], [ 86.838165468984698, 25.676305998392309 ], [ 86.846275468992189, 25.677527998393543 ], [ 86.843917468989957, 25.681666998397304 ], [ 86.83697546898361, 25.686444998401839 ], [ 86.836586468983114, 25.689666998404846 ], [ 86.844474468990484, 25.698638998413116 ], [ 86.846885468992696, 25.709611998423497 ], [ 86.849029468994786, 25.712748998426378 ], [ 86.853584468999088, 25.713082998426671 ], [ 86.855552469000941, 25.711638998425315 ], [ 86.859336469004347, 25.70283299841708 ], [ 86.86480746900952, 25.699916998414437 ], [ 86.874527469018631, 25.689637998404805 ], [ 86.87464146901857, 25.688971998404213 ] ], [ [ 86.86266346900743, 25.659860998377098 ], [ 86.865028469009758, 25.666110998382919 ], [ 86.861999469006832, 25.671721998388193 ], [ 86.858169469003315, 25.669721998386194 ], [ 86.857246469002348, 25.664054998381062 ], [ 86.858276469003386, 25.660638998377863 ], [ 86.860305469005198, 25.659305998376567 ], [ 86.86266346900743, 25.659860998377098 ] ] ] ] } },
{ "type": "Feature", "properties": { "ISO": "IND", "COUNTRY": "India", "F_CODE_DES": "Inland Water", "HYC_DESCRI": "Perennial/Permanent", "NAME": "UNK" }, "geometry": { "type": "MultiPolygon", "coordinates": [ [ [ [ 86.770942468922158, 25.696526998411173 ], [ 86.773414468924329, 25.693915998408784 ], [ 86.778114468928834, 25.694804998409609 ], [ 86.779663468930266, 25.692861998407807 ], [ 86.784752468935039, 25.692054998407002 ], [ 86.786750468936816, 25.689666998404846 ], [ 86.785079468935237, 25.688888998404082 ], [ 86.77027846892156, 25.685555998401014 ], [ 86.768554468919774, 25.683499998399157 ], [ 86.771553468922548, 25.682776998398367 ], [ 86.772636468923565, 25.680833998396565 ], [ 86.768447468919703, 25.674638998390947 ], [ 86.764747468916312, 25.67538799839167 ], [ 86.762558468914222, 25.679276998395153 ], [ 86.763496468915037, 25.684749998400321 ], [ 86.770942468922158, 25.696526998411173 ] ] ] ] } },
{ "type": "Feature", "properties": { "ISO": "IND", "COUNTRY": "India", "F_CODE_DES": "Land Subject to Inundation", "HYC_DESCRI": "Non-Perennial/Intermittent/Fluctuating", "NAME": null }, "geometry": { "type": "MultiPolygon", "coordinates": [ [ [ [ 86.86399846900872, 25.653527998371146 ], [ 86.864029469008756, 25.65386199837144 ], [ 86.864082469008736, 25.654527998372032 ], [ 86.871193469015452, 25.663360998380313 ], [ 86.875358469019375, 25.685193998400791 ], [ 86.87464146901857, 25.688971998404213 ], [ 86.878051469021784, 25.687610998402988 ], [ 86.878387469022073, 25.683000998398711 ], [ 86.877029469020954, 25.67202799838833 ], [ 86.874252469018302, 25.664748998381583 ], [ 86.864387469009216, 25.653943998371687 ], [ 86.86399846900872, 25.653527998371146 ] ] ] ] } },
{ "type": "Feature", "properties": { "ISO": "IND", "COUNTRY": "India", "F_CODE_DES": "Inland Water", "HYC_DESCRI": "Perennial/Permanent", "NAME": "UNK" }, "geometry": { "type": "MultiPolygon", "coordinates": [ [ [ [ 86.86266346900743, 25.659860998377098 ], [ 86.860305469005198, 25.659305998376567 ], [ 86.858276469003386, 25.660638998377863 ], [ 86.857246469002348, 25.664054998381062 ], [ 86.858169469003315, 25.669721998386194 ], [ 86.861999469006832, 25.671721998388193 ], [ 86.865028469009758, 25.666110998382919 ], [ 86.86266346900743, 25.659860998377098 ] ] ] ] } },
{ "type": "Feature", "properties": { "ISO": "IND", "COUNTRY": "India", "F_CODE_DES": "Inland Water", "HYC_DESCRI": "Perennial/Permanent", "NAME": "UNK" }, "geometry": { "type": "MultiPolygon", "coordinates": [ [ [ [ 86.83041346897744, 25.623137998342827 ], [ 86.829330468976423, 25.613666998334111 ], [ 86.818305468966173, 25.617610998337796 ], [ 86.822944468970491, 25.622748998342558 ], [ 86.820304468968061, 25.626637998346268 ], [ 86.827720468975031, 25.631444998350617 ], [ 86.83041346897744, 25.623137998342827 ] ] ] ] } },
{ "type": "Feature", "properties": { "ISO": "IND", "COUNTRY": "India", "F_CODE_DES": "Land Subject to Inundation", "HYC_DESCRI": "Non-Perennial/Intermittent/Fluctuating", "NAME": null }, "geometry": { "type": "MultiPolygon", "coordinates": [ [ [ [ 86.657386468816412, 25.594193998315859 ], [ 86.662002468820674, 25.587304998309492 ], [ 86.667747468826065, 25.582137998304688 ], [ 86.66916646882737, 25.572999998296154 ], [ 86.672081468829901, 25.568250998291887 ], [ 86.659164468818062, 25.57691599829991 ], [ 86.639030468799319, 25.59627699831799 ], [ 86.64058646880062, 25.597609998319058 ], [ 86.639358468799628, 25.603360998324433 ], [ 86.641555468801471, 25.600221998321558 ], [ 86.657386468816412, 25.594193998315859 ] ] ] ] } },
{ "type": "Feature", "properties": { "ISO": "IND", "COUNTRY": "India", "F_CODE_DES": "Land Subject to Inundation", "HYC_DESCRI": "Non-Perennial/Intermittent/Fluctuating", "NAME": null }, "geometry": { "type": "MultiPolygon", "coordinates": [ [ [ [ 86.667747468826065, 25.582137998304688 ], [ 86.662002468820674, 25.587304998309492 ], [ 86.657386468816412, 25.594193998315859 ], [ 86.662887468821509, 25.59902799832048 ], [ 86.666641468824992, 25.589110998311298 ], [ 86.667747468826065, 25.582137998304688 ] ] ] ] } },
{ "type": "Feature", "properties": { "ISO": "IND", "COUNTRY": "India", "F_CODE_DES": "Inland Water", "HYC_DESCRI": "Perennial/Permanent", "NAME": "UNK" }, "geometry": { "type": "MultiPolygon", "coordinates": [ [ [ [ 86.629333468790264, 25.579276998302021 ], [ 86.626915468787956, 25.576804998299849 ], [ 86.624862468785977, 25.577943998300725 ], [ 86.624809468785998, 25.582389998304961 ], [ 86.620781468782297, 25.586526998308727 ], [ 86.622024468783366, 25.589026998311056 ], [ 86.625999468787086, 25.589305998311374 ], [ 86.629333468790264, 25.579276998302021 ] ] ] ] } },
{ "type": "Feature", "properties": { "ISO": "IND", "COUNTRY": "India", "F_CODE_DES": "Inland Water", "HYC_DESCRI": "Perennial/Permanent", "NAME": "UNK" }, "geometry": { "type": "MultiPolygon", "coordinates": [ [ [ [ 86.652443468811725, 25.568582998292186 ], [ 86.651641468811022, 25.567693998291361 ], [ 86.642524468802549, 25.571250998294545 ], [ 86.641281468801253, 25.574666998297744 ], [ 86.652443468811725, 25.568582998292186 ] ] ] ] } },
{ "type": "Feature", "properties": { "ISO": "IND", "COUNTRY": "India", "F_CODE_DES": "Inland Water", "HYC_DESCRI": "Perennial/Permanent", "NAME": "UNK" }, "geometry": { "type": "MultiPolygon", "coordinates": [ [ [ [ 86.623275468784641, 25.495805998224341 ], [ 86.619667468781245, 25.492332998221173 ], [ 86.612136468774224, 25.490054998218966 ], [ 86.611694468773749, 25.490193998219183 ], [ 86.597419468760563, 25.494332998222944 ], [ 86.60077646876357, 25.496972998225374 ], [ 86.60330246876606, 25.496499998224863 ], [ 86.613250468775277, 25.494666998223238 ], [ 86.617225468778997, 25.495582998224108 ], [ 86.620582468782004, 25.498027998226462 ], [ 86.623802468785016, 25.50888799823656 ], [ 86.626640468787627, 25.509639998237162 ], [ 86.627471468788372, 25.507722998235295 ], [ 86.623275468784641, 25.495805998224341 ] ] ] ] } },
{ "type": "Feature", "properties": { "ISO": "IND", "COUNTRY": "India", "F_CODE_DES": "Inland Water", "HYC_DESCRI": "Perennial/Permanent", "NAME": "UNK" }, "geometry": { "type": "MultiPolygon", "coordinates": [ [ [ [ 86.736969468890493, 25.476666998206383 ], [ 86.735946468889551, 25.473388998203518 ], [ 86.73144546888534, 25.474776998204788 ], [ 86.727722468881893, 25.472833998202987 ], [ 86.73408546888777, 25.455138998186385 ], [ 86.72472346887912, 25.472220998202374 ], [ 86.726997468881109, 25.477805998207486 ], [ 86.736969468890493, 25.476666998206383 ] ] ] ] } },
{ "type": "Feature", "properties": { "ISO": "IND", "COUNTRY": "India", "F_CODE_DES": "Inland Water", "HYC_DESCRI": "Perennial/Permanent", "NAME": "UNK" }, "geometry": { "type": "MultiPolygon", "coordinates": [ [ [ [ 86.762138468913918, 25.456082998187412 ], [ 86.762107468913882, 25.454833998186132 ], [ 86.75933046891123, 25.454082998185413 ], [ 86.75438646890666, 25.45588899818722 ], [ 86.754722468906948, 25.452582998183971 ], [ 86.75922446891127, 25.450805998182432 ], [ 86.758666468910633, 25.448333998180033 ], [ 86.752334468904792, 25.449361998181075 ], [ 86.749694468902362, 25.451915998183495 ], [ 86.752166468904534, 25.456805998187974 ], [ 86.756752468908871, 25.457471998188566 ], [ 86.762138468913918, 25.456082998187412 ] ] ] ] } },
{ "type": "Feature", "properties": { "ISO": "IND", "COUNTRY": "India", "F_CODE_DES": "Inland Water", "HYC_DESCRI": "Perennial/Permanent", "NAME": "UNK" }, "geometry": { "type": "MultiPolygon", "coordinates": [ [ [ [ 86.805809468954521, 25.435721998168447 ], [ 86.811058468959345, 25.433444998166124 ], [ 86.813469468961785, 25.435666998168244 ], [ 86.815139468963253, 25.43119399816419 ], [ 86.81414046896225, 25.429526998162601 ], [ 86.804107468952907, 25.434304998167136 ], [ 86.80161246895068, 25.440915998173296 ], [ 86.80333746895235, 25.440471998172825 ], [ 86.805809468954521, 25.435721998168447 ] ] ] ] } },
{ "type": "Feature", "properties": { "ISO": "IND", "COUNTRY": "India", "F_CODE_DES": "Inland Water", "HYC_DESCRI": "Non-Perennial/Intermittent/Fluctuating", "NAME": "UNK" }, "geometry": { "type": "MultiPolygon", "coordinates": [ [ [ [ 86.593940468757182, 25.921832998621085 ], [ 86.592971468756332, 25.915082998614707 ], [ 86.59152946875497, 25.914527998614176 ], [ 86.587471468751119, 25.917388998616843 ], [ 86.58272546874673, 25.915193998614996 ], [ 86.576583468741092, 25.919833998619197 ], [ 86.574386468739021, 25.917582998617036 ], [ 86.576141468740616, 25.908444998608502 ], [ 86.590446468753953, 25.903748998604215 ], [ 86.591583468755061, 25.902804998603415 ], [ 86.593833468757111, 25.900916998601588 ], [ 86.592140468755588, 25.899278998600039 ], [ 86.591613468754986, 25.899360998600059 ], [ 86.573112468737918, 25.902415998602919 ], [ 86.569252468734248, 25.905499998605819 ], [ 86.56725346873236, 25.913583998613376 ], [ 86.569641468734517, 25.921111998620518 ], [ 86.575836468740363, 25.924304998623484 ], [ 86.589584468753173, 25.924083998623246 ], [ 86.591636468755041, 25.923026998622163 ], [ 86.593940468757182, 25.921832998621085 ] ] ] ] } },
{ "type": "Feature", "properties": { "ISO": "IND", "COUNTRY": "India", "F_CODE_DES": "Land Subject to Inundation", "HYC_DESCRI": "Non-Perennial/Intermittent/Fluctuating", "NAME": null }, "geometry": { "type": "MultiPolygon", "coordinates": [ [ [ [ 86.329582468511035, 25.844583998549069 ], [ 86.327857468509364, 25.841527998546326 ], [ 86.320747468502759, 25.8485549985528 ], [ 86.325225468506915, 25.850749998554875 ], [ 86.329582468511035, 25.844583998549069 ] ] ] ] } },
{ "type": "Feature", "properties": { "ISO": "IND", "COUNTRY": "India", "F_CODE_DES": "Land Subject to Inundation", "HYC_DESCRI": "Non-Perennial/Intermittent/Fluctuating", "NAME": null }, "geometry": { "type": "MultiPolygon", "coordinates": [ [ [ [ 86.329582468511035, 25.844583998549069 ], [ 86.341720468522226, 25.833360998538637 ], [ 86.344055468524402, 25.826415998532184 ], [ 86.341773468522433, 25.817750998524161 ], [ 86.332084468513358, 25.816138998522547 ], [ 86.330749468512067, 25.813888998520497 ], [ 86.327552468509111, 25.817166998523589 ], [ 86.314415468496918, 25.819333998525508 ], [ 86.309471468492347, 25.823583998529557 ], [ 86.306083468489078, 25.829165998534791 ], [ 86.306861468489842, 25.838332998543365 ], [ 86.31363646849627, 25.845054998549585 ], [ 86.320747468502759, 25.8485549985528 ], [ 86.327857468509364, 25.841527998546326 ], [ 86.329582468511035, 25.844583998549069 ] ] ] ] } },
{ "type": "Feature", "properties": { "ISO": "IND", "COUNTRY": "India", "F_CODE_DES": "Inland Water", "HYC_DESCRI": "Perennial/Permanent", "NAME": "UNK" }, "geometry": { "type": "MultiPolygon", "coordinates": [ [ [ [ 86.521636468689849, 25.819749998526049 ], [ 86.519920468688269, 25.817887998524384 ], [ 86.510139468679199, 25.818194998524632 ], [ 86.508140468677311, 25.820805998527021 ], [ 86.510086468679219, 25.823054998529187 ], [ 86.513359468682211, 25.823388998529481 ], [ 86.521636468689849, 25.819749998526049 ] ] ] ] } },
{ "type": "Feature", "properties": { "ISO": "IND", "COUNTRY": "India", "F_CODE_DES": "Inland Water", "HYC_DESCRI": "Non-Perennial/Intermittent/Fluctuating", "NAME": "UNK" }, "geometry": { "type": "MultiPolygon", "coordinates": [ [ [ [ 86.353225468533083, 25.77569399848494 ], [ 86.355583468535315, 25.770554998480293 ], [ 86.355835468535588, 25.764638998474766 ], [ 86.354362468534191, 25.762137998472326 ], [ 86.351997468531863, 25.761582998471795 ], [ 86.346221468526437, 25.763221998473455 ], [ 86.331611468512847, 25.771916998481402 ], [ 86.333778468514993, 25.773749998483254 ], [ 86.340972468521613, 25.772887998482474 ], [ 86.343864468524316, 25.781472998490244 ], [ 86.348777468528851, 25.78194399849076 ], [ 86.350303468530228, 25.77958299848865 ], [ 86.354667468534444, 25.777555998486605 ], [ 86.353225468533083, 25.77569399848494 ] ] ] ] } },
{ "type": "Feature", "properties": { "ISO": "IND", "COUNTRY": "India", "F_CODE_DES": "Inland Water", "HYC_DESCRI": "Perennial/Permanent", "NAME": "UNK" }, "geometry": { "type": "MultiPolygon", "coordinates": [ [ [ [ 86.586196468750131, 25.770360998480101 ], [ 86.583808468747748, 25.768748998478486 ], [ 86.557197468722961, 25.774249998483583 ], [ 86.559608468725173, 25.776277998485511 ], [ 86.584892468748876, 25.772527998482019 ], [ 86.586196468750131, 25.770360998480101 ] ] ] ] } },
{ "type": "Feature", "properties": { "ISO": "IND", "COUNTRY": "India", "F_CODE_DES": "Inland Water", "HYC_DESCRI": "Perennial/Permanent", "NAME": "UNK" }, "geometry": { "type": "MultiPolygon", "coordinates": [ [ [ [ 86.407501468583632, 25.742999998454479 ], [ 86.39902446857559, 25.740916998452576 ], [ 86.3979414685748, 25.742860998454489 ], [ 86.40380846858011, 25.744361998455815 ], [ 86.410553468586386, 25.75008399846115 ], [ 86.411415468587165, 25.74794399845905 ], [ 86.407501468583632, 25.742999998454479 ] ] ] ] } },
{ "type": "Feature", "properties": { "ISO": "IND", "COUNTRY": "India", "F_CODE_DES": "Inland Water", "HYC_DESCRI": "Perennial/Permanent", "NAME": "UNK" }, "geometry": { "type": "MultiPolygon", "coordinates": [ [ [ [ 86.55472546872079, 25.722138998435184 ], [ 86.56547546873071, 25.710610998424272 ], [ 86.569915468734962, 25.710666998424358 ], [ 86.57289146873768, 25.708888998422708 ], [ 86.574165468738784, 25.706305998420248 ], [ 86.568778468733854, 25.705443998419469 ], [ 86.562805468728129, 25.707721998421675 ], [ 86.55166646871794, 25.721194998434157 ], [ 86.549972468716305, 25.731582998443855 ], [ 86.551391468717611, 25.732388998444549 ], [ 86.553443468719479, 25.73105599844348 ], [ 86.55472546872079, 25.722138998435184 ] ] ] ] } },
{ "type": "Feature", "properties": { "ISO": "IND", "COUNTRY": "India", "F_CODE_DES": "Land Subject to Inundation", "HYC_DESCRI": "Non-Perennial/Intermittent/Fluctuating", "NAME": null }, "geometry": { "type": "MultiPolygon", "coordinates": [ [ [ [ 86.591415468754803, 25.635804998354615 ], [ 86.577636468741957, 25.6388049983575 ], [ 86.571693468736612, 25.647861998365897 ], [ 86.561721468727228, 25.655166998372806 ], [ 86.559280468724864, 25.664109998381036 ], [ 86.551940468718158, 25.673638998389833 ], [ 86.549415468715779, 25.680694998396575 ], [ 86.5460814687126, 25.684609998400219 ], [ 86.558670468724358, 25.681498998397274 ], [ 86.572471468737149, 25.669639998386174 ], [ 86.574279468738951, 25.665082998381877 ], [ 86.578109468742468, 25.655276998372756 ], [ 86.582031468746209, 25.651027998368818 ], [ 86.588058468751797, 25.649054998367092 ], [ 86.591499468755046, 25.646193998364424 ], [ 86.594306468757622, 25.638778998357566 ], [ 86.591415468754803, 25.635804998354615 ] ] ] ] } },
{ "type": "Feature", "properties": { "ISO": "IND", "COUNTRY": "India", "F_CODE_DES": "Land Subject to Inundation", "HYC_DESCRI": "Non-Perennial/Intermittent/Fluctuating", "NAME": null }, "geometry": { "type": "MultiPolygon", "coordinates": [ [ [ [ 86.578475468742909, 25.633916998353016 ], [ 86.575530468739998, 25.62986199834927 ], [ 86.575248468739801, 25.628722998348167 ], [ 86.571220468736101, 25.629277998348698 ], [ 86.552169468718375, 25.635278998354124 ], [ 86.540664468707519, 25.640166998358836 ], [ 86.534751468702098, 25.644916998363215 ], [ 86.529418468697031, 25.652833998370625 ], [ 86.528198468696019, 25.66252699837969 ], [ 86.530136468697719, 25.67624999839245 ], [ 86.53549946870271, 25.677388998393326 ], [ 86.539138468706142, 25.673833998390137 ], [ 86.544639468711239, 25.665221998382094 ], [ 86.546417468712889, 25.657332998374841 ], [ 86.548637468715015, 25.654527998372032 ], [ 86.550247468716634, 25.653359998371116 ], [ 86.559753468725376, 25.64635999836446 ], [ 86.571861468736643, 25.634360998353259 ], [ 86.578475468742909, 25.633916998353016 ] ] ] ] } },
{ "type": "Feature", "properties": { "ISO": "IND", "COUNTRY": "India", "F_CODE_DES": "Inland Water", "HYC_DESCRI": "Perennial/Permanent", "NAME": "UNK" }, "geometry": { "type": "MultiPolygon", "coordinates": [ [ [ [ 86.379776468557793, 25.670527998387115 ], [ 86.385139468562784, 25.668082998384762 ], [ 86.385086468562804, 25.666415998383172 ], [ 86.379364468557469, 25.668887998385571 ], [ 86.371749468550206, 25.668777998385394 ], [ 86.370697468549224, 25.669776998386396 ], [ 86.371864468550484, 25.672055998388487 ], [ 86.378524468556634, 25.676139998392273 ], [ 86.379776468557793, 25.670527998387115 ] ] ] ] } },
{ "type": "Feature", "properties": { "ISO": "IND", "COUNTRY": "India", "F_CODE_DES": "Inland Water", "HYC_DESCRI": "Perennial/Permanent", "NAME": "UNK" }, "geometry": { "type": "MultiPolygon", "coordinates": [ [ [ [ 86.439781468613546, 25.654361998371996 ], [ 86.438308468612377, 25.653110998370721 ], [ 86.434829468608996, 25.657472998374942 ], [ 86.428749468603428, 25.660277998377524 ], [ 86.429557468604116, 25.662555998379503 ], [ 86.432502468606799, 25.663777998380738 ], [ 86.438697468612645, 25.664916998381841 ], [ 86.436721468610813, 25.659720998376997 ], [ 86.439781468613546, 25.654361998371996 ] ] ] ] } },
{ "type": "Feature", "properties": { "ISO": "IND", "COUNTRY": "India", "F_CODE_DES": "Inland Water", "HYC_DESCRI": "Perennial/Permanent", "NAME": "UNK" }, "geometry": { "type": "MultiPolygon", "coordinates": [ [ [ [ 86.421081468596185, 25.650887998368717 ], [ 86.418334468593685, 25.645276998363443 ], [ 86.416725468592176, 25.6463889983645 ], [ 86.417526468592996, 25.649110998367178 ], [ 86.415664468591103, 25.655082998372563 ], [ 86.417305468592758, 25.655665998373252 ], [ 86.423721468598615, 25.652915998370645 ], [ 86.421081468596185, 25.650887998368717 ] ] ] ] } },
{ "type": "Feature", "properties": { "ISO": "IND", "COUNTRY": "India", "F_CODE_DES": "Inland Water", "HYC_DESCRI": "Perennial/Permanent", "NAME": "UNK" }, "geometry": { "type": "MultiPolygon", "coordinates": [ [ [ [ 86.402030468578459, 25.580194998302886 ], [ 86.40374746858015, 25.577861998300705 ], [ 86.392608468569733, 25.580472998303094 ], [ 86.388809468566251, 25.583638998306014 ], [ 86.387191468564652, 25.590665998312716 ], [ 86.389526468566828, 25.596944998318577 ], [ 86.395278468572315, 25.601609998322829 ], [ 86.40455646858095, 25.606832998327718 ], [ 86.409690468585723, 25.60708399832788 ], [ 86.410003468585955, 25.602860998324104 ], [ 86.405555468581724, 25.602361998323659 ], [ 86.399612468576152, 25.59916699832047 ], [ 86.394775468571652, 25.594443998316137 ], [ 86.391723468568898, 25.586944998309264 ], [ 86.393447468570457, 25.583083998305483 ], [ 86.402030468578459, 25.580194998302886 ] ] ] ] } },
{ "type": "Feature", "properties": { "ISO": "IND", "COUNTRY": "India", "F_CODE_DES": "Inland Water", "HYC_DESCRI": "Perennial/Permanent", "NAME": "UNK" }, "geometry": { "type": "MultiPolygon", "coordinates": [ [ [ [ 86.35394246853366, 25.598443998319908 ], [ 86.357414468536945, 25.591138998312999 ], [ 86.354919468534717, 25.586778998309001 ], [ 86.35083046853083, 25.589221998311359 ], [ 86.344253468524585, 25.587748998309962 ], [ 86.34249846852299, 25.590554998312655 ], [ 86.344474468524822, 25.594083998315909 ], [ 86.348640468528856, 25.593110998314842 ], [ 86.351890468531792, 25.598916998320419 ], [ 86.35394246853366, 25.598443998319908 ] ] ] ] } },
{ "type": "Feature", "properties": { "ISO": "IND", "COUNTRY": "India", "F_CODE_DES": "Inland Water", "HYC_DESCRI": "Perennial/Permanent", "NAME": "UNK" }, "geometry": { "type": "MultiPolygon", "coordinates": [ [ [ [ 86.581749468745784, 25.594527998316153 ], [ 86.573135468737746, 25.591693998313531 ], [ 86.573135468737746, 25.593110998314842 ], [ 86.573135468737746, 25.594583998316239 ], [ 86.574607468739259, 25.596860998318334 ], [ 86.57949846874385, 25.596915998318536 ], [ 86.581443468745647, 25.594861998316674 ], [ 86.581749468745784, 25.594527998316153 ] ] ] ] } },
{ "type": "Feature", "properties": { "ISO": "IND", "COUNTRY": "India", "F_CODE_DES": "Inland Water", "HYC_DESCRI": "Perennial/Permanent", "NAME": "UNK" }, "geometry": { "type": "MultiPolygon", "coordinates": [ [ [ [ 86.383834468561645, 25.581277998303904 ], [ 86.377975468556087, 25.574248998297435 ], [ 86.379470468557429, 25.583499998306024 ], [ 86.377998468556143, 25.587777998310003 ], [ 86.378753468556852, 25.589444998311592 ], [ 86.382247468560081, 25.589555998311653 ], [ 86.383834468561645, 25.581277998303904 ] ] ] ] } },
{ "type": "Feature", "properties": { "ISO": "IND", "COUNTRY": "India", "F_CODE_DES": "Land Subject to Inundation", "HYC_DESCRI": "Non-Perennial/Intermittent/Fluctuating", "NAME": null }, "geometry": { "type": "MultiPolygon", "coordinates": [ [ [ [ 85.947136468154895, 26.014916998707804 ], [ 85.940528468148614, 26.014609998707556 ], [ 85.93705746814544, 26.016971998709778 ], [ 85.935142468143567, 26.02252799871485 ], [ 85.936805468145167, 26.027999998719906 ], [ 85.944000468151899, 26.031054998722766 ], [ 85.949531468157147, 26.02866699872061 ], [ 85.950775468158326, 26.018054998710795 ], [ 85.947136468154895, 26.014916998707804 ] ] ] ] } },
{ "type": "Feature", "properties": { "ISO": "IND", "COUNTRY": "India", "F_CODE_DES": "Land Subject to Inundation", "HYC_DESCRI": "Non-Perennial/Intermittent/Fluctuating", "NAME": null }, "geometry": { "type": "MultiPolygon", "coordinates": [ [ [ [ 85.787109468005838, 25.973666998669387 ], [ 85.776443467995932, 25.973416998669109 ], [ 85.76791346798791, 25.977721998673132 ], [ 85.761474467981998, 25.983804998678806 ], [ 85.760528467980976, 25.987498998682213 ], [ 85.764190467984463, 25.99202699868647 ], [ 85.774498467994135, 25.998248998692134 ], [ 85.78516346800393, 25.998500998692407 ], [ 85.793281468011628, 25.996943998690995 ], [ 85.798774468016745, 25.993165998687573 ], [ 85.80008646801798, 25.984416998679308 ], [ 85.796386468014362, 25.978999998674226 ], [ 85.787109468005838, 25.973666998669387 ] ] ] ] } },
{ "type": "Feature", "properties": { "ISO": "IND", "COUNTRY": "India", "F_CODE_DES": "Inland Water", "HYC_DESCRI": "Perennial/Permanent", "NAME": "UNK" }, "geometry": { "type": "MultiPolygon", "coordinates": [ [ [ [ 86.078941468277662, 25.99302899868735 ], [ 86.082725468281069, 25.988082998682785 ], [ 86.08905746828691, 25.988332998683063 ], [ 86.090751468288545, 25.983611998678725 ], [ 86.089302468287315, 25.981749998676833 ], [ 86.085670468283979, 25.985026998680041 ], [ 86.076362468275192, 25.985915998680866 ], [ 86.075996468274752, 25.989528998684136 ], [ 86.078941468277662, 25.99302899868735 ] ] ] ] } },
{ "type": "Feature", "properties": { "ISO": "IND", "COUNTRY": "India", "F_CODE_DES": "Inland Water", "HYC_DESCRI": "Perennial/Permanent", "NAME": "UNK" }, "geometry": { "type": "MultiPolygon", "coordinates": [ [ [ [ 85.840942468056028, 25.908027998608304 ], [ 85.834861468050349, 25.907361998607712 ], [ 85.832801468048274, 25.909081998609281 ], [ 85.837753468053052, 25.91044399861039 ], [ 85.839279468054428, 25.913998998613806 ], [ 85.847579468062122, 25.91822199861781 ], [ 85.851974468066146, 25.917249998616853 ], [ 85.854919468069056, 25.914416998614115 ], [ 85.847862468062431, 25.912499998612475 ], [ 85.840942468056028, 25.908027998608304 ] ] ] ] } },
{ "type": "Feature", "properties": { "ISO": "IND", "COUNTRY": "India", "F_CODE_DES": "Inland Water", "HYC_DESCRI": "Perennial/Permanent", "NAME": "UNK" }, "geometry": { "type": "MultiPolygon", "coordinates": [ [ [ [ 85.789695468008176, 25.896499998597392 ], [ 85.79080246800936, 25.894555998595706 ], [ 85.788055468006633, 25.889138998590624 ], [ 85.786224468005003, 25.890027998591449 ], [ 85.785667468004476, 25.894694998595696 ], [ 85.781196468000417, 25.893748998594901 ], [ 85.781280468000432, 25.896499998597392 ], [ 85.789695468008176, 25.896499998597392 ] ] ] ] } },
{ "type": "Feature", "properties": { "ISO": "IND", "COUNTRY": "India", "F_CODE_DES": "Land Subject to Inundation", "HYC_DESCRI": "Non-Perennial/Intermittent/Fluctuating", "NAME": null }, "geometry": { "type": "MultiPolygon", "coordinates": [ [ [ [ 86.162582468355595, 25.886222998587982 ], [ 86.166358468359022, 25.876498998578882 ], [ 86.165031468357711, 25.864583998567696 ], [ 86.162391468355281, 25.860526998563955 ], [ 86.158775468351905, 25.858748998562305 ], [ 86.146057468340132, 25.857221998560817 ], [ 86.1424184683367, 25.854527998558297 ], [ 86.137641468332276, 25.846833998551119 ], [ 86.134056468328936, 25.845082998549515 ], [ 86.128051468323292, 25.848443998552739 ], [ 86.126693468322173, 25.853944998557836 ], [ 86.125305468320676, 25.859527998562953 ], [ 86.124862468320316, 25.879722998581883 ], [ 86.127555468322953, 25.88563899858741 ], [ 86.131668468326779, 25.887832998589374 ], [ 86.146804468340861, 25.884749998586585 ], [ 86.153503468347026, 25.888721998590199 ], [ 86.158607468351875, 25.88908399859065 ], [ 86.162582468355595, 25.886222998587982 ] ] ] ] } },
{ "type": "Feature", "properties": { "ISO": "IND", "COUNTRY": "India", "F_CODE_DES": "Inland Water", "HYC_DESCRI": "Perennial/Permanent", "NAME": "UNK" }, "geometry": { "type": "MultiPolygon", "coordinates": [ [ [ [ 85.739051467960962, 25.874360998576776 ], [ 85.737197467959277, 25.874194998576741 ], [ 85.73561046795794, 25.876332998578619 ], [ 85.737113467959261, 25.879666998581797 ], [ 85.734886467957267, 25.882888998584804 ], [ 85.742584467964434, 25.883138998585082 ], [ 85.743919467965497, 25.880555998582622 ], [ 85.740585467962546, 25.878749998581043 ], [ 85.739051467960962, 25.874360998576776 ] ] ] ] } },
{ "type": "Feature", "properties": { "ISO": "IND", "COUNTRY": "India", "F_CODE_DES": "Inland Water", "HYC_DESCRI": "Perennial/Permanent", "NAME": "UNK" }, "geometry": { "type": "MultiPolygon", "coordinates": [ [ [ [ 86.095108468292665, 25.858222998561814 ], [ 86.089691468287583, 25.856889998560519 ], [ 86.08680746828486, 25.860776998564234 ], [ 86.08975246828777, 25.865777998568774 ], [ 86.090637468288605, 25.871249998574058 ], [ 86.087829468285918, 25.877665998579914 ], [ 86.091415468289142, 25.879888998581919 ], [ 86.094192468291794, 25.866277998569331 ], [ 86.093086468290721, 25.860805998564274 ], [ 86.095108468292665, 25.858222998561814 ] ] ] ] } },
{ "type": "Feature", "properties": { "ISO": "IND", "COUNTRY": "India", "F_CODE_DES": "Inland Water", "HYC_DESCRI": "Perennial/Permanent", "NAME": "UNK" }, "geometry": { "type": "MultiPolygon", "coordinates": [ [ [ [ 85.950530468157922, 25.868554998571426 ], [ 85.954002468161207, 25.867415998570323 ], [ 85.960113468167037, 25.868527998571381 ], [ 85.963081468169776, 25.866944998570034 ], [ 85.964385468170804, 25.864389998567503 ], [ 85.962974468169705, 25.863776998567118 ], [ 85.953887468161156, 25.864026998567169 ], [ 85.949996468157451, 25.86624899856929 ], [ 85.950530468157922, 25.868554998571426 ] ] ] ] } },
{ "type": "Feature", "properties": { "ISO": "IND", "COUNTRY": "India", "F_CODE_DES": "Inland Water", "HYC_DESCRI": "Perennial/Permanent", "NAME": "UNK" }, "geometry": { "type": "MultiPolygon", "coordinates": [ [ [ [ 85.917526468127335, 25.844110998548786 ], [ 85.924056468133358, 25.836944998542094 ], [ 85.921913468131379, 25.835750998541016 ], [ 85.915748468125685, 25.840138998544944 ], [ 85.915862468125624, 25.835500998540738 ], [ 85.912750468122795, 25.833665998538891 ], [ 85.907974468118482, 25.844138998548715 ], [ 85.910140468120289, 25.846194998550573 ], [ 85.917526468127335, 25.844110998548786 ] ] ] ] } },
{ "type": "Feature", "properties": { "ISO": "IND", "COUNTRY": "India", "F_CODE_DES": "Inland Water", "HYC_DESCRI": "Perennial/Permanent", "NAME": "UNK" }, "geometry": { "type": "MultiPolygon", "coordinates": [ [ [ [ 85.966278468172732, 25.829888998535353 ], [ 85.971725468177738, 25.824887998530812 ], [ 85.969108468175364, 25.823277998529193 ], [ 85.964553468171061, 25.826778998532518 ], [ 85.961082468167888, 25.827498998533201 ], [ 85.956970468163945, 25.823609998529491 ], [ 85.953941468161247, 25.823054998529187 ], [ 85.948722468156348, 25.827832998533495 ], [ 85.948585468156125, 25.830388998535909 ], [ 85.950225468157669, 25.830748998536137 ], [ 85.952224468159557, 25.82774899853348 ], [ 85.955444468162568, 25.826194998531946 ], [ 85.958358468165216, 25.829888998535353 ], [ 85.961418468168176, 25.831082998536658 ], [ 85.966278468172732, 25.829888998535353 ] ] ] ] } },
{ "type": "Feature", "properties": { "ISO": "IND", "COUNTRY": "India", "F_CODE_DES": "Inland Water", "HYC_DESCRI": "Perennial/Permanent", "NAME": "UNK" }, "geometry": { "type": "MultiPolygon", "coordinates": [ [ [ [ 86.21869646840787, 25.816443998523027 ], [ 86.225891468414375, 25.808639998515673 ], [ 86.224388468413053, 25.805720998512925 ], [ 86.219474468408407, 25.805221998512479 ], [ 86.218360468407354, 25.806527998513729 ], [ 86.2221904684111, 25.809777998516665 ], [ 86.218780468407886, 25.811582998518361 ], [ 86.213607468403097, 25.810887998517728 ], [ 86.213218468402602, 25.812999998519672 ], [ 86.21869646840787, 25.816443998523027 ] ] ] ] } },
{ "type": "Feature", "properties": { "ISO": "IND", "COUNTRY": "India", "F_CODE_DES": "Inland Water", "HYC_DESCRI": "Perennial/Permanent", "NAME": "UNK" }, "geometry": { "type": "MultiPolygon", "coordinates": [ [ [ [ 85.950363468157775, 25.799693998507337 ], [ 85.951919468159304, 25.797110998504877 ], [ 85.949386468156945, 25.791694998499906 ], [ 85.947524468155279, 25.791333998499567 ], [ 85.946334468154191, 25.798110998505763 ], [ 85.942832468150755, 25.797999998505702 ], [ 85.939163468147399, 25.792832998500899 ], [ 85.938194468146548, 25.798778998506577 ], [ 85.940612468148856, 25.800805998508395 ], [ 85.950363468157775, 25.799693998507337 ] ] ] ] } },
{ "type": "Feature", "properties": { "ISO": "IND", "COUNTRY": "India", "F_CODE_DES": "Inland Water", "HYC_DESCRI": "Perennial/Permanent", "NAME": "UNK" }, "geometry": { "type": "MultiPolygon", "coordinates": [ [ [ [ 85.77769446799698, 25.796887998504644 ], [ 85.784721468003681, 25.790582998498849 ], [ 85.789413468007979, 25.791499998499603 ], [ 85.793083468011446, 25.789721998497953 ], [ 85.794387468012701, 25.786527998495103 ], [ 85.789024468007483, 25.779054998488164 ], [ 85.783752468002604, 25.77474999848414 ], [ 85.774749467994297, 25.777110998486251 ], [ 85.782196468001302, 25.783889998492668 ], [ 85.782279468001207, 25.786416998495042 ], [ 85.76866946798873, 25.79119499849935 ], [ 85.765998467986037, 25.795722998503607 ], [ 85.76303146798341, 25.79727699850514 ], [ 85.765640467985804, 25.799109998506765 ], [ 85.77769446799698, 25.796887998504644 ] ] ] ] } },
{ "type": "Feature", "properties": { "ISO": "IND", "COUNTRY": "India", "F_CODE_DES": "Inland Water", "HYC_DESCRI": "Perennial/Permanent", "NAME": "UNK" }, "geometry": { "type": "MultiPolygon", "coordinates": [ [ [ [ 86.156501468349916, 25.765416998475303 ], [ 86.153556468347006, 25.761083998471349 ], [ 86.151359468344936, 25.764722998474781 ], [ 86.142524468336887, 25.765832998475844 ], [ 86.147087468341169, 25.76908299847878 ], [ 86.148635468342491, 25.767554998477408 ], [ 86.15611246834942, 25.76733399847717 ], [ 86.156501468349916, 25.765416998475303 ] ] ] ] } },
{ "type": "Feature", "properties": { "ISO": "IND", "COUNTRY": "India", "F_CODE_DES": "Inland Water", "HYC_DESCRI": "Perennial/Permanent", "NAME": "UNK" }, "geometry": { "type": "MultiPolygon", "coordinates": [ [ [ [ 86.25594346844241, 25.722833998435817 ], [ 86.248497468435517, 25.709722998423558 ], [ 86.244224468431639, 25.714082998427557 ], [ 86.238861468426649, 25.714026998427471 ], [ 86.237747468425596, 25.715972998429379 ], [ 86.24224846842958, 25.717944998431221 ], [ 86.235168468423126, 25.72216599843523 ], [ 86.234916468422853, 25.728082998440641 ], [ 86.23680846842467, 25.728249998440788 ], [ 86.23938746842714, 25.722665998435559 ], [ 86.25105246843782, 25.722554998435498 ], [ 86.257331468443681, 25.72891599844138 ], [ 86.26061246844688, 25.729665998442215 ], [ 86.262191468448236, 25.727916998440378 ], [ 86.25594346844241, 25.722833998435817 ] ] ] ] } },
{ "type": "Feature", "properties": { "ISO": "IND", "COUNTRY": "India", "F_CODE_DES": "Inland Water", "HYC_DESCRI": "Perennial/Permanent", "NAME": "UNK" }, "geometry": { "type": "MultiPolygon", "coordinates": [ [ [ [ 86.268081468453829, 25.71041699842408 ], [ 86.262580468448732, 25.706582998420572 ], [ 86.259636468445933, 25.708777998422647 ], [ 86.26464046845058, 25.711999998425654 ], [ 86.261718468447725, 25.714639998428083 ], [ 86.264167468450069, 25.718139998431297 ], [ 86.268837468454421, 25.718444998431551 ], [ 86.268081468453829, 25.71041699842408 ] ] ] ] } }
]
}
