{
"type": "FeatureCollection",
"name": "Water_Lines_Bihar",
"crs": { "type": "name", "properties": { "name": "urn:ogc:def:crs:OGC:1.3:CRS84" } },
"features": [
{ "type": "Feature", "properties": { "F_CODE_DES": "River/Stream", "HYC_DESCRI": "Perennial/Permanent", "NAM": "UNK", "ISO": "IND", "NAME_0": "India" }, "geometry": { "type": "MultiLineString", "coordinates": [ [ [ 85.252830572838562, 26.595472417156429 ], [ 85.243080062424227, 26.591054919968713 ], [ 85.232780506986558, 26.591916949005341 ], [ 85.2275314097635, 26.58905605588377 ], [ 85.208969151974713, 26.571916590155446 ], [ 85.20417025277078, 26.558082545567579 ], [ 85.192336962267945, 26.546499302075361 ], [ 85.193779032329218, 26.538444499733078 ], [ 85.184417672931417, 26.530195216382534 ], [ 85.177276685627973, 26.517665838850107 ], [ 85.18008428074728, 26.508111888444123 ], [ 85.182113573833504, 26.504999247311854 ], [ 85.185943658996266, 26.499111141061647 ], [ 85.182975791870149, 26.49347308182206 ], [ 85.183830260906461, 26.490694025703966 ], [ 85.19985954058761, 26.475778523070147 ], [ 85.196777328456633, 26.474166920001664 ], [ 85.188362103099038, 26.475389561053618 ], [ 85.184776394946667, 26.473138759957973 ] ] ] } },
{ "type": "Feature", "properties": { "F_CODE_DES": "River/Stream", "HYC_DESCRI": "Perennial/Permanent", "NAM": "UNK", "ISO": "IND", "NAME_0": "India" }, "geometry": { "type": "MultiLineString", "coordinates": [ [ [ 85.184776394946667, 26.473138759957973 ], [ 85.174553006512227, 26.476943897119668 ], [ 85.172195420412052, 26.475944465077198 ], [ 85.169250422286893, 26.471166544874166 ], [ 85.170333770332931, 26.467750558729005 ], [ 85.169357207291441, 26.465665888640419 ], [ 85.166030807150079, 26.464471786589677 ], [ 85.161392179952969, 26.466472540674697 ], [ 85.155471754701395, 26.464055986572006 ], [ 85.138832004994299, 26.464834288605083 ], [ 85.137252720927194, 26.467805935731359 ], [ 85.141609171112307, 26.472804985943789 ], [ 85.142196583137277, 26.476804793113757 ], [ 85.139968840042613, 26.481916487330974 ], [ 85.134246864799451, 26.487304688559938 ], [ 85.132224942713535, 26.499389727073485 ], [ 85.129447965595531, 26.500944063139535 ], [ 85.122833343314454, 26.499389727073485 ], [ 85.121391273253167, 26.497722558002636 ] ] ] } },
{ "type": "Feature", "properties": { "F_CODE_DES": "River/Stream", "HYC_DESCRI": "Perennial/Permanent", "NAM": "UNK", "ISO": "IND", "NAME_0": "India" }, "geometry": { "type": "MultiLineString", "coordinates": [ [ [ 85.184776394946667, 26.473138759957973 ], [ 85.193832330331489, 26.469360271797409 ], [ 85.196807946457938, 26.465917636651117 ], [ 85.198471146528604, 26.457860944308756 ], [ 85.202110341683252, 26.453332882116339 ], [ 85.20583345284146, 26.452417366077434 ], [ 85.208526702955908, 26.456583115254453 ], [ 85.215553345254506, 26.447555529870836 ], [ 85.214164762195495, 26.444444589738637 ], [ 85.214057977190961, 26.444221569729162 ], [ 85.210029631019779, 26.442388458651266 ], [ 85.220306317456476, 26.432443656228671 ], [ 85.227943429781007, 26.419416452675094 ], [ 85.232139607959311, 26.418888008652637 ], [ 85.232971207994652, 26.423528714849837 ], [ 85.23488615607603, 26.425167155919461 ], [ 85.242301949391162, 26.422056215787265 ], [ 85.243888793458595, 26.419471829677445 ], [ 85.242889361416118, 26.416750040561787 ], [ 85.244941712503334, 26.415222164496861 ], [ 85.25230401881619, 26.41866687864324 ], [ 85.258781427091435, 26.415555938511041 ], [ 85.258247313068736, 26.412834149395383 ], [ 85.257858351052207, 26.4125003753812 ], [ 85.25344085386449, 26.40891655722891 ], [ 85.253501900867093, 26.40216642194207 ] ] ] } },
{ "type": "Feature", "properties": { "F_CODE_DES": "River/Stream", "HYC_DESCRI": "Perennial/Permanent", "NAM": "UNK", "ISO": "IND", "NAME_0": "India" }, "geometry": { "type": "MultiLineString", "coordinates": [ [ [ 85.38439177742913, 26.369861595569304 ], [ 85.385917574493973, 26.366027919406395 ], [ 85.383308429383092, 26.356805853014514 ], [ 85.385971061496249, 26.351667320796153 ], [ 85.389473042645051, 26.35116571477484 ], [ 85.39033507168169, 26.348194067648564 ], [ 85.388359076597723, 26.345054588515154 ], [ 85.392639170779603, 26.338193888223614 ], [ 85.389892622662884, 26.332138138966279 ], [ 85.392608552778299, 26.320888480488236 ], [ 85.389335639639214, 26.32052805747292 ], [ 85.387359644555247, 26.317832917358395 ], [ 85.393943837835039, 26.309860141019598 ] ] ] } },
{ "type": "Feature", "properties": { "F_CODE_DES": "River/Stream", "HYC_DESCRI": "Perennial/Permanent", "NAM": "UNK", "ISO": "IND", "NAME_0": "India" }, "geometry": { "type": "MultiLineString", "coordinates": [ [ [ 85.185859742992704, 26.433416439270008 ], [ 85.192558281277343, 26.438333463478955 ], [ 85.197029076467331, 26.43844421748366 ], [ 85.198364172524066, 26.436527190402195 ], [ 85.195892241419017, 26.431304931180282 ], [ 85.19863897853574, 26.428693707069321 ], [ 85.201667703664441, 26.428222719049309 ], [ 85.203224118730574, 26.424360314885178 ], [ 85.20330803473415, 26.424304937882823 ], [ 85.209693967005506, 26.421277913754196 ], [ 85.225997863698325, 26.398944916805174 ], [ 85.23633578613763, 26.399360716822841 ], [ 85.253974967887189, 26.384416486187803 ], [ 85.254386987904695, 26.38269431811462 ], [ 85.248779357666407, 26.382415732102778 ], [ 85.247413643608368, 26.375473005807756 ], [ 85.241668610364243, 26.371583952642496 ], [ 85.240638749320482, 26.367999945490197 ], [ 85.245498695527004, 26.361833631228166 ], [ 85.247222942600274, 26.359611558133739 ], [ 85.251724166791547, 26.362054761237559 ], [ 85.254249584898858, 26.35947226512782 ], [ 85.253891051883627, 26.355028118938968 ], [ 85.257614163041836, 26.353471703872831 ], [ 85.262306277241223, 26.354444486914169 ], [ 85.265197788364091, 26.348443925659183 ], [ 85.267303437453577, 26.348417276658047 ], [ 85.270500183589419, 26.35361099687875 ], [ 85.273086459699314, 26.353971419894066 ], [ 85.277191161873745, 26.350082366728806 ], [ 85.278968895949291, 26.346027371556492 ], [ 85.283836402156126, 26.344028507471549 ], [ 85.304359346028235, 26.341028132344054 ], [ 85.314025940438995, 26.342945159425515 ], [ 85.33352658326767, 26.327722531778644 ], [ 85.335998514372704, 26.332305970973415 ], [ 85.334999082330242, 26.338666955243717 ], [ 85.336997946415181, 26.343055724430215 ], [ 85.33985902853675, 26.344888646508103 ], [ 85.341278040597061, 26.344999400512808 ], [ 85.351829533045432, 26.345888078550573 ], [ 85.354499725158902, 26.345527655535257 ], [ 85.364914003601442, 26.344110533475039 ], [ 85.373168956952227, 26.337165917179931 ], [ 85.374168388994704, 26.323194469586227 ], [ 85.377029471116273, 26.316583627305306 ], [ 85.382751446359435, 26.311388017084525 ], [ 85.388305589595447, 26.309139294988967 ], [ 85.39158625173485, 26.308639578967732 ], [ 85.393943837835039, 26.309860141019598 ] ] ] } },
{ "type": "Feature", "properties": { "F_CODE_DES": "River/Stream", "HYC_DESCRI": "Perennial/Permanent", "NAM": "BURHI GANDAK", "ISO": "IND", "NAME_0": "India" }, "geometry": { "type": "MultiLineString", "coordinates": [ [ [ 85.195861812417732, 26.296499163451834 ], [ 85.187774691074068, 26.300916660639551 ], [ 85.180778477776769, 26.301471753663144 ], [ 85.178024369659738, 26.303443968746947 ], [ 85.184249840924281, 26.309000001983048 ], [ 85.193664498324353, 26.310722359056236 ], [ 85.196052513425826, 26.312972971151876 ], [ 85.194969165379788, 26.315555656261623 ], [ 85.185859742992704, 26.317417117340725 ], [ 85.181777909819246, 26.32152748951539 ], [ 85.182724043859452, 26.33988959629567 ], [ 85.173141554452243, 26.341361906358237 ], [ 85.170890753356602, 26.344360391485655 ], [ 85.177780181649368, 26.348443925659183 ], [ 85.179107717705776, 26.354972930936626 ], [ 85.178169332665902, 26.363445234296648 ], [ 85.175468522551128, 26.367305748460694 ], [ 85.167137213197108, 26.371915836656598 ], [ 85.161750712968214, 26.372028291661376 ], [ 85.154419024656647, 26.368583766515002 ], [ 85.153526377618718, 26.368749708522056 ], [ 85.14902496442744, 26.369556360556334 ], [ 85.144332850228054, 26.377889559910443 ], [ 85.139663605029639, 26.37924960396824 ], [ 85.139167858008562, 26.368694331519702 ], [ 85.133499180767686, 26.366693577434681 ], [ 85.127502399512863, 26.37022201858462 ], [ 85.112358017869312, 26.384056063172487 ], [ 85.094307005102252, 26.392665769538347 ], [ 85.088806159868497, 26.397832840757914 ], [ 85.067306463954893, 26.409694670261974 ], [ 85.062973071770742, 26.414861741481545 ], [ 85.063667268800245, 26.418556124638535 ], [ 85.064247120824888, 26.421722441773085 ], [ 85.065940938896858, 26.430860592161402 ], [ 85.069557265050534, 26.433721485282973 ], [ 85.07577517631475, 26.429388093098829 ], [ 85.079498287472973, 26.428667058068186 ], [ 85.084304746677219, 26.433000639252342 ], [ 85.082748331611072, 26.436832425415169 ], [ 85.074081358242779, 26.43658256740455 ], [ 85.073448208215879, 26.438943933504895 ], [ 85.077583339391595, 26.445612042788248 ], [ 85.075805605316049, 26.449028028933409 ], [ 85.072303813167238, 26.449722225962908 ], [ 85.068611131010329, 26.443250676687903 ], [ 85.055084211435513, 26.4553604742025 ], [ 85.054252611400173, 26.459388820373682 ], [ 85.057441797535702, 26.465026879613266 ], [ 85.06842043000222, 26.463111931531891 ], [ 85.07244102717307, 26.465583862636933 ], [ 85.070892361107269, 26.46791650073606 ], [ 85.058219910568766, 26.470916686863546 ], [ 85.049415534194623, 26.472999655952059 ], [ 85.050468453239375, 26.477861492158659 ], [ 85.04841610215216, 26.479999460249509 ], [ 85.044219923973841, 26.480943704289636 ], [ 85.036247336635057, 26.491249118727556 ], [ 85.027862540278747, 26.492471759779512 ], [ 85.025085374160739, 26.494417136862175 ], [ 85.023613064098171, 26.501222649151373 ], [ 85.018753117891663, 26.504055003271731 ], [ 85.017387403833624, 26.506610850380337 ], [ 85.022087078033337, 26.515388577753338 ], [ 85.037475647687259, 26.530082761377756 ], [ 85.04074856082633, 26.539110157761364 ], [ 85.05380241338105, 26.554695098423633 ], [ 85.050163218226402, 26.558971412605352 ] ] ] } },
{ "type": "Feature", "properties": { "F_CODE_DES": "River/Stream", "HYC_DESCRI": "Perennial/Permanent", "NAM": "UNK", "ISO": "IND", "NAME_0": "India" }, "geometry": { "type": "MultiLineString", "coordinates": [ [ [ 85.2653580603709, 26.633249360761724 ], [ 85.267890849478533, 26.640361809063961 ], [ 85.264808637347556, 26.647832790381432 ], [ 85.268608104509013, 26.650083591477078 ], [ 85.259162829107638, 26.66527749112273 ], [ 85.25702675101688, 26.667223057205405 ], [ 85.252281149815218, 26.671556449389549 ], [ 85.245330863519868, 26.675500879557163 ], [ 85.240417430311069, 26.676250453589013 ], [ 85.246498127569467, 26.684360443933642 ], [ 85.248863273669969, 26.684722945949048 ], [ 85.250862137754908, 26.679832381741228 ], [ 85.25375364887779, 26.68208318283687 ], [ 85.254775949921225, 26.685861670997433 ], [ 85.253807135880066, 26.693695154330314 ], [ 85.258308360071339, 26.694665858371561 ], [ 85.257614163041836, 26.712223014117637 ], [ 85.254303071901134, 26.720750883480022 ], [ 85.256805432007468, 26.725778661693671 ], [ 85.257637032042808, 26.727500829766853 ], [ 85.258529679080738, 26.729305212843528 ], [ 85.257225012025302, 26.732721387988697 ], [ 85.251441989779551, 26.737083508174059 ], [ 85.251304586773713, 26.740444117316866 ], [ 85.253028833846983, 26.744472463488044 ], [ 85.255081184934198, 26.749250383691077 ], [ 85.25576861479253, 26.757022110710384 ] ] ] } },
{ "type": "Feature", "properties": { "F_CODE_DES": "River/Stream", "HYC_DESCRI": "Perennial/Permanent", "NAM": "UNK", "ISO": "IND", "NAME_0": "India" }, "geometry": { "type": "MultiLineString", "coordinates": [ [ [ 85.314552305461376, 26.705888678848464 ], [ 85.311164858317426, 26.702362127698606 ], [ 85.310111939272673, 26.697750149502625 ], [ 85.316330039536908, 26.679056158708242 ], [ 85.32074734772462, 26.665805746145175 ], [ 85.320137066698692, 26.660749428930316 ], [ 85.316306981535931, 26.65811155581822 ], [ 85.303275997982198, 26.662834099018902 ], [ 85.293197572553922, 26.655221934695426 ], [ 85.287498466311746, 26.644166946225656 ], [ 85.284385636179465, 26.642528505156033 ], [ 85.276748712854939, 26.646722793334263 ], [ 85.273864761732383, 26.644472181238626 ], [ 85.273056030698029, 26.63158408169096 ], [ 85.2653580603709, 26.633249360761724 ] ] ] } },
{ "type": "Feature", "properties": { "F_CODE_DES": "River/Stream", "HYC_DESCRI": "Perennial/Permanent", "NAM": "UNK", "ISO": "IND", "NAME_0": "India" }, "geometry": { "type": "MultiLineString", "coordinates": [ [ [ 85.2653580603709, 26.633249360761724 ], [ 85.262695239257752, 26.630971910664947 ], [ 85.261390761202321, 26.625305123424141 ], [ 85.262138445234086, 26.618944139153836 ], [ 85.268836983518739, 26.605499245582507 ], [ 85.265197788364091, 26.601554815414893 ], [ 85.252830572838562, 26.595472417156429 ] ] ] } },
{ "type": "Feature", "properties": { "F_CODE_DES": "River/Stream", "HYC_DESCRI": "Perennial/Permanent", "NAM": "UNK", "ISO": "IND", "NAME_0": "India" }, "geometry": { "type": "MultiLineString", "coordinates": [ [ [ 85.395164399886909, 26.462583487509434 ], [ 85.387527476562383, 26.465917636651117 ], [ 85.37999733824239, 26.473278052963892 ], [ 85.379974280241413, 26.480667197277885 ], [ 85.387168943547152, 26.478195266172843 ], [ 85.390945352707618, 26.47872163119521 ], [ 85.38314059737597, 26.484611438445491 ], [ 85.37975315023202, 26.489972990673326 ], [ 85.380721964273192, 26.499027225058079 ], [ 85.385917574493973, 26.508638442466498 ], [ 85.384414646430102, 26.510194857532639 ], [ 85.380218468251798, 26.514472872714428 ], [ 85.385612528481005, 26.522583052059062 ], [ 85.395080483883333, 26.517723105852543 ], [ 85.399307280062956, 26.517000180821825 ], [ 85.400054964094721, 26.519306169919815 ], [ 85.39319615380326, 26.525583238186549 ], [ 85.392166103759493, 26.530666393402555 ], [ 85.38903040462624, 26.535610255612639 ], [ 85.386779792530604, 26.537471716691741 ], [ 85.381446779303985, 26.541915862880593 ], [ 85.379974280241413, 26.547445247115558 ], [ 85.3725586759263, 26.550971987265424 ], [ 85.366111696652339, 26.547750482128528 ], [ 85.361419771452958, 26.54763802712375 ], [ 85.359642037377412, 26.551694912296142 ], [ 85.361473069455229, 26.558000519564096 ], [ 85.370552062841028, 26.555889200474375 ], [ 85.372718758933104, 26.557111652526324 ], [ 85.376335085086765, 26.569055508033866 ], [ 85.378250033168143, 26.570499468095225 ], [ 85.38427743242427, 26.567417066964239 ], [ 85.386390641514069, 26.567777678979567 ], [ 85.387473989560107, 26.573028477202691 ], [ 85.386001679497539, 26.578361490429316 ], [ 85.379806448234277, 26.584194219677173 ], [ 85.381080686288428, 26.587778037829462 ], [ 85.383972197411296, 26.589805629915624 ], [ 85.396362281937812, 26.587833414831813 ], [ 85.400169309099581, 26.589861006917978 ], [ 85.402389492193933, 26.593610767077319 ], [ 85.400108262096992, 26.596416472196545 ], [ 85.397613461990971, 26.596750246210728 ], [ 85.394279501849297, 26.597194585229609 ], [ 85.38903040462624, 26.602806184468069 ], [ 85.393081619798394, 26.60522273857076 ], [ 85.388168375589615, 26.614221595953154 ], [ 85.395111101884638, 26.635833746871544 ], [ 85.398551847030845, 26.641445157109999 ], [ 85.400497413113527, 26.643304917189027 ], [ 85.403335626234139, 26.643249540186673 ], [ 85.408691319461724, 26.633417192768853 ], [ 85.412139813608263, 26.631221768675562 ], [ 85.415222214739245, 26.632415681726297 ], [ 85.417945893854977, 26.636583320903398 ], [ 85.41727456582646, 26.638277138975376 ], [ 85.412834199637771, 26.638805393997821 ], [ 85.404418974280176, 26.648305857401535 ], [ 85.402999962219866, 26.657194149779237 ], [ 85.400390628108994, 26.663499757047184 ], [ 85.399917561088884, 26.664667210096795 ], [ 85.401969912176099, 26.670333808337595 ], [ 85.402610811203331, 26.6711387593718 ], [ 85.40460967528827, 26.673584041475706 ], [ 85.40853123645492, 26.678417149681088 ], [ 85.416221646781707, 26.684360443933642 ], [ 85.410385137533694, 26.693582510325527 ], [ 85.41172023359043, 26.707916270934625 ], [ 85.416999759814772, 26.71161084309162 ], [ 85.429306117337731, 26.714055936195525 ], [ 85.436721721652845, 26.718526920385514 ], [ 85.436081011625618, 26.720666967476454 ], [ 85.424774086145135, 26.7207221554788 ], [ 85.419471690919821, 26.724000927618128 ], [ 85.41769414584428, 26.727443751764426 ], [ 85.419891270937654, 26.730749172904886 ], [ 85.423919617108837, 26.731721955946227 ], [ 85.43413544554295, 26.726638800730221 ], [ 85.445167565011744, 26.725944603700722 ], [ 85.447830197124887, 26.729055354832909 ], [ 85.446723980077877, 26.73119351192377 ], [ 85.441864033871369, 26.732694549987556 ], [ 85.432502674473554, 26.735527093107919 ], [ 85.429054180327014, 26.738582656237764 ], [ 85.428192151290389, 26.74113850334637 ], [ 85.431083662413258, 26.743610434451416 ], [ 85.442085352880767, 26.741666758368822 ], [ 85.445197994013043, 26.74349968044671 ], [ 85.441864033871369, 26.750110711727636 ], [ 85.438636858734228, 26.752944955848079 ], [ 85.432525543474526, 26.754278161904729 ], [ 85.422500605048526, 26.756471695997945 ], [ 85.418167023864385, 26.75300033285043 ], [ 85.415832495765173, 26.753250190861046 ], [ 85.409225433484423, 26.761222778199837 ], [ 85.41316986365203, 26.766834188438288 ], [ 85.421554471008321, 26.772333143671958 ], [ 85.422836269062799, 26.776111631832524 ], [ 85.414115421782938, 26.790848690687938 ] ] ] } },
{ "type": "Feature", "properties": { "F_CODE_DES": "River/Stream", "HYC_DESCRI": "Perennial/Permanent", "NAM": "UNK", "ISO": "IND", "NAME_0": "India" }, "geometry": { "type": "MultiLineString", "coordinates": [ [ [ 85.395164399886909, 26.462583487509434 ], [ 85.394668652865846, 26.469554941805683 ], [ 85.397552414988382, 26.4722498929202 ], [ 85.402000341177398, 26.471500318888346 ], [ 85.412498535623499, 26.468944471779739 ], [ 85.416862545808954, 26.465665888640419 ], [ 85.419418392917549, 26.456943538269769 ], [ 85.426528951219709, 26.459527924379593 ], [ 85.434776344570182, 26.452999108102155 ], [ 85.439918467788686, 26.451833734052634 ], [ 85.441413835852231, 26.45516580419423 ], [ 85.44058223581689, 26.458999669357144 ], [ 85.449722276205293, 26.45794486031232 ], [ 85.454864588423803, 26.465416030629804 ], [ 85.461082499688032, 26.461471600462186 ] ] ] } },
{ "type": "Feature", "properties": { "F_CODE_DES": "River/Stream", "HYC_DESCRI": "Perennial/Permanent", "NAM": "UNK", "ISO": "IND", "NAME_0": "India" }, "geometry": { "type": "MultiLineString", "coordinates": [ [ [ 85.395164399886909, 26.462583487509434 ], [ 85.398582465032149, 26.458694434344174 ], [ 85.396919264961483, 26.457471793292221 ], [ 85.387748795571781, 26.456832973265072 ], [ 85.385833658490398, 26.455389013203714 ], [ 85.384025495413567, 26.449943544972314 ], [ 85.385169890462194, 26.448223077899204 ], [ 85.391723654740687, 26.447444964866136 ], [ 85.401359631150171, 26.432027856211 ], [ 85.399246233060353, 26.423833760862802 ], [ 85.402442979196195, 26.41233254337407 ], [ 85.400138880098297, 26.40563967508966 ], [ 85.40597538934631, 26.404222553029442 ], [ 85.407554673413415, 26.402082505938502 ], [ 85.401947043175127, 26.394611335621022 ], [ 85.403808504254229, 26.385888985250375 ], [ 85.401832509170262, 26.381944744082766 ], [ 85.392082187755932, 26.377500597893917 ], [ 85.38439177742913, 26.369861595569304 ] ] ] } },
{ "type": "Feature", "properties": { "F_CODE_DES": "River/Stream", "HYC_DESCRI": "Perennial/Permanent", "NAM": "BAGMATI NADI", "ISO": "IND", "NAME_0": "India" }, "geometry": { "type": "MultiLineString", "coordinates": [ [ [ 85.252830572838562, 26.595472417156429 ], [ 85.257858351052207, 26.591138835972274 ], [ 85.261611891211714, 26.590444638942778 ], [ 85.262001042228249, 26.587667472824762 ], [ 85.252197233811643, 26.572471683179032 ], [ 85.248886142670941, 26.571056451118892 ], [ 85.237358087181079, 26.570667300102357 ], [ 85.233306872008924, 26.568445227007931 ], [ 85.23208612095705, 26.56613923790994 ], [ 85.238197247216732, 26.557556180545212 ], [ 85.229026777827045, 26.557138490527464 ], [ 85.227058342743391, 26.554416701411803 ], [ 85.230056827870811, 26.552028686310326 ], [ 85.236358655138602, 26.550832694259505 ], [ 85.239753662282865, 26.54591756005064 ], [ 85.246780304581463, 26.545110719016353 ], [ 85.250831519753618, 26.539333366770851 ], [ 85.258194015066479, 26.515306551749852 ], [ 85.25791939805481, 26.514638814721479 ], [ 85.256668029001631, 26.511528063589289 ], [ 85.251167372767881, 26.507415801414545 ], [ 85.244781440496524, 26.505861276348483 ], [ 85.243308941433952, 26.502721797215074 ], [ 85.244392478479995, 26.499971469098202 ], [ 85.256446898992237, 26.502445290203326 ], [ 85.263084390274287, 26.496584021954256 ], [ 85.26877593651615, 26.482610684360473 ], [ 85.273002543695753, 26.472305269922554 ], [ 85.27805319091037, 26.45147142103724 ], [ 85.281417769053348, 26.445499398783461 ], [ 85.291946392500748, 26.444610531745692 ], [ 85.294197004596384, 26.432111772214569 ], [ 85.296913123711803, 26.429500548103604 ], [ 85.302558931951722, 26.429306067095343 ], [ 85.311225905320015, 26.428972293081159 ], [ 85.32219697778622, 26.410139009280854 ], [ 85.326637343974909, 26.409416273250145 ], [ 85.332611067228754, 26.413723016433153 ], [ 85.335861300366872, 26.412582401384686 ], [ 85.348136850888508, 26.398582414789772 ], [ 85.35416406114463, 26.395916002676465 ], [ 85.364860516599165, 26.384666533198427 ], [ 85.372054990904886, 26.380638187027245 ], [ 85.37547305605014, 26.378723238945874 ], [ 85.38439177742913, 26.369861595569304 ] ] ] } },
{ "type": "Feature", "properties": { "F_CODE_DES": "River/Stream", "HYC_DESCRI": "Perennial/Permanent", "NAM": "UNK", "ISO": "IND", "NAME_0": "India" }, "geometry": { "type": "MultiLineString", "coordinates": [ [ [ 85.638053980208269, 26.23222158372042 ], [ 85.63361361401958, 26.232528708733469 ], [ 85.630058334868508, 26.230943754666121 ], [ 85.624191207619191, 26.23825068397662 ], [ 85.620002778441204, 26.239000258008474 ], [ 85.615501365249926, 26.236778184914048 ], [ 85.614196698194476, 26.240612050076965 ], [ 85.615943814268718, 26.244583129245711 ], [ 85.615081785232093, 26.246944495346057 ], [ 85.609108061978247, 26.250667606504265 ], [ 85.606803962880335, 26.259611086884313 ], [ 85.60338589773508, 26.26263811101294 ], [ 85.593940811333724, 26.260749811932701 ], [ 85.586669981024755, 26.267055419200652 ], [ 85.581169135791001, 26.268861692277408 ], [ 85.579696636728428, 26.269361408298643 ], [ 85.558113024811263, 26.289417333150901 ], [ 85.551666234537308, 26.295389166404668 ], [ 85.548774723414439, 26.304555855794199 ], [ 85.547363271354456, 26.309000001983048 ], [ 85.539443982017929, 26.31488791923325 ] ] ] } },
{ "type": "Feature", "properties": { "F_CODE_DES": "River/Stream", "HYC_DESCRI": "Perennial/Permanent", "NAM": "UNK", "ISO": "IND", "NAME_0": "India" }, "geometry": { "type": "MultiLineString", "coordinates": [ [ [ 85.393943837835039, 26.309860141019598 ], [ 85.398277230019175, 26.305972977854417 ], [ 85.403335626234139, 26.294027421346801 ], [ 85.398109398012053, 26.291389548234708 ], [ 85.395668084908309, 26.287639599075355 ], [ 85.393028321796137, 26.277139703629175 ], [ 85.39572138291058, 26.272638290437889 ], [ 85.401725724165729, 26.270166359332848 ], [ 85.407669018418275, 26.264554949094396 ], [ 85.422638008054378, 26.240388841067478 ], [ 85.427581870264461, 26.232389415727553 ], [ 85.433692996524144, 26.233304931766455 ], [ 85.436584507647012, 26.227556307522171 ], [ 85.439552374773129, 26.22536088342888 ], [ 85.451530439282124, 26.22636031547135 ], [ 85.454475437407268, 26.230722435656716 ], [ 85.470222540076435, 26.232889131748784 ], [ 85.481781024567596, 26.196193646189446 ], [ 85.483306821632439, 26.191389076985281 ], [ 85.485336303718682, 26.188999171883722 ], [ 85.491836580994899, 26.186944930796429 ], [ 85.492446862020827, 26.18397139367007 ], [ 85.488472002851921, 26.175638194315962 ], [ 85.490722614947558, 26.172611170187331 ], [ 85.503753598501305, 26.17061041610231 ], [ 85.523918198358174, 26.163360564794235 ], [ 85.526252726457386, 26.16330537679189 ], [ 85.530555689640238, 26.167028487950098 ], [ 85.535858084865552, 26.164861602858018 ], [ 85.540496901062681, 26.162971413777697 ], [ 85.542442278145344, 26.165666553892226 ], [ 85.54594425929416, 26.165166837870991 ], [ 85.549392753440699, 26.162555613760027 ], [ 85.552696284581074, 26.155277223450739 ], [ 85.560470610911437, 26.150028315227694 ], [ 85.563636739045975, 26.149110720188702 ], [ 85.571609515384779, 26.146804731090711 ], [ 85.576385545587726, 26.142665819914832 ], [ 85.575805693563083, 26.138250401727202 ], [ 85.578193708664571, 26.132278379473426 ], [ 85.586334317010497, 26.122777916069712 ], [ 85.586219783005632, 26.118555088890268 ], [ 85.58619691400466, 26.117916079863114 ], [ 85.594802840370349, 26.109056515486635 ], [ 85.599441467567473, 26.107889251437033 ], [ 85.604858396797653, 26.101194304152536 ], [ 85.614028866187354, 26.10224911319736 ], [ 85.620719844471679, 26.099750533091186 ], [ 85.631469786928477, 26.104999630314239 ], [ 85.637527426185898, 26.106111517361491 ], [ 85.643806384452716, 26.10511019531894 ], [ 85.650558409739631, 26.096694969961341 ], [ 85.657447838032397, 26.092500681783108 ], [ 85.666747961427603, 26.083416018397067 ], [ 85.669219892532638, 26.079555504233014 ], [ 85.668113675485628, 26.073860177990998 ], [ 85.670249942576405, 26.067693674728957 ], [ 85.675529468800761, 26.063749244561343 ], [ 85.683334413132428, 26.059333826373717 ], [ 85.688026338331795, 26.059639061386683 ], [ 85.70155325790661, 26.067111932704236 ], [ 85.708419817198404, 26.069250089795098 ], [ 85.722969037816654, 26.056222886241518 ] ] ] } },
{ "type": "Feature", "properties": { "F_CODE_DES": "River/Stream", "HYC_DESCRI": "Perennial/Permanent", "NAM": "BURHI GANDAK", "ISO": "IND", "NAME_0": "India" }, "geometry": { "type": "MultiLineString", "coordinates": [ [ [ 85.595695487408292, 26.004888594060112 ], [ 85.592781107284438, 26.009195337243128 ], [ 85.59339138831038, 26.014444434466181 ], [ 85.591636712235811, 26.018499429638496 ], [ 85.573364191459333, 26.032054888214521 ], [ 85.570526167338741, 26.039527948532083 ], [ 85.567359850204198, 26.042554783660705 ], [ 85.554748446668285, 26.043277708691427 ], [ 85.545249873264652, 26.053638500131697 ], [ 85.536941621911595, 26.057222318283991 ], [ 85.541336061098335, 26.063444198548382 ], [ 85.549110387428698, 26.065584245639322 ], [ 85.553886417631645, 26.069694428813978 ], [ 85.552864116588211, 26.073749612986298 ], [ 85.548584022406331, 26.079555504233014 ], [ 85.542747513158318, 26.080333617266081 ], [ 85.535057102831516, 26.076778338115005 ], [ 85.53446969080656, 26.076499941103172 ], [ 85.526107763451222, 26.062555331510609 ], [ 85.515029905980484, 26.075500509060703 ], [ 85.513946557934446, 26.078695365196467 ], [ 85.514663623964921, 26.081167296301508 ], [ 85.514999476979185, 26.082250644347546 ], [ 85.519554188172734, 26.086166346513938 ], [ 85.517135555069956, 26.091722568750043 ], [ 85.511024428810273, 26.090583843701655 ], [ 85.510414147784331, 26.093360820819662 ], [ 85.513641322921472, 26.100027040102937 ], [ 85.514694241966211, 26.112472501631792 ], [ 85.513389574910775, 26.115249667749808 ], [ 85.503639253496445, 26.122110368041348 ], [ 85.498474072276949, 26.125749563195988 ], [ 85.490386950933299, 26.128471352311649 ], [ 85.48547370672452, 26.13683327966698 ], [ 85.476501498343254, 26.141195210852338 ], [ 85.469085705028121, 26.144805867005772 ], [ 85.465385462870884, 26.154193875404705 ], [ 85.457664434542792, 26.145916053052947 ], [ 85.451080241263, 26.145444876032926 ], [ 85.449195911182926, 26.143806434963302 ], [ 85.446197426055505, 26.137527476696484 ], [ 85.440086299795823, 26.136611960657575 ], [ 85.433364892510198, 26.130861257413208 ], [ 85.42363744009684, 26.134721771577254 ], [ 85.422058156029735, 26.135360780604408 ], [ 85.412918115641332, 26.143806434963302 ], [ 85.406944203387482, 26.139499691780287 ], [ 85.399833645085323, 26.139862004795685 ], [ 85.396194449930675, 26.140054784803876 ], [ 85.384307861425569, 26.140666955829893 ], [ 85.381553564308533, 26.143054970931367 ], [ 85.375137392035882, 26.156499864502695 ], [ 85.376640320099739, 26.159416134626618 ], [ 85.385139461460909, 26.162610990762381 ], [ 85.381057817287456, 26.166721362937047 ], [ 85.373664892973309, 26.170473013096469 ], [ 85.371025129861124, 26.185112008718541 ], [ 85.374969560028745, 26.19241723702897 ], [ 85.373222443954504, 26.196472232201284 ], [ 85.36280816551195, 26.192277944023054 ], [ 85.355751094212067, 26.19983284134409 ], [ 85.345138554761107, 26.20513920556958 ], [ 85.343330391684262, 26.207277362660438 ], [ 85.341667191613595, 26.215360704003935 ], [ 85.323471026840366, 26.234777430829027 ], [ 85.321998527777794, 26.2418059631277 ], [ 85.319557214674049, 26.253444583622272 ], [ 85.310447603286946, 26.255138401694246 ], [ 85.304641712040223, 26.274055412498107 ], [ 85.304611283038938, 26.274055412498107 ], [ 85.298164303764977, 26.276527343603153 ], [ 85.290412846435586, 26.275861685574867 ], [ 85.285224985215137, 26.265611648139298 ], [ 85.274948109778421, 26.266277306167588 ], [ 85.272277917664951, 26.263805375062546 ], [ 85.269470133545639, 26.254972459687195 ], [ 85.266891417436071, 26.253999676645861 ], [ 85.25313561885153, 26.257249909783976 ], [ 85.242637613405421, 26.258111938820605 ], [ 85.248474122653434, 26.266639619182982 ], [ 85.24974817170758, 26.27063942635295 ], [ 85.249557470699472, 26.271444377387155 ], [ 85.24891657167224, 26.273805554487492 ], [ 85.244720393493921, 26.274973007537103 ], [ 85.23377993902902, 26.268222872250263 ], [ 85.23024752887892, 26.26808357924434 ], [ 85.228942861823469, 26.272361783426142 ], [ 85.231475839931107, 26.287721625078845 ], [ 85.227996916783283, 26.297721804503791 ], [ 85.224281365625387, 26.298860529552179 ], [ 85.212776179136483, 26.298471378535645 ], [ 85.195861812417732, 26.296499163451834 ] ] ] } },
{ "type": "Feature", "properties": { "F_CODE_DES": "River/Stream", "HYC_DESCRI": "Perennial/Permanent", "NAM": "UNK", "ISO": "IND", "NAME_0": "India" }, "geometry": { "type": "MultiLineString", "coordinates": [ [ [ 85.680274881002404, 26.823610357850939 ], [ 85.68424992917133, 26.830499597143692 ], [ 85.6888288323659, 26.833330061263968 ] ] ] } },
{ "type": "Feature", "properties": { "F_CODE_DES": "River/Stream", "HYC_DESCRI": "Perennial/Permanent", "NAM": "UNK", "ISO": "IND", "NAME_0": "India" }, "geometry": { "type": "MultiLineString", "coordinates": [ [ [ 85.674960200776567, 26.841663449618089 ], [ 85.674163754742722, 26.83897208950372 ], [ 85.680274881002404, 26.823610357850939 ] ] ] } },
{ "type": "Feature", "properties": { "F_CODE_DES": "River/Stream", "HYC_DESCRI": "Perennial/Permanent", "NAM": "UNK", "ISO": "IND", "NAME_0": "India" }, "geometry": { "type": "MultiLineString", "coordinates": [ [ [ 85.613113350148438, 26.782167381089856 ], [ 85.625663706681763, 26.784389454184282 ], [ 85.627609272764431, 26.786472234272786 ], [ 85.628196684789401, 26.790250722433349 ], [ 85.625747622685324, 26.795583735659974 ], [ 85.628997855823442, 26.801639484917306 ], [ 85.62850191980236, 26.807777449178133 ], [ 85.624168338618219, 26.812973059398914 ], [ 85.624305741624056, 26.817388477586547 ], [ 85.627082907742064, 26.823888754862768 ], [ 85.635749881110357, 26.829999881122454 ], [ 85.639274542260139, 26.837528318442367 ], [ 85.648780864664104, 26.847639062872016 ], [ 85.649546125696617, 26.849996648972201 ] ] ] } },
{ "type": "Feature", "properties": { "F_CODE_DES": "River/Stream", "HYC_DESCRI": "Perennial/Permanent", "NAM": "UNK", "ISO": "IND", "NAME_0": "India" }, "geometry": { "type": "MultiLineString", "coordinates": [ [ [ 85.613113350148438, 26.782167381089856 ], [ 85.612358106116346, 26.788110675342409 ], [ 85.608390806947767, 26.789472609400285 ], [ 85.607360756903986, 26.793722085580864 ], [ 85.61105343906091, 26.799333495819315 ], [ 85.611892788096583, 26.803527783997545 ], [ 85.610969523057349, 26.805026932061253 ], [ 85.606246979856664, 26.803667077003468 ], [ 85.605079715807065, 26.812360699372896 ], [ 85.602775616709152, 26.813694094429557 ], [ 85.602363596691646, 26.815805413519271 ], [ 85.605804530837858, 26.820806542731795 ], [ 85.601219201643019, 26.832750398239334 ], [ 85.596527087443633, 26.833278653261782 ], [ 85.594749542368092, 26.836276949389195 ], [ 85.59583289041413, 26.840917655586395 ], [ 85.590278558178099, 26.844223076726855 ], [ 85.587333749052959, 26.848304720900302 ], [ 85.587300107255288, 26.848518310526369 ] ] ] } },
{ "type": "Feature", "properties": { "F_CODE_DES": "River/Stream", "HYC_DESCRI": "Perennial/Permanent", "NAM": "UNK", "ISO": "IND", "NAME_0": "India" }, "geometry": { "type": "MultiLineString", "coordinates": [ [ [ 85.328311317046044, 26.741662978368659 ], [ 85.327972440031644, 26.730667146901403 ], [ 85.327857906026779, 26.727556206769208 ], [ 85.325775125938279, 26.720638239475235 ], [ 85.321250843746014, 26.717777346353664 ] ] ] } },
{ "type": "Feature", "properties": { "F_CODE_DES": "River/Stream", "HYC_DESCRI": "Perennial/Permanent", "NAM": "UNK", "ISO": "IND", "NAME_0": "India" }, "geometry": { "type": "MultiLineString", "coordinates": [ [ [ 85.321250843746014, 26.717777346353664 ], [ 85.323501644841656, 26.71455565221676 ], [ 85.319808962684746, 26.708528441960638 ], [ 85.314552305461376, 26.705888678848464 ] ] ] } },
{ "type": "Feature", "properties": { "F_CODE_DES": "River/Stream", "HYC_DESCRI": "Perennial/Permanent", "NAM": "UNK", "ISO": "IND", "NAME_0": "India" }, "geometry": { "type": "MultiLineString", "coordinates": [ [ [ 85.321250843746014, 26.717777346353664 ], [ 85.317413387582945, 26.715749754267499 ], [ 85.314193772446131, 26.709499335001894 ], [ 85.314552305461376, 26.705888678848464 ] ] ] } },
{ "type": "Feature", "properties": { "F_CODE_DES": "River/Stream", "HYC_DESCRI": "Perennial/Permanent", "NAM": "UNK", "ISO": "IND", "NAME_0": "India" }, "geometry": { "type": "MultiLineString", "coordinates": [ [ [ 85.680274881002404, 26.823610357850939 ], [ 85.68180842706758, 26.80455594404124 ], [ 85.684913697199534, 26.798360901777986 ], [ 85.684028610161917, 26.792667465536049 ], [ 85.67580408581243, 26.785278321222052 ], [ 85.675247102788759, 26.782110303087432 ], [ 85.672363340666223, 26.780694882027284 ], [ 85.668197591489204, 26.775110309789973 ], [ 85.660163957147816, 26.773611161726269 ], [ 85.647193831596667, 26.757667499048758 ], [ 85.642669738404422, 26.756082544981407 ], [ 85.634223895045523, 26.756500234999155 ], [ 85.61730196832643, 26.741277607352284 ], [ 85.615806600262886, 26.738582656237764 ], [ 85.619110131403275, 26.734167049050129 ], [ 85.619194047406836, 26.734056484045428 ], [ 85.619468664418505, 26.73177714394857 ], [ 85.619552580422067, 26.730861627909668 ], [ 85.610389671032706, 26.715055557238003 ], [ 85.605140762809654, 26.71241768412591 ], [ 85.601974445675111, 26.708278583950019 ], [ 85.601554865657278, 26.702777927716276 ], [ 85.607780525921825, 26.698610288539175 ], [ 85.607330327902702, 26.691444353234665 ], [ 85.610610990042105, 26.690750156205169 ], [ 85.613525370165959, 26.694471377363296 ], [ 85.615775982261596, 26.6912498722264 ], [ 85.616142264277158, 26.686639784030501 ], [ 85.616806032305362, 26.67791743365985 ], [ 85.619918862437643, 26.671693852395386 ], [ 85.621330314497612, 26.66427805908026 ], [ 85.621475277503777, 26.650749249505367 ], [ 85.621498146504749, 26.647361802361416 ], [ 85.615470936248627, 26.633777615784169 ], [ 85.617530847336155, 26.627250689506816 ], [ 85.618698111385768, 26.623556117349818 ], [ 85.620971592482377, 26.597944348261471 ], [ 85.623168906575742, 26.593027135052516 ], [ 85.634330680050056, 26.590000110923889 ], [ 85.637558044187202, 26.58761020582233 ] ] ] } },
{ "type": "Feature", "properties": { "F_CODE_DES": "River/Stream", "HYC_DESCRI": "Perennial/Permanent", "NAM": "UNK", "ISO": "IND", "NAME_0": "India" }, "geometry": { "type": "MultiLineString", "coordinates": [ [ [ 85.741421486600785, 26.641662507119232 ], [ 85.741111715587621, 26.639305110019059 ], [ 85.741142333588911, 26.638805393997821 ], [ 85.742332466639496, 26.62533385142536 ], [ 85.740524303562651, 26.613111409905979 ], [ 85.73633568538466, 26.598638545290967 ], [ 85.733108510247533, 26.593250344062003 ], [ 85.728889463068242, 26.593555390074965 ], [ 85.726448149964497, 26.58305549462878 ], [ 85.729446446091913, 26.574306495257002 ], [ 85.724502583881829, 26.566415744921692 ] ] ] } },
{ "type": "Feature", "properties": { "F_CODE_DES": "River/Stream", "HYC_DESCRI": "Perennial/Permanent", "NAM": "UNK", "ISO": "IND", "NAME_0": "India" }, "geometry": { "type": "MultiLineString", "coordinates": [ [ [ 85.698387129772073, 26.70166585166902 ], [ 85.699249347808717, 26.693082794304289 ], [ 85.699836759833673, 26.687250065056432 ], [ 85.698249726766235, 26.681388796807365 ], [ 85.680252012001446, 26.654277879655311 ], [ 85.67630777083383, 26.648332506402667 ], [ 85.674468989755695, 26.641834308126533 ], [ 85.679031449949576, 26.630306252636657 ], [ 85.678276016917465, 26.621250128251827 ], [ 85.681777998066281, 26.612693719888231 ], [ 85.679054318950548, 26.607915799685198 ], [ 85.679084747951833, 26.601583543416112 ], [ 85.671806357642552, 26.585695257740959 ], [ 85.671836786643837, 26.584444077687788 ], [ 85.671913142647085, 26.581888230579182 ], [ 85.674362204751162, 26.577611916397462 ], [ 85.681030314034516, 26.572360929174327 ], [ 85.706108158100179, 26.571306309129511 ], [ 85.709114014227907, 26.568445227007931 ], [ 85.713416977410759, 26.564361503834398 ], [ 85.716361975535904, 26.568527253011418 ], [ 85.724502583881829, 26.566415744921692 ] ] ] } },
{ "type": "Feature", "properties": { "F_CODE_DES": "River/Stream", "HYC_DESCRI": "Perennial/Permanent", "NAM": "UNK", "ISO": "IND", "NAME_0": "India" }, "geometry": { "type": "MultiLineString", "coordinates": [ [ [ 85.77226076817638, 26.629361330578146 ], [ 85.772247387910696, 26.628555356562256 ], [ 85.772247387910696, 26.627944886536316 ], [ 85.771667535886053, 26.626304555466611 ], [ 85.770446784834178, 26.622917108322664 ], [ 85.767059337690242, 26.619833006191609 ], [ 85.769416734790411, 26.612388673875266 ], [ 85.763137776523592, 26.607250141656912 ], [ 85.76255792449895, 26.603889532514103 ], [ 85.765357959617944, 26.595361663151721 ], [ 85.770248334825752, 26.586999924796395 ], [ 85.769302389785551, 26.572250364169626 ], [ 85.7732239509522, 26.561582636716313 ], [ 85.772140413906158, 26.55738834853808 ], [ 85.776664696098408, 26.552610428335047 ], [ 85.776336592084462, 26.54902831118283 ], [ 85.76083367742568, 26.534000353544229 ], [ 85.761108483437354, 26.527444888265663 ], [ 85.758247401315785, 26.51950065092808 ], [ 85.758468720325183, 26.51383405268728 ], [ 85.758499149326482, 26.512306176622353 ] ] ] } },
{ "type": "Feature", "properties": { "F_CODE_DES": "River/Stream", "HYC_DESCRI": "Perennial/Permanent", "NAM": "UNK", "ISO": "IND", "NAME_0": "India" }, "geometry": { "type": "MultiLineString", "coordinates": [ [ [ 85.758499149326482, 26.512306176622353 ], [ 85.750640906992544, 26.515443765755684 ], [ 85.748642042907605, 26.512332825623488 ], [ 85.746780392828498, 26.512388202625843 ], [ 85.746696476824937, 26.517665838850107 ], [ 85.739890964535746, 26.516776971812337 ], [ 85.736915537409303, 26.519832534942182 ], [ 85.735809320362293, 26.529361726347116 ], [ 85.738220204464739, 26.539222801766151 ], [ 85.725471586923007, 26.552028686310326 ], [ 85.723526020840325, 26.557138490527464 ], [ 85.724502583881829, 26.566415744921692 ] ] ] } },
{ "type": "Feature", "properties": { "F_CODE_DES": "River/Stream", "HYC_DESCRI": "Perennial/Permanent", "NAM": "UNK", "ISO": "IND", "NAME_0": "India" }, "geometry": { "type": "MultiLineString", "coordinates": [ [ [ 85.461082499688032, 26.461471600462186 ], [ 85.465026929855654, 26.468139709745543 ], [ 85.464919955851101, 26.472583855934392 ], [ 85.458862316593695, 26.482221533343935 ], [ 85.465553294878021, 26.486528465526956 ], [ 85.468002356982083, 26.489833886667416 ], [ 85.474052436239177, 26.488861103626078 ], [ 85.482002343577008, 26.49522208789638 ], [ 85.489334031888561, 26.497583453996725 ], [ 85.4824447925958, 26.503027032228047 ], [ 85.48583223973975, 26.506305615367367 ], [ 85.486274688758556, 26.513916078690766 ], [ 85.489829967909628, 26.515306551749852 ], [ 85.494361810102205, 26.509277262493644 ], [ 85.49903105530062, 26.508556416463012 ], [ 85.501029919385559, 26.51250084663063 ], [ 85.500389020358327, 26.514638814721479 ], [ 85.497390724230925, 26.516195229787616 ], [ 85.505470285574248, 26.528028520290462 ], [ 85.510055614769101, 26.532167431466341 ], [ 85.510749811798604, 26.53702737767286 ], [ 85.511833159844642, 26.544584353993987 ], [ 85.507751515671188, 26.549749346213467 ], [ 85.513053910896517, 26.570333526088174 ], [ 85.511276176820971, 26.574583002268753 ], [ 85.50241850244457, 26.583888984664199 ], [ 85.500000058341797, 26.590084026927453 ], [ 85.499916142338236, 26.593027135052516 ], [ 85.4997483103311, 26.597888971259117 ], [ 85.50033572235607, 26.598943780303941 ], [ 85.501304536397228, 26.600666137377132 ], [ 85.503997786511675, 26.605499245582507 ], [ 85.50521853756355, 26.607694669675801 ], [ 85.505531332576851, 26.610860797810343 ], [ 85.505165050561274, 26.611749664848112 ], [ 85.504669114540206, 26.613000844901279 ], [ 85.496276947183588, 26.615304943999192 ], [ 85.492836013037376, 26.617916168110156 ], [ 85.491142194965391, 26.624500361389941 ], [ 85.491165252966368, 26.634221954803053 ], [ 85.489387518890823, 26.637443459939949 ], [ 85.480224609501462, 26.645584068285878 ], [ 85.478386017423333, 26.647222509355501 ], [ 85.470947355107228, 26.649278640442873 ], [ 85.470306456079996, 26.651611278541996 ], [ 85.471778955142568, 26.653917267639986 ], [ 85.482971157618167, 26.659139715861912 ], [ 85.492614694027964, 26.667165790202972 ], [ 85.500083974345372, 26.666139520159362 ], [ 85.504081702515251, 26.67427823850521 ], [ 85.501831090419614, 26.67791743365985 ], [ 85.497138976220214, 26.677415827638537 ], [ 85.493057332046774, 26.674554745516957 ], [ 85.489555350897959, 26.675472340555949 ], [ 85.489196817882728, 26.679082807709374 ], [ 85.491447429978365, 26.68344492789474 ], [ 85.512580843876407, 26.699027978556927 ], [ 85.518447782125719, 26.715360603250964 ], [ 85.517303387077092, 26.721834231526056 ], [ 85.514694241966211, 26.72347267259568 ], [ 85.512947125891969, 26.728166487795139 ], [ 85.512084907855339, 26.738111479217743 ], [ 85.509193396732456, 26.744304631480915 ], [ 85.513725238925034, 26.754972547934237 ], [ 85.512725806882571, 26.760500042169124 ], [ 85.508163535688695, 26.765666924388686 ], [ 85.509696892753851, 26.777694695899797 ], [ 85.503051841471489, 26.784389454184282 ], [ 85.499107411303868, 26.79163930549236 ], [ 85.498169026263994, 26.79338831156668 ], [ 85.496246903475992, 26.802396989461823 ] ] ] } },
{ "type": "Feature", "properties": { "F_CODE_DES": "River/Stream", "HYC_DESCRI": "Perennial/Permanent", "NAM": "UNK", "ISO": "IND", "NAME_0": "India" }, "geometry": { "type": "MultiLineString", "coordinates": [ [ [ 85.813026407643562, 26.455528306209633 ], [ 85.81749720283355, 26.470638289851717 ], [ 85.815582254752172, 26.476583474104352 ], [ 85.811363207572882, 26.476499558100784 ], [ 85.807250945398138, 26.480194130257786 ], [ 85.806419345362798, 26.483165777384059 ], [ 85.810363775530419, 26.489000396631997 ], [ 85.809974624513885, 26.492166524766539 ], [ 85.805419913320335, 26.496084305933021 ], [ 85.807388348403975, 26.499416376074613 ], [ 85.812164378606937, 26.501832930177304 ], [ 85.814445419703858, 26.507055189399217 ], [ 85.814636309711972, 26.513610843677796 ], [ 85.819641029924639, 26.522333194048443 ], [ 85.836250350630451, 26.528028520290462 ], [ 85.839248646757852, 26.526472105224322 ], [ 85.848526090152092, 26.530666393402555 ], [ 85.853836045377733, 26.534973136585567 ], [ 85.856613211495741, 26.541250204852304 ], [ 85.855331413441277, 26.544860861005738 ], [ 85.854919393423771, 26.545221284021054 ], [ 85.85263816332683, 26.547138122102506 ], [ 85.851448030276259, 26.548139633145063 ], [ 85.846084588048342, 26.549110337186313 ], [ 85.84386440495399, 26.552972741350445 ], [ 85.846778785077845, 26.563888625814304 ], [ 85.858480138315187, 26.571453136998048 ] ] ] } },
{ "type": "Feature", "properties": { "F_CODE_DES": "River/Stream", "HYC_DESCRI": "Perennial/Permanent", "NAM": "UNK", "ISO": "IND", "NAME_0": "India" }, "geometry": { "type": "MultiLineString", "coordinates": [ [ [ 85.813026407643562, 26.455528306209633 ], [ 85.808441078448709, 26.458389199331201 ], [ 85.79727930497441, 26.476638851106706 ], [ 85.792419358767887, 26.478889463202343 ], [ 85.789474549642748, 26.489305442644962 ], [ 85.781723092313356, 26.504304861282346 ], [ 85.778358514170378, 26.506834059389824 ], [ 85.777359082127916, 26.507583633421675 ], [ 85.76630409365815, 26.506805331388602 ], [ 85.758499149326482, 26.512306176622353 ] ] ] } },
{ "type": "Feature", "properties": { "F_CODE_DES": "River/Stream", "HYC_DESCRI": "Perennial/Permanent", "NAM": "UNK", "ISO": "IND", "NAME_0": "India" }, "geometry": { "type": "MultiLineString", "coordinates": [ [ [ 85.782302944337999, 26.433500355273573 ], [ 85.771469085877627, 26.439277707519079 ], [ 85.751220759017187, 26.437471434442323 ], [ 85.747528076860277, 26.438833179500186 ], [ 85.735526954350291, 26.452667224088053 ], [ 85.727142346994, 26.469778150815166 ], [ 85.714225708445113, 26.480443988268402 ], [ 85.704940705050561, 26.488082801593006 ], [ 85.689277707384974, 26.513000562651861 ], [ 85.688415489348344, 26.513694759681364 ], [ 85.684692378190135, 26.516694945808851 ], [ 85.672752302682753, 26.516776971812337 ], [ 85.661529482205836, 26.518749186896144 ], [ 85.657196090021699, 26.522249278044878 ], [ 85.654975906927348, 26.527166302253825 ], [ 85.654586755910813, 26.53730577468469 ], [ 85.652610760826846, 26.541999778884158 ], [ 85.642776523408955, 26.550277790235924 ], [ 85.628807154815334, 26.554639910421287 ], [ 85.626556353719693, 26.557666745549909 ], [ 85.62472532164189, 26.566360556919346 ], [ 85.620223908450598, 26.573667486229848 ], [ 85.613418585161412, 26.573389089218018 ], [ 85.609252835984393, 26.57583418232192 ], [ 85.606498727867361, 26.58561134173739 ], [ 85.60908500397727, 26.593360909066703 ], [ 85.61010749402071, 26.596500388200113 ], [ 85.609413107991202, 26.604360520534119 ], [ 85.610725335046965, 26.6089724987301 ], [ 85.607223542898168, 26.625110642415876 ], [ 85.6064148118638, 26.64519491726934 ], [ 85.60475161179312, 26.648250669399189 ], [ 85.600166282598266, 26.656555140752083 ], [ 85.594970672377485, 26.671888333403651 ], [ 85.58203116482764, 26.686361387018671 ], [ 85.572303712414282, 26.699916845594696 ], [ 85.576972957612696, 26.709443957999543 ], [ 85.578834607691803, 26.713277823162457 ], [ 85.586692850025727, 26.71711149932537 ], [ 85.591888460246508, 26.717388195337126 ], [ 85.596969536462424, 26.721916257529543 ], [ 85.603553729742217, 26.722610454559039 ], [ 85.605781472836881, 26.725721394691238 ], [ 85.608222974940631, 26.7346936030725 ], [ 85.611579804083277, 26.746915855591876 ], [ 85.615669197257048, 26.749555618704051 ], [ 85.6169434353112, 26.753139436856344 ], [ 85.607360756903986, 26.770277012584586 ], [ 85.613418585161412, 26.776250924838443 ], [ 85.613113350148438, 26.782167381089856 ] ] ] } },
{ "type": "Feature", "properties": { "F_CODE_DES": "River/Stream", "HYC_DESCRI": "Perennial/Permanent", "NAM": "UNK", "ISO": "IND", "NAME_0": "India" }, "geometry": { "type": "MultiLineString", "coordinates": [ [ [ 85.813026407643562, 26.455528306209633 ], [ 85.815780704760613, 26.453777221135219 ], [ 85.82566842918078, 26.454139723150625 ], [ 85.830719076395397, 26.451278641029049 ], [ 85.834968552575972, 26.444610531745692 ], [ 85.83438870055133, 26.44144440361115 ], [ 85.837364127677773, 26.438417379482519 ], [ 85.838027895705977, 26.430166206131894 ] ] ] } },
{ "type": "Feature", "properties": { "F_CODE_DES": "River/Stream", "HYC_DESCRI": "Perennial/Permanent", "NAM": "UNK", "ISO": "IND", "NAME_0": "India" }, "geometry": { "type": "MultiLineString", "coordinates": [ [ [ 85.838027895705977, 26.430166206131894 ], [ 85.830223140374329, 26.428249368050437 ], [ 85.808197079438344, 26.42841720005757 ], [ 85.803802451251599, 26.431055073169667 ], [ 85.795806805911838, 26.430000264124843 ], [ 85.782302944337999, 26.433500355273573 ] ] ] } },
{ "type": "Feature", "properties": { "F_CODE_DES": "River/Stream", "HYC_DESCRI": "Non-Perennial/Intermittent/Fluctuating", "NAM": "UNK", "ISO": "IND", "NAME_0": "India" }, "geometry": { "type": "MultiLineString", "coordinates": [ [ [ 85.643081758421928, 26.38272285711583 ], [ 85.648139965636872, 26.386833229290499 ], [ 85.653251659854078, 26.385639127239756 ], [ 85.672500554672055, 26.372167584667295 ], [ 85.679191532956381, 26.367471690467745 ], [ 85.69352718356555, 26.361194622201012 ], [ 85.699417179815839, 26.354499863916523 ], [ 85.705581604077793, 26.341861811379481 ], [ 85.703330991982156, 26.321861263529577 ], [ 85.707084721141669, 26.306749389887408 ], [ 85.706001373095631, 26.301721611673759 ], [ 85.703750572, 26.297750532505013 ], [ 85.700752275872574, 26.294944827385784 ], [ 85.692863415537346, 26.287666248076491 ], [ 85.689781203406369, 26.284805354954919 ], [ 85.688468976350606, 26.280195266759016 ], [ 85.693359351558428, 26.272028009411954 ], [ 85.693389969559718, 26.26908301128681 ], [ 85.693496754564265, 26.261028208944531 ], [ 85.698081894759099, 26.258193964824091 ], [ 85.70119472489138, 26.245222138272865 ], [ 85.706474251115722, 26.241277708105251 ], [ 85.708831837215911, 26.234887995833727 ], [ 85.719581590672718, 26.233777998786557 ], [ 85.727638283015068, 26.229333852597708 ], [ 85.729225127082501, 26.228027295542187 ], [ 85.730224559124977, 26.22208400128963 ], [ 85.734107942289995, 26.219028438159789 ], [ 85.733085641246561, 26.208917693730143 ], [ 85.737609923438811, 26.203945103518837 ], [ 85.736030639371705, 26.195693930168211 ], [ 85.736946155410607, 26.190221812935679 ], [ 85.738555868479011, 26.189138464889645 ], [ 85.74361426469396, 26.188917145880239 ], [ 85.752113406055116, 26.188554832864842 ], [ 85.765747110634479, 26.190332377940379 ], [ 85.772277816911995, 26.189332945897906 ], [ 85.774612345011192, 26.189695447913309 ], [ 85.779220543207018, 26.195054921141057 ], [ 85.78450006943136, 26.191528369991197 ], [ 85.787475496557803, 26.196750629213113 ], [ 85.804916417298941, 26.200527227373598 ], [ 85.808944763470123, 26.194278698108072 ], [ 85.819442768916218, 26.19358261107849 ] ] ] } },
{ "type": "Feature", "properties": { "F_CODE_DES": "River/Stream", "HYC_DESCRI": "Perennial/Permanent", "NAM": "UNK", "ISO": "IND", "NAME_0": "India" }, "geometry": { "type": "MultiLineString", "coordinates": [ [ [ 85.461082499688032, 26.461471600462186 ], [ 85.463279813781412, 26.447915952886152 ], [ 85.459861748636158, 26.443971711718547 ], [ 85.463027876770695, 26.43988798854501 ], [ 85.468719423012558, 26.442277893646569 ], [ 85.471641552136731, 26.437778559455374 ], [ 85.466468810916922, 26.428806351074108 ], [ 85.467781037972685, 26.425611494938344 ], [ 85.48594658474461, 26.412944714400084 ], [ 85.490890446954694, 26.405221985071911 ], [ 85.496971144213092, 26.405277173074257 ], [ 85.505859436590782, 26.396194399688291 ], [ 85.509277312736032, 26.394861193631641 ], [ 85.509330799738308, 26.394832654630427 ], [ 85.518806504140969, 26.397777463755563 ], [ 85.523170514326409, 26.387111626302328 ], [ 85.526580830471332, 26.38280488311932 ], [ 85.524581966386378, 26.382139225091031 ], [ 85.523719748349748, 26.381833990078061 ], [ 85.5200805531951, 26.377471869892695 ], [ 85.521667397262533, 26.375749512819507 ], [ 85.529663042602294, 26.37638852184666 ], [ 85.545440763272765, 26.370750462607077 ], [ 85.547470056358989, 26.367750087479578 ], [ 85.547500674360293, 26.360971413191525 ], [ 85.552223217560979, 26.354110712899985 ], [ 85.548835770417028, 26.350999772767789 ], [ 85.553611800619976, 26.345611571538821 ], [ 85.549774155456902, 26.343166289434912 ], [ 85.549468920443928, 26.340860300336921 ], [ 85.55569458070849, 26.337333749187064 ], [ 85.563003589019075, 26.318056126367878 ], [ 85.565055940106291, 26.312584009135346 ], [ 85.565139856109852, 26.307945192938224 ], [ 85.56925192928459, 26.304471939790631 ], [ 85.570251550327072, 26.297889636510924 ], [ 85.574775643519317, 26.29355624432678 ], [ 85.577858044650299, 26.293888128340882 ], [ 85.578552241679802, 26.292888696298412 ], [ 85.588417097098997, 26.278862060702366 ], [ 85.595054588381061, 26.282083565839258 ], [ 85.601860100670251, 26.274305270508727 ], [ 85.611137355064471, 26.271110603372975 ], [ 85.613914521182494, 26.270833907361215 ], [ 85.616806032305362, 26.272667018439112 ], [ 85.620361311456435, 26.266250657166452 ], [ 85.629302901836411, 26.259889672896151 ], [ 85.630279464877901, 26.253528688625845 ], [ 85.638359026221238, 26.242139737141883 ], [ 85.636169461128191, 26.23966591603676 ], [ 85.638053980208269, 26.23222158372042 ] ] ] } },
{ "type": "Feature", "properties": { "F_CODE_DES": "River/Stream", "HYC_DESCRI": "Perennial/Permanent", "NAM": "UNK", "ISO": "IND", "NAME_0": "India" }, "geometry": { "type": "MultiLineString", "coordinates": [ [ [ 85.819442768916218, 26.19358261107849 ], [ 85.82260889705077, 26.197111052228429 ], [ 85.813392689659125, 26.208972881732485 ], [ 85.807975760428945, 26.223249375339154 ], [ 85.810752926546954, 26.229305313596495 ], [ 85.81749720283355, 26.235889506876283 ], [ 85.819137533903245, 26.242834123171392 ], [ 85.816612304795939, 26.251972273559709 ], [ 85.815307637740503, 26.254333450660042 ], [ 85.810859711551487, 26.254861894682499 ], [ 85.801918121171525, 26.253194725611653 ], [ 85.799110337052213, 26.253915760642293 ], [ 85.79641727593777, 26.257139155779271 ], [ 85.794441280853803, 26.261417359961065 ], [ 85.791137749713428, 26.290445304194584 ], [ 85.787307664550667, 26.293638270330263 ], [ 85.784301808422939, 26.296138740436518 ], [ 85.7832488893782, 26.298889068553393 ], [ 85.782363802340583, 26.301250434653738 ], [ 85.790390065681649, 26.318361361380852 ], [ 85.787361151552943, 26.326055551707807 ], [ 85.791442795726383, 26.32994460487307 ], [ 85.802085953178661, 26.332860874996992 ], [ 85.804527266282406, 26.335750496119786 ], [ 85.803443918236368, 26.345501006534121 ], [ 85.803695666247066, 26.34641652257303 ], [ 85.805274950314171, 26.352193874818532 ], [ 85.807609478413383, 26.356445240999189 ], [ 85.812248294610498, 26.364915843359139 ], [ 85.812141509605965, 26.368499661511429 ], [ 85.809448259491518, 26.372388903676701 ], [ 85.79299921079253, 26.378500029936387 ], [ 85.791000346707591, 26.381944744082766 ], [ 85.789581334647281, 26.394306100608052 ], [ 85.788330154594121, 26.405361089077822 ], [ 85.787864647574338, 26.409276980244226 ], [ 85.783805872401871, 26.426944700994998 ], [ 85.782302944337999, 26.433500355273573 ] ] ] } },
{ "type": "Feature", "properties": { "F_CODE_DES": "River/Stream", "HYC_DESCRI": "Perennial/Permanent", "NAM": "UNK", "ISO": "IND", "NAME_0": "India" }, "geometry": { "type": "MultiLineString", "coordinates": [ [ [ 86.736808739898834, 26.409139577238385 ], [ 86.692390525011334, 26.407638539174599 ], [ 86.669471817037419, 26.403055099979831 ], [ 86.638725295730879, 26.396888785717799 ] ] ] } },
{ "type": "Feature", "properties": { "F_CODE_DES": "River/Stream", "HYC_DESCRI": "Perennial/Permanent", "NAM": "UNK", "ISO": "IND", "NAME_0": "India" }, "geometry": { "type": "MultiLineString", "coordinates": [ [ [ 86.634277369541863, 26.337444314191764 ], [ 86.62686157622673, 26.333665826031201 ], [ 86.61722559981726, 26.332500451981677 ], [ 86.613334656651915, 26.329444888851832 ], [ 86.604469233275196, 26.312610658136478 ], [ 86.589363029633276, 26.309499718004282 ], [ 86.581642190305175, 26.303832930763477 ] ] ] } },
{ "type": "Feature", "properties": { "F_CODE_DES": "River/Stream", "HYC_DESCRI": "Non-Perennial/Intermittent/Fluctuating", "NAM": "UNK", "ISO": "IND", "NAME_0": "India" }, "geometry": { "type": "MultiLineString", "coordinates": [ [ [ 86.727081287485476, 26.31372254518373 ], [ 86.723167475319173, 26.315111128242734 ], [ 86.704307542517725, 26.312555281134124 ], [ 86.685142563703337, 26.301776799676105 ], [ 86.67805487440215, 26.300333028614752 ], [ 86.669197011025744, 26.295944259428254 ] ] ] } },
{ "type": "Feature", "properties": { "F_CODE_DES": "River/Stream", "HYC_DESCRI": "Perennial/Permanent", "NAM": "UNK", "ISO": "IND", "NAME_0": "India" }, "geometry": { "type": "MultiLineString", "coordinates": [ [ [ 86.60111240413255, 26.262416792003535 ], [ 86.611831728588058, 26.267166173205357 ], [ 86.615913372761497, 26.267139524204225 ], [ 86.625831526182964, 26.271583481393066 ], [ 86.63625336462583, 26.273971496494543 ], [ 86.642669725898486, 26.276306213593756 ], [ 86.656776497497944, 26.277973193664593 ] ] ] } },
{ "type": "Feature", "properties": { "F_CODE_DES": "River/Stream", "HYC_DESCRI": "Perennial/Permanent", "NAM": "UNK", "ISO": "IND", "NAME_0": "India" }, "geometry": { "type": "MultiLineString", "coordinates": [ [ [ 86.549751273950008, 26.254333450660042 ], [ 86.556663571243732, 26.257694248802856 ], [ 86.554443388149394, 26.26116750195045 ], [ 86.545387263764567, 26.262916508024773 ] ] ] } },
{ "type": "Feature", "properties": { "F_CODE_DES": "River/Stream", "HYC_DESCRI": "Perennial/Permanent", "NAM": "UNK", "ISO": "IND", "NAME_0": "India" }, "geometry": { "type": "MultiLineString", "coordinates": [ [ [ 86.574996950022793, 26.250333832490085 ], [ 86.567886391720634, 26.244888364258685 ], [ 86.561111497432748, 26.245527184285827 ], [ 86.55491645516949, 26.248887982428641 ], [ 86.549751273950008, 26.254333450660042 ] ] ] } },
{ "type": "Feature", "properties": { "F_CODE_DES": "River/Stream", "HYC_DESCRI": "Perennial/Permanent", "NAM": "UNK", "ISO": "IND", "NAME_0": "India" }, "geometry": { "type": "MultiLineString", "coordinates": [ [ [ 86.5078582881698, 26.25544363670722 ], [ 86.502891556958744, 26.24797246638974 ], [ 86.494468771600822, 26.24252699815834 ], [ 86.462829603256353, 26.241611482119435 ] ] ] } },
{ "type": "Feature", "properties": { "F_CODE_DES": "River/Stream", "HYC_DESCRI": "Perennial/Permanent", "NAM": "UNK", "ISO": "IND", "NAME_0": "India" }, "geometry": { "type": "MultiLineString", "coordinates": [ [ [ 86.424919036645377, 26.211082499822133 ], [ 86.427497941754964, 26.204666138549477 ], [ 86.423385679580221, 26.201000294393701 ] ] ] } },
{ "type": "Feature", "properties": { "F_CODE_DES": "River/Stream", "HYC_DESCRI": "Perennial/Permanent", "NAM": "UNK", "ISO": "IND", "NAME_0": "India" }, "geometry": { "type": "MultiLineString", "coordinates": [ [ [ 86.549751273950008, 26.254333450660042 ], [ 86.54355623168675, 26.25158312254317 ], [ 86.53841391946824, 26.240333464065127 ], [ 86.526580817965396, 26.230333284640178 ], [ 86.524559084879485, 26.220693528230548 ], [ 86.522110022775422, 26.217582777098357 ], [ 86.490303022423802, 26.200195343359496 ], [ 86.474670453759515, 26.195611904164725 ], [ 86.455108574928246, 26.19241723702897 ], [ 86.447219903593023, 26.187360730814099 ], [ 86.446525517563529, 26.18280601962055 ], [ 86.444084204459784, 26.166111081911115 ], [ 86.440498307307408, 26.164556556845056 ], [ 86.433723413019507, 26.164556556845056 ], [ 86.430274918872968, 26.160417645669177 ], [ 86.42466728863468, 26.141776952877059 ] ] ] } },
{ "type": "Feature", "properties": { "F_CODE_DES": "River/Stream", "HYC_DESCRI": "Perennial/Permanent", "NAM": "UNK", "ISO": "IND", "NAME_0": "India" }, "geometry": { "type": "MultiLineString", "coordinates": [ [ [ 86.610443145529047, 26.135555261612673 ], [ 86.611663896580922, 26.136999221674031 ], [ 86.618247900860709, 26.13763804170118 ], [ 86.621887285015362, 26.141305964857047 ], [ 86.632614169471182, 26.139917381798039 ] ] ] } },
{ "type": "Feature", "properties": { "F_CODE_DES": "River/Stream", "HYC_DESCRI": "Perennial/Permanent", "NAM": "UNK", "ISO": "IND", "NAME_0": "India" }, "geometry": { "type": "MultiLineString", "coordinates": [ [ [ 86.499000613793399, 26.133777527537131 ], [ 86.5020293389221, 26.145526902036409 ], [ 86.516914412554627, 26.155639725466145 ], [ 86.51992026868237, 26.160804717685625 ], [ 86.526222284950165, 26.166528771928867 ], [ 86.528831430061032, 26.173639330231019 ] ] ] } },
{ "type": "Feature", "properties": { "F_CODE_DES": "River/Stream", "HYC_DESCRI": "Perennial/Permanent", "NAM": "UNK", "ISO": "IND", "NAME_0": "India" }, "geometry": { "type": "MultiLineString", "coordinates": [ [ [ 86.572196914903813, 26.126194091214877 ], [ 86.63452911755256, 26.188888606879026 ], [ 86.637496984678677, 26.198499635287437 ], [ 86.645225573007096, 26.210721887806812 ], [ 86.65721894651675, 26.224082865374573 ], [ 86.657974190548842, 26.224527393393462 ], [ 86.659385642608811, 26.225389422430091 ], [ 86.678108172404407, 26.236694268910483 ], [ 86.688026514825879, 26.250554962499479 ], [ 86.703834475497629, 26.277276917635007 ], [ 86.708808955709017, 26.278388993682263 ], [ 86.729553218590524, 26.299472889578201 ], [ 86.742195051127723, 26.300693451630067 ], [ 86.744857872240885, 26.300945199640765 ], [ 86.750968998500568, 26.301526941665486 ], [ 86.753112825591671, 26.305584015837887 ], [ 86.755943289711951, 26.310972217066855 ], [ 86.766723661170047, 26.331443752936774 ] ] ] } },
{ "type": "Feature", "properties": { "F_CODE_DES": "River/Stream", "HYC_DESCRI": "Non-Perennial/Intermittent/Fluctuating", "NAM": "UNK", "ISO": "IND", "NAME_0": "India" }, "geometry": { "type": "MultiLineString", "coordinates": [ [ [ 86.543029866664384, 26.122472681056742 ], [ 86.544998112748019, 26.124944612161784 ], [ 86.544197130713982, 26.128139468297547 ], [ 86.54013816654151, 26.132499698482832 ], [ 86.541221703587553, 26.136278186643395 ], [ 86.544639579732788, 26.139749549790906 ], [ 86.56341559653066, 26.147832891134399 ], [ 86.567779606716101, 26.157833070559349 ], [ 86.573364178953412, 26.162944764776565 ], [ 86.583084071366457, 26.165805846898145 ], [ 86.585975582489326, 26.168443720010238 ], [ 86.587585484557735, 26.173694518233368 ], [ 86.586891098528227, 26.185749127745616 ], [ 86.58860778560117, 26.187610588824718 ], [ 86.599723821073539, 26.19041629394394 ], [ 86.610832296545581, 26.214111413950846 ], [ 86.612998992637657, 26.218721313146737 ], [ 86.639335576756807, 26.239444786027363 ], [ 86.655052250424674, 26.246528695328387 ], [ 86.672142009150889, 26.263749998060192 ], [ 86.672637945171957, 26.270055794328151 ], [ 86.681915199566191, 26.268278060252605 ], [ 86.684219298664104, 26.272861499447373 ], [ 86.683502232633629, 26.278583474690524 ], [ 86.685302646710142, 26.282749223867548 ], [ 86.690582361934489, 26.285749409995034 ], [ 86.700668347363091, 26.285638844990338 ], [ 86.704635646531671, 26.287666248076491 ], [ 86.706390322606239, 26.288555115114264 ], [ 86.709999088759588, 26.29041676519337 ], [ 86.710998520802065, 26.293222470312596 ], [ 86.712081868848088, 26.296249305441219 ], [ 86.712219271853925, 26.305334157827271 ], [ 86.71669762704424, 26.306028354856771 ], [ 86.719665494170357, 26.30402760077175 ], [ 86.722969025310732, 26.304361374785934 ], [ 86.727081287485476, 26.31372254518373 ] ] ] } },
{ "type": "Feature", "properties": { "F_CODE_DES": "River/Stream", "HYC_DESCRI": "Perennial/Permanent", "NAM": "UNK", "ISO": "IND", "NAME_0": "India" }, "geometry": { "type": "MultiLineString", "coordinates": [ [ [ 86.627891626270511, 26.120832349987037 ], [ 86.62686157622673, 26.124666215149954 ], [ 86.630470342380093, 26.134250594557233 ], [ 86.632614169471182, 26.139917381798039 ] ] ] } },
{ "type": "Feature", "properties": { "F_CODE_DES": "River/Stream", "HYC_DESCRI": "Perennial/Permanent", "NAM": "UNK", "ISO": "IND", "NAME_0": "India" }, "geometry": { "type": "MultiLineString", "coordinates": [ [ [ 86.63819118170818, 26.139110540763753 ], [ 86.639419492760368, 26.136554693655143 ], [ 86.641670293856023, 26.131805501453332 ], [ 86.641860994864118, 26.125249847174757 ], [ 86.639419492760368, 26.116861270818291 ], [ 86.641891423865417, 26.108333590455914 ] ] ] } },
{ "type": "Feature", "properties": { "F_CODE_DES": "River/Stream", "HYC_DESCRI": "Perennial/Permanent", "NAM": "UNK", "ISO": "IND", "NAME_0": "India" }, "geometry": { "type": "MultiLineString", "coordinates": [ [ [ 86.641891423865417, 26.108333590455914 ], [ 86.634750436561973, 26.111110756573929 ], [ 86.628471289295135, 26.118083911870244 ], [ 86.627891626270511, 26.120832349987037 ] ] ] } },
{ "type": "Feature", "properties": { "F_CODE_DES": "River/Stream", "HYC_DESCRI": "Perennial/Permanent", "NAM": "UNK", "ISO": "IND", "NAME_0": "India" }, "geometry": { "type": "MultiLineString", "coordinates": [ [ [ 86.503669669991808, 26.102582887211543 ], [ 86.50797263317466, 26.110889437564524 ], [ 86.512275785357517, 26.113721791684881 ], [ 86.51953130666584, 26.113916461693151 ] ] ] } },
{ "type": "Feature", "properties": { "F_CODE_DES": "River/Stream", "HYC_DESCRI": "Perennial/Permanent", "NAM": "UNK", "ISO": "IND", "NAME_0": "India" }, "geometry": { "type": "MultiLineString", "coordinates": [ [ [ 86.568336400739767, 26.093166339811397 ], [ 86.571891868890845, 26.09408374585038 ], [ 86.584198037413785, 26.110195240535024 ], [ 86.585388170464356, 26.116693438811158 ], [ 86.589279113629701, 26.120388010968156 ], [ 86.600219757094621, 26.125528244186583 ], [ 86.60028080409721, 26.125638998191292 ], [ 86.602279668182149, 26.129888474371867 ], [ 86.603919999251858, 26.130277625388405 ] ] ] } },
{ "type": "Feature", "properties": { "F_CODE_DES": "River/Stream", "HYC_DESCRI": "Perennial/Permanent", "NAM": "UNK", "ISO": "IND", "NAME_0": "India" }, "geometry": { "type": "MultiLineString", "coordinates": [ [ [ 86.48674774327273, 26.087888703587126 ], [ 86.482528696093439, 26.088027996593048 ], [ 86.477302467871354, 26.085861300500973 ], [ 86.473915020727418, 26.082361209352243 ] ] ] } },
{ "type": "Feature", "properties": { "F_CODE_DES": "River/Stream", "HYC_DESCRI": "Non-Perennial/Intermittent/Fluctuating", "NAM": "UNK", "ISO": "IND", "NAME_0": "India" }, "geometry": { "type": "MultiLineString", "coordinates": [ [ [ 86.627891626270511, 26.120832349987037 ], [ 86.619888231930403, 26.107778497432328 ], [ 86.612136774601012, 26.10083388113722 ], [ 86.609024133468751, 26.098833127052202 ], [ 86.604614196281361, 26.099805910093536 ], [ 86.602470369190257, 26.099388031075783 ], [ 86.599891653080675, 26.098917043055767 ], [ 86.595054575875125, 26.094638838873969 ], [ 86.586135854496135, 26.076110790086638 ] ] ] } },
{ "type": "Feature", "properties": { "F_CODE_DES": "River/Stream", "HYC_DESCRI": "Perennial/Permanent", "NAM": "UNK", "ISO": "IND", "NAME_0": "India" }, "geometry": { "type": "MultiLineString", "coordinates": [ [ [ 86.56880190775955, 26.063138963535408 ], [ 86.568305971738468, 26.068222118751414 ], [ 86.573944030978055, 26.075221923048865 ], [ 86.574859547016956, 26.08088871028967 ], [ 86.572441102914183, 26.08544342148322 ], [ 86.568336400739767, 26.093166339811397 ] ] ] } },
{ "type": "Feature", "properties": { "F_CODE_DES": "River/Stream", "HYC_DESCRI": "Perennial/Permanent", "NAM": "UNK", "ISO": "IND", "NAME_0": "India" }, "geometry": { "type": "MultiLineString", "coordinates": [ [ [ 86.453697122868277, 26.05511099919427 ], [ 86.447524949605992, 26.046943741847208 ] ] ] } },
{ "type": "Feature", "properties": { "F_CODE_DES": "River/Stream", "HYC_DESCRI": "Non-Perennial/Intermittent/Fluctuating", "NAM": "UNK", "ISO": "IND", "NAME_0": "India" }, "geometry": { "type": "MultiLineString", "coordinates": [ [ [ 86.568336400739767, 26.093166339811397 ], [ 86.555641081200292, 26.091222852728809 ], [ 86.548690794904942, 26.087223045558844 ], [ 86.53125006316381, 26.07172202090014 ], [ 86.523612950839279, 26.06772240273018 ], [ 86.515831064508603, 26.060832974437417 ], [ 86.489753788400463, 26.037721675455327 ], [ 86.487167323290564, 26.037332524438789 ] ] ] } },
{ "type": "Feature", "properties": { "F_CODE_DES": "River/Stream", "HYC_DESCRI": "Perennial/Permanent", "NAM": "UNK", "ISO": "IND", "NAME_0": "India" }, "geometry": { "type": "MultiLineString", "coordinates": [ [ [ 86.487167323290564, 26.037332524438789 ], [ 86.487251239294125, 26.039916910548612 ], [ 86.497695946737963, 26.056278263243872 ], [ 86.501502973899733, 26.066722781687702 ], [ 86.510498051281971, 26.091388794735863 ], [ 86.545974675789523, 26.108028355442944 ] ] ] } },
{ "type": "Feature", "properties": { "F_CODE_DES": "River/Stream", "HYC_DESCRI": "Perennial/Permanent", "NAM": "UNK", "ISO": "IND", "NAME_0": "India" }, "geometry": { "type": "MultiLineString", "coordinates": [ [ [ 86.54783632586863, 26.034639274324341 ], [ 86.551330558017114, 26.040861154588736 ] ] ] } },
{ "type": "Feature", "properties": { "F_CODE_DES": "River/Stream", "HYC_DESCRI": "Perennial/Permanent", "NAM": "UNK", "ISO": "IND", "NAME_0": "India" }, "geometry": { "type": "MultiLineString", "coordinates": [ [ [ 86.487167323290564, 26.037332524438789 ], [ 86.487052978285703, 26.033695219284226 ] ] ] } },
{ "type": "Feature", "properties": { "F_CODE_DES": "River/Stream", "HYC_DESCRI": "Non-Perennial/Intermittent/Fluctuating", "NAM": "UNK", "ISO": "IND", "NAME_0": "India" }, "geometry": { "type": "MultiLineString", "coordinates": [ [ [ 86.641891423865417, 26.108333590455914 ], [ 86.641502461848887, 26.103916093268197 ], [ 86.637748732689374, 26.098110202021481 ], [ 86.63244633746406, 26.09405520684917 ], [ 86.628196672283465, 26.087223045558844 ], [ 86.625968929188801, 26.078222298176364 ], [ 86.610557490533907, 26.054193404155278 ], [ 86.605026216298867, 26.041694644624155 ], [ 86.603500419234024, 26.038221391476561 ], [ 86.598503070021664, 26.026916544996173 ], [ 86.593139627793747, 26.027500177020976 ], [ 86.584808318439727, 26.023332537843871 ], [ 86.575607231048735, 26.02172282477547 ] ] ] } },
{ "type": "Feature", "properties": { "F_CODE_DES": "River/Stream", "HYC_DESCRI": "Non-Perennial/Intermittent/Fluctuating", "NAM": "UNK", "ISO": "IND", "NAME_0": "India" }, "geometry": { "type": "MultiLineString", "coordinates": [ [ [ 86.779892047729618, 26.229139371589444 ], [ 86.776947049604473, 26.226028431457248 ], [ 86.77622223457368, 26.22525031842418 ], [ 86.768913226263095, 26.223806358362822 ], [ 86.763420130029672, 26.225694657443064 ], [ 86.758056687801755, 26.227527579520952 ], [ 86.756385738730742, 26.225528715436013 ], [ 86.755836504707403, 26.224861167407646 ], [ 86.750808726493759, 26.198415719283872 ], [ 86.73977660702495, 26.18652724077868 ], [ 86.73796844394812, 26.182556161609934 ], [ 86.738281238961406, 26.179000882458855 ], [ 86.738609342975352, 26.174917159285322 ], [ 86.736831608899806, 26.171388718135383 ], [ 86.722221341278967, 26.163194622787181 ], [ 86.721862808263722, 26.160055143653771 ], [ 86.72660822046538, 26.149749729215856 ], [ 86.726501435460833, 26.14938930620054 ], [ 86.720947292224821, 26.131139843425046 ], [ 86.715332101986206, 26.119693813938657 ], [ 86.717086778060775, 26.116249099792277 ], [ 86.719390877158688, 26.114584009721518 ], [ 86.723197904320457, 26.111833492604639 ], [ 86.724914591393414, 26.107973167440598 ], [ 86.711082436805626, 26.089195260642647 ], [ 86.696334766178936, 26.088832947627253 ], [ 86.691947886992523, 26.08433342443605 ], [ 86.690170341916982, 26.075306028052438 ], [ 86.687026893783411, 26.072639426939126 ], [ 86.682357837585002, 26.072805368946177 ], [ 86.678695584429377, 26.068916315780914 ], [ 86.677444404376203, 26.06111137144925 ], [ 86.667999317974846, 26.05255515208566 ], [ 86.666000453889907, 26.043527566702043 ], [ 86.656829795500201, 26.032222720221654 ], [ 86.650138817215876, 26.023944897869896 ], [ 86.647834718117977, 26.021083815748316 ], [ 86.64600368604016, 26.016305895545283 ], [ 86.638885567737688, 26.007860241186393 ], [ 86.627525344254948, 26.004417417040095 ] ] ] } },
{ "type": "Feature", "properties": { "F_CODE_DES": "River/Stream", "HYC_DESCRI": "Perennial/Permanent", "NAM": "UNK", "ISO": "IND", "NAME_0": "India" }, "geometry": { "type": "MultiLineString", "coordinates": [ [ [ 86.627525344254948, 26.004417417040095 ], [ 86.633613601513659, 26.016471837552334 ], [ 86.646942071080034, 26.033472010274743 ], [ 86.679389970458885, 26.074806123031195 ], [ 86.694473305099834, 26.114027026697851 ], [ 86.70549767556831, 26.142610631912483 ], [ 86.70980838775148, 26.149221474193407 ], [ 86.724693272384002, 26.172111454166096 ], [ 86.744140617210405, 26.201999726436171 ], [ 86.753280657598793, 26.22536088342888 ], [ 86.753303526599765, 26.225444799432445 ], [ 86.7640304110556, 26.253334018617572 ], [ 86.790054389161469, 26.277416210640922 ], [ 86.798469614519064, 26.294250441356279 ], [ 86.80783078491686, 26.303278026739896 ], [ 86.809692434995966, 26.305084299816656 ], [ 86.813194227144763, 26.312528632132995 ], [ 86.81380469717071, 26.313804571187212 ], [ 86.830192509867089, 26.327722531778644 ], [ 86.832191373952043, 26.327999038790395 ] ] ] } },
{ "type": "Feature", "properties": { "F_CODE_DES": "River/Stream", "HYC_DESCRI": "Non-Perennial/Intermittent/Fluctuating", "NAM": "UNK", "ISO": "IND", "NAME_0": "India" }, "geometry": { "type": "MultiLineString", "coordinates": [ [ [ 85.781753521314656, 26.037389791441221 ], [ 85.784278939421966, 26.028444232061091 ], [ 85.787445067556504, 26.025417396932468 ], [ 85.798362653020448, 26.023027491830909 ], [ 85.808723444460711, 26.018110278621958 ], [ 85.811943059597525, 26.015028066490984 ], [ 85.814613251710995, 26.012443491381156 ], [ 85.81544504074634, 26.00883302422773 ], [ 85.813919054681492, 26.005083075068377 ], [ 85.817085182816044, 26.001611711920866 ], [ 85.831306488420353, 25.993833605590343 ], [ 85.856941315509687, 25.991693558499406 ], [ 85.864029004810874, 25.985639510242144 ], [ 85.867164703944127, 25.982973098128838 ], [ 85.873191914200248, 25.981111448049727 ], [ 85.881667997560427, 25.97583381182546 ], [ 85.885665914730311, 25.970888059615294 ], [ 85.886390729761118, 25.96999938157753 ], [ 85.892471238019496, 25.970888059615294 ], [ 85.89702613821305, 25.967388157466569 ], [ 85.900390716356029, 25.962444295256482 ], [ 85.902084345427994, 25.942972191429035 ], [ 85.906249905605009, 25.941999408387698 ], [ 85.914749235966184, 25.944749925504578 ], [ 85.9212799422437, 25.94436077448804 ], [ 85.933418278759504, 25.937055546177611 ], [ 85.943359301181943, 25.927055366752665 ], [ 85.946167085301255, 25.927194659758584 ], [ 85.956024191720118, 25.936222056142192 ], [ 85.960723865919832, 25.937166300182319 ], [ 85.975440918545218, 25.930000364877809 ], [ 85.975830069561752, 25.92786031778687 ], [ 85.973663373469677, 25.926027206708973 ], [ 85.969474755291685, 25.925500841686606 ], [ 85.968887343266729, 25.924804754657025 ], [ 85.967750508218415, 25.923444710599234 ], [ 85.970169141321193, 25.904361757788323 ], [ 85.968307491242086, 25.890693655207507 ], [ 85.978691151683336, 25.880695365782639 ], [ 85.975830069561752, 25.878639234695264 ], [ 85.975280835538413, 25.875499755561854 ], [ 85.981780923814625, 25.868139339249083 ], [ 85.983970677907678, 25.856666471761553 ], [ 85.990165720170936, 25.860500336924467 ], [ 85.992721567279546, 25.860027269904368 ], [ 85.992889399286682, 25.851138977526666 ], [ 85.997474728481521, 25.841304740108768 ], [ 85.999000525546364, 25.831750789702784 ], [ 85.99688712745656, 25.823778202363997 ], [ 85.994636515360924, 25.820722639234155 ], [ 85.981719876812036, 25.803083457484593 ], [ 85.982612523849966, 25.801139781402 ], [ 85.985420307969278, 25.801500393417321 ], [ 85.992858970285383, 25.808694867723045 ], [ 85.999809256580733, 25.806999159650985 ], [ 86.001556372654974, 25.803361854496423 ], [ 85.99905401254864, 25.798360914283911 ], [ 85.991165152213412, 25.792028469014824 ], [ 85.990363981179357, 25.789527809908556 ], [ 85.995582649401129, 25.784750078705532 ], [ 86.004363967774282, 25.782167393595785 ], [ 86.004974437800215, 25.77983286549658 ], [ 86.002334674688043, 25.777584143401022 ], [ 85.983085590870076, 25.780639706530867 ], [ 85.976058948571477, 25.772806223197989 ] ] ] } },
{ "type": "Feature", "properties": { "F_CODE_DES": "River/Stream", "HYC_DESCRI": "Perennial/Permanent", "NAM": "UNK", "ISO": "IND", "NAME_0": "India" }, "geometry": { "type": "MultiLineString", "coordinates": [ [ [ 86.541168216585277, 25.994693744626893 ], [ 86.539695717522704, 26.005111614069591 ], [ 86.542442265639409, 26.010305334290294 ], [ 86.546554527814166, 26.013334248419007 ], [ 86.547637875860204, 26.01752853659724 ], [ 86.545303347760992, 26.02963833411183 ], [ 86.54783632586863, 26.034639274324341 ] ] ] } },
{ "type": "Feature", "properties": { "F_CODE_DES": "River/Stream", "HYC_DESCRI": "Non-Perennial/Intermittent/Fluctuating", "NAM": "UNK", "ISO": "IND", "NAME_0": "India" }, "geometry": { "type": "MultiLineString", "coordinates": [ [ [ 86.54783632586863, 26.034639274324341 ], [ 86.544357213720787, 26.035389037356204 ], [ 86.539802502527237, 26.032554604235756 ], [ 86.539085436496777, 26.025417396932468 ], [ 86.534690808310032, 26.020694664731778 ], [ 86.53466793930906, 26.014554999470882 ], [ 86.528915346064608, 26.010305334290294 ], [ 86.52735893099846, 26.006332365121466 ], [ 86.530082610114206, 25.998222374776841 ], [ 86.5286942160552, 25.992332378526548 ], [ 86.523414689830858, 25.982805266121705 ], [ 86.514190733438895, 25.973583199729823 ], [ 86.505752639080328, 25.973194048713285 ], [ 86.503112875968156, 25.971166645627132 ], [ 86.498306227763891, 25.961166466202183 ] ] ] } },
{ "type": "Feature", "properties": { "F_CODE_DES": "River/Stream", "HYC_DESCRI": "Perennial/Permanent", "NAM": "UNK", "ISO": "IND", "NAME_0": "India" }, "geometry": { "type": "MultiLineString", "coordinates": [ [ [ 86.446052639543424, 25.951665813798463 ], [ 86.447364866599187, 25.95452689592004 ], [ 86.445114065503546, 25.96980471156926 ], [ 86.449470515688674, 25.979583760984809 ], [ 86.451332165767781, 25.992000494512446 ], [ 86.454360890896481, 25.998027893768576 ], [ 86.461891218216479, 26.005832649100231 ], [ 86.469024645519596, 26.021472966764854 ], [ 86.473167336695639, 26.025777819947784 ], [ 86.487052978285703, 26.033695219284226 ] ] ] } },
{ "type": "Feature", "properties": { "F_CODE_DES": "River/Stream", "HYC_DESCRI": "Perennial/Permanent", "NAM": "UNK", "ISO": "IND", "NAME_0": "India" }, "geometry": { "type": "MultiLineString", "coordinates": [ [ [ 86.487052978285703, 26.033695219284226 ], [ 86.490112321415708, 26.029054702087031 ], [ 86.46566781637695, 26.000638928879532 ], [ 86.453971928879952, 25.975221640799447 ], [ 86.450584481736001, 25.917972593366699 ], [ 86.450141843717191, 25.910055194030257 ], [ 86.452056791798569, 25.893110209310194 ], [ 86.45600122196619, 25.881055788797955 ], [ 86.464195317314378, 25.855972274732054 ], [ 86.450805611745395, 25.828500745564675 ], [ 86.453720180869254, 25.812778401896573 ], [ 86.459663475121801, 25.797138273231958 ], [ 86.464973430347456, 25.783277579642959 ], [ 86.489219674377765, 25.746166294065951 ] ] ] } },
{ "type": "Feature", "properties": { "F_CODE_DES": "River/Stream", "HYC_DESCRI": "Perennial/Permanent", "NAM": "UNK", "ISO": "IND", "NAME_0": "India" }, "geometry": { "type": "MultiLineString", "coordinates": [ [ [ 85.878913889443396, 26.042667427665492 ], [ 85.882385252590907, 26.040193606560369 ], [ 85.882774403607442, 26.039916910548612 ], [ 85.885086062705668, 26.038278658478994 ], [ 85.888809173863876, 26.037332524438789 ], [ 85.893997224084345, 26.039083420513194 ], [ 85.90335839448214, 26.032722436242889 ], [ 85.903968864508073, 26.029945459124882 ], [ 85.898223831263948, 26.025667254943087 ], [ 85.895279022138809, 26.021305134757721 ], [ 85.903167693474032, 26.019416835677479 ], [ 85.912391649865995, 26.022527775809678 ], [ 85.914886449972016, 26.020999899744751 ], [ 85.91664131504659, 26.017139385580698 ], [ 85.916694613048847, 26.011222929329286 ], [ 85.920829744224562, 26.002027511938536 ], [ 85.917831448097161, 25.989444647403836 ], [ 85.921470643251808, 25.986389084273995 ], [ 85.9291916715799, 25.986583754282268 ], [ 85.935638461853856, 25.983472814150069 ], [ 85.938499543975425, 25.985277197226747 ], [ 85.942001336124235, 25.985416490232666 ], [ 85.946082980297675, 25.981695269074535 ], [ 85.950248729474694, 25.980777674035544 ], [ 85.952583257573906, 25.980249419013099 ], [ 85.96299734701644, 25.970054569579876 ], [ 85.978920030693061, 25.969222969544539 ], [ 85.979308992709591, 25.969194430543325 ], [ 85.987968406077556, 25.962804718271798 ], [ 86.005279483813183, 25.962972550278931 ], [ 86.008857820965233, 25.959083497113667 ], [ 86.010109001018407, 25.954389492914203 ], [ 86.004753118790816, 25.940389695319293 ], [ 86.006027167844948, 25.936971630174046 ], [ 86.014747628215517, 25.932500834984062 ], [ 86.014892591221681, 25.929750506867194 ], [ 86.013168344148411, 25.92683404774326 ], [ 86.003082358719823, 25.918888109405604 ], [ 86.007835330921793, 25.913888870193166 ], [ 86.012725895129606, 25.913555096178982 ], [ 86.014503440205146, 25.916221697292297 ], [ 86.01689145530662, 25.919776976443373 ], [ 86.019027722397396, 25.920555089476441 ], [ 86.032218977957953, 25.91069420305741 ], [ 86.033859309027648, 25.903667371758814 ], [ 86.033973654032508, 25.903554916754032 ], [ 86.037475635181323, 25.899778318593551 ], [ 86.041442934349917, 25.900278034614786 ], [ 86.046974208584956, 25.905000766815476 ], [ 86.055358815941261, 25.89777756450853 ], [ 86.062194757231737, 25.899084121564051 ], [ 86.063888575303721, 25.894388227364502 ], [ 86.062469563243425, 25.88661201103406 ], [ 86.04936222368643, 25.885694415995069 ], [ 86.048141472634555, 25.883638473907702 ], [ 86.052635136825515, 25.879278243722418 ], [ 86.057998579053432, 25.878694611697618 ], [ 86.065086457354624, 25.881250458806228 ], [ 86.068252585489162, 25.878639234695264 ], [ 86.068420417496299, 25.876083387586657 ], [ 86.067642304463234, 25.874000607498154 ], [ 86.055831882961357, 25.869888345323403 ], [ 86.052192687806709, 25.865972454157003 ], [ 86.054916366922455, 25.863777219063717 ], [ 86.062889143261245, 25.865055048118016 ], [ 86.072830165683683, 25.86899947828563 ], [ 86.07555384479943, 25.866582924182943 ], [ 86.062690693252819, 25.859333072874868 ], [ 86.064025789309554, 25.857194915784007 ], [ 86.084747372190094, 25.849222139445214 ], [ 86.083335920130111, 25.834888378836112 ], [ 86.085281297212788, 25.830415693646053 ], [ 86.089996280413146, 25.83197210871219 ], [ 86.095001189625819, 25.841972288137136 ], [ 86.102447600942256, 25.840694459082837 ], [ 86.10066986686671, 25.836526819905735 ], [ 86.101249718891353, 25.833334042770062 ], [ 86.109527541243111, 25.836471631903393 ], [ 86.112747156379925, 25.835111587845596 ], [ 86.114303571446058, 25.832971540754659 ], [ 86.113525458412994, 25.831083241674417 ], [ 86.109443625239535, 25.827611878526906 ], [ 86.112892119386075, 25.825834333451368 ], [ 86.126335122957329, 25.830305128641353 ], [ 86.132225119207618, 25.825277350427701 ], [ 86.140640344565213, 25.808305716706506 ], [ 86.144218492717272, 25.801055865398432 ], [ 86.148941035917943, 25.796472615203669 ], [ 86.154220562142299, 25.793388324072609 ], [ 86.163749753547222, 25.7924728080337 ], [ 86.169418241788108, 25.794834174134046 ], [ 86.171417294873052, 25.791610778997072 ], [ 86.174392721999496, 25.790056253931013 ], [ 86.182052703324999, 25.788999554886111 ], [ 86.185691898479632, 25.786333142772804 ], [ 86.193580569814856, 25.78569413374565 ], [ 86.202941929212656, 25.779499091482396 ], [ 86.207748388416903, 25.77911183046594 ], [ 86.214332581696695, 25.778554847442273 ], [ 86.217720028840645, 25.775499284312428 ], [ 86.219192527903218, 25.77277749519677 ], [ 86.224723802138257, 25.762388164755286 ], [ 86.226806582226772, 25.762332976752937 ], [ 86.228469782297452, 25.769889764074058 ], [ 86.23088841540023, 25.772138675169622 ], [ 86.234390207549026, 25.765083304869812 ], [ 86.23760982268584, 25.764555049847363 ], [ 86.260391316653923, 25.768943819033858 ], [ 86.262359562737558, 25.752000724313881 ], [ 86.267440827953479, 25.744667146002243 ], [ 86.271720922135358, 25.733972580547789 ], [ 86.275169416281898, 25.731971826462768 ], [ 86.284446670676132, 25.730861640415593 ], [ 86.283584641639507, 25.726862022245633 ], [ 86.28002936248842, 25.725528627188972 ], [ 86.276748700349017, 25.724332824138159 ], [ 86.273834320225163, 25.721445093015447 ], [ 86.276527381339605, 25.718195048877337 ], [ 86.287056004787019, 25.719165752918588 ], [ 86.289527935892053, 25.723527873103954 ], [ 86.293502795060959, 25.723611789107515 ], [ 86.294891378119971, 25.71702759582773 ], [ 86.297416607227277, 25.716110189788743 ], [ 86.302665704450334, 25.719528254933991 ], [ 86.305442870568342, 25.718610848895008 ], [ 86.306114198596873, 25.711416185589279 ], [ 86.309860178756054, 25.712139110619997 ], [ 86.323303182327308, 25.722528441061481 ], [ 86.324363661372374, 25.726083720212561 ], [ 86.32649992846315, 25.727277822263304 ], [ 86.333831805774707, 25.723888485119275 ], [ 86.339446996013322, 25.724138343129894 ], [ 86.341857880115768, 25.726610274234936 ], [ 86.340751663068758, 25.728332442308115 ], [ 86.335472136844416, 25.730388573395491 ] ] ] } },
{ "type": "Feature", "properties": { "F_CODE_DES": "River/Stream", "HYC_DESCRI": "Perennial/Permanent", "NAM": "UNK", "ISO": "IND", "NAME_0": "India" }, "geometry": { "type": "MultiLineString", "coordinates": [ [ [ 86.027832098771526, 26.625583709435979 ], [ 86.029052660823396, 26.626832999489068 ] ] ] } },
{ "type": "Feature", "properties": { "F_CODE_DES": "River/Stream", "HYC_DESCRI": "Perennial/Permanent", "NAM": "UNK", "ISO": "IND", "NAME_0": "India" }, "geometry": { "type": "MultiLineString", "coordinates": [ [ [ 86.250015216213001, 26.61397910894285 ], [ 86.250223474363963, 26.614315889007035 ] ], [ [ 86.234921500359789, 26.596640790443217 ], [ 86.236411324354478, 26.599012768709127 ] ], [ [ 86.237441151539073, 26.600652376950237 ], [ 86.238000856008739, 26.601543493513081 ] ], [ [ 86.243606084581629, 26.607514471957387 ], [ 86.245180220913127, 26.608073554966516 ] ] ] } },
{ "type": "Feature", "properties": { "F_CODE_DES": "River/Stream", "HYC_DESCRI": "Perennial/Permanent", "NAM": "UNK", "ISO": "IND", "NAME_0": "India" }, "geometry": { "type": "MultiLineString", "coordinates": [ [ [ 86.200012240088171, 26.596006153179108 ], [ 86.199960905239024, 26.596007577381016 ] ], [ [ 86.200920196126745, 26.572305741171981 ], [ 86.203331080229205, 26.572250364169626 ], [ 86.206054759344937, 26.575750266318352 ], [ 86.202697741202286, 26.579889366494243 ], [ 86.204475475277832, 26.583166059633481 ], [ 86.20494079329761, 26.584028277670122 ], [ 86.201469430150084, 26.585832660746796 ], [ 86.200889578125455, 26.589221997890821 ], [ 86.202753307204645, 26.591663310994562 ] ] ] } },
{ "type": "Feature", "properties": { "F_CODE_DES": "River/Stream", "HYC_DESCRI": "Perennial/Permanent", "NAM": "UNK", "ISO": "IND", "NAME_0": "India" }, "geometry": { "type": "MultiLineString", "coordinates": [ [ [ 85.888712542445148, 26.583934379360656 ], [ 85.890891953952391, 26.584083465672464 ], [ 85.894973787125849, 26.593889164089148 ], [ 85.89579847162976, 26.594387290059419 ] ], [ [ 85.90159708792126, 26.596335365099655 ], [ 85.903747545498675, 26.596610953204809 ], [ 85.911897083854555, 26.604316229115351 ] ], [ [ 85.913376658012567, 26.60531741458728 ], [ 85.91904046037628, 26.609033151847132 ] ], [ [ 85.919736846028059, 26.609490015619443 ], [ 85.920387295205771, 26.609916742770224 ], [ 85.921553559269171, 26.609773494936164 ] ], [ [ 85.923566503133983, 26.609526252602489 ], [ 85.926940870484259, 26.609111791736019 ], [ 85.931831434692072, 26.614889143981522 ], [ 85.932039897761342, 26.614908375536132 ] ], [ [ 85.935053313268028, 26.61518637520814 ], [ 85.93724817492226, 26.61538886000276 ], [ 85.939143535903952, 26.614762090181163 ] ], [ [ 85.948695419770047, 26.615027147776122 ], [ 85.9521408085551, 26.624471633388723 ], [ 85.957778867794687, 26.632139174714546 ], [ 85.95666509074735, 26.635944311876244 ], [ 85.955696087706187, 26.639389026022624 ], [ 85.956306368732115, 26.64150053411235 ], [ 85.958197028176116, 26.647849755241555 ] ], [ [ 85.95931929346979, 26.650453851108132 ], [ 85.960001393425756, 26.651006391993935 ] ], [ [ 85.862297041100149, 26.571500201214924 ], [ 85.866248998905206, 26.569944375071636 ], [ 85.873411756567364, 26.578343919135808 ] ], [ [ 85.873585314332388, 26.57854744495139 ], [ 85.874750691510116, 26.579914046673441 ] ], [ [ 85.879683028484905, 26.582600220407134 ], [ 85.881576521556539, 26.58333011164045 ] ] ] } },
{ "type": "Feature", "properties": { "F_CODE_DES": "River/Stream", "HYC_DESCRI": "Perennial/Permanent", "NAM": "UNK", "ISO": "IND", "NAME_0": "India" }, "geometry": { "type": "MultiLineString", "coordinates": [ [ [ 86.195167602882307, 26.559804902640771 ], [ 86.193359439805462, 26.562389288750591 ], [ 86.186584545517576, 26.563222967786018 ], [ 86.185722327480931, 26.565584144886351 ], [ 86.191307088718247, 26.570278149085823 ], [ 86.187164397542205, 26.573139231207399 ], [ 86.184387231424196, 26.581027902542623 ], [ 86.189666757648553, 26.583639126653583 ], [ 86.194030767833993, 26.581193844549674 ] ] ] } },
{ "type": "Feature", "properties": { "F_CODE_DES": "River/Stream", "HYC_DESCRI": "Perennial/Permanent", "NAM": "UNK", "ISO": "IND", "NAME_0": "India" }, "geometry": { "type": "MultiLineString", "coordinates": [ [ [ 86.198135470008424, 26.531194648425004 ], [ 86.199836659080702, 26.532638608486362 ], [ 86.19997406208654, 26.536638226656322 ], [ 86.195610051901099, 26.539499308777902 ], [ 86.198555050026243, 26.542804729918362 ], [ 86.206085188346236, 26.543638219953781 ], [ 86.208808867461968, 26.547361331111993 ], [ 86.211914137593922, 26.561861033728142 ], [ 86.216918857806604, 26.564472257839107 ], [ 86.221191391988157, 26.577806397405727 ], [ 86.222473190042621, 26.581832853576827 ], [ 86.216834941803029, 26.588333130853052 ], [ 86.216725800664932, 26.588995720444625 ] ] ] } },
{ "type": "Feature", "properties": { "F_CODE_DES": "River/Stream", "HYC_DESCRI": "Perennial/Permanent", "NAM": "UNK", "ISO": "IND", "NAME_0": "India" }, "geometry": { "type": "MultiLineString", "coordinates": [ [ [ 86.182281582334724, 26.547721943127314 ], [ 86.186195394501041, 26.538499876735433 ], [ 86.195304816888125, 26.53086087441082 ], [ 86.198135470008424, 26.531194648425004 ] ] ] } },
{ "type": "Feature", "properties": { "F_CODE_DES": "River/Stream", "HYC_DESCRI": "Perennial/Permanent", "NAM": "UNK", "ISO": "IND", "NAME_0": "India" }, "geometry": { "type": "MultiLineString", "coordinates": [ [ [ 86.316758679049201, 26.616662909056899 ], [ 86.315498426995646, 26.613971737942538 ], [ 86.307556079658141, 26.608499620710006 ], [ 86.304748484538834, 26.60266689146215 ], [ 86.307663053662694, 26.592445393027795 ], [ 86.306304899604982, 26.587194405804659 ], [ 86.302475003442225, 26.585416860729126 ], [ 86.286857554778578, 26.588832846874283 ], [ 86.285552887723142, 26.588193837847129 ], [ 86.283996661657014, 26.587444263815279 ], [ 86.279083228448215, 26.581888230579182 ], [ 86.276801998351274, 26.570360175089306 ], [ 86.27649695233832, 26.568861027025601 ], [ 86.269386205036156, 26.560194053657305 ], [ 86.267585790959643, 26.555583965461405 ], [ 86.263725276795597, 26.553167411358714 ], [ 86.251503024276218, 26.55266769533748 ], [ 86.246246367052848, 26.550306329237138 ], [ 86.243469200934825, 26.544889400006952 ], [ 86.243942267954935, 26.54305647792906 ], [ 86.245529112022368, 26.536806058663455 ], [ 86.243225012924455, 26.53116610942379 ], [ 86.233413644507536, 26.519805885941047 ], [ 86.2326126624735, 26.517084096825389 ], [ 86.238220292711787, 26.509527120504259 ], [ 86.240280203799315, 26.501666988170253 ], [ 86.240081753790889, 26.496584021954256 ], [ 86.233642523517261, 26.493389165818492 ] ] ] } },
{ "type": "Feature", "properties": { "F_CODE_DES": "River/Stream", "HYC_DESCRI": "Perennial/Permanent", "NAM": "UNK", "ISO": "IND", "NAME_0": "India" }, "geometry": { "type": "MultiLineString", "coordinates": [ [ [ 86.233642523517261, 26.493389165818492 ], [ 86.23124694841546, 26.498971848055724 ], [ 86.212059100600086, 26.500139301105335 ], [ 86.206886359380277, 26.506639389381551 ], [ 86.198135470008424, 26.531194648425004 ] ] ] } },
{ "type": "Feature", "properties": { "F_CODE_DES": "River/Stream", "HYC_DESCRI": "Perennial/Permanent", "NAM": "UNK", "ISO": "IND", "NAME_0": "India" }, "geometry": { "type": "MultiLineString", "coordinates": [ [ [ 86.391677904232822, 26.585170971718675 ], [ 86.390472462181606, 26.582582427608678 ], [ 86.379669221722523, 26.576360736344295 ], [ 86.373390263455704, 26.55308349535515 ], [ 86.368247951237194, 26.546888264091891 ], [ 86.356224148726255, 26.539028131757881 ], [ 86.3518905675421, 26.530055923376615 ], [ 86.349830656454557, 26.528583613314048 ], [ 86.348503120398149, 26.527610830272714 ], [ 86.343444913183205, 26.523971635118066 ], [ 86.338973928993212, 26.51755527384541 ], [ 86.335525434846673, 26.519556027930431 ], [ 86.332611054722832, 26.516889615817124 ], [ 86.323333800328598, 26.51950065092808 ], [ 86.320053138189195, 26.513889240689625 ], [ 86.313140840895457, 26.510305422537336 ], [ 86.310913097800793, 26.50738915241341 ], [ 86.309692346748918, 26.500028547100626 ], [ 86.300056370339448, 26.499471753076968 ], [ 86.294303966095015, 26.496055577931799 ], [ 86.284416241674833, 26.495306003899948 ], [ 86.278640779429409, 26.491222469726424 ], [ 86.273780833222901, 26.473833145987477 ], [ 86.271080023108127, 26.470333054838747 ], [ 86.260246353647759, 26.462610325510575 ], [ 86.258247300562815, 26.457305851285167 ], [ 86.252693157326789, 26.442333270648923 ], [ 86.249748159201644, 26.438833179500186 ] ] ] } },
{ "type": "Feature", "properties": { "F_CODE_DES": "River/Stream", "HYC_DESCRI": "Perennial/Permanent", "NAM": "UNK", "ISO": "IND", "NAME_0": "India" }, "geometry": { "type": "MultiLineString", "coordinates": [ [ [ 86.249748159201644, 26.438833179500186 ], [ 86.245475814020097, 26.443388079693744 ], [ 86.240776139820397, 26.443527183699658 ], [ 86.231330864419022, 26.448444396908606 ], [ 86.229141299325988, 26.452333450073869 ], [ 86.22699728323488, 26.465278627623963 ], [ 86.225029037151231, 26.468721451770264 ], [ 86.225608889175874, 26.478639605191724 ], [ 86.227691669264374, 26.48447233443958 ], [ 86.227165304242007, 26.4895840286568 ], [ 86.232414212465059, 26.491527515739385 ], [ 86.233642523517261, 26.493389165818492 ] ] ] } },
{ "type": "Feature", "properties": { "F_CODE_DES": "River/Stream", "HYC_DESCRI": "Perennial/Permanent", "NAM": "UNK", "ISO": "IND", "NAME_0": "India" }, "geometry": { "type": "MultiLineString", "coordinates": [ [ [ 86.638725295730879, 26.396888785717799 ], [ 86.639251660753246, 26.404277741031787 ], [ 86.633751004519496, 26.419027301658556 ], [ 86.631751951434552, 26.440221762559197 ], [ 86.636863645651758, 26.444305485732727 ], [ 86.632858357481567, 26.460027640400828 ], [ 86.631553690426117, 26.465166172619185 ], [ 86.628780871308294, 26.466663430682807 ] ] ] } },
{ "type": "Feature", "properties": { "F_CODE_DES": "River/Stream", "HYC_DESCRI": "Perennial/Permanent", "NAM": "UNK", "ISO": "IND", "NAME_0": "India" }, "geometry": { "type": "MultiLineString", "coordinates": [ [ [ 86.638725295730879, 26.396888785717799 ], [ 86.633194021495825, 26.393472610572633 ] ] ] } },
{ "type": "Feature", "properties": { "F_CODE_DES": "River/Stream", "HYC_DESCRI": "Perennial/Permanent", "NAM": "UNK", "ISO": "IND", "NAME_0": "India" }, "geometry": { "type": "MultiLineString", "coordinates": [ [ [ 86.656692581494383, 26.347278551609659 ], [ 86.648475617145209, 26.346721568585991 ], [ 86.645805425031739, 26.344055156472685 ] ] ] } },
{ "type": "Feature", "properties": { "F_CODE_DES": "River/Stream", "HYC_DESCRI": "Perennial/Permanent", "NAM": "UNK", "ISO": "IND", "NAME_0": "India" }, "geometry": { "type": "MultiLineString", "coordinates": [ [ [ 86.643585241937387, 26.341806434377126 ], [ 86.634277369541863, 26.337444314191764 ] ] ] } },
{ "type": "Feature", "properties": { "F_CODE_DES": "River/Stream", "HYC_DESCRI": "Perennial/Permanent", "NAM": "UNK", "ISO": "IND", "NAME_0": "India" }, "geometry": { "type": "MultiLineString", "coordinates": [ [ [ 86.634277369541863, 26.337444314191764 ], [ 86.635307230585624, 26.345638220539954 ], [ 86.638946614740277, 26.348277983652128 ], [ 86.642440846888761, 26.354499863916523 ], [ 86.646057173042436, 26.356306136993275 ], [ 86.649528536189948, 26.361473019212838 ], [ 86.654052818382198, 26.363000895277764 ], [ 86.657279993519339, 26.367361125463049 ], [ 86.662940921759898, 26.368860273526757 ], [ 86.675445540291264, 26.37669375685963 ], [ 86.686386183756184, 26.380138471006013 ], [ 86.69416807008686, 26.380945123040291 ], [ 86.699668915320615, 26.38413808917597 ], [ 86.704025176505738, 26.393083648556104 ], [ 86.71147158782216, 26.397916756761482 ], [ 86.728225682534116, 26.399917510846503 ], [ 86.736808739898834, 26.409139577238385 ] ] ] } },
{ "type": "Feature", "properties": { "F_CODE_DES": "River/Stream", "HYC_DESCRI": "Perennial/Permanent", "NAM": "UNK", "ISO": "IND", "NAME_0": "India" }, "geometry": { "type": "MultiLineString", "coordinates": [ [ [ 86.14841581439191, 26.608220326858742 ], [ 86.147697415865096, 26.60597231260261 ], [ 86.14607995379636, 26.593973080092717 ], [ 86.147636368862507, 26.589138081887256 ], [ 86.14800265087807, 26.587999356838864 ], [ 86.152084295051509, 26.583860445662985 ], [ 86.160858242424354, 26.579805450490674 ], [ 86.164024370558892, 26.575916208325403 ], [ 86.163192770523565, 26.5725555991826 ], [ 86.155944809215569, 26.573610219227412 ], [ 86.153030429091714, 26.570304798086951 ], [ 86.166274982654542, 26.546693783083626 ], [ 86.172752390929787, 26.523471919096835 ], [ 86.173309373953458, 26.522527675056708 ], [ 86.177864085147007, 26.515083342740368 ], [ 86.188056855580129, 26.50463863529653 ], [ 86.189529354642701, 26.499944631097062 ], [ 86.18677524652567, 26.495166710894029 ], [ 86.178558282176496, 26.488861103626078 ], [ 86.1750564900277, 26.468889283777393 ], [ 86.167778099718404, 26.46255494850822 ], [ 86.165000933600396, 26.456916889268641 ], [ 86.165275550612066, 26.451194725025481 ], [ 86.160972587429214, 26.44202803563595 ], [ 86.158164992309906, 26.429222151091778 ], [ 86.161529570452885, 26.417499614593638 ], [ 86.160247772398421, 26.414583155469707 ], [ 86.155525229197735, 26.41324994941305 ], [ 86.150497450984091, 26.411861366354046 ], [ 86.14863580090497, 26.411333111331601 ], [ 86.132309035211179, 26.400583357874797 ], [ 86.13008110311651, 26.390916763464027 ], [ 86.125724841931401, 26.386194220263345 ], [ 86.124748278889896, 26.381555593066231 ], [ 86.124305640871086, 26.379472812977724 ], [ 86.124359127873362, 26.379304791970583 ], [ 86.12980648610484, 26.362417263252965 ], [ 86.128807054062364, 26.360527074172644 ], [ 86.122444179791984, 26.359861416144355 ], [ 86.115196218483987, 26.353111280857515 ], [ 86.109886263258346, 26.342056292387745 ], [ 86.110473675283316, 26.338666955243717 ], [ 86.109001176220744, 26.33680530516461 ], [ 86.094780059616426, 26.332332619974544 ] ] ] } },
{ "type": "Feature", "properties": { "F_CODE_DES": "River/Stream", "HYC_DESCRI": "Perennial/Permanent", "NAM": "UNK", "ISO": "IND", "NAME_0": "India" }, "geometry": { "type": "MultiLineString", "coordinates": [ [ [ 86.633194021495825, 26.393472610572633 ], [ 86.628913927313945, 26.390861575461678 ], [ 86.615417436740429, 26.382638941112265 ], [ 86.588142467581406, 26.356250759990925 ], [ 86.584587188430319, 26.355083495941322 ], [ 86.571609502878857, 26.345138504518722 ], [ 86.567665072711236, 26.342111669390096 ], [ 86.566413892658062, 26.340026810301502 ], [ 86.569503853789371, 26.323028527579176 ], [ 86.568473803745604, 26.319250039418613 ], [ 86.567863522719662, 26.316944050320622 ] ] ] } },
{ "type": "Feature", "properties": { "F_CODE_DES": "River/Stream", "HYC_DESCRI": "Perennial/Permanent", "NAM": "UNK", "ISO": "IND", "NAME_0": "India" }, "geometry": { "type": "MultiLineString", "coordinates": [ [ [ 86.581642190305175, 26.303832930763477 ], [ 86.580528224257847, 26.311056133070423 ], [ 86.581581143302586, 26.314193722203751 ], [ 86.588470382595332, 26.317138720328895 ], [ 86.601501555149085, 26.326444702724345 ], [ 86.607971214424012, 26.341667141371207 ], [ 86.6150284747239, 26.348638595667452 ], [ 86.617363002823097, 26.354473025915382 ], [ 86.62344351108149, 26.35977750014079 ], [ 86.621780311010809, 26.365304994375677 ], [ 86.633529685510098, 26.383527808150038 ], [ 86.6332779374994, 26.390916763464027 ], [ 86.633194021495825, 26.393472610572633 ] ] ] } },
{ "type": "Feature", "properties": { "F_CODE_DES": "River/Stream", "HYC_DESCRI": "Perennial/Permanent", "NAM": "UNK", "ISO": "IND", "NAME_0": "India" }, "geometry": { "type": "MultiLineString", "coordinates": [ [ [ 86.529807993102537, 26.265750941145221 ], [ 86.528640729052938, 26.272333055424919 ], [ 86.529891909106098, 26.274389186512295 ], [ 86.532752991227682, 26.275583288563034 ], [ 86.539276137504871, 26.274749798527615 ], [ 86.544609150731489, 26.278999274708195 ], [ 86.547111510837837, 26.283166913885296 ], [ 86.543357781678324, 26.289417333150901 ], [ 86.54575354578013, 26.2908057272099 ], [ 86.549499525939311, 26.290471953195713 ], [ 86.548721223906227, 26.2947216183763 ], [ 86.554580602155227, 26.301082602646606 ], [ 86.556892450253457, 26.305805145847287 ], [ 86.560195981393846, 26.312555281134124 ], [ 86.562721210501152, 26.32366753660633 ], [ 86.561973526469373, 26.334249458056 ], [ 86.559997531385406, 26.338333181229533 ], [ 86.54257966864526, 26.348167418647428 ], [ 86.534469678300624, 26.356666560008591 ], [ 86.534774724313593, 26.359666746136085 ], [ 86.535331707337264, 26.364639336347388 ], [ 86.535919119362219, 26.369943621572791 ], [ 86.534919687319757, 26.37338833571917 ], [ 86.532386709212119, 26.382083848088676 ], [ 86.524970915896986, 26.390361859440446 ], [ 86.52188870376601, 26.401445386911426 ], [ 86.514335696445059, 26.406110852109684 ], [ 86.511001547303366, 26.417638718599548 ], [ 86.49311061754311, 26.434472949314902 ], [ 86.490943921451034, 26.438972472506109 ], [ 86.49613953167183, 26.446193784812969 ], [ 86.487114025288292, 26.455778164220249 ], [ 86.481140113034442, 26.465278627623963 ], [ 86.481056197030867, 26.466138766660514 ], [ 86.480804449020169, 26.46866607476791 ], [ 86.484390346172546, 26.476583474104352 ], [ 86.479530399966038, 26.484750731451413 ], [ 86.479942230983539, 26.489389358648527 ], [ 86.48466496318423, 26.502555855208023 ], [ 86.483413783131056, 26.506389531370935 ], [ 86.47711176686326, 26.513584194676664 ], [ 86.476135203821755, 26.524805125153485 ], [ 86.480415298003635, 26.538415960731868 ], [ 86.478774966933926, 26.545221284021054 ], [ 86.480667046014332, 26.547111473101374 ], [ 86.483524537135764, 26.549997314224004 ] ] ] } },
{ "type": "Feature", "properties": { "F_CODE_DES": "River/Stream", "HYC_DESCRI": "Perennial/Permanent", "NAM": "UNK", "ISO": "IND", "NAME_0": "India" }, "geometry": { "type": "MultiLineString", "coordinates": [ [ [ 86.581642190305175, 26.303832930763477 ], [ 86.559112633347809, 26.278333616679909 ], [ 86.552886973083247, 26.268806504275062 ], [ 86.545387263764567, 26.262916508024773 ] ] ] } },
{ "type": "Feature", "properties": { "F_CODE_DES": "River/Stream", "HYC_DESCRI": "Perennial/Permanent", "NAM": "UNK", "ISO": "IND", "NAME_0": "India" }, "geometry": { "type": "MultiLineString", "coordinates": [ [ [ 86.545387263764567, 26.262916508024773 ], [ 86.529807993102537, 26.265750941145221 ] ] ] } },
{ "type": "Feature", "properties": { "F_CODE_DES": "River/Stream", "HYC_DESCRI": "Non-Perennial/Intermittent/Fluctuating", "NAM": "UNK", "ISO": "IND", "NAME_0": "India" }, "geometry": { "type": "MultiLineString", "coordinates": [ [ [ 86.430893953645068, 26.572977538728342 ], [ 86.429862898855461, 26.568500604010286 ], [ 86.42372134359448, 26.561056082693938 ], [ 86.415496819244993, 26.556110330483772 ], [ 86.41464235020868, 26.550361706239489 ], [ 86.410697920041059, 26.544082558972661 ], [ 86.404441830775212, 26.539693789786167 ], [ 86.404220511765814, 26.5291118683365 ], [ 86.400474531606633, 26.511054996569186 ], [ 86.400916980625425, 26.50363920325406 ], [ 86.403137163719776, 26.497861851008558 ], [ 86.404556364780078, 26.49422265585391 ], [ 86.408943243966505, 26.492195063767753 ], [ 86.408195559934725, 26.485027238463161 ], [ 86.415863101260555, 26.476360265094868 ], [ 86.418891826389256, 26.469278245793923 ], [ 86.41699974730885, 26.466749236686454 ], [ 86.416419895284207, 26.465972824653463 ], [ 86.403274566725614, 26.460027640400828 ], [ 86.394920388370608, 26.449527744954644 ], [ 86.388885429114154, 26.445472749782333 ], [ 86.382553172845078, 26.44544402178111 ], [ 86.377975403650552, 26.441999496634736 ], [ 86.359664893872463, 26.403444250996369 ], [ 86.360107342891268, 26.396249776690645 ], [ 86.358528058824149, 26.393278129564369 ], [ 86.353302019602083, 26.383361866142984 ], [ 86.352607633572575, 26.377666539900968 ], [ 86.355392548690915, 26.363639904304918 ], [ 86.363807585048505, 26.357250192033394 ], [ 86.364303521069573, 26.351333546781973 ], [ 86.35897069684296, 26.340723086331089 ], [ 86.35991664188316, 26.334138893051303 ], [ 86.368667531255014, 26.317167259330105 ], [ 86.371444697373036, 26.314500847216799 ], [ 86.382026618822707, 26.30430599778358 ], [ 86.384552036930017, 26.297056146475505 ], [ 86.384864831943304, 26.286249126016273 ], [ 86.388496467097625, 26.283193562886424 ], [ 86.390640294188728, 26.282972243877023 ], [ 86.391525192226339, 26.282888327873458 ], [ 86.393302926301871, 26.280500501771989 ], [ 86.393165523296034, 26.276277485592534 ], [ 86.387275716045764, 26.26908301128681 ], [ 86.38983156315436, 26.26402858407203 ], [ 86.390747079193275, 26.26219377199406 ], [ 86.39553066939655, 26.260250095911466 ], [ 86.397445617477914, 26.259471982878402 ], [ 86.398002600501584, 26.254999108688331 ], [ 86.410888621049168, 26.255472175708434 ], [ 86.414001451181448, 26.257278448785186 ], [ 86.415664651252115, 26.245388080279916 ], [ 86.424415540623983, 26.234777430829027 ], [ 86.423667856592203, 26.229083994587093 ], [ 86.42211144152607, 26.217083061077123 ], [ 86.415412903241418, 26.207138069654519 ], [ 86.413719085169447, 26.1860829017598 ], [ 86.412780700129574, 26.174055130248689 ], [ 86.400528018608895, 26.109138541490118 ], [ 86.398613070527531, 26.105361943329637 ], [ 86.380363418752026, 26.069610512810414 ], [ 86.380142288742633, 26.064805943606245 ], [ 86.378997893693992, 26.039222713519109 ] ] ] } },
{ "type": "Feature", "properties": { "F_CODE_DES": "River/Stream", "HYC_DESCRI": "Perennial/Permanent", "NAM": "UNK", "ISO": "IND", "NAME_0": "India" }, "geometry": { "type": "MultiLineString", "coordinates": [ [ [ 86.5078582881698, 26.25544363670722 ], [ 86.529807993102537, 26.265750941145221 ] ] ] } },
{ "type": "Feature", "properties": { "F_CODE_DES": "River/Stream", "HYC_DESCRI": "Perennial/Permanent", "NAM": "UNK", "ISO": "IND", "NAME_0": "India" }, "geometry": { "type": "MultiLineString", "coordinates": [ [ [ 86.462829603256353, 26.241611482119435 ], [ 86.464859085342596, 26.246000251305929 ], [ 86.468246532486532, 26.248638124418026 ], [ 86.484474262176121, 26.250249916486517 ], [ 86.494163536587862, 26.258611654841843 ], [ 86.500724860866669, 26.258832973851248 ], [ 86.5078582881698, 26.25544363670722 ] ] ] } },
{ "type": "Feature", "properties": { "F_CODE_DES": "River/Stream", "HYC_DESCRI": "Perennial/Permanent", "NAM": "UNK", "ISO": "IND", "NAME_0": "India" }, "geometry": { "type": "MultiLineString", "coordinates": [ [ [ 86.462829603256353, 26.241611482119435 ], [ 86.435081567077219, 26.226194373464299 ], [ 86.432166997953374, 26.22311027133324 ], [ 86.428306672789333, 26.214138062951978 ], [ 86.424919036645377, 26.211082499822133 ] ] ] } },
{ "type": "Feature", "properties": { "F_CODE_DES": "River/Stream", "HYC_DESCRI": "Perennial/Permanent", "NAM": "UNK", "ISO": "IND", "NAME_0": "India" }, "geometry": { "type": "MultiLineString", "coordinates": [ [ [ 86.424919036645377, 26.211082499822133 ], [ 86.42172247950954, 26.206972127647468 ], [ 86.423385679580221, 26.201000294393701 ] ] ] } },
{ "type": "Feature", "properties": { "F_CODE_DES": "River/Stream", "HYC_DESCRI": "Perennial/Permanent", "NAM": "UNK", "ISO": "IND", "NAME_0": "India" }, "geometry": { "type": "MultiLineString", "coordinates": [ [ [ 86.42466728863468, 26.141776952877059 ], [ 86.416084231269949, 26.143304828941986 ], [ 86.414024320182421, 26.145277044025793 ], [ 86.412696784125998, 26.152721376342132 ], [ 86.414108236185982, 26.159639343636105 ], [ 86.418136582357164, 26.166915843945311 ], [ 86.418998800393794, 26.183805451663019 ], [ 86.423385679580221, 26.201000294393701 ] ] ] } },
{ "type": "Feature", "properties": { "F_CODE_DES": "River/Stream", "HYC_DESCRI": "Perennial/Permanent", "NAM": "UNK", "ISO": "IND", "NAME_0": "India" }, "geometry": { "type": "MultiLineString", "coordinates": [ [ [ 85.878913889443396, 26.042667427665492 ], [ 85.876220639328949, 26.046112141811872 ], [ 85.868774417012531, 26.046722422837803 ], [ 85.86863701400668, 26.050111759981831 ], [ 85.871307395120155, 26.052999491104543 ], [ 85.870224047074132, 26.055360857204889 ], [ 85.873054511194397, 26.056554770255623 ], [ 85.879974368488462, 26.053193972112808 ], [ 85.881942803572102, 26.057167130281641 ], [ 85.878669701433012, 26.070749237858802 ], [ 85.893058839044471, 26.081777577327443 ], [ 85.89788816724969, 26.08149918031561 ], [ 85.899803115331054, 26.081388426310905 ], [ 85.90225217743513, 26.084499366443101 ], [ 85.901641896409203, 26.087055213551707 ], [ 85.899833733332358, 26.086889271544656 ], [ 85.894836384119998, 26.086389555523425 ], [ 85.895301891139781, 26.094194499855085 ], [ 85.885719212732582, 26.094249687857431 ], [ 85.887252758797743, 26.10455510229535 ], [ 85.88447578167974, 26.112638443638843 ], [ 85.881164501539033, 26.115528064761637 ], [ 85.879470872467067, 26.11700056382421 ], [ 85.856697127499316, 26.13683327966698 ], [ 85.849914484211084, 26.144416715989234 ], [ 85.84413902196566, 26.153861991390599 ], [ 85.840278696801619, 26.171916973157831 ], [ 85.836608883645681, 26.174304988259308 ], [ 85.831802424441435, 26.177415928391504 ], [ 85.826164176201843, 26.184110686675993 ], [ 85.820579603964532, 26.185333327727946 ], [ 85.819442768916218, 26.19358261107849 ] ] ] } },
{ "type": "Feature", "properties": { "F_CODE_DES": "River/Stream", "HYC_DESCRI": "Perennial/Permanent", "NAM": "UNK", "ISO": "IND", "NAME_0": "India" }, "geometry": { "type": "MultiLineString", "coordinates": [ [ [ 86.249748159201644, 26.438833179500186 ], [ 86.251052826257094, 26.434860210331358 ], [ 86.251441977273629, 26.433721485282973 ], [ 86.249725290200672, 26.430805215159047 ], [ 86.237777654692977, 26.425027862913545 ], [ 86.235275294586643, 26.420444423718777 ], [ 86.237197802668334, 26.408777264222991 ], [ 86.242584302897228, 26.402276986946767 ], [ 86.244056612959795, 26.397361663737897 ], [ 86.241500765851185, 26.391527233489967 ], [ 86.245475814020097, 26.390777659458113 ], [ 86.249221794179277, 26.384750449201995 ], [ 86.247253359095637, 26.382055309087463 ], [ 86.255279622436703, 26.376972153871463 ], [ 86.258415132569951, 26.37263876168732 ], [ 86.257942254549846, 26.36633296541936 ], [ 86.259780846627976, 26.364999759362703 ], [ 86.262832629757668, 26.365333533376891 ], [ 86.266441395911016, 26.367555606471313 ], [ 86.267944323974874, 26.364139620326156 ], [ 86.266830357927546, 26.359500804129034 ], [ 86.276946961357439, 26.347389305614364 ], [ 86.277641347386947, 26.344944023510457 ], [ 86.28089139152506, 26.333110733007612 ], [ 86.279113846449519, 26.329360972848271 ], [ 86.271919183143794, 26.324277817632264 ], [ 86.271080023108127, 26.321361547508339 ], [ 86.276107801321785, 26.317193908331241 ], [ 86.264114427812132, 26.309722927013766 ], [ 86.25283056033264, 26.295473082408236 ], [ 86.252281137309282, 26.292943884300758 ], [ 86.254219143391637, 26.28824988010129 ], [ 86.262863247758958, 26.281221347802621 ], [ 86.264808624841635, 26.276750552612636 ], [ 86.259666501623116, 26.270555510349382 ], [ 86.257080036513216, 26.263860752064897 ], [ 86.258247300562815, 26.257499767794592 ], [ 86.251083444258398, 26.246915767344838 ], [ 86.251892175292753, 26.241582943118225 ], [ 86.252029389298585, 26.240554783074529 ], [ 86.256362970482741, 26.232555357734604 ], [ 86.257972683551145, 26.229555171607114 ], [ 86.258163384559253, 26.229194559591789 ], [ 86.256530802489877, 26.222249943296685 ], [ 86.26127621469152, 26.217666693101926 ], [ 86.263442910783596, 26.213167169910719 ], [ 86.268333474991422, 26.211971366859906 ], [ 86.2713852581211, 26.192443886030105 ], [ 86.27358238321446, 26.188804690875457 ], [ 86.272003099147355, 26.183776912661809 ], [ 86.274864181268939, 26.179027531459987 ], [ 86.273666299218036, 26.171472634138951 ], [ 86.275611865300704, 26.167388910965414 ], [ 86.290168834919285, 26.161666935722266 ], [ 86.299278257306383, 26.161417077711647 ], [ 86.307777398667554, 26.156944203521576 ], [ 86.312248193857528, 26.157638589551084 ], [ 86.318031405103284, 26.161916793732885 ], [ 86.319000219144456, 26.161888065731659 ], [ 86.322914031310773, 26.161777500726963 ], [ 86.325058047401868, 26.156194629489725 ], [ 86.330581572636589, 26.153499678375205 ], [ 86.334083553785405, 26.14663878908366 ], [ 86.327667192512749, 26.137945166714232 ], [ 86.325530925421972, 26.129278193345936 ], [ 86.324668896385333, 26.125778291197211 ], [ 86.326248180452453, 26.118360607882003 ], [ 86.332191474704999, 26.107805335433468 ], [ 86.340499915058061, 26.104833688307188 ], [ 86.335830669859646, 26.099250817069951 ], [ 86.335723884855113, 26.095888128927058 ], [ 86.34308619116797, 26.085945216504541 ], [ 86.359054612846521, 26.075111358044168 ], [ 86.363052341016413, 26.069278628796312 ], [ 86.364608756082546, 26.063417360547241 ], [ 86.365112252103941, 26.061611087470485 ], [ 86.371330352368176, 26.05911061736423 ], [ 86.373970115480347, 26.055221564198966 ], [ 86.373306347452143, 26.043193792687859 ], [ 86.378997893693992, 26.039222713519109 ] ] ] } },
{ "type": "Feature", "properties": { "F_CODE_DES": "River/Stream", "HYC_DESCRI": "Perennial/Permanent", "NAM": "UNK", "ISO": "IND", "NAME_0": "India" }, "geometry": { "type": "MultiLineString", "coordinates": [ [ [ 85.722969037816654, 26.056222886241518 ], [ 85.720413190708058, 26.049110437939284 ], [ 85.728752060062405, 26.046361999822487 ], [ 85.730140643121416, 26.038278658478994 ], [ 85.734085073289023, 26.037776863457673 ], [ 85.738357607470576, 26.039556487533297 ], [ 85.744666994738694, 26.047222138859041 ], [ 85.756111134225009, 26.032138804218086 ], [ 85.759941030387751, 26.034999886339666 ], [ 85.756278966232131, 26.04450034974338 ], [ 85.75788886830054, 26.04580501679882 ], [ 85.758468720325183, 26.045473132784718 ], [ 85.759193346355971, 26.044750207753999 ], [ 85.764526359582604, 26.039527948532083 ], [ 85.77191928389675, 26.043972094720932 ], [ 85.775413516045234, 26.043666859707962 ], [ 85.777778662145749, 26.037500356445921 ], [ 85.781753521314656, 26.037389791441221 ] ] ] } },
{ "type": "Feature", "properties": { "F_CODE_DES": "River/Stream", "HYC_DESCRI": "Perennial/Permanent", "NAM": "JIWACHH NADI", "ISO": "IND", "NAME_0": "India" }, "geometry": { "type": "MultiLineString", "coordinates": [ [ [ 86.108001744178267, 26.03002729612836 ], [ 86.109863205257369, 26.036111773386914 ], [ 86.108947689218468, 26.043111766684373 ], [ 86.107139526141623, 26.045694262794115 ], [ 86.104774569041126, 26.045139358770534 ], [ 86.101859999917281, 26.04161072862059 ], [ 86.089775150403739, 26.043861340716226 ], [ 86.082420404091209, 26.047445347868525 ], [ 86.079498274967037, 26.050916711016036 ], [ 86.07444762775242, 26.066472923677082 ], [ 86.068748521510244, 26.071277681881256 ], [ 86.067718471466463, 26.075332677053574 ], [ 86.069664037549146, 26.084138943427785 ], [ 86.068252585489162, 26.09405520684917 ], [ 86.067390367452532, 26.100055768104156 ], [ 86.063056975268381, 26.102916661225727 ], [ 86.056556697992164, 26.104583830296569 ], [ 86.053024287842049, 26.111028730570442 ], [ 86.044670109487043, 26.112527878634147 ], [ 86.043083265419611, 26.113832545689586 ], [ 86.041473363351201, 26.115138913745099 ], [ 86.040863082325274, 26.117500279845444 ], [ 86.044334445472785, 26.123306360092169 ], [ 86.043335013430308, 26.127971636290415 ], [ 86.049224820680593, 26.136278186643395 ], [ 86.050331037727602, 26.141721764874713 ], [ 86.049110475675732, 26.1472492591096 ], [ 86.037551802184566, 26.158361514581806 ], [ 86.034553506057151, 26.166055704908764 ], [ 86.028694127808166, 26.17275046319325 ], [ 86.024581865633422, 26.175832675324223 ], [ 86.018249420364327, 26.175361687304211 ], [ 86.011253396067033, 26.182750642618196 ], [ 86.002555804697437, 26.188888606879026 ], [ 86.002052308676042, 26.193695066083272 ], [ 86.001945523671509, 26.194749875128096 ], [ 86.001663157659507, 26.197360910239048 ], [ 86.004890521796654, 26.212249763871736 ], [ 86.00553123182388, 26.215221410998012 ], [ 86.005775419834251, 26.215694478018115 ], [ 86.005836466836854, 26.215778394021683 ], [ 86.011054946058607, 26.225860599450115 ], [ 86.009719850001872, 26.235389790855052 ], [ 86.013107297145822, 26.245027468264595 ], [ 86.011970462097509, 26.25372316963411 ], [ 86.016304043281664, 26.257194532781622 ], [ 86.017059287313756, 26.26477815810388 ], [ 86.020942670478775, 26.269306220296297 ], [ 86.02444465162759, 26.282527904858142 ], [ 86.026863095730363, 26.285223044972668 ], [ 86.038276617215359, 26.290166907182751 ], [ 86.046447843562589, 26.289304689146114 ], [ 86.050971936754834, 26.291500113239408 ], [ 86.060058679140965, 26.303943684768186 ], [ 86.065086457354624, 26.306333589869741 ], [ 86.067863434472628, 26.31002816202674 ], [ 86.068496773499547, 26.310888301063287 ], [ 86.070831301598744, 26.310832924060936 ], [ 86.07177743563895, 26.310806275059804 ], [ 86.077140877866867, 26.320806454484753 ], [ 86.079025207946941, 26.324333194634619 ], [ 86.080719026018912, 26.325111307667683 ] ] ] } },
{ "type": "Feature", "properties": { "F_CODE_DES": "River/Stream", "HYC_DESCRI": "Perennial/Permanent", "NAM": "UNK", "ISO": "IND", "NAME_0": "India" }, "geometry": { "type": "MultiLineString", "coordinates": [ [ [ 85.838027895705977, 26.430166206131894 ], [ 85.843055673919636, 26.418611501640889 ], [ 85.84658052406941, 26.418945275655069 ], [ 85.851669349285658, 26.423889137865153 ], [ 85.854446326403661, 26.42297173182617 ], [ 85.858276411566422, 26.418417020632624 ], [ 85.858001794554752, 26.416944521570052 ], [ 85.857170194519412, 26.41233254337407 ], [ 85.863082870770668, 26.407110284152154 ], [ 85.860443107658497, 26.405277173074257 ], [ 85.862197783733052, 26.401222177901943 ], [ 85.857498109533353, 26.393722468583249 ], [ 85.855888396464948, 26.380666726028458 ], [ 85.856941315509687, 26.376417249847883 ], [ 85.860221788649085, 26.376972153871463 ], [ 85.859497162618297, 26.368944189530318 ], [ 85.862136925730468, 26.363387967294216 ], [ 85.859664994625433, 26.352693590839767 ], [ 85.856750425501573, 26.348749160672149 ], [ 85.860664426667896, 26.339776952290883 ], [ 85.855636648454251, 26.336721389161042 ], [ 85.855308544440305, 26.336250212141017 ], [ 85.853446894361198, 26.333610449028846 ], [ 85.860252406650389, 26.327110360752631 ], [ 85.859641936624442, 26.314861270232115 ], [ 85.865753251884144, 26.29400058334566 ], [ 85.871414180124702, 26.288360634105999 ], [ 85.874496392255679, 26.281722953823934 ], [ 85.873527578214507, 26.273500508474527 ], [ 85.877166773369154, 26.262861320022427 ], [ 85.879470872467067, 26.233638705780638 ], [ 85.882583702599334, 26.227638333525661 ], [ 85.891555721980595, 26.221416453261266 ], [ 85.899055431299288, 26.216194194039353 ], [ 85.903526226489276, 26.217361458088952 ], [ 85.904777595542441, 26.216222733040563 ], [ 85.909225521731457, 26.212139198867035 ], [ 85.918334944118556, 26.211250331829266 ], [ 85.92363733934387, 26.215972875029948 ], [ 85.925529418424276, 26.209806371767904 ], [ 85.934585542809103, 26.207639675675836 ], [ 85.939857509033132, 26.204334254535375 ], [ 85.950721796494804, 26.19283303704664 ], [ 85.952773958582, 26.18711087280348 ], [ 85.953086942595306, 26.18622200576571 ], [ 85.951553396530144, 26.175500791310121 ], [ 85.952278211560937, 26.17305569820622 ], [ 85.956611603745088, 26.158666560594767 ], [ 85.954223588643615, 26.149860294220552 ], [ 85.954612739660149, 26.14649968507775 ], [ 85.954780571667271, 26.145195018022306 ], [ 85.956336986733419, 26.142833651921961 ], [ 85.960334714903297, 26.141860868880627 ], [ 85.962135317979815, 26.141416529861743 ], [ 85.964836128094575, 26.131195031427389 ], [ 85.961608952957448, 26.125778291197211 ], [ 85.962829515009304, 26.120889616989473 ], [ 85.967613294212597, 26.116527496804107 ], [ 85.969024746272567, 26.109750712516131 ], [ 85.97467036551248, 26.103250435239911 ], [ 85.976058948571477, 26.096027421932973 ], [ 85.982109027828571, 26.095638270916439 ], [ 85.991363602221838, 26.099611240085267 ], [ 85.996528594441315, 26.099916475098237 ], [ 86.006446747862782, 26.081667012322743 ], [ 86.009475661991488, 26.081806116328654 ], [ 86.013557495164946, 26.08422285943135 ], [ 86.016052295270967, 26.082666444365213 ], [ 86.019111638400972, 26.076250083092553 ], [ 86.019836453431765, 26.069694428813978 ], [ 86.022583001548483, 26.06772240273018 ], [ 86.031059273908667, 26.065639433641664 ], [ 86.034057570036083, 26.061889673482323 ], [ 86.030692991893105, 26.052473126082177 ], [ 86.036331240132697, 26.046194167815358 ], [ 86.048805240662773, 26.04838940290864 ], [ 86.053169250848214, 26.053138784110462 ], [ 86.06041721215621, 26.053333265118724 ], [ 86.069442718539733, 26.050138408982964 ], [ 86.07213596865418, 26.046888364844854 ], [ 86.069419849538761, 26.043167143686727 ], [ 86.07005318856568, 26.041250305605274 ], [ 86.078025775904464, 26.041444786613539 ], [ 86.088249164338905, 26.032917106251162 ], [ 86.108001744178267, 26.03002729612836 ] ] ] } },
{ "type": "Feature", "properties": { "F_CODE_DES": "River/Stream", "HYC_DESCRI": "Perennial/Permanent", "NAM": "UNK", "ISO": "IND", "NAME_0": "India" }, "geometry": { "type": "MultiLineString", "coordinates": [ [ [ 85.781753521314656, 26.037389791441221 ], [ 85.787002618537713, 26.040637945579249 ], [ 85.796447704939069, 26.036361631397533 ], [ 85.810195943523283, 26.035389037356204 ], [ 85.813888625680207, 26.033582764279448 ], [ 85.815498338748611, 26.031639088196854 ], [ 85.82421879911918, 26.021083815748316 ], [ 85.829498325343522, 26.017972875616117 ], [ 85.834167570541936, 26.017639101601937 ], [ 85.837028463663515, 26.019250893670428 ], [ 85.835891817615206, 26.027111026004437 ], [ 85.837585446687171, 26.029388476101214 ], [ 85.84630590705774, 26.031278665181539 ], [ 85.848274153141389, 26.027194942008002 ], [ 85.84788519112486, 26.022361833802623 ], [ 85.850166232221781, 26.020610748728213 ], [ 85.87410743023915, 26.023971546871028 ], [ 85.877944886402219, 26.027250319010356 ], [ 85.871025029108168, 26.033332906268832 ], [ 85.870002728064719, 26.034221584306593 ], [ 85.874916161273518, 26.041721293625287 ], [ 85.878913889443396, 26.042667427665492 ] ] ] } },
{ "type": "Feature", "properties": { "F_CODE_DES": "River/Stream", "HYC_DESCRI": "Perennial/Permanent", "NAM": "UNK", "ISO": "IND", "NAME_0": "India" }, "geometry": { "type": "MultiLineString", "coordinates": [ [ [ 86.42466728863468, 26.141776952877059 ], [ 86.418388330367861, 26.117666221852495 ], [ 86.411857624090345, 26.105194111322504 ], [ 86.411697352083536, 26.103500293250526 ], [ 86.410247722021936, 26.087499552570591 ], [ 86.40296933171264, 26.073778151987511 ], [ 86.402359050686712, 26.069999663826948 ], [ 86.404335045770679, 26.060417174419751 ], [ 86.39761344948505, 26.036750782414067 ], [ 86.398140003507422, 26.032083427215735 ], [ 86.403778062747008, 26.032972294253504 ], [ 86.405746497830663, 26.029333099098864 ], [ 86.404609662782349, 26.026750602989122 ], [ 86.400390615603058, 26.017026930575923 ], [ 86.400718719617004, 26.013416274422489 ], [ 86.40272514370227, 26.011028259321016 ], [ 86.412696784125998, 26.008417035210051 ] ] ] } },
{ "type": "Feature", "properties": { "F_CODE_DES": "River/Stream", "HYC_DESCRI": "Perennial/Permanent", "NAM": "UNK", "ISO": "IND", "NAME_0": "India" }, "geometry": { "type": "MultiLineString", "coordinates": [ [ [ 86.378997893693992, 26.039222713519109 ], [ 86.368614233252757, 26.004667275050711 ], [ 86.367225650193745, 25.992471671532471 ], [ 86.368942337266702, 25.96958358155986 ], [ 86.366531453164242, 25.941139269351147 ], [ 86.367302006196994, 25.914443963216755 ], [ 86.367416351201854, 25.910554910051495 ], [ 86.367973334225525, 25.891666438248844 ], [ 86.369720450299766, 25.882110597842775 ], [ 86.384330717920605, 25.83538809485735 ] ] ] } },
{ "type": "Feature", "properties": { "F_CODE_DES": "River/Stream", "HYC_DESCRI": "Perennial/Permanent", "NAM": "UNK", "ISO": "IND", "NAME_0": "India" }, "geometry": { "type": "MultiLineString", "coordinates": [ [ [ 86.938613876474363, 26.483305070389981 ], [ 86.93355566925942, 26.474832578029947 ] ] ] } },
{ "type": "Feature", "properties": { "F_CODE_DES": "River/Stream", "HYC_DESCRI": "Perennial/Permanent", "NAM": "UNK", "ISO": "IND", "NAME_0": "India" }, "geometry": { "type": "MultiLineString", "coordinates": [ [ [ 86.948059151875725, 26.510305422537336 ], [ 86.949058583918202, 26.508472500459447 ], [ 86.9508589979947, 26.505193728320116 ], [ 86.968414263740698, 26.473083571955627 ], [ 86.976470956083062, 26.459083585360709 ] ] ] } },
{ "type": "Feature", "properties": { "F_CODE_DES": "River/Stream", "HYC_DESCRI": "Perennial/Permanent", "NAM": "CHANDRA CANAL", "ISO": "IND", "NAME_0": "India" }, "geometry": { "type": "MultiLineString", "coordinates": [ [ [ 86.890554855424398, 26.476945529262242 ], [ 86.891891562488937, 26.477500880143339 ], [ 86.900413572851079, 26.484832757454896 ], [ 86.901325395578183, 26.486358612313882 ] ] ] } },
{ "type": "Feature", "properties": { "F_CODE_DES": "River/Stream", "HYC_DESCRI": "Perennial/Permanent", "NAM": "UNK", "ISO": "IND", "NAME_0": "India" }, "geometry": { "type": "MultiLineString", "coordinates": [ [ [ 86.81136319506696, 26.408361464205321 ], [ 86.81938926940802, 26.421417206760111 ], [ 86.825469966666418, 26.426277152966634 ] ] ] } },
{ "type": "Feature", "properties": { "F_CODE_DES": "River/Stream", "HYC_DESCRI": "Non-Perennial/Intermittent/Fluctuating", "NAM": "UNK", "ISO": "IND", "NAME_0": "India" }, "geometry": { "type": "MultiLineString", "coordinates": [ [ [ 86.895248391631583, 26.40680504913918 ], [ 86.89888758678623, 26.409221603241871 ], [ 86.908531123196028, 26.40994452827259 ], [ 86.916084319516983, 26.416666124558219 ], [ 86.922836344803912, 26.426361068970195 ], [ 86.924941993893384, 26.432417007227539 ], [ 86.924858077889823, 26.447000436847247 ], [ 86.939697224520401, 26.470388431841101 ], [ 86.938446044467227, 26.474027626995742 ], [ 86.93355566925942, 26.474832578029947 ] ] ] } },
{ "type": "Feature", "properties": { "F_CODE_DES": "River/Stream", "HYC_DESCRI": "Perennial/Permanent", "NAM": "UNK", "ISO": "IND", "NAME_0": "India" }, "geometry": { "type": "MultiLineString", "coordinates": [ [ [ 86.786468492009078, 26.396305153693 ], [ 86.798774660532018, 26.399055481809871 ], [ 86.804138102759936, 26.403749486009339 ] ] ] } },
{ "type": "Feature", "properties": { "F_CODE_DES": "River/Stream", "HYC_DESCRI": "Perennial/Permanent", "NAM": "UNK", "ISO": "IND", "NAME_0": "India" }, "geometry": { "type": "MultiLineString", "coordinates": [ [ [ 86.770858792345763, 26.387083087301114 ], [ 86.77024832231983, 26.389862143419208 ], [ 86.774055538481605, 26.396917324719013 ] ] ] } },
{ "type": "Feature", "properties": { "F_CODE_DES": "River/Stream", "HYC_DESCRI": "Perennial/Permanent", "NAM": "UNK", "ISO": "IND", "NAME_0": "India" }, "geometry": { "type": "MultiLineString", "coordinates": [ [ [ 86.93355566925942, 26.474832578029947 ], [ 86.911468561320845, 26.446611474830718 ], [ 86.896499571684757, 26.442054684637085 ], [ 86.874809174763044, 26.422721873815554 ], [ 86.867362952446612, 26.412389810376503 ], [ 86.848472590643894, 26.400999157892464 ], [ 86.832496608965002, 26.391361291482916 ], [ 86.823585447586339, 26.38597290125394 ], [ 86.820747423465733, 26.379943800997737 ], [ 86.799110324546291, 26.373056451705068 ], [ 86.796859712450654, 26.369333340546859 ], [ 86.796585095438985, 26.362361886250611 ], [ 86.788391189090788, 26.357250192033394 ], [ 86.782669024847635, 26.354583779920087 ] ] ] } },
{ "type": "Feature", "properties": { "F_CODE_DES": "River/Stream", "HYC_DESCRI": "Perennial/Permanent", "NAM": "UNK", "ISO": "IND", "NAME_0": "India" }, "geometry": { "type": "MultiLineString", "coordinates": [ [ [ 86.922584596793214, 26.353250573863434 ], [ 86.926498408959532, 26.385026956213743 ], [ 86.928390488039923, 26.385805069246807 ] ] ] } },
{ "type": "Feature", "properties": { "F_CODE_DES": "River/Stream", "HYC_DESCRI": "Perennial/Permanent", "NAM": "UNK", "ISO": "IND", "NAME_0": "India" }, "geometry": { "type": "MultiLineString", "coordinates": [ [ [ 86.768837059259852, 26.343416147445531 ], [ 86.773864837473496, 26.3402785583122 ] ] ] } },
{ "type": "Feature", "properties": { "F_CODE_DES": "River/Stream", "HYC_DESCRI": "Perennial/Permanent", "NAM": "UNK", "ISO": "IND", "NAME_0": "India" }, "geometry": { "type": "MultiLineString", "coordinates": [ [ [ 86.895248391631583, 26.40680504913918 ], [ 86.89514160662705, 26.403417601995237 ], [ 86.886611847264589, 26.384916391209046 ], [ 86.874809174763044, 26.366277777417011 ], [ 86.85405735188121, 26.348417276658047 ], [ 86.832275478955609, 26.329666207861237 ] ] ] } },
{ "type": "Feature", "properties": { "F_CODE_DES": "River/Stream", "HYC_DESCRI": "Non-Perennial/Intermittent/Fluctuating", "NAM": "UNK", "ISO": "IND", "NAME_0": "India" }, "geometry": { "type": "MultiLineString", "coordinates": [ [ [ 86.832275478955609, 26.329666207861237 ], [ 86.827667280759783, 26.337222995182358 ], [ 86.830497744880063, 26.34327704343962 ], [ 86.835777271104419, 26.346250580565979 ], [ 86.84294131640884, 26.344333742484523 ], [ 86.84638981055538, 26.347805105632034 ], [ 86.849304190679234, 26.353916231891723 ], [ 86.852027869794966, 26.359666746136085 ], [ 86.860473713153866, 26.364860466356788 ], [ 86.863197392269612, 26.368999566532672 ], [ 86.862114044223574, 26.376222579839609 ], [ 86.865837155381783, 26.38138965105918 ], [ 86.895248391631583, 26.40680504913918 ] ] ] } },
{ "type": "Feature", "properties": { "F_CODE_DES": "River/Stream", "HYC_DESCRI": "Perennial/Permanent", "NAM": "UNK", "ISO": "IND", "NAME_0": "India" }, "geometry": { "type": "MultiLineString", "coordinates": [ [ [ 86.832191373952043, 26.327999038790395 ], [ 86.832275478955609, 26.329666207861237 ] ] ] } },
{ "type": "Feature", "properties": { "F_CODE_DES": "River/Stream", "HYC_DESCRI": "Perennial/Permanent", "NAM": "UNK", "ISO": "IND", "NAME_0": "India" }, "geometry": { "type": "MultiLineString", "coordinates": [ [ [ 86.753913807625707, 26.316444334299387 ], [ 86.749359096432158, 26.319333955422181 ], [ 86.745140049252868, 26.319471358428018 ], [ 86.736892655902409, 26.312778490143611 ], [ 86.727081287485476, 26.31372254518373 ] ] ] } },
{ "type": "Feature", "properties": { "F_CODE_DES": "River/Stream", "HYC_DESCRI": "Perennial/Permanent", "NAM": "UNK", "ISO": "IND", "NAME_0": "India" }, "geometry": { "type": "MultiLineString", "coordinates": [ [ [ 86.977531435128128, 26.244832987256331 ], [ 86.976081805066528, 26.25483316668128 ], [ 86.976135292068804, 26.25516694069546 ], [ 86.977859539142074, 26.263639433055491 ], [ 86.984252842413753, 26.276527343603153 ] ] ] } },
{ "type": "Feature", "properties": { "F_CODE_DES": "River/Stream", "HYC_DESCRI": "Perennial/Permanent", "NAM": "UNK", "ISO": "IND", "NAME_0": "India" }, "geometry": { "type": "MultiLineString", "coordinates": [ [ [ 87.082336475581727, 26.371778433650761 ], [ 87.080306993495483, 26.346694919584856 ], [ 87.076141433318469, 26.340749735332224 ], [ 87.072776855175491, 26.335971815129191 ], [ 87.069580109039649, 26.331443752936774 ], [ 87.064308142815619, 26.282054837838039 ], [ 87.062110828722254, 26.261527924965765 ], [ 87.055725085450888, 26.250083974479466 ], [ 87.045333865009326, 26.231472009688567 ] ] ] } },
{ "type": "Feature", "properties": { "F_CODE_DES": "River/Stream", "HYC_DESCRI": "Perennial/Permanent", "NAM": "UNK", "ISO": "IND", "NAME_0": "India" }, "geometry": { "type": "MultiLineString", "coordinates": [ [ [ 87.045333865009326, 26.231472009688567 ], [ 87.038948121737974, 26.240583511075751 ], [ 87.046279999049531, 26.252805763595127 ], [ 87.051330646264162, 26.256000430730879 ], [ 87.053833006370496, 26.260139530906766 ], [ 87.052360507307924, 26.269500701304562 ], [ 87.053970409376333, 26.27408414049933 ], [ 87.05913540159581, 26.279806115742481 ], [ 87.059196448598399, 26.280221915760151 ], [ 87.0650253978461, 26.318500465386762 ], [ 87.065246527855493, 26.329055737835297 ], [ 87.067863421966706, 26.336916059169315 ], [ 87.069610538040948, 26.342222234394796 ], [ 87.071609591125892, 26.348277983652128 ], [ 87.075225917279568, 26.359138491113637 ], [ 87.0753631312854, 26.370861027611774 ] ] ] } },
{ "type": "Feature", "properties": { "F_CODE_DES": "River/Stream", "HYC_DESCRI": "Non-Perennial/Intermittent/Fluctuating", "NAM": "UNK", "ISO": "IND", "NAME_0": "India" }, "geometry": { "type": "MultiLineString", "coordinates": [ [ [ 86.779892047729618, 26.229139371589444 ], [ 86.791221653211068, 26.242500349157204 ], [ 86.791831934236995, 26.246084167309498 ], [ 86.789749154148495, 26.25247198958094 ], [ 86.795471129391643, 26.266445138174717 ], [ 86.798805278533322, 26.284721438951351 ], [ 86.80161287365263, 26.290555869199281 ], [ 86.814056445181407, 26.302999440728058 ], [ 86.816528376286456, 26.3054713718331 ], [ 86.819778420424555, 26.311971649109324 ], [ 86.821609452502372, 26.315666221266323 ], [ 86.830780110892064, 26.321500840514261 ], [ 86.832191373952043, 26.327999038790395 ] ] ] } },
{ "type": "Feature", "properties": { "F_CODE_DES": "River/Stream", "HYC_DESCRI": "Perennial/Permanent", "NAM": "UNK", "ISO": "IND", "NAME_0": "India" }, "geometry": { "type": "MultiLineString", "coordinates": [ [ [ 87.045333865009326, 26.231472009688567 ], [ 87.043525701932495, 26.227527579520952 ] ] ] } },
{ "type": "Feature", "properties": { "F_CODE_DES": "River/Stream", "HYC_DESCRI": "Perennial/Permanent", "NAM": "UNK", "ISO": "IND", "NAME_0": "India" }, "geometry": { "type": "MultiLineString", "coordinates": [ [ [ 86.994751036859853, 26.214860987982696 ], [ 86.996833816948367, 26.225139564419475 ], [ 86.991249055711037, 26.24838826640741 ] ] ] } },
{ "type": "Feature", "properties": { "F_CODE_DES": "River/Stream", "HYC_DESCRI": "Perennial/Permanent", "NAM": "UNK", "ISO": "IND", "NAME_0": "India" }, "geometry": { "type": "MultiLineString", "coordinates": [ [ [ 86.86927790052799, 26.210306087789142 ], [ 86.855972299962588, 26.205249770574277 ] ] ] } },
{ "type": "Feature", "properties": { "F_CODE_DES": "River/Stream", "HYC_DESCRI": "Perennial/Permanent", "NAM": "UNK", "ISO": "IND", "NAME_0": "India" }, "geometry": { "type": "MultiLineString", "coordinates": [ [ [ 86.922584596793214, 26.353250573863434 ], [ 86.912612956369472, 26.339222048267306 ], [ 86.896469142683458, 26.309028540984258 ], [ 86.892135561499302, 26.300945199640765 ], [ 86.871498083622342, 26.262332875999974 ], [ 86.869667051544525, 26.258888161853591 ], [ 86.864585786328604, 26.23897171900726 ], [ 86.862861539255334, 26.232250122721631 ], [ 86.855972299962588, 26.205249770574277 ] ] ] } },
{ "type": "Feature", "properties": { "F_CODE_DES": "River/Stream", "HYC_DESCRI": "Perennial/Permanent", "NAM": "UNK", "ISO": "IND", "NAME_0": "India" }, "geometry": { "type": "MultiLineString", "coordinates": [ [ [ 87.174774111509777, 26.166221646915815 ], [ 87.165084837098036, 26.174165695253386 ], [ 87.149192771422719, 26.19122313497823 ], [ 87.147308441342645, 26.19594378817883 ], [ 87.146804756321245, 26.216472591051179 ], [ 87.144447359221061, 26.221416453261266 ], [ 87.132614068718226, 26.229444417602409 ], [ 87.119918749178737, 26.260110802905544 ], [ 87.117446818073702, 26.275054844540577 ], [ 87.117141772060734, 26.276916494619691 ], [ 87.115135158975463, 26.279722199738913 ], [ 87.10788719766748, 26.280000596750746 ], [ 87.104919519541369, 26.281778330826288 ], [ 87.103752066491751, 26.28711134405291 ] ] ] } },
{ "type": "Feature", "properties": { "F_CODE_DES": "River/Stream", "HYC_DESCRI": "Perennial/Permanent", "NAM": "UNK", "ISO": "IND", "NAME_0": "India" }, "geometry": { "type": "MultiLineString", "coordinates": [ [ [ 86.912612956369472, 26.132110547466294 ], [ 86.917274452567568, 26.137666769702399 ], [ 86.916862432550047, 26.144222234980969 ], [ 86.920082047686861, 26.148332607155638 ], [ 86.919250447651535, 26.156805099515665 ], [ 86.920333795697573, 26.160360378666745 ], [ 86.922859213804884, 26.162944764776565 ], [ 86.923530541833415, 26.163639150806073 ], [ 86.928497273044471, 26.164943628861508 ] ] ] } },
{ "type": "Feature", "properties": { "F_CODE_DES": "River/Stream", "HYC_DESCRI": "Perennial/Permanent", "NAM": "UNK", "ISO": "IND", "NAME_0": "India" }, "geometry": { "type": "MultiLineString", "coordinates": [ [ [ 86.96316535551766, 26.332195216968707 ], [ 86.946609521814125, 26.309667550011412 ], [ 86.943084671664337, 26.304889629808379 ], [ 86.934829718313551, 26.293666809331476 ], [ 86.933280863247745, 26.246499967327168 ], [ 86.933135900241581, 26.242361056151289 ], [ 86.926170304945586, 26.215749666020461 ], [ 86.926086388942011, 26.214389810962675 ], [ 86.925056527898249, 26.200361285366547 ], [ 86.917724650586692, 26.193000869053773 ], [ 86.912529040365911, 26.174804704280543 ], [ 86.912635825370444, 26.162082735739936 ], [ 86.912719741374019, 26.151971802310278 ], [ 86.910331726272531, 26.145082563017528 ], [ 86.912612956369472, 26.132110547466294 ] ] ] } },
{ "type": "Feature", "properties": { "F_CODE_DES": "River/Stream", "HYC_DESCRI": "Perennial/Permanent", "NAM": "UNK", "ISO": "IND", "NAME_0": "India" }, "geometry": { "type": "MultiLineString", "coordinates": [ [ [ 86.855972299962588, 26.205249770574277 ], [ 86.850029005710027, 26.203556141502307 ], [ 86.840774620316779, 26.194360724111558 ], [ 86.834251474039576, 26.195638742165865 ], [ 86.826667848717321, 26.187416107816453 ], [ 86.81600182226407, 26.166860655942969 ], [ 86.814971961220309, 26.154945339436637 ], [ 86.813751210168434, 26.140722332832244 ], [ 86.804420468771937, 26.130388190393106 ], [ 86.800781273617289, 26.126388572223142 ], [ 86.796607964439957, 26.11066622855504 ], [ 86.793281564298596, 26.103332461243397 ], [ 86.789413490134223, 26.094833319882234 ], [ 86.787612887057719, 26.084554743445452 ], [ 86.78175350880872, 26.079027249210569 ], [ 86.780219962743558, 26.075500509060703 ], [ 86.781219394786035, 26.071666643897785 ], [ 86.793975761328099, 26.063194340537763 ] ] ] } },
{ "type": "Feature", "properties": { "F_CODE_DES": "River/Stream", "HYC_DESCRI": "Non-Perennial/Intermittent/Fluctuating", "NAM": "UNK", "ISO": "IND", "NAME_0": "India" }, "geometry": { "type": "MultiLineString", "coordinates": [ [ [ 86.779892047729618, 26.229139371589444 ], [ 86.78330236387454, 26.226694089485534 ], [ 86.783363410877143, 26.226194373464299 ], [ 86.783805859895935, 26.221416453261266 ], [ 86.782219015828503, 26.217222165083033 ], [ 86.786804156023351, 26.214750233977991 ], [ 86.787170438038913, 26.213777450936654 ], [ 86.788085954077815, 26.211334247832831 ], [ 86.785110526951385, 26.201500010414932 ], [ 86.788055336076511, 26.193361292069088 ], [ 86.801666171654901, 26.182777480619336 ], [ 86.803192157719735, 26.180194795509589 ], [ 86.797996547498954, 26.167472826968982 ], [ 86.786392136005844, 26.152860669348051 ], [ 86.786392136005844, 26.152834020346919 ], [ 86.78258510884406, 26.13966752378742 ], [ 86.778358501664457, 26.13938912677559 ], [ 86.776886002601884, 26.137750685705967 ], [ 86.767524643204084, 26.137611392700045 ], [ 86.764335646068574, 26.133722339534785 ], [ 86.764503478075696, 26.131860689455678 ], [ 86.766136249145077, 26.114833867732138 ], [ 86.766998278181717, 26.113945000694365 ], [ 86.773551853460205, 26.10700038439926 ], [ 86.773834219472207, 26.102750719218676 ], [ 86.762306163982331, 26.071861313906059 ], [ 86.767417858199551, 26.053722416135265 ], [ 86.767585690206673, 26.040416626569844 ], [ 86.775085399525366, 26.029611496110689 ] ] ] } },
{ "type": "Feature", "properties": { "F_CODE_DES": "River/Stream", "HYC_DESCRI": "Perennial/Permanent", "NAM": "UNK", "ISO": "IND", "NAME_0": "India" }, "geometry": { "type": "MultiLineString", "coordinates": [ [ [ 86.855972299962588, 26.205249770574277 ], [ 86.851753252783297, 26.188278136853086 ], [ 86.82991789285542, 26.152334304325684 ], [ 86.793777500319678, 26.092805916796081 ], [ 86.793975761328099, 26.063194340537763 ] ] ] } },
{ "type": "Feature", "properties": { "F_CODE_DES": "River/Stream", "HYC_DESCRI": "Perennial/Permanent", "NAM": "UNK", "ISO": "IND", "NAME_0": "India" }, "geometry": { "type": "MultiLineString", "coordinates": [ [ [ 86.793975761328099, 26.063194340537763 ], [ 86.795112596376413, 26.061916322483455 ] ] ] } },
{ "type": "Feature", "properties": { "F_CODE_DES": "River/Stream", "HYC_DESCRI": "Non-Perennial/Intermittent/Fluctuating", "NAM": "UNK", "ISO": "IND", "NAME_0": "India" }, "geometry": { "type": "MultiLineString", "coordinates": [ [ [ 86.912612956369472, 26.132110547466294 ], [ 86.908142161179498, 26.120639758978854 ], [ 86.90599814508839, 26.119222636918636 ], [ 86.900779665866636, 26.11730579883718 ], [ 86.896720890694155, 26.121444710013058 ], [ 86.892997779535946, 26.121999803036648 ], [ 86.890113828413391, 26.119972210950486 ], [ 86.885696331225674, 26.104083925275329 ], [ 86.885971137237362, 26.099193550067518 ], [ 86.890998915451007, 26.090583843701655 ], [ 86.888252178334284, 26.086444932525776 ], [ 86.855888383959012, 26.061971699485809 ], [ 86.842529296391334, 26.05525010320018 ] ] ] } },
{ "type": "Feature", "properties": { "F_CODE_DES": "River/Stream", "HYC_DESCRI": "Perennial/Permanent", "NAM": "UNK", "ISO": "IND", "NAME_0": "India" }, "geometry": { "type": "MultiLineString", "coordinates": [ [ [ 86.868720917504319, 26.1346663945749 ], [ 86.863891589299101, 26.124889424159441 ], [ 86.863250690271869, 26.109472315504306 ], [ 86.860748330165535, 26.105556424337902 ], [ 86.851280185763201, 26.097639025001456 ], [ 86.848747207655563, 26.092861104798423 ], [ 86.848197973632224, 26.085056349466768 ], [ 86.843109148415977, 26.075082819042954 ], [ 86.842719997399442, 26.07172202090014 ], [ 86.845275844508052, 26.06527712062627 ], [ 86.841445948345296, 26.057611469300525 ], [ 86.842529296391334, 26.05525010320018 ] ] ] } },
{ "type": "Feature", "properties": { "F_CODE_DES": "River/Stream", "HYC_DESCRI": "Perennial/Permanent", "NAM": "UNK", "ISO": "IND", "NAME_0": "India" }, "geometry": { "type": "MultiLineString", "coordinates": [ [ [ 87.104057301504724, 26.052499775083309 ], [ 87.103057869462262, 26.056360289247358 ], [ 87.105583098569568, 26.066999477699461 ], [ 87.117385771071113, 26.116500847802975 ], [ 87.11585997400627, 26.146194450064776 ], [ 87.114944457967368, 26.16386028081547 ] ] ] } },
{ "type": "Feature", "properties": { "F_CODE_DES": "River/Stream", "HYC_DESCRI": "Perennial/Permanent", "NAM": "UNK", "ISO": "IND", "NAME_0": "India" }, "geometry": { "type": "MultiLineString", "coordinates": [ [ [ 86.775085399525366, 26.029611496110689 ], [ 86.782943641859305, 26.044555726745735 ], [ 86.795112596376413, 26.061916322483455 ] ] ] } },
{ "type": "Feature", "properties": { "F_CODE_DES": "River/Stream", "HYC_DESCRI": "Perennial/Permanent", "NAM": "UNK", "ISO": "IND", "NAME_0": "India" }, "geometry": { "type": "MultiLineString", "coordinates": [ [ [ 86.775718738552285, 26.02788932803751 ], [ 86.775085399525366, 26.029611496110689 ] ] ] } },
{ "type": "Feature", "properties": { "F_CODE_DES": "River/Stream", "HYC_DESCRI": "Perennial/Permanent", "NAM": "UNK", "ISO": "IND", "NAME_0": "India" }, "geometry": { "type": "MultiLineString", "coordinates": [ [ [ 87.049247677175643, 26.376556353853793 ], [ 87.051361075265447, 26.345361713528206 ], [ 87.051834142285557, 26.338556201239008 ], [ 87.052108759297226, 26.334388751061919 ], [ 87.041191173833283, 26.273777015486282 ], [ 87.037170387662428, 26.25147255753847 ], [ 87.033973641526586, 26.233583517778293 ], [ 87.022857606054217, 26.215139384994529 ], [ 86.993583772810254, 26.175443713307697 ], [ 86.990806606692246, 26.171667115147216 ], [ 86.990081791661439, 26.160499482672655 ], [ 86.982475297338212, 26.146194450064776 ], [ 86.975913973059392, 26.140972190842859 ], [ 86.967445449699525, 26.134222055556023 ], [ 86.963501019531918, 26.129304842347068 ], [ 86.931556616174475, 26.026222158966664 ] ] ] } },
{ "type": "Feature", "properties": { "F_CODE_DES": "River/Stream", "HYC_DESCRI": "Perennial/Permanent", "NAM": "UNK", "ISO": "IND", "NAME_0": "India" }, "geometry": { "type": "MultiLineString", "coordinates": [ [ [ 87.097030659206141, 26.009000856234863 ], [ 87.104972817543626, 26.035583518364469 ], [ 87.104057301504724, 26.052499775083309 ] ] ] } },
{ "type": "Feature", "properties": { "F_CODE_DES": "River/Stream", "HYC_DESCRI": "Non-Perennial/Intermittent/Fluctuating", "NAM": "UNK", "ISO": "IND", "NAME_0": "India" }, "geometry": { "type": "MultiLineString", "coordinates": [ [ [ 86.793136601292446, 26.002582604962122 ], [ 86.789138873122553, 26.013276981416574 ], [ 86.78880302010829, 26.021972682786085 ], [ 86.792358488259367, 26.040861154588736 ], [ 86.797363208472049, 26.054416613164761 ], [ 86.797111460461352, 26.059499768380768 ], [ 86.795112596376413, 26.061916322483455 ] ] ] } },
{ "type": "Feature", "properties": { "F_CODE_DES": "River/Stream", "HYC_DESCRI": "Perennial/Permanent", "NAM": "UNK", "ISO": "IND", "NAME_0": "India" }, "geometry": { "type": "MultiLineString", "coordinates": [ [ [ 87.093780426068022, 25.998971948808695 ], [ 87.097030659206141, 26.009000856234863 ] ] ] } },
{ "type": "Feature", "properties": { "F_CODE_DES": "River/Stream", "HYC_DESCRI": "Perennial/Permanent", "NAM": "UNK", "ISO": "IND", "NAME_0": "India" }, "geometry": { "type": "MultiLineString", "coordinates": [ [ [ 87.093780426068022, 25.998971948808695 ], [ 87.088859621858916, 26.003805246014078 ], [ 87.085334771709128, 26.046638506834238 ], [ 87.094696131106929, 26.079055788211782 ], [ 87.092780994025546, 26.088832947627253 ], [ 87.085334771709128, 26.100721426132445 ], [ 87.082305857580423, 26.116888108819431 ], [ 87.080780060515579, 26.119806268943435 ], [ 87.07191463713886, 26.136917195670549 ], [ 87.064308142815619, 26.144361527986888 ], [ 87.063942049800062, 26.147333175113165 ], [ 87.066863989924229, 26.149555248207591 ], [ 87.067138606935899, 26.155694913468491 ], [ 87.067001392930067, 26.15769377755343 ], [ 87.065223658854521, 26.181749320575648 ], [ 87.062499979738789, 26.18966671991209 ], [ 87.04647070005764, 26.203556141502307 ], [ 87.044776881985655, 26.207416466666348 ], [ 87.046058680040133, 26.226388854472564 ], [ 87.043525701932495, 26.227527579520952 ] ] ] } },
{ "type": "Feature", "properties": { "F_CODE_DES": "River/Stream", "HYC_DESCRI": "Perennial/Permanent", "NAM": "UNK", "ISO": "IND", "NAME_0": "India" }, "geometry": { "type": "MultiLineString", "coordinates": [ [ [ 86.560608001411353, 25.996000301682415 ], [ 86.557693432287493, 25.99291619955136 ], [ 86.541168216585277, 25.994693744626893 ] ] ] } },
{ "type": "Feature", "properties": { "F_CODE_DES": "River/Stream", "HYC_DESCRI": "Perennial/Permanent", "NAM": "UNK", "ISO": "IND", "NAME_0": "India" }, "geometry": { "type": "MultiLineString", "coordinates": [ [ [ 86.912612956369472, 26.132110547466294 ], [ 86.914306585441452, 26.128027013292765 ], [ 86.914779652461547, 26.117027212825342 ], [ 86.909919706255025, 26.095638270916439 ], [ 86.906639044115622, 26.089834269669801 ], [ 86.896194525671788, 26.080694229281406 ], [ 86.886138969244485, 26.058195101325325 ], [ 86.883888168148843, 26.049194353942845 ], [ 86.890891941446455, 26.025917112953703 ], [ 86.897140470711989, 26.015582970514565 ], [ 86.915580823495588, 25.985137904220828 ] ] ] } },
{ "type": "Feature", "properties": { "F_CODE_DES": "River/Stream", "HYC_DESCRI": "Perennial/Permanent", "NAM": "UNK", "ISO": "IND", "NAME_0": "India" }, "geometry": { "type": "MultiLineString", "coordinates": [ [ [ 86.498306227763891, 25.961166466202183 ], [ 86.507278436145157, 25.964056087324977 ], [ 86.516555879539396, 25.962083872241166 ], [ 86.523475736833447, 25.965889009402865 ], [ 86.525527898920657, 25.970666929605898 ], [ 86.53125006316381, 25.97388843474279 ], [ 86.530891341148575, 25.982973098128838 ], [ 86.532722562226382, 25.988193467350669 ], [ 86.541168216585277, 25.994693744626893 ] ] ] } },
{ "type": "Feature", "properties": { "F_CODE_DES": "River/Stream", "HYC_DESCRI": "Perennial/Permanent", "NAM": "UNK", "ISO": "IND", "NAME_0": "India" }, "geometry": { "type": "MultiLineString", "coordinates": [ [ [ 86.747390661348504, 25.921917023534313 ], [ 86.754249660639971, 25.935832905125658 ], [ 86.769081058270217, 25.990917146466412 ], [ 86.768776012257263, 25.995082895643431 ], [ 86.767585690206673, 26.011472787339905 ], [ 86.775718738552285, 26.02788932803751 ] ] ] } },
{ "type": "Feature", "properties": { "F_CODE_DES": "River/Stream", "HYC_DESCRI": "Perennial/Permanent", "NAM": "UNK", "ISO": "IND", "NAME_0": "India" }, "geometry": { "type": "MultiLineString", "coordinates": [ [ [ 86.715858467008573, 25.87541583955829 ], [ 86.722747895301339, 25.884694983952599 ], [ 86.732139494700419, 25.891137994226391 ], [ 86.72916406757399, 25.896333604447172 ], [ 86.728195253532817, 25.898027422519149 ], [ 86.729469302586963, 25.90074921163481 ], [ 86.742080706122863, 25.908638071970039 ], [ 86.749359096432158, 25.913194673163666 ], [ 86.761558479950551, 25.914888302235635 ], [ 86.766220165148653, 25.920028724454074 ], [ 86.777275153618419, 25.922388011554329 ], [ 86.782669024847635, 25.928333195806964 ], [ 86.785247740957203, 25.946416905575415 ], [ 86.780387794750695, 25.958860477104192 ], [ 86.780113177739025, 25.963499104301306 ], [ 86.781471331796737, 25.967889763487882 ], [ 86.786163256996119, 25.974306124760542 ], [ 86.786636324016214, 25.980194042010744 ], [ 86.783363410877143, 25.987167386307071 ], [ 86.77889242668715, 25.996723226713137 ], [ 86.779335064705961, 26.019332919673914 ], [ 86.775718738552285, 26.02788932803751 ] ] ] } },
{ "type": "Feature", "properties": { "F_CODE_DES": "River/Stream", "HYC_DESCRI": "Perennial/Permanent", "NAM": "UNK", "ISO": "IND", "NAME_0": "India" }, "geometry": { "type": "MultiLineString", "coordinates": [ [ [ 87.093780426068022, 25.998971948808695 ], [ 87.090248015917908, 25.987693751329438 ], [ 87.097640940232068, 25.963972171321409 ], [ 87.097862259241481, 25.958278735079475 ], [ 87.079361048455283, 25.914110189202571 ], [ 87.079666094468251, 25.902276898699725 ], [ 87.079940711479921, 25.891750354252409 ], [ 87.080253695493212, 25.880361591768455 ], [ 87.080329862496455, 25.877195274633905 ], [ 87.078918410436472, 25.871444760389544 ], [ 87.074585018252336, 25.868221365252566 ], [ 87.049003678165278, 25.865333634129854 ], [ 87.034553493551229, 25.860332504917338 ], [ 87.025611903171267, 25.853250485616392 ], [ 87.018386810864243, 25.842750590170212 ], [ 87.011054933552671, 25.823554993354513 ] ] ] } },
{ "type": "Feature", "properties": { "F_CODE_DES": "River/Stream", "HYC_DESCRI": "Perennial/Permanent", "NAM": "UNK", "ISO": "IND", "NAME_0": "India" }, "geometry": { "type": "MultiLineString", "coordinates": [ [ [ 87.043525701932495, 26.227527579520952 ], [ 87.039581271764874, 26.217111600078333 ], [ 87.038192688705877, 26.179944937498973 ], [ 87.035385093586569, 26.168027919992568 ], [ 87.035331795584298, 26.167804710983084 ], [ 87.036224442622228, 26.144721951002204 ], [ 87.038864205734413, 26.135333942603268 ], [ 87.047668393108538, 26.116638250808812 ], [ 87.045608482020995, 26.10424986728238 ], [ 87.038497923718836, 26.061166748451605 ], [ 87.044944713992791, 26.037277147436434 ], [ 87.04730230009298, 26.015638347516916 ], [ 87.039863637776875, 25.994777660630461 ], [ 87.040306086795681, 25.989250166395575 ], [ 87.046249381048227, 25.982166257094548 ], [ 87.052330078306625, 25.974889756785345 ], [ 87.054359371392863, 25.96783249648545 ], [ 87.049804660199314, 25.955583594964942 ], [ 87.028472985292836, 25.898166715525068 ], [ 87.0178069588396, 25.888834084128487 ], [ 87.014221250687228, 25.882694229867578 ], [ 87.012001067592877, 25.878889092705883 ], [ 87.011253383561112, 25.877111358630337 ], [ 87.007446356399328, 25.86794466924081 ], [ 86.997192349963598, 25.843276955192579 ], [ 86.992584151767772, 25.839416441028529 ], [ 86.986503643509394, 25.838777621001384 ], [ 86.968139646729028, 25.840694459082837 ], [ 86.938110380452969, 25.831582957695652 ], [ 86.929222088075264, 25.82555574743953 ], [ 86.922447193787377, 25.808027319694677 ] ] ] } },
{ "type": "Feature", "properties": { "F_CODE_DES": "River/Stream", "HYC_DESCRI": "Perennial/Permanent", "NAM": "UNK", "ISO": "IND", "NAME_0": "India" }, "geometry": { "type": "MultiLineString", "coordinates": [ [ [ 87.097030659206141, 26.009000856234863 ], [ 87.111358560814992, 25.98905568538731 ], [ 87.115447953988763, 25.97602848183373 ], [ 87.116470255032198, 25.956750859014548 ], [ 87.11877435413011, 25.950332607741807 ], [ 87.13441467179473, 25.934333757061953 ], [ 87.11877435413011, 25.902166333695028 ], [ 87.118225120106771, 25.900693834632456 ], [ 87.116470255032198, 25.896165772440039 ], [ 87.114555306950834, 25.891250638231178 ], [ 87.110694792786774, 25.881277107807357 ], [ 87.109581015739451, 25.878389376684648 ], [ 87.112472526862319, 25.832445175732289 ], [ 87.11094672979749, 25.813472787926077 ], [ 87.112968462883401, 25.806417417626264 ], [ 87.116531302034801, 25.80249982545979 ] ] ] } },
{ "type": "Feature", "properties": { "F_CODE_DES": "River/Stream", "HYC_DESCRI": "Perennial/Permanent", "NAM": "UNK", "ISO": "IND", "NAME_0": "India" }, "geometry": { "type": "MultiLineString", "coordinates": [ [ [ 86.690696706939349, 25.765083304869812 ], [ 86.704528861527137, 25.766750284940649 ], [ 86.715141211978093, 25.775693954320701 ], [ 86.725914023435877, 25.788444461862522 ], [ 86.730003416609648, 25.797388131242577 ], [ 86.729553218590524, 25.803333315495209 ], [ 86.739051791994157, 25.819278679172793 ], [ 86.744804385238609, 25.823333674345108 ], [ 86.762496864990439, 25.822111222293159 ], [ 86.765861443133403, 25.824527776395847 ], [ 86.76599884613924, 25.82811159454814 ], [ 86.75919333385005, 25.844610161249232 ], [ 86.759162904848765, 25.847555159374377 ], [ 86.759140035847793, 25.848833177428684 ], [ 86.76599884613924, 25.862777787021248 ], [ 86.762031546970661, 25.868610327269096 ], [ 86.76147456394699, 25.872222873422608 ], [ 86.764663750082505, 25.875917445579603 ], [ 86.773528984459233, 25.875610320566555 ], [ 86.776664683592486, 25.878665883696399 ], [ 86.777252284617447, 25.88097187279439 ], [ 86.774528416501695, 25.889110591140238 ], [ 86.776359637579517, 25.894111720352754 ], [ 86.780975395775656, 25.89777756450853 ], [ 86.794693016358579, 25.897083367479034 ], [ 86.797302161469446, 25.897861480512098 ], [ 86.79905702654402, 25.900554730626546 ], [ 86.798919623538183, 25.901138362651345 ], [ 86.797470182476587, 25.90777774393348 ], [ 86.798332211513227, 25.909194865993697 ], [ 86.798889194536883, 25.91008373303147 ], [ 86.803970270752799, 25.918333016382014 ], [ 86.805885407834182, 25.925249093675909 ], [ 86.804222018763497, 25.941223185354712 ], [ 86.803390418728171, 25.949417091702905 ], [ 86.804191589762212, 25.95277788984572 ], [ 86.80880734795835, 25.956417085000361 ], [ 86.811943047091603, 25.964971603363878 ], [ 86.821388322492965, 25.973110132709721 ], [ 86.820663507462172, 25.979499844981241 ], [ 86.820358272449198, 25.982250173098116 ], [ 86.825195349654749, 25.996055678684769 ], [ 86.825920164685542, 25.998111809772141 ], [ 86.824112001608711, 26.005138452070732 ], [ 86.826080247692346, 26.01311103940952 ], [ 86.82355501858504, 26.037500356445921 ], [ 86.825164731653445, 26.042722615667834 ], [ 86.828109729778589, 26.045999497807085 ], [ 86.832389823960469, 26.047555912873221 ], [ 86.838912970237658, 26.047332703863738 ], [ 86.840919583322929, 26.049528127957032 ], [ 86.841857968362802, 26.050611476003066 ], [ 86.842529296391334, 26.05525010320018 ] ] ] } },
{ "type": "Feature", "properties": { "F_CODE_DES": "River/Stream", "HYC_DESCRI": "Perennial/Permanent", "NAM": "UNK", "ISO": "IND", "NAME_0": "India" }, "geometry": { "type": "MultiLineString", "coordinates": [ [ [ 86.674224789239389, 25.731611214447447 ], [ 86.672752290176817, 25.741806063880666 ], [ 86.668334981989105, 25.742166486895982 ], [ 86.663558951786158, 25.750972753270197 ], [ 86.664192290813077, 25.754972371440157 ], [ 86.662864754756654, 25.757139256532234 ], [ 86.656196645473301, 25.758832885604207 ], [ 86.648246738135484, 25.758443923587677 ], [ 86.625808657181992, 25.751361904286732 ], [ 86.622413650037728, 25.75419425840709 ], [ 86.620109550939816, 25.761054958698629 ], [ 86.612274177606864, 25.762971796780086 ], [ 86.609580927492416, 25.766027359909927 ], [ 86.60858149544994, 25.77008254408225 ], [ 86.612113905600054, 25.777139615382133 ], [ 86.6285858233, 25.786750832790553 ], [ 86.634139966536026, 25.793472240076174 ], [ 86.634719818560669, 25.794166626105678 ], [ 86.63272095447573, 25.802694306468055 ], [ 86.624137897110998, 25.80994415777613 ], [ 86.613029421638956, 25.812610569889436 ], [ 86.610580359534879, 25.815221794000401 ], [ 86.611831728588058, 25.82341570034859 ], [ 86.603164755219765, 25.829194942594178 ], [ 86.60075387111732, 25.832860975749959 ], [ 86.600524992107594, 25.838582950993111 ], [ 86.601753303159782, 25.840221392062734 ], [ 86.605499283318963, 25.840749647085183 ], [ 86.608474710445407, 25.839389792027397 ], [ 86.612220690604588, 25.839889508048632 ], [ 86.624336158119419, 25.850694638507786 ], [ 86.632698085474757, 25.856138216739105 ], [ 86.640525898807383, 25.859056565863117 ], [ 86.643524194934798, 25.864444767092085 ], [ 86.647331222096568, 25.877945037665768 ], [ 86.648414570142606, 25.881834090831028 ], [ 86.647331222096568, 25.884388047939556 ], [ 86.645668022025902, 25.884916302962004 ], [ 86.638359013715302, 25.887222292059995 ], [ 86.633003320487717, 25.893527899327946 ], [ 86.632919404484156, 25.894443604366856 ], [ 86.631553690426117, 25.91069420305741 ], [ 86.633224450497124, 25.917194291333626 ], [ 86.637413068675116, 25.922527304560248 ], [ 86.638107265704605, 25.928638430819937 ], [ 86.634635902557093, 25.935722340120961 ], [ 86.620551999958622, 25.945472661535291 ], [ 86.629196104325942, 25.957027366026296 ], [ 86.630638174387215, 25.964166652329673 ], [ 86.626388509206635, 25.969165891542112 ], [ 86.618972715891502, 25.970472259597624 ], [ 86.617637619834767, 25.972610416688482 ], [ 86.619468651912584, 25.978137910923369 ], [ 86.621887285015362, 25.985361113230312 ], [ 86.619751017924585, 25.996416101700085 ], [ 86.621780311010809, 26.000583740877182 ], [ 86.627525344254948, 26.004417417040095 ] ] ] } },
{ "type": "Feature", "properties": { "F_CODE_DES": "River/Stream", "HYC_DESCRI": "Perennial/Permanent", "NAM": "UNK", "ISO": "IND", "NAME_0": "India" }, "geometry": { "type": "MultiLineString", "coordinates": [ [ [ 87.104057301504724, 26.052499775083309 ], [ 87.123581002334362, 26.033637952281794 ], [ 87.141639764101754, 26.024333859886426 ], [ 87.154998851669447, 26.009056044237205 ], [ 87.149307305427584, 25.980527816024924 ], [ 87.150192203465181, 25.968860656529142 ], [ 87.154335083641229, 25.951166097777225 ], [ 87.153442436603299, 25.947860676636765 ], [ 87.151527488521921, 25.940694741332258 ], [ 87.159195029847751, 25.912944815153047 ], [ 87.165275538106144, 25.902584023712777 ], [ 87.166419933154771, 25.889972620176867 ], [ 87.167030403180704, 25.882999464880548 ], [ 87.168083133225451, 25.871000232370655 ], [ 87.168914733260777, 25.866193773166408 ], [ 87.173309361447522, 25.841222714105285 ], [ 87.171752946381389, 25.826915791497328 ], [ 87.171081618352858, 25.824693718402898 ], [ 87.167358318194644, 25.81208420486707 ], [ 87.168586818246851, 25.807806000685275 ], [ 87.175529544541874, 25.801416477413756 ], [ 87.178497222667986, 25.794750258130481 ], [ 87.180442788750653, 25.770610799104695 ], [ 87.178779588679987, 25.758832885604207 ], [ 87.17633052657591, 25.7561664734909 ], [ 87.164779602085062, 25.753639165383504 ], [ 87.157470782774482, 25.747388746117899 ], [ 87.15411376463183, 25.744499124995105 ], [ 87.146110559291742, 25.731695130451012 ], [ 87.140304479045014, 25.718416178886734 ], [ 87.13755793092831, 25.712139110619997 ], [ 87.136169347869298, 25.710056330531494 ], [ 87.131332459663753, 25.702861856225766 ], [ 87.101608239400662, 25.673500137978067 ], [ 87.084114020657253, 25.645805399801205 ], [ 87.082138025573286, 25.637861162463622 ], [ 87.083641142637163, 25.629972491128402 ], [ 87.091079804953253, 25.610389633296247 ], [ 87.092025749993454, 25.607889163189991 ], [ 87.095558160143568, 25.598499264790977 ], [ 87.110420175775104, 25.586334279274038 ], [ 87.113250639895384, 25.582027347091017 ] ] ] } },
{ "type": "Feature", "properties": { "F_CODE_DES": "River/Stream", "HYC_DESCRI": "Perennial/Permanent", "NAM": "UNK", "ISO": "IND", "NAME_0": "India" }, "geometry": { "type": "MultiLineString", "coordinates": [ [ [ 86.948059151875725, 26.510305422537336 ], [ 86.943466451680564, 26.516662626807481 ] ] ] } },
{ "type": "Feature", "properties": { "F_CODE_DES": "River/Stream", "HYC_DESCRI": "Perennial/Permanent", "NAM": "UNK", "ISO": "IND", "NAME_0": "India" }, "geometry": { "type": "MultiLineString", "coordinates": [ [ [ 86.739219624001294, 26.410972688316285 ], [ 86.747192400340083, 26.417249756583018 ], [ 86.742469857139398, 26.422056215787265 ], [ 86.741982680170111, 26.424056983064268 ] ] ] } },
{ "type": "Feature", "properties": { "F_CODE_DES": "River/Stream", "HYC_DESCRI": "Perennial/Permanent", "NAM": "UNK", "ISO": "IND", "NAME_0": "India" }, "geometry": { "type": "MultiLineString", "coordinates": [ [ [ 86.739219624001294, 26.410972688316285 ], [ 86.740081842037924, 26.409444812251358 ], [ 86.756278953726209, 26.409778586265539 ], [ 86.777862565643389, 26.426610926980814 ], [ 86.782279873831087, 26.437026906423434 ], [ 86.789833070152056, 26.44458388274456 ], [ 86.7921078205285, 26.447681744260017 ] ] ] } },
{ "type": "Feature", "properties": { "F_CODE_DES": "River/Stream", "HYC_DESCRI": "Perennial/Permanent", "NAM": "UNK", "ISO": "IND", "NAME_0": "India" }, "geometry": { "type": "MultiLineString", "coordinates": [ [ [ 86.739219624001294, 26.410972688316285 ], [ 86.736808739898834, 26.409139577238385 ] ] ] } },
{ "type": "Feature", "properties": { "F_CODE_DES": "River/Stream", "HYC_DESCRI": "Perennial/Permanent", "NAM": "UNK", "ISO": "IND", "NAME_0": "India" }, "geometry": { "type": "MultiLineString", "coordinates": [ [ [ 87.049247677175643, 26.376556353853793 ], [ 87.036277740624499, 26.380388329016629 ], [ 87.023002569060381, 26.382333706099296 ], [ 87.016830395798095, 26.385915823251516 ], [ 87.010330118521878, 26.393333506566719 ], [ 86.988975574614429, 26.436777048412814 ], [ 86.985305761458491, 26.444499966740992 ], [ 86.976470956083062, 26.459083585360709 ] ] ] } },
{ "type": "Feature", "properties": { "F_CODE_DES": "River/Stream", "HYC_DESCRI": "Perennial/Permanent", "NAM": "UNK", "ISO": "IND", "NAME_0": "India" }, "geometry": { "type": "MultiLineString", "coordinates": [ [ [ 87.0753631312854, 26.370861027611774 ], [ 87.082336475581727, 26.371778433650761 ] ] ] } },
{ "type": "Feature", "properties": { "F_CODE_DES": "River/Stream", "HYC_DESCRI": "Perennial/Permanent", "NAM": "UNK", "ISO": "IND", "NAME_0": "India" }, "geometry": { "type": "MultiLineString", "coordinates": [ [ [ 87.083343467624516, 26.454202093153278 ], [ 87.082221941576847, 26.456138587235564 ], [ 87.080497694503578, 26.459138962363063 ], [ 87.080085674486071, 26.465499946633368 ], [ 87.080192648490623, 26.465860369648684 ], [ 87.081169211532114, 26.469055225784444 ], [ 87.083343467624516, 26.469494650803121 ] ], [ [ 87.0753631312854, 26.370861027611774 ], [ 87.073501670206298, 26.378444652934036 ], [ 87.074165438234502, 26.383277950139419 ], [ 87.077857931391407, 26.390472424445143 ], [ 87.079940711479921, 26.394527419617454 ], [ 87.082641521594681, 26.399778406840589 ], [ 87.086219858746745, 26.406723023135697 ], [ 87.083114588614791, 26.414611883470926 ], [ 87.081558173548643, 26.418527585637321 ], [ 87.081802361559028, 26.42422291187934 ], [ 87.086669867765863, 26.433555543275922 ], [ 87.086440988756138, 26.438861907501408 ], [ 87.085212110703921, 26.449997031974586 ] ] ] } },
{ "type": "Feature", "properties": { "F_CODE_DES": "River/Stream", "HYC_DESCRI": "Perennial/Permanent", "NAM": "UNK", "ISO": "IND", "NAME_0": "India" }, "geometry": { "type": "MultiLineString", "coordinates": [ [ [ 87.049247677175643, 26.376556353853793 ], [ 87.069831857050346, 26.370111453579923 ], [ 87.0753631312854, 26.370861027611774 ] ] ] } },
{ "type": "Feature", "properties": { "F_CODE_DES": "River/Stream", "HYC_DESCRI": "Perennial/Permanent", "NAM": "UNK", "ISO": "IND", "NAME_0": "India" }, "geometry": { "type": "MultiLineString", "coordinates": [ [ [ 87.082336475581727, 26.371778433650761 ], [ 87.089332499879006, 26.370695085604723 ], [ 87.115302990982599, 26.358972549106582 ], [ 87.126525811459501, 26.357749908054629 ] ] ] } },
{ "type": "Feature", "properties": { "F_CODE_DES": "River/Stream", "HYC_DESCRI": "Perennial/Permanent", "NAM": "UNK", "ISO": "IND", "NAME_0": "India" }, "geometry": { "type": "MultiLineString", "coordinates": [ [ [ 87.225502091665405, 26.311250614078688 ], [ 87.22425072261224, 26.316972778321844 ], [ 87.223945676599271, 26.318305984378497 ], [ 87.224723789632336, 26.324083336624 ], [ 87.226753271718579, 26.339332613272006 ] ] ] } },
{ "type": "Feature", "properties": { "F_CODE_DES": "River/Stream", "HYC_DESCRI": "Perennial/Permanent", "NAM": "UNK", "ISO": "IND", "NAME_0": "India" }, "geometry": { "type": "MultiLineString", "coordinates": [ [ [ 87.126525811459501, 26.357749908054629 ], [ 87.126251194447832, 26.351610242793733 ], [ 87.128112844526939, 26.346055910557702 ], [ 87.132080143695532, 26.34041596131804 ], [ 87.132530152714651, 26.334417290063129 ], [ 87.132530152714651, 26.334278186057219 ], [ 87.13952636601195, 26.321805886527223 ], [ 87.139915517028484, 26.321111689497723 ], [ 87.14035796604729, 26.299110387562799 ], [ 87.142692494146488, 26.282777762868758 ], [ 87.142333961131257, 26.274389186512295 ], [ 87.141670193103053, 26.259555898881967 ], [ 87.144027779203242, 26.25461203667188 ], [ 87.15411376463183, 26.244527752243357 ], [ 87.154441868645776, 26.240917285089935 ], [ 87.153274604596163, 26.238750399997855 ], [ 87.150863720493717, 26.234277714807796 ], [ 87.151412954517056, 26.230667058654362 ], [ 87.158470214816958, 26.226610173481966 ], [ 87.156860312748535, 26.221582395268317 ], [ 87.161392154941112, 26.212778018894184 ], [ 87.161498939945659, 26.188888606879026 ], [ 87.164611770077926, 26.184972715712625 ], [ 87.171524067371664, 26.182167010593396 ], [ 87.175582842544145, 26.178861589452936 ], [ 87.177581706629084, 26.170972918117712 ], [ 87.174774111509777, 26.166221646915815 ] ] ] } },
{ "type": "Feature", "properties": { "F_CODE_DES": "River/Stream", "HYC_DESCRI": "Perennial/Permanent", "NAM": "UNK", "ISO": "IND", "NAME_0": "India" }, "geometry": { "type": "MultiLineString", "coordinates": [ [ [ 87.225502091665405, 26.311250614078688 ], [ 87.224723789632336, 26.303888307765831 ], [ 87.22853081679412, 26.292667377289007 ], [ 87.232170011948753, 26.281860356829775 ], [ 87.236358630126745, 26.260166179907898 ], [ 87.23730476416695, 26.255250856699028 ], [ 87.23813636420229, 26.237443842942334 ], [ 87.241531371346554, 26.224027677372227 ], [ 87.246559149560213, 26.188722664871975 ], [ 87.246780468569611, 26.18711087280348 ], [ 87.246803337570583, 26.186861014792864 ], [ 87.24988554970156, 26.165166837870991 ] ] ] } },
{ "type": "Feature", "properties": { "F_CODE_DES": "River/Stream", "HYC_DESCRI": "Perennial/Permanent", "NAM": "UNK", "ISO": "IND", "NAME_0": "India" }, "geometry": { "type": "MultiLineString", "coordinates": [ [ [ 87.177497790625509, 26.163778254811984 ], [ 87.174774111509777, 26.166221646915815 ] ] ] } },
{ "type": "Feature", "properties": { "F_CODE_DES": "River/Stream", "HYC_DESCRI": "Perennial/Permanent", "NAM": "UNK", "ISO": "IND", "NAME_0": "India" }, "geometry": { "type": "MultiLineString", "coordinates": [ [ [ 87.156501779733304, 26.351804723801994 ], [ 87.161109977929129, 26.339166671264952 ], [ 87.160858229918432, 26.33680530516461 ], [ 87.16033167589606, 26.332222054969847 ], [ 87.160888658919717, 26.329334323847135 ], [ 87.162025493968031, 26.323415788595632 ], [ 87.169471716284448, 26.2845554969443 ], [ 87.168556200245547, 26.276111543585483 ], [ 87.167915301218315, 26.270221736335202 ], [ 87.171524067371664, 26.261861887979958 ], [ 87.183693021888772, 26.256555523754468 ], [ 87.192253021252526, 26.238082851969487 ], [ 87.194053624329044, 26.236944126921102 ], [ 87.195442207388041, 26.236055448883334 ], [ 87.199722301569921, 26.242666291164259 ], [ 87.202774084699598, 26.243194546186707 ], [ 87.205223146803675, 26.239915774047375 ], [ 87.205696024823766, 26.234417007813711 ], [ 87.203529328731705, 26.222860413322625 ], [ 87.200973481623095, 26.218111032120802 ], [ 87.201469417644162, 26.213417027921338 ], [ 87.207107476883749, 26.213861555940227 ], [ 87.209892203002084, 26.2078341566841 ], [ 87.204498331772868, 26.2029723204775 ], [ 87.212890688129505, 26.19652742020363 ], [ 87.215248085229675, 26.186721721786945 ], [ 87.21183020908444, 26.180166256508379 ], [ 87.207054178881478, 26.170944190116494 ], [ 87.206390410853274, 26.165916411902842 ], [ 87.20852667794405, 26.156110713486157 ], [ 87.204971398792978, 26.14438817698802 ], [ 87.202751215698626, 26.1370831376776 ] ] ] } },
{ "type": "Feature", "properties": { "F_CODE_DES": "River/Stream", "HYC_DESCRI": "Perennial/Permanent", "NAM": "UNK", "ISO": "IND", "NAME_0": "India" }, "geometry": { "type": "MultiLineString", "coordinates": [ [ [ 87.202751215698626, 26.1370831376776 ], [ 87.199386637555662, 26.13647266765166 ], [ 87.196861219448337, 26.136028328632776 ], [ 87.191612311225299, 26.139194456767321 ], [ 87.18269340084629, 26.159805285643156 ], [ 87.177497790625509, 26.163778254811984 ] ] ] } },
{ "type": "Feature", "properties": { "F_CODE_DES": "River/Stream", "HYC_DESCRI": "Perennial/Permanent", "NAM": "UNK", "ISO": "IND", "NAME_0": "India" }, "geometry": { "type": "MultiLineString", "coordinates": [ [ [ 87.252609228817306, 26.116249099792277 ], [ 87.247139001584856, 26.161472265713993 ], [ 87.24988554970156, 26.165166837870991 ] ] ] } },
{ "type": "Feature", "properties": { "F_CODE_DES": "River/Stream", "HYC_DESCRI": "Perennial/Permanent", "NAM": "UNK", "ISO": "IND", "NAME_0": "India" }, "geometry": { "type": "MultiLineString", "coordinates": [ [ [ 87.252609228817306, 26.116249099792277 ], [ 87.245719989524545, 26.119666975937516 ], [ 87.244918818490504, 26.127527297271534 ], [ 87.240081741284953, 26.129388758350636 ], [ 87.23769372618348, 26.131971443460383 ], [ 87.235862694105677, 26.133972197545404 ], [ 87.234970047067748, 26.140361720816919 ], [ 87.230613785882625, 26.142610631912483 ], [ 87.228721706802219, 26.147333175113165 ], [ 87.220413266449171, 26.145111102018738 ], [ 87.218833982382051, 26.145999969056511 ], [ 87.217552184327587, 26.148582465166253 ], [ 87.21964271341642, 26.153388924370496 ], [ 87.218833982382051, 26.15658378050626 ], [ 87.215248085229675, 26.15988920164672 ] ] ] } },
{ "type": "Feature", "properties": { "F_CODE_DES": "River/Stream", "HYC_DESCRI": "Perennial/Permanent", "NAM": "UNK", "ISO": "IND", "NAME_0": "India" }, "geometry": { "type": "MultiLineString", "coordinates": [ [ [ 87.360527099403171, 26.051166569026655 ], [ 87.361892624461206, 26.070972446868289 ], [ 87.360252293391497, 26.080554936275487 ], [ 87.356857286247234, 26.088693654621334 ], [ 87.34680172981993, 26.105611801340252 ], [ 87.332305996203942, 26.129999228376576 ], [ 87.321525624745846, 26.145195018022306 ], [ 87.3097229522443, 26.165638014891012 ], [ 87.283996649151078, 26.21019363278436 ], [ 87.279724114969525, 26.229583710608324 ], [ 87.267501862450146, 26.249916142472333 ], [ 87.258781402079578, 26.282054837838039 ], [ 87.255859461955424, 26.292833319296058 ], [ 87.251663283777106, 26.299110387562799 ], [ 87.249107436668496, 26.300916660639551 ], [ 87.244415322469109, 26.304222081780015 ], [ 87.225502091665405, 26.311250614078688 ] ] ] } },
{ "type": "Feature", "properties": { "F_CODE_DES": "River/Stream", "HYC_DESCRI": "Perennial/Permanent", "NAM": "UNK", "ISO": "IND", "NAME_0": "India" }, "geometry": { "type": "MultiLineString", "coordinates": [ [ [ 87.279220618948131, 26.177389090390363 ], [ 87.280891379019124, 26.167833249984298 ], [ 87.294608999602048, 26.150417277244223 ], [ 87.298690832775492, 26.142221480895948 ], [ 87.299415647806299, 26.132055359463948 ], [ 87.303413375976177, 26.11711112882891 ], [ 87.308441154189822, 26.114610658722654 ], [ 87.309585549238463, 26.108861845478362 ], [ 87.314804028460216, 26.105054818316585 ], [ 87.319442655657326, 26.104473076291868 ], [ 87.322914207804843, 26.098083553020349 ], [ 87.328941418060964, 26.086999836549357 ], [ 87.334503121297303, 26.085527337486784 ], [ 87.338943487485992, 26.080278429263736 ], [ 87.346191448793988, 26.075639802066622 ], [ 87.349830643948636, 26.073333812968631 ], [ 87.352416920058545, 26.06816674174906 ], [ 87.355278002180114, 26.053888358142316 ], [ 87.360527099403171, 26.051166569026655 ] ] ] } },
{ "type": "Feature", "properties": { "F_CODE_DES": "River/Stream", "HYC_DESCRI": "Perennial/Permanent", "NAM": "UNK", "ISO": "IND", "NAME_0": "India" }, "geometry": { "type": "MultiLineString", "coordinates": [ [ [ 87.360527099403171, 26.051166569026655 ], [ 87.365303129606133, 26.048221570901511 ], [ 87.373085015936809, 26.039278090521464 ], [ 87.386917170524598, 26.03516582834672 ], [ 87.390273999667244, 26.032054888214521 ], [ 87.394920375864686, 26.020889334740051 ], [ 87.401412904140571, 26.014749480479146 ], [ 87.405113146297822, 26.014165848454343 ], [ 87.406166065342561, 26.006750055139214 ], [ 87.411529507570478, 26.000305154865345 ], [ 87.416137705766289, 25.994722283628107 ], [ 87.422943029055475, 25.990028468428648 ], [ 87.426971375226657, 25.981222202054433 ], [ 87.426940946225372, 25.970443720596414 ], [ 87.440223677789803, 25.957361140040479 ], [ 87.441001979822872, 25.956583027007415 ], [ 87.444030704951587, 25.951389306786712 ], [ 87.445419288010584, 25.940999976345225 ], [ 87.443084759911386, 25.935806256124526 ] ] ] } },
{ "type": "Feature", "properties": { "F_CODE_DES": "River/Stream", "HYC_DESCRI": "Perennial/Permanent", "NAM": "UNK", "ISO": "IND", "NAME_0": "India" }, "geometry": { "type": "MultiLineString", "coordinates": [ [ [ 87.326858448972459, 25.99005511742978 ], [ 87.304336641015411, 26.01352683942719 ], [ 87.300277676842924, 26.048111005896811 ], [ 87.295753394650674, 26.06138806746101 ], [ 87.288253874331986, 26.066528300679437 ], [ 87.286086989239905, 26.085416772482084 ], [ 87.28330226312157, 26.090389173693382 ], [ 87.276580855835959, 26.102361757202146 ], [ 87.27458199175102, 26.105917036353226 ], [ 87.271415674616463, 26.1077214194299 ], [ 87.268333462485487, 26.122417493054396 ], [ 87.262336681230664, 26.134916252585519 ], [ 87.252830547826704, 26.163166083785971 ], [ 87.24988554970156, 26.165166837870991 ] ] ] } },
{ "type": "Feature", "properties": { "F_CODE_DES": "River/Stream", "HYC_DESCRI": "Perennial/Permanent", "NAM": "UNK", "ISO": "IND", "NAME_0": "India" }, "geometry": { "type": "MultiLineString", "coordinates": [ [ [ 87.358558664319531, 26.283527336900612 ], [ 87.365722709623952, 26.276472155600807 ], [ 87.371498171869376, 26.274583856520564 ], [ 87.386444103504488, 26.258583115840629 ], [ 87.390273999667244, 26.260139530906766 ], [ 87.396469041930487, 26.25227731957267 ], [ 87.40694436737563, 26.245750393295314 ], [ 87.419998219930349, 26.234693514825462 ], [ 87.432640052467548, 26.234222337805441 ], [ 87.435806180602086, 26.231555925692135 ], [ 87.438469001715248, 26.223861735365176 ], [ 87.436553864633865, 26.217361458088952 ], [ 87.438530048717837, 26.214971552987393 ], [ 87.443420423925645, 26.213945471943795 ], [ 87.448196454128606, 26.205943967603776 ], [ 87.450302103218078, 26.207527220671054 ], [ 87.451110834252447, 26.208139391697067 ], [ 87.457359363517966, 26.206861562642771 ], [ 87.460807857664506, 26.210527406798548 ], [ 87.469497700033784, 26.206167176613263 ], [ 87.46997076705388, 26.196443504200062 ], [ 87.4750824612711, 26.190332377940379 ], [ 87.46607963488853, 26.178194041424568 ], [ 87.467392050944298, 26.1760273453325 ], [ 87.475944490307725, 26.173583953228668 ], [ 87.477470476372574, 26.171638576146002 ], [ 87.469863982049347, 26.163889008816689 ], [ 87.465774588875561, 26.156221467490866 ], [ 87.464889501837959, 26.147583033123784 ], [ 87.466362000900531, 26.145360960029357 ], [ 87.467308134940737, 26.143916999967999 ], [ 87.472358782155354, 26.142221480895948 ], [ 87.473197942191021, 26.140499123822757 ], [ 87.473999113225062, 26.138834033752005 ], [ 87.474861142261688, 26.137056299676459 ], [ 87.476417557327835, 26.133832904539481 ], [ 87.478942786435141, 26.133806255538353 ], [ 87.483444199626419, 26.133777527537131 ], [ 87.490333627919185, 26.127861071285714 ], [ 87.492225706999577, 26.126249279217227 ], [ 87.496780418193126, 26.124166499128719 ], [ 87.497360270217769, 26.121471359014194 ], [ 87.497947682242739, 26.118833485902098 ], [ 87.497886635240135, 26.118694381896187 ], [ 87.496109090164609, 26.114694574726219 ], [ 87.497612018228466, 26.111665660597509 ], [ 87.504386912516367, 26.11161047259516 ], [ 87.507530171649933, 26.113832545689586 ], [ 87.508781351703107, 26.110611040552691 ], [ 87.507164078634375, 26.106222082366187 ], [ 87.500579885354583, 26.100360814117117 ], [ 87.508079594673276, 26.095416951907033 ], [ 87.508361771685273, 26.086944648547011 ], [ 87.509719925742985, 26.085638091491489 ], [ 87.513526952904755, 26.086971297548143 ], [ 87.517692513081769, 26.091249501729941 ], [ 87.521774346255228, 26.088556251615493 ], [ 87.521331708236417, 26.08391762441838 ], [ 87.517501812073661, 26.076860364118488 ], [ 87.522445674283759, 26.073083954958015 ], [ 87.516525249032171, 26.061277313456301 ], [ 87.516807615044172, 26.057443637293392 ], [ 87.519027798138509, 26.054832413182432 ], [ 87.52622227244423, 26.053916897143527 ], [ 87.527778687510377, 26.052028598063288 ], [ 87.529113783567112, 26.050416994994801 ], [ 87.53008278660829, 26.046583129831888 ], [ 87.525749205424134, 26.039138797515548 ], [ 87.529136652568084, 26.036472385402238 ], [ 87.53852844096717, 26.037389791441221 ], [ 87.539863537023905, 26.035417576357418 ], [ 87.538696272974306, 26.030611117153171 ], [ 87.540695137059245, 26.028417583059955 ], [ 87.547386115343571, 26.027111026004437 ], [ 87.550498945475852, 26.023389804846307 ], [ 87.552169705546845, 26.014223115456776 ], [ 87.560996950921947, 26.013027123405955 ], [ 87.558776767827609, 26.005722084095531 ], [ 87.567558275200767, 25.988889743380259 ], [ 87.571197470355415, 25.986444461276349 ], [ 87.576858587595979, 25.988111441347186 ], [ 87.587059107029447, 25.986221252266866 ], [ 87.589446933130915, 25.996694498711914 ], [ 87.594169665331592, 25.993638935582069 ], [ 87.601219176631162, 25.98905568538731 ], [ 87.600112959584152, 25.98044390002136 ], [ 87.601608327647696, 25.977417064892737 ], [ 87.605026203792931, 25.975805272824246 ], [ 87.612358081104503, 25.977417064892737 ], [ 87.616111810264002, 25.972833625697969 ], [ 87.619918837425786, 25.97944446797889 ], [ 87.623107834561296, 25.977417064892737 ], [ 87.626472412704274, 25.969888627572821 ], [ 87.631973257938029, 25.972194616670812 ] ] ] } },
{ "type": "Feature", "properties": { "F_CODE_DES": "River/Stream", "HYC_DESCRI": "Non-Perennial/Intermittent/Fluctuating", "NAM": "UNK", "ISO": "IND", "NAME_0": "India" }, "geometry": { "type": "MultiLineString", "coordinates": [ [ [ 87.216362051277017, 25.94891737568167 ], [ 87.213218603143432, 25.95177845780325 ], [ 87.204803377785836, 25.977666922903353 ], [ 87.194442775345578, 25.995750443671795 ], [ 87.193084810287871, 25.998166997774486 ], [ 87.192108247246367, 26.002639682964549 ], [ 87.193275511295965, 26.007888780187606 ], [ 87.191329945213297, 26.011527975342247 ], [ 87.181030200775623, 26.02183338978017 ], [ 87.170913786345736, 26.025806358948998 ], [ 87.167335449193672, 26.02888876007998 ], [ 87.163665825037739, 26.046556480830752 ], [ 87.160697957911623, 26.053222700114027 ], [ 87.156890930749839, 26.056417556249791 ], [ 87.156807014746278, 26.056499393253269 ], [ 87.152336030556285, 26.060277881413832 ], [ 87.150390653473622, 26.063749244561343 ], [ 87.149108855419144, 26.072250275922585 ], [ 87.144111695206803, 26.086166346513938 ], [ 87.136886602899779, 26.097416004991981 ], [ 87.134864869813867, 26.109945382524408 ], [ 87.146140988293027, 26.127082769252645 ], [ 87.149223389424023, 26.139165917766107 ], [ 87.149246258424995, 26.139223184768539 ], [ 87.138580231971744, 26.173334095218053 ], [ 87.137138350910476, 26.177917534412821 ], [ 87.132499723713366, 26.183805451663019 ], [ 87.131332459663753, 26.195028272139922 ], [ 87.128250058532771, 26.199361853324078 ], [ 87.12780760951398, 26.205305147576631 ], [ 87.122802700301293, 26.219444238177459 ], [ 87.127029496480915, 26.224555932394676 ] ] ] } },
{ "type": "Feature", "properties": { "F_CODE_DES": "River/Stream", "HYC_DESCRI": "Non-Perennial/Intermittent/Fluctuating", "NAM": "UNK", "ISO": "IND", "NAME_0": "India" }, "geometry": { "type": "MultiLineString", "coordinates": [ [ [ 87.216362051277017, 25.94891737568167 ], [ 87.206474326856849, 25.946750679589599 ], [ 87.198249802507348, 25.940694741332258 ], [ 87.19119254220746, 25.950471900747729 ], [ 87.18658453301164, 25.962055144239947 ], [ 87.18741613304698, 25.964971603363878 ], [ 87.184913583940642, 25.971834193655496 ], [ 87.171974265390801, 25.975055698792396 ], [ 87.170669598335351, 25.977417064892737 ], [ 87.170890728344745, 25.992834173547873 ] ] ] } },
{ "type": "Feature", "properties": { "F_CODE_DES": "River/Stream", "HYC_DESCRI": "Perennial/Permanent", "NAM": "UNK", "ISO": "IND", "NAME_0": "India" }, "geometry": { "type": "MultiLineString", "coordinates": [ [ [ 87.177497790625509, 26.163778254811984 ], [ 87.184692453931248, 26.131195031427389 ], [ 87.185363781959765, 26.129999228376576 ], [ 87.204223714761198, 26.096250441942452 ], [ 87.210693374036126, 26.078193570175142 ], [ 87.213363566149596, 26.070749237858802 ], [ 87.218780495379775, 26.044138036727986 ], [ 87.21913902839502, 26.042444218656009 ], [ 87.222808841550957, 26.009555760258444 ], [ 87.220222565441063, 25.956806236016899 ], [ 87.232330283955562, 25.945583415539996 ], [ 87.234665001054779, 25.940221863312161 ], [ 87.234085149030136, 25.937694555204764 ] ] ] } },
{ "type": "Feature", "properties": { "F_CODE_DES": "River/Stream", "HYC_DESCRI": "Non-Perennial/Intermittent/Fluctuating", "NAM": "UNK", "ISO": "IND", "NAME_0": "India" }, "geometry": { "type": "MultiLineString", "coordinates": [ [ [ 87.216362051277017, 25.94891737568167 ], [ 87.234085149030136, 25.937694555204764 ] ] ] } },
{ "type": "Feature", "properties": { "F_CODE_DES": "River/Stream", "HYC_DESCRI": "Perennial/Permanent", "NAM": "UNK", "ISO": "IND", "NAME_0": "India" }, "geometry": { "type": "MultiLineString", "coordinates": [ [ [ 87.202751215698626, 26.1370831376776 ], [ 87.204940780791674, 26.133417104521815 ], [ 87.20911408996902, 26.132638991488747 ], [ 87.213386624150573, 26.134166678553669 ], [ 87.219558797412859, 26.12041654996937 ], [ 87.219863843425813, 26.116388392798196 ], [ 87.216751013293546, 26.109945382524408 ], [ 87.217445399323054, 26.104415809289431 ], [ 87.224082890605104, 26.095722186920007 ], [ 87.222274727528273, 26.091999075761795 ], [ 87.224998406644005, 26.090416011694522 ], [ 87.22621915769588, 26.080638852279051 ], [ 87.226776140719551, 26.080110597256606 ], [ 87.230056802858954, 26.077028196125621 ], [ 87.230110100861225, 26.076973008123275 ], [ 87.238113495201318, 26.069444570803363 ], [ 87.239280759250917, 26.058834110352478 ], [ 87.244529667473969, 26.055889112227334 ], [ 87.250305129719393, 26.033027671255859 ], [ 87.251274132760571, 26.029222534094163 ], [ 87.250335747720698, 26.023971546871028 ], [ 87.244720368482078, 26.018888391655025 ], [ 87.252357480806609, 26.012056419364704 ], [ 87.247718853609484, 26.007583545174633 ], [ 87.247474665599114, 26.00166708892322 ], [ 87.24461358347753, 25.995221999649342 ], [ 87.247192299587113, 25.990278326439267 ], [ 87.243278487420795, 25.981111448049727 ], [ 87.244552536474941, 25.978750270949391 ], [ 87.248252778632178, 25.977556168898651 ], [ 87.246887253574158, 25.97294419070267 ], [ 87.25436409389188, 25.967805847484318 ], [ 87.254836971911971, 25.96252821126005 ], [ 87.257057155006308, 25.959888448147876 ], [ 87.252975510832869, 25.957500433046398 ], [ 87.2521667797985, 25.955223171949626 ], [ 87.253860408870466, 25.946277612569496 ], [ 87.258392251063043, 25.943138133436086 ], [ 87.254806542910671, 25.941165918352279 ], [ 87.256751919993349, 25.93791587421417 ], [ 87.252723762822171, 25.936166679139841 ], [ 87.251663283777106, 25.933666209033586 ], [ 87.253250127844538, 25.931583428945082 ], [ 87.255416823936613, 25.928667158821156 ], [ 87.254890458914247, 25.927444517769203 ], [ 87.250190784714533, 25.927194659758584 ], [ 87.249191352672057, 25.925527490687738 ], [ 87.256362957976819, 25.918916648406817 ], [ 87.257499604025114, 25.912750334144786 ], [ 87.256301910974216, 25.907304676913377 ], [ 87.257194558012159, 25.900722562633675 ], [ 87.252502443812759, 25.889888704173302 ] ] ] } },
{ "type": "Feature", "properties": { "F_CODE_DES": "River/Stream", "HYC_DESCRI": "Perennial/Permanent", "NAM": "UNK", "ISO": "IND", "NAME_0": "India" }, "geometry": { "type": "MultiLineString", "coordinates": [ [ [ 87.365303129606133, 25.880416779770801 ], [ 87.351554891021905, 25.891082806224041 ], [ 87.342056317618272, 25.908138355948804 ], [ 87.342971833657174, 25.912527125135298 ], [ 87.341499334594602, 25.916194859291156 ], [ 87.335220376327783, 25.91683386831831 ], [ 87.332778874224033, 25.919666222438671 ], [ 87.333000193233445, 25.924333577637004 ], [ 87.342109615620544, 25.929695129864839 ], [ 87.325302033906311, 25.950611193753645 ], [ 87.323669451836935, 25.955528217962591 ], [ 87.324974118892385, 25.959028309111325 ], [ 87.32714081498446, 25.964694907352122 ], [ 87.325668315921888, 25.968555421516172 ], [ 87.319641105665767, 25.974916405786473 ], [ 87.313583466408346, 25.97513961479596 ], [ 87.312416013358742, 25.975166263797092 ], [ 87.306915357124993, 25.977500980896302 ], [ 87.298446644765122, 25.976528197854968 ], [ 87.29560843164451, 25.992139787518369 ], [ 87.293029715534928, 26.006332365121466 ], [ 87.281829764058998, 26.01752853659724 ], [ 87.280357453996444, 26.021389050761286 ], [ 87.283668545137147, 26.037111205429383 ], [ 87.274803121760414, 26.058584252341863 ], [ 87.259086637092551, 26.077554750147996 ], [ 87.258392251063043, 26.078416779184629 ], [ 87.256751919993349, 26.083084134382961 ], [ 87.258003289046513, 26.088027996593048 ], [ 87.259551955112329, 26.094223038856299 ], [ 87.252609228817306, 26.116249099792277 ] ] ] } },
{ "type": "Feature", "properties": { "F_CODE_DES": "River/Stream", "HYC_DESCRI": "Perennial/Permanent", "NAM": "UNK", "ISO": "IND", "NAME_0": "India" }, "geometry": { "type": "MultiLineString", "coordinates": [ [ [ 87.252609228817306, 26.116249099792277 ], [ 87.254028240877602, 26.086444932525776 ], [ 87.25436409389188, 26.079444939228317 ], [ 87.261611866199857, 26.040889693589946 ], [ 87.265167145350944, 26.011304766332763 ], [ 87.265693699373315, 26.006915997146265 ], [ 87.266136148392121, 25.990804691461634 ], [ 87.266387896402819, 25.980888428040252 ], [ 87.305747904075375, 25.870166742335236 ], [ 87.313026483384675, 25.849721855466449 ], [ 87.314277663437849, 25.846221953317723 ], [ 87.31655889353479, 25.839777053043854 ] ] ] } },
{ "type": "Feature", "properties": { "F_CODE_DES": "River/Stream", "HYC_DESCRI": "Perennial/Permanent", "NAM": "UNK", "ISO": "IND", "NAME_0": "India" }, "geometry": { "type": "MultiLineString", "coordinates": [ [ [ 87.780029249229528, 25.630832630164953 ], [ 87.754501396144747, 25.63780597446128 ], [ 87.749862579947617, 25.642639082666655 ], [ 87.739891128523894, 25.662471798509429 ], [ 87.729614253087192, 25.667110425706547 ], [ 87.71666718553702, 25.669111179791564 ], [ 87.699554368809828, 25.681444186315645 ], [ 87.697586122726179, 25.68424989143487 ], [ 87.693748477563105, 25.696472143954246 ], [ 87.693748477563105, 25.696971859975477 ], [ 87.693801964565381, 25.706806097393375 ], [ 87.695053144618541, 25.712055194616433 ], [ 87.699058621788751, 25.728582300318735 ], [ 87.697807252735586, 25.750833460264275 ], [ 87.695526211638651, 25.75705534052867 ], [ 87.689392027377977, 25.765111843871026 ], [ 87.68569178522074, 25.775194238299466 ], [ 87.683196985114733, 25.791139601977051 ], [ 87.678275991905622, 25.805084211569614 ], [ 87.66802973447021, 25.824722257404112 ], [ 87.668281482480907, 25.825750417447804 ], [ 87.669830337546728, 25.832111401718109 ], [ 87.670944303594069, 25.836639463910522 ], [ 87.676803681843055, 25.841917100134793 ], [ 87.686836180269381, 25.846805585342523 ], [ 87.688835233354325, 25.849250867446436 ], [ 87.682220422073229, 25.862417175005923 ], [ 87.676780623842077, 25.865583492140473 ], [ 87.673751898713377, 25.870555893351771 ], [ 87.679191507944523, 25.876888338620862 ], [ 87.678581226918595, 25.883472531900651 ], [ 87.680473305998987, 25.888471582113084 ], [ 87.68022155798829, 25.893138937311416 ], [ 87.687164284283313, 25.896249688443604 ], [ 87.685302823204211, 25.901611240671439 ], [ 87.688079800322228, 25.905916282854378 ], [ 87.68702707027748, 25.90808297894645 ], [ 87.673667982709802, 25.912000571112927 ], [ 87.670249917564561, 25.918277828379672 ], [ 87.666420021401805, 25.920944240492979 ], [ 87.660278277140819, 25.918277828379672 ], [ 87.656997615001416, 25.919305799423356 ], [ 87.651222152755992, 25.921138721501244 ], [ 87.649307204674614, 25.925027774666503 ], [ 87.650718656734597, 25.929832532870677 ], [ 87.648330641633123, 25.933944795045424 ], [ 87.642440834382839, 25.932888096000518 ], [ 87.63288877397693, 25.947639546627371 ], [ 87.639694286266121, 25.95308312485869 ], [ 87.6325302409617, 25.959916987149086 ], [ 87.639915416275514, 25.962583588262405 ] ] ] } },
{ "type": "Feature", "properties": { "F_CODE_DES": "River/Stream", "HYC_DESCRI": "Perennial/Permanent", "NAM": "UNK", "ISO": "IND", "NAME_0": "India" }, "geometry": { "type": "MultiLineString", "coordinates": [ [ [ 87.58133694278628, 25.568222030504373 ], [ 87.566444309153439, 25.617416464594847 ], [ 87.557197483760504, 25.633611686283047 ], [ 87.556274407721276, 25.638944699509668 ], [ 87.559585498861978, 25.659721281392549 ], [ 87.558998086837008, 25.667138964707757 ], [ 87.556251538720304, 25.672971693955613 ], [ 87.542167636121818, 25.683834091417204 ], [ 87.534889245812536, 25.689416962654441 ], [ 87.532142697695818, 25.695028372892892 ], [ 87.52378077034048, 25.735082577594959 ], [ 87.523475724327525, 25.743333750945585 ], [ 87.528335481534029, 25.757722888557037 ], [ 87.549835177447648, 25.788166064850692 ], [ 87.549392728428842, 25.791833799006547 ], [ 87.548500081390912, 25.79933350832524 ], [ 87.547668481355572, 25.806222936617999 ], [ 87.540641839056988, 25.825305889428915 ], [ 87.53994745302748, 25.830833383663801 ], [ 87.545112634246962, 25.848083414396825 ], [ 87.546890179322503, 25.854028787649469 ], [ 87.549941962452181, 25.878833715703529 ], [ 87.54958342943695, 25.895749972422372 ], [ 87.556030219710891, 25.913473070175499 ], [ 87.557388373768617, 25.922445278556765 ], [ 87.557724037782876, 25.924611974648833 ], [ 87.556747474741371, 25.933721586035936 ], [ 87.548446594388636, 25.960277599164414 ], [ 87.546501217305973, 25.978527061939907 ], [ 87.539192208995388, 25.987249412310554 ], [ 87.531196563655612, 26.001083456898421 ], [ 87.512496902860988, 26.039972287550963 ], [ 87.508003238670028, 26.049333646948767 ], [ 87.496109090164609, 26.05486114118365 ], [ 87.490692160934415, 26.05911061736423 ], [ 87.487640377804738, 26.064083018575527 ], [ 87.481307932535643, 26.098554541040365 ], [ 87.483253498618311, 26.109888115521972 ], [ 87.476196238318423, 26.111221321578626 ], [ 87.474471991245153, 26.111555095592809 ], [ 87.469024633013674, 26.112583066636489 ], [ 87.465164118849628, 26.113332829668352 ], [ 87.46128073568461, 26.115388960755723 ], [ 87.455024646418764, 26.12822149430103 ], [ 87.450302103218078, 26.137916627713018 ], [ 87.449111970167507, 26.14038855881806 ], [ 87.450607338231052, 26.150999019268944 ], [ 87.45153041427028, 26.157417270541679 ], [ 87.351333572012507, 26.213527592926035 ], [ 87.306579504110715, 26.238527379988376 ], [ 87.301635830900636, 26.243360488193758 ], [ 87.297607484729468, 26.252611093586854 ], [ 87.299079983792041, 26.290166907182751 ], [ 87.299056925791049, 26.290527330198067 ], [ 87.298835795781656, 26.295917421427113 ], [ 87.298751879778095, 26.298000390515629 ], [ 87.295890797656511, 26.30761141892404 ], [ 87.294281084588107, 26.309194482991312 ], [ 87.293640185560875, 26.309804953017252 ], [ 87.289497305384828, 26.310943678065641 ], [ 87.288330041335229, 26.311277452079828 ], [ 87.273834307719241, 26.312027026111679 ], [ 87.26875304250332, 26.314111696200264 ], [ 87.255607524944708, 26.323694185607465 ] ] ] } },
{ "type": "Feature", "properties": { "F_CODE_DES": "River/Stream", "HYC_DESCRI": "Perennial/Permanent", "NAM": "UNK", "ISO": "IND", "NAME_0": "India" }, "geometry": { "type": "MultiLineString", "coordinates": [ [ [ 87.677829006886626, 26.433330444266353 ], [ 87.677227742750262, 26.428586832967554 ] ], [ [ 87.677252504623951, 26.426540245145112 ], [ 87.680336091993155, 26.42327696683914 ], [ 87.681556654045025, 26.419221971666829 ], [ 87.680114772983757, 26.413583723427237 ] ] ] } },
{ "type": "Feature", "properties": { "F_CODE_DES": "River/Stream", "HYC_DESCRI": "Perennial/Permanent", "NAM": "UNK", "ISO": "IND", "NAME_0": "India" }, "geometry": { "type": "MultiLineString", "coordinates": [ [ [ 87.674252167581869, 26.41435901164688 ], [ 87.680114772983757, 26.413583723427237 ] ] ] } },
{ "type": "Feature", "properties": { "F_CODE_DES": "River/Stream", "HYC_DESCRI": "Perennial/Permanent", "NAM": "UNK", "ISO": "IND", "NAME_0": "India" }, "geometry": { "type": "MultiLineString", "coordinates": [ [ [ 87.689086981365023, 26.405389817079044 ], [ 87.685585000216207, 26.405944910102633 ], [ 87.682914808102737, 26.404167176027087 ], [ 87.680114772983757, 26.413583723427237 ] ] ] } },
{ "type": "Feature", "properties": { "F_CODE_DES": "River/Stream", "HYC_DESCRI": "Perennial/Permanent", "NAM": "UNK", "ISO": "IND", "NAME_0": "India" }, "geometry": { "type": "MultiLineString", "coordinates": [ [ [ 87.235778778102102, 26.3785285689376 ], [ 87.241554240347526, 26.381694886072147 ], [ 87.242858907402976, 26.395389637654095 ], [ 87.245025603495037, 26.401222177901943 ], [ 87.243141084414958, 26.406583730129778 ], [ 87.248100473668927, 26.412256603232969 ] ] ] } },
{ "type": "Feature", "properties": { "F_CODE_DES": "River/Stream", "HYC_DESCRI": "Perennial/Permanent", "NAM": "UNK", "ISO": "IND", "NAME_0": "India" }, "geometry": { "type": "MultiLineString", "coordinates": [ [ [ 87.235778778102102, 26.3785285689376 ], [ 87.22558600766898, 26.381444839061523 ], [ 87.221916194513028, 26.377971585913933 ], [ 87.215141300225142, 26.378639133942301 ], [ 87.211586021074055, 26.388082519343584 ], [ 87.212280218103558, 26.393110297557236 ], [ 87.210052475008894, 26.395944541677675 ], [ 87.203941348749211, 26.39575006066941 ], [ 87.205192528802371, 26.40288915797278 ], [ 87.19813356750241, 26.40833084620402 ] ] ] } },
{ "type": "Feature", "properties": { "F_CODE_DES": "River/Stream", "HYC_DESCRI": "Perennial/Permanent", "NAM": "UNK", "ISO": "IND", "NAME_0": "India" }, "geometry": { "type": "MultiLineString", "coordinates": [ [ [ 87.264663649329549, 26.353166657859866 ], [ 87.260276770143122, 26.364944382360353 ], [ 87.257308903017005, 26.366750655437109 ], [ 87.246780468569611, 26.36733239746183 ], [ 87.243331974423072, 26.369167398539805 ], [ 87.241554240347526, 26.371360743633009 ], [ 87.239471460259026, 26.373945318742841 ], [ 87.235778778102102, 26.3785285689376 ] ] ] } },
{ "type": "Feature", "properties": { "F_CODE_DES": "River/Stream", "HYC_DESCRI": "Perennial/Permanent", "NAM": "UNK", "ISO": "IND", "NAME_0": "India" }, "geometry": { "type": "MultiLineString", "coordinates": [ [ [ 87.126525811459501, 26.357749908054629 ], [ 87.147224336339065, 26.356889769018078 ], [ 87.150054989459349, 26.356777125013291 ], [ 87.210083093010198, 26.35430519390825 ], [ 87.216278135273441, 26.351110526772494 ], [ 87.226753271718579, 26.339332613272006 ] ] ] } },
{ "type": "Feature", "properties": { "F_CODE_DES": "River/Stream", "HYC_DESCRI": "Perennial/Permanent", "NAM": "UNK", "ISO": "IND", "NAME_0": "India" }, "geometry": { "type": "MultiLineString", "coordinates": [ [ [ 87.264663649329549, 26.353166657859866 ], [ 87.25755309102739, 26.346221852564753 ], [ 87.248863248658125, 26.340833651335789 ], [ 87.240943959321598, 26.338111862220131 ], [ 87.240524379303764, 26.337972569214209 ], [ 87.239891040276859, 26.338027946216563 ], [ 87.226753271718579, 26.339332613272006 ] ] ] } },
{ "type": "Feature", "properties": { "F_CODE_DES": "River/Stream", "HYC_DESCRI": "Perennial/Permanent", "NAM": "UNK", "ISO": "IND", "NAME_0": "India" }, "geometry": { "type": "MultiLineString", "coordinates": [ [ [ 87.337736911434732, 26.34999656072516 ], [ 87.335136460324222, 26.334362102060787 ], [ 87.334747309307687, 26.331972196959228 ], [ 87.336364771376424, 26.325445081681863 ], [ 87.336914005399763, 26.323223197587449 ], [ 87.344642593728182, 26.31763843635013 ], [ 87.349082959916871, 26.312415988128208 ], [ 87.352333004054969, 26.301500292664354 ], [ 87.358802852329902, 26.288999643133153 ], [ 87.358558664319531, 26.283527336900612 ] ] ] } },
{ "type": "Feature", "properties": { "F_CODE_DES": "River/Stream", "HYC_DESCRI": "Perennial/Permanent", "NAM": "UNK", "ISO": "IND", "NAME_0": "India" }, "geometry": { "type": "MultiLineString", "coordinates": [ [ [ 87.264663649329549, 26.353166657859866 ], [ 87.274025008727349, 26.347528409620274 ], [ 87.290359523421472, 26.34099959334284 ], [ 87.303718610989151, 26.340944216340489 ], [ 87.307663041156758, 26.339527094280268 ], [ 87.314941431466053, 26.331888280955663 ], [ 87.317275959565251, 26.329444888851832 ], [ 87.337860139439968, 26.297611239499091 ], [ 87.358558664319531, 26.283527336900612 ] ] ] } },
{ "type": "Feature", "properties": { "F_CODE_DES": "River/Stream", "HYC_DESCRI": "Perennial/Permanent", "NAM": "UNK", "ISO": "IND", "NAME_0": "India" }, "geometry": { "type": "MultiLineString", "coordinates": [ [ [ 87.677108727856009, 26.242027282137101 ], [ 87.684639055176007, 26.242361056151289 ], [ 87.687583864301146, 26.245222138272865 ], [ 87.691886827483998, 26.256444958749768 ], [ 87.68325047211701, 26.266721645186468 ], [ 87.681358393036604, 26.271472916388369 ], [ 87.687721267306983, 26.281778330826288 ], [ 87.695831257651619, 26.289054831135495 ], [ 87.691391080462935, 26.29430581835863 ], [ 87.697975084742708, 26.299554915581687 ], [ 87.698776255776764, 26.301834066678538 ], [ 87.696914605697643, 26.306999247898027 ], [ 87.699859603822787, 26.309610283008979 ], [ 87.698829742779026, 26.312415988128208 ], [ 87.695999089658741, 26.312110942115243 ], [ 87.694503721595197, 26.314916647234469 ], [ 87.697776823734287, 26.319639190435151 ], [ 87.702552853937235, 26.321138338498855 ], [ 87.70236215292914, 26.326860502742015 ], [ 87.707420360144084, 26.334249458056 ], [ 87.710777189286731, 26.336027192131542 ], [ 87.711807239330497, 26.336082380133888 ], [ 87.719474780656327, 26.336526908152777 ], [ 87.72119146772927, 26.33813851122126 ], [ 87.715972988507517, 26.34130482835581 ], [ 87.722030627764937, 26.345527655535257 ], [ 87.722084114767199, 26.345861429549437 ], [ 87.722747882795403, 26.350360952740644 ], [ 87.722526563786005, 26.350889207763089 ], [ 87.719390864652752, 26.358305001078218 ], [ 87.715248173476709, 26.359945332147923 ], [ 87.714279170435546, 26.368860273526757 ], [ 87.718780583626824, 26.374610976771123 ], [ 87.719444351655028, 26.378805075949352 ], [ 87.715446434485145, 26.382972715126449 ], [ 87.715309220479313, 26.389555018406156 ], [ 87.710609357279594, 26.394388126611538 ], [ 87.70747384714636, 26.407194200155718 ], [ 87.704635634025749, 26.406888965142748 ], [ 87.697082437704779, 26.401056235894892 ], [ 87.694274842585472, 26.400943780890113 ], [ 87.689086981365023, 26.405389817079044 ] ] ] } },
{ "type": "Feature", "properties": { "F_CODE_DES": "River/Stream", "HYC_DESCRI": "Perennial/Permanent", "NAM": "UNK", "ISO": "IND", "NAME_0": "India" }, "geometry": { "type": "MultiLineString", "coordinates": [ [ [ 87.677108727856009, 26.242027282137101 ], [ 87.676551744832352, 26.245222138272865 ], [ 87.665496756362572, 26.253694441632888 ], [ 87.675971892807709, 26.261749243975171 ], [ 87.669418317529221, 26.266445138174717 ], [ 87.662330628228034, 26.265667025141653 ], [ 87.660224979138562, 26.270610887351737 ], [ 87.652832054824401, 26.272582913435535 ], [ 87.65019229171223, 26.28094484079087 ], [ 87.646080029537487, 26.283000971878245 ], [ 87.643279994418492, 26.287971483089461 ], [ 87.641998385364033, 26.295639024415287 ], [ 87.643554611430162, 26.303832930763477 ], [ 87.649223288671053, 26.314167073202618 ], [ 87.653861915868163, 26.318000749365524 ], [ 87.663330060270511, 26.319944425448121 ], [ 87.657913131040317, 26.328832717825819 ], [ 87.658447245063016, 26.329250407843571 ], [ 87.660331764143095, 26.330638801902566 ], [ 87.665748504373269, 26.33127781092972 ], [ 87.667831473461789, 26.33499903208785 ], [ 87.666557235407637, 26.342666573413677 ], [ 87.671752845628419, 26.352027932811481 ], [ 87.678390525910487, 26.36397178831902 ], [ 87.67358406670624, 26.375999370830122 ], [ 87.680831839014232, 26.385221437222008 ], [ 87.682723918094624, 26.394861193631641 ], [ 87.689086981365023, 26.405389817079044 ] ] ] } },
{ "type": "Feature", "properties": { "F_CODE_DES": "River/Stream", "HYC_DESCRI": "Perennial/Permanent", "NAM": "UNK", "ISO": "IND", "NAME_0": "India" }, "geometry": { "type": "MultiLineString", "coordinates": [ [ [ 87.702224749923303, 26.190500209947508 ], [ 87.70691686412269, 26.190527047948649 ], [ 87.709587056236145, 26.192333132025396 ], [ 87.706718414114249, 26.200889540388992 ], [ 87.709808375245558, 26.206054721608481 ], [ 87.711334172310401, 26.213832827939008 ], [ 87.715385387482542, 26.215360704003935 ], [ 87.732917784227567, 26.214221978955543 ], [ 87.735527118338453, 26.215166033995658 ], [ 87.734336796287863, 26.224111593375795 ], [ 87.738502545464883, 26.23280521574522 ], [ 87.737808159435389, 26.237693700952953 ], [ 87.74949648693206, 26.246749825337783 ], [ 87.748474185888625, 26.24930567244639 ], [ 87.741218475580297, 26.254472743665964 ], [ 87.740669241556958, 26.257249909783976 ], [ 87.744110175703184, 26.260694434930347 ], [ 87.740943858568627, 26.26802820224199 ], [ 87.742225656623106, 26.270082443329279 ], [ 87.750968985994646, 26.268972446282113 ], [ 87.751998847038408, 26.268833153276194 ], [ 87.755416912183648, 26.271444377387155 ], [ 87.757614226277028, 26.277694607652755 ], [ 87.75347134610098, 26.284000403920714 ], [ 87.756637663235523, 26.286416958023402 ], [ 87.756774877241355, 26.289361956148547 ], [ 87.752197297046834, 26.296304682443569 ], [ 87.754028329124637, 26.30977830401612 ], [ 87.752944981078613, 26.311277452079828 ], [ 87.748695315898019, 26.310832924060936 ], [ 87.744445839717443, 26.314805893229764 ], [ 87.736946130398749, 26.315111128242734 ], [ 87.734779434306674, 26.318361361380852 ], [ 87.739387443502494, 26.321777347526009 ], [ 87.735443202334892, 26.327222815757409 ], [ 87.739776594519029, 26.329584181857754 ], [ 87.740280090540423, 26.33024983988604 ], [ 87.746559048807242, 26.338611578241363 ], [ 87.744392352715167, 26.342277611397151 ], [ 87.739975044527455, 26.343305582440831 ], [ 87.738693246472991, 26.345693597542308 ], [ 87.746475132803681, 26.346221852564753 ], [ 87.747024555827025, 26.348110151644995 ], [ 87.746391216800106, 26.34930614369582 ], [ 87.745086738744675, 26.351778074800862 ], [ 87.748802100902566, 26.355443918956638 ], [ 87.748138521874367, 26.356332785994411 ], [ 87.745941207780987, 26.359361700123124 ], [ 87.752723662069201, 26.359083114111282 ], [ 87.752586448063369, 26.361194622201012 ], [ 87.749030979912291, 26.364944382360353 ], [ 87.752357569053643, 26.365861977399344 ], [ 87.760833652413822, 26.36191754723173 ], [ 87.762832705498781, 26.364389478336772 ], [ 87.760749736410261, 26.374195176753457 ], [ 87.750419562971288, 26.383277950139419 ], [ 87.75189206203386, 26.389555018406156 ], [ 87.756278941220287, 26.397611710748521 ] ] ] } },
{ "type": "Feature", "properties": { "F_CODE_DES": "River/Stream", "HYC_DESCRI": "Perennial/Permanent", "NAM": "UNK", "ISO": "IND", "NAME_0": "India" }, "geometry": { "type": "MultiLineString", "coordinates": [ [ [ 87.702224749923303, 26.190500209947508 ], [ 87.69847102076379, 26.204610761547123 ], [ 87.69555664063995, 26.207056043651033 ], [ 87.694442674592608, 26.21344367692247 ], [ 87.67786416088812, 26.233333659767677 ], [ 87.677108727856009, 26.242027282137101 ] ] ] } },
{ "type": "Feature", "properties": { "F_CODE_DES": "River/Stream", "HYC_DESCRI": "Perennial/Permanent", "NAM": "UNK", "ISO": "IND", "NAME_0": "India" }, "geometry": { "type": "MultiLineString", "coordinates": [ [ [ 87.540748624061521, 26.148250581152148 ], [ 87.550308244467743, 26.162055897738796 ], [ 87.54785918236368, 26.164472640841492 ], [ 87.54730219934001, 26.167861977985517 ], [ 87.541862401108844, 26.166389478922945 ], [ 87.539558491010951, 26.167528203971337 ], [ 87.544830268234961, 26.174943997286462 ], [ 87.543418816174992, 26.179445221477735 ], [ 87.548332249383776, 26.184528376693741 ], [ 87.544082584203196, 26.198223128275686 ], [ 87.543167068164294, 26.208610568717091 ], [ 87.544914184238536, 26.21088990881395 ], [ 87.548225464379243, 26.21158410584345 ], [ 87.548164417376654, 26.21561056201455 ], [ 87.546470599304669, 26.220556314224716 ], [ 87.546112066289439, 26.221610934269528 ], [ 87.541053859074495, 26.223278103340377 ], [ 87.540832540065082, 26.228582388565776 ], [ 87.54352579017953, 26.235860778875065 ], [ 87.535720845847862, 26.24441718723866 ], [ 87.536224341869271, 26.250249916486517 ], [ 87.536781324892928, 26.256639439758032 ], [ 87.547279330339038, 26.275472723558337 ], [ 87.557136625757906, 26.276138381586623 ], [ 87.559913602875923, 26.279832764743613 ], [ 87.562385533980958, 26.277639419650409 ], [ 87.56569662512166, 26.278333616679909 ], [ 87.568641623246805, 26.280971489792002 ], [ 87.566253608145331, 26.285083751966749 ], [ 87.571418789364813, 26.295249873398749 ], [ 87.578002982644605, 26.300472321620674 ], [ 87.578582834669248, 26.307443586916911 ], [ 87.583473209877056, 26.316749569312357 ], [ 87.583305377869934, 26.323110553582662 ], [ 87.579170246694204, 26.329610830858886 ], [ 87.580947791769745, 26.332500451981677 ], [ 87.591026217198021, 26.327444134766814 ], [ 87.593055699284264, 26.330749555907275 ], [ 87.593086317285568, 26.333889035040684 ], [ 87.59310918628654, 26.336889221168175 ], [ 87.600974988620777, 26.339527094280268 ], [ 87.603973473748198, 26.343000347427861 ], [ 87.602775591697295, 26.346221852564753 ], [ 87.601470924641859, 26.349666566711136 ], [ 87.606002766834436, 26.356250759990925 ], [ 87.601333710636027, 26.371026969618825 ], [ 87.595779378399996, 26.372722677690884 ], [ 87.590469423174355, 26.379472812977724 ], [ 87.5903839186997, 26.3813837573218 ] ] ] } },
{ "type": "Feature", "properties": { "F_CODE_DES": "River/Stream", "HYC_DESCRI": "Perennial/Permanent", "NAM": "UNK", "ISO": "IND", "NAME_0": "India" }, "geometry": { "type": "MultiLineString", "coordinates": [ [ [ 87.540748624061521, 26.148250581152148 ], [ 87.539192208995388, 26.149999587226475 ], [ 87.529525803584619, 26.153554866377551 ], [ 87.52764128450454, 26.158082928569968 ], [ 87.537361176917571, 26.175443713307697 ], [ 87.53227991170165, 26.186639695783459 ], [ 87.534942543814793, 26.203443497497524 ], [ 87.532669062718185, 26.20944405875251 ], [ 87.528579669544413, 26.214111413950846 ], [ 87.52422340835929, 26.219083815162143 ], [ 87.519554163160876, 26.229415878601195 ], [ 87.517608597078208, 26.230888377663767 ], [ 87.513664166910587, 26.233861914790126 ], [ 87.505165025549431, 26.237138796929372 ], [ 87.488197360828408, 26.239915774047375 ], [ 87.487586890802461, 26.240167711058085 ], [ 87.475334209281797, 26.245277326275211 ], [ 87.466720533915762, 26.25152774554082 ], [ 87.463058469760142, 26.258417173833578 ], [ 87.460998558672614, 26.269695371312835 ], [ 87.449836785198301, 26.281555121816801 ], [ 87.447860790114333, 26.309305236996018 ], [ 87.447776874110772, 26.309444341001928 ], [ 87.439331030751873, 26.322526921557859 ], [ 87.443946788948011, 26.330804743909621 ], [ 87.43949886275901, 26.330972764916758 ], [ 87.438667262723669, 26.333139461008834 ], [ 87.443168675914947, 26.343166289434912 ], [ 87.446502636056621, 26.350583972750119 ], [ 87.453109698337386, 26.35516741194489 ], [ 87.455474844437887, 26.356805853014514 ], [ 87.456718464490734, 26.358944010105372 ], [ 87.463638321784785, 26.370639708602369 ], [ 87.457641540529963, 26.377639701899827 ], [ 87.456695595489762, 26.387832661332968 ], [ 87.457969644543908, 26.389888792420344 ], [ 87.462501486736485, 26.391416479485258 ], [ 87.45888516058281, 26.394721900625719 ], [ 87.459640593614907, 26.400611896876008 ], [ 87.456306444473228, 26.409833963267893 ], [ 87.456306444473228, 26.414693909474412 ], [ 87.453918429371754, 26.418582962639675 ], [ 87.458862291581838, 26.423889137865153 ], [ 87.461112903677474, 26.436695022409332 ], [ 87.462501486736485, 26.43813898247069 ], [ 87.462524355737457, 26.438167521471904 ], [ 87.463966929082503, 26.439658118819278 ] ] ] } },
{ "type": "Feature", "properties": { "F_CODE_DES": "River/Stream", "HYC_DESCRI": "Perennial/Permanent", "NAM": "UNK", "ISO": "IND", "NAME_0": "India" }, "geometry": { "type": "MultiLineString", "coordinates": [ [ [ 87.737220747410419, 26.063972453570827 ], [ 87.732719334219141, 26.06816674174906 ], [ 87.725082410894615, 26.064443630590851 ], [ 87.721359299736406, 26.065444952633399 ], [ 87.719474780656327, 26.069749805816333 ], [ 87.719169545643354, 26.07758328914921 ], [ 87.713996804423545, 26.081806116328654 ], [ 87.714057851426134, 26.087722761580075 ], [ 87.70358271498101, 26.089000779634382 ], [ 87.693473860551435, 26.097416004991981 ], [ 87.691802911480437, 26.101499539165509 ], [ 87.692581213513506, 26.103582319254013 ], [ 87.700805737862993, 26.108554909465319 ], [ 87.693420373549159, 26.110750144558601 ], [ 87.694053712576078, 26.119167259916281 ], [ 87.68914027936728, 26.123806076113404 ], [ 87.688331548332926, 26.126583053231407 ], [ 87.690109282408457, 26.129472674354201 ], [ 87.686637919260946, 26.134916252585519 ], [ 87.690391459420454, 26.140027946802736 ], [ 87.695358190631509, 26.140693604831021 ], [ 87.695861875652909, 26.142610631912483 ], [ 87.696502774680141, 26.145082563017528 ], [ 87.699142537792326, 26.14624982706713 ], [ 87.693306028544299, 26.151332793283125 ], [ 87.696441727677552, 26.153528217376419 ], [ 87.699974137827667, 26.153804724388166 ], [ 87.704414315016336, 26.160165708658472 ], [ 87.705001916041311, 26.160999387693899 ], [ 87.69799795374368, 26.171028106120062 ], [ 87.707336444140509, 26.179721917489495 ], [ 87.702224749923303, 26.190500209947508 ] ] ] } },
{ "type": "Feature", "properties": { "F_CODE_DES": "River/Stream", "HYC_DESCRI": "Perennial/Permanent", "NAM": "UNK", "ISO": "IND", "NAME_0": "India" }, "geometry": { "type": "MultiLineString", "coordinates": [ [ [ 87.540748624061521, 26.148250581152148 ], [ 87.540916456068658, 26.147777514132045 ], [ 87.541809103106587, 26.145471525034054 ], [ 87.540168772036878, 26.140472474821628 ], [ 87.542663572142899, 26.138889221754347 ], [ 87.54946908443209, 26.13966752378742 ], [ 87.553718560612666, 26.135278754600925 ], [ 87.553718560612666, 26.130416918394324 ], [ 87.560447716898608, 26.124444896140549 ], [ 87.56219483297285, 26.116777354814722 ], [ 87.563972567048395, 26.114805139730919 ], [ 87.570442226323323, 26.11772159885485 ], [ 87.577224680611536, 26.113027594655382 ], [ 87.577667318630347, 26.102443783205633 ], [ 87.583084058860521, 26.098638457043929 ], [ 87.586166459991503, 26.099138173065164 ], [ 87.588027921070605, 26.094194499855085 ], [ 87.589858953148422, 26.093721432834982 ], [ 87.591888435234665, 26.096805534966037 ], [ 87.594306879337424, 26.093110962809043 ], [ 87.594947778364656, 26.087388987565895 ], [ 87.606391917850971, 26.076778338115005 ], [ 87.608558613943046, 26.071527539891875 ], [ 87.610359217019564, 26.067138581705372 ], [ 87.614135815180035, 26.058082646320546 ], [ 87.611335780061054, 26.053138784110462 ], [ 87.611747800078561, 26.047611289875576 ], [ 87.62286383555093, 26.040000826552177 ], [ 87.624527035621611, 26.036111773386914 ], [ 87.624252229609922, 26.030000647127228 ], [ 87.63069145988355, 26.023416453847439 ], [ 87.633079474985038, 26.014444434466181 ], [ 87.636558587132882, 26.009445195253743 ], [ 87.639640799263844, 26.010166230284383 ], [ 87.643302863419464, 26.003889162017643 ], [ 87.647224424586113, 26.00266652096569 ], [ 87.648971540660355, 26.000278505864216 ], [ 87.638748152225915, 25.996665959710704 ], [ 87.633888206019407, 25.992834173547873 ], [ 87.633834908017135, 25.991582804494698 ], [ 87.643417397424329, 25.991611532495916 ], [ 87.646057160536515, 25.988332760356592 ], [ 87.64169315035106, 25.979860267996557 ], [ 87.639579752261255, 25.977583006899788 ], [ 87.635025041067706, 25.972723060693269 ], [ 87.631973257938029, 25.972194616670812 ] ] ] } },
{ "type": "Feature", "properties": { "F_CODE_DES": "River/Stream", "HYC_DESCRI": "Perennial/Permanent", "NAM": "UNK", "ISO": "IND", "NAME_0": "India" }, "geometry": { "type": "MultiLineString", "coordinates": [ [ [ 87.631973257938029, 25.972194616670812 ], [ 87.63800046819415, 25.966472641427664 ], [ 87.639915416275514, 25.962583588262405 ] ] ] } },
{ "type": "Feature", "properties": { "F_CODE_DES": "River/Stream", "HYC_DESCRI": "Perennial/Permanent", "NAM": "UNK", "ISO": "IND", "NAME_0": "India" }, "geometry": { "type": "MultiLineString", "coordinates": [ [ [ 87.778778069176354, 25.784750078705532 ], [ 87.775329575029815, 25.785943991756266 ], [ 87.769752562792831, 25.80033294036771 ], [ 87.760833652413822, 25.804082889527063 ], [ 87.758056675295819, 25.809249960746634 ], [ 87.756690961237794, 25.833610549781813 ], [ 87.753303514093844, 25.845388463282305 ], [ 87.749580402935635, 25.850610722504221 ], [ 87.750831582988795, 25.862693871017683 ], [ 87.750946116993674, 25.863861135067282 ], [ 87.748580970893158, 25.86797150724195 ], [ 87.743698155685678, 25.868389197259699 ], [ 87.735557547339738, 25.882888710875843 ], [ 87.728195241026896, 25.890361771193405 ], [ 87.72766868700451, 25.891834270255977 ], [ 87.72469325987808, 25.899805156594692 ], [ 87.724945007888778, 25.9143885862144 ], [ 87.729141186067082, 25.918638251394988 ], [ 87.723892277844044, 25.926471734727862 ], [ 87.723136844811933, 25.94891737568167 ], [ 87.720192035686807, 25.95091623976661 ], [ 87.711196958304569, 25.952972370853985 ], [ 87.706497284104856, 25.957610998051095 ], [ 87.705749600073077, 25.96608349041113 ], [ 87.699691771815665, 25.966333348421745 ], [ 87.69252772651123, 25.963443727298952 ], [ 87.680084154982453, 25.962249814248217 ], [ 87.67594146380641, 25.958415949085303 ], [ 87.67358406670624, 25.967805847484318 ], [ 87.672973596680293, 25.967721931480753 ], [ 87.666053739386243, 25.96683306444298 ], [ 87.664444026317838, 25.962472834257696 ], [ 87.660636810156063, 25.960916608191567 ], [ 87.644279426460969, 25.960193683160846 ], [ 87.643058864409099, 25.960138306158491 ], [ 87.639915416275514, 25.962583588262405 ] ] ] } },
{ "type": "Feature", "properties": { "F_CODE_DES": "River/Stream", "HYC_DESCRI": "Perennial/Permanent", "NAM": "UNK", "ISO": "IND", "NAME_0": "India" }, "geometry": { "type": "MultiLineString", "coordinates": [ [ [ 87.863029547756554, 26.076999657124407 ], [ 87.874725435253552, 26.086444932525776 ], [ 87.873001188180282, 26.093915913843247 ] ] ] } },
{ "type": "Feature", "properties": { "F_CODE_DES": "River/Stream", "HYC_DESCRI": "Perennial/Permanent", "NAM": "UNK", "ISO": "IND", "NAME_0": "India" }, "geometry": { "type": "MultiLineString", "coordinates": [ [ [ 87.863525483777622, 26.064306227585014 ], [ 87.861251813681008, 26.065027262615651 ], [ 87.856140119463788, 26.061222125453956 ] ] ] } },
{ "type": "Feature", "properties": { "F_CODE_DES": "River/Stream", "HYC_DESCRI": "Perennial/Permanent", "NAM": "UNK", "ISO": "IND", "NAME_0": "India" }, "geometry": { "type": "MultiLineString", "coordinates": [ [ [ 87.848030129119167, 26.039583136534425 ], [ 87.859252949596069, 26.048610721918045 ] ] ] } },
{ "type": "Feature", "properties": { "F_CODE_DES": "River/Stream", "HYC_DESCRI": "Perennial/Permanent", "NAM": "UNK", "ISO": "IND", "NAME_0": "India" }, "geometry": { "type": "MultiLineString", "coordinates": [ [ [ 87.849197393168765, 26.03044517514612 ], [ 87.854919368411913, 26.032304746225137 ], [ 87.855607226285116, 26.033085209803154 ] ], [ [ 87.859286144888628, 26.037718261611321 ], [ 87.861526430692678, 26.042833369672543 ], [ 87.859252949596069, 26.048610721918045 ] ] ] } },
{ "type": "Feature", "properties": { "F_CODE_DES": "River/Stream", "HYC_DESCRI": "Perennial/Permanent", "NAM": "MAHANANDA", "ISO": "IND", "NAME_0": "India" }, "geometry": { "type": "MultiLineString", "coordinates": [ [ [ 87.838722256723628, 26.017334055588975 ], [ 87.836524942630263, 26.006000481107364 ], [ 87.834472591543047, 26.002500578958639 ], [ 87.830360329368304, 25.999721522840545 ] ] ] } },
{ "type": "Feature", "properties": { "F_CODE_DES": "River/Stream", "HYC_DESCRI": "Non-Perennial/Intermittent/Fluctuating", "NAM": "UNK", "ISO": "IND", "NAME_0": "India" }, "geometry": { "type": "MultiLineString", "coordinates": [ [ [ 87.234085149030136, 25.937694555204764 ], [ 87.243278487420795, 25.923833861615769 ], [ 87.243858339445438, 25.916000378282895 ], [ 87.236862126148139, 25.905694963844972 ], [ 87.238357494211684, 25.902471568707998 ], [ 87.241554240347526, 25.901082985648991 ], [ 87.24702446757999, 25.903417513748195 ], [ 87.248084946625042, 25.900833127638375 ], [ 87.245025603495037, 25.895250256401134 ], [ 87.24716943058614, 25.89072219420872 ], [ 87.252502443812759, 25.889888704173302 ] ] ] } },
{ "type": "Feature", "properties": { "F_CODE_DES": "River/Stream", "HYC_DESCRI": "Perennial/Permanent", "NAM": "UNK", "ISO": "IND", "NAME_0": "India" }, "geometry": { "type": "MultiLineString", "coordinates": [ [ [ 87.31655889353479, 25.839777053043854 ], [ 87.30216975592333, 25.841777807128871 ], [ 87.29816427875312, 25.846361246323642 ], [ 87.296196032669485, 25.850166383485337 ], [ 87.292579706515809, 25.857139538781656 ], [ 87.286781375269413, 25.868333820257348 ], [ 87.274833739761718, 25.87766645165393 ], [ 87.269279407525687, 25.889083942139102 ], [ 87.268417378489062, 25.911500855091688 ] ] ] } },
{ "type": "Feature", "properties": { "F_CODE_DES": "River/Stream", "HYC_DESCRI": "Perennial/Permanent", "NAM": "UNK", "ISO": "IND", "NAME_0": "India" }, "geometry": { "type": "MultiLineString", "coordinates": [ [ [ 87.31655889353479, 25.839777053043854 ], [ 87.335281423330386, 25.830610363654323 ], [ 87.346580599810522, 25.827861736537521 ] ] ] } },
{ "type": "Feature", "properties": { "F_CODE_DES": "River/Stream", "HYC_DESCRI": "Perennial/Permanent", "NAM": "MAHANANDA", "ISO": "IND", "NAME_0": "India" }, "geometry": { "type": "MultiLineString", "coordinates": [ [ [ 87.778778069176354, 25.784750078705532 ], [ 87.776611373084293, 25.773834194241672 ], [ 87.777221654110221, 25.771917356160216 ], [ 87.782722499343976, 25.77022164808816 ] ] ] } },
{ "type": "Feature", "properties": { "F_CODE_DES": "River/Stream", "HYC_DESCRI": "Perennial/Permanent", "NAM": "UNK", "ISO": "IND", "NAME_0": "India" }, "geometry": { "type": "MultiLineString", "coordinates": [ [ [ 87.782722499343976, 25.77022164808816 ], [ 87.798026963994317, 25.749500254207625 ] ] ] } },
{ "type": "Feature", "properties": { "F_CODE_DES": "River/Stream", "HYC_DESCRI": "Perennial/Permanent", "NAM": "UNK", "ISO": "IND", "NAME_0": "India" }, "geometry": { "type": "MultiLineString", "coordinates": [ [ [ 87.437385464669191, 25.888889272130832 ], [ 87.449585037187603, 25.879554750734169 ], [ 87.454475412395425, 25.884416586940766 ], [ 87.467475966947859, 25.867666272228981 ], [ 87.473304727195554, 25.863000807030723 ], [ 87.477668737380995, 25.856056190735622 ], [ 87.483642649634859, 25.854139352654165 ], [ 87.485420194710386, 25.851972656562094 ], [ 87.486221365744427, 25.839666299039145 ], [ 87.484802164684126, 25.834444039817232 ], [ 87.479225152447142, 25.8445835122481 ], [ 87.4771652413596, 25.840665731081614 ], [ 87.470497132076247, 25.837749460957692 ], [ 87.470970199096357, 25.828166971550495 ], [ 87.470970199096357, 25.827999139543362 ], [ 87.471138031103479, 25.82797249054223 ], [ 87.480499201501274, 25.826999707500889 ], [ 87.482055616567408, 25.824667069401769 ], [ 87.482696515594654, 25.823749474362778 ], [ 87.482612599591079, 25.817194009084208 ], [ 87.485496550713634, 25.819194763169229 ], [ 87.489585943887406, 25.816722832064187 ], [ 87.488441548838779, 25.812110853868205 ], [ 87.494697638104626, 25.811445195839916 ], [ 87.49958045331212, 25.806194397616789 ], [ 87.504470828519928, 25.810638354805633 ], [ 87.506691011614279, 25.808250339704152 ], [ 87.509552093735849, 25.797555963249707 ], [ 87.509636009739424, 25.797250728236737 ], [ 87.510864320791612, 25.792638750040755 ], [ 87.513885485919999, 25.787471678821184 ], [ 87.508468556689806, 25.786611539784634 ], [ 87.507057104629823, 25.783916399670105 ], [ 87.506942759624977, 25.78372191866184 ], [ 87.509002670712505, 25.778139047424602 ], [ 87.512496902860988, 25.77841763343644 ], [ 87.511497470818526, 25.771499666142468 ], [ 87.505996625584771, 25.769167028043345 ], [ 87.50421908050923, 25.766056087911149 ], [ 87.504997193542295, 25.757360386541635 ], [ 87.504447959518956, 25.755500815462611 ], [ 87.500610314355882, 25.75330539136932 ], [ 87.499748285319242, 25.749750112218241 ], [ 87.501892112410346, 25.74099922284638 ], [ 87.50094597837014, 25.739610639787372 ], [ 87.495887771155196, 25.732166307471033 ] ] ] } },
{ "type": "Feature", "properties": { "F_CODE_DES": "River/Stream", "HYC_DESCRI": "Perennial/Permanent", "NAM": "UNK", "ISO": "IND", "NAME_0": "India" }, "geometry": { "type": "MultiLineString", "coordinates": [ [ [ 87.491302441960343, 25.788555215867227 ], [ 87.49363715905956, 25.78269394761816 ], [ 87.497779850235602, 25.77222259117319 ], [ 87.497581400227162, 25.768222784003221 ], [ 87.492553622013517, 25.755945154481495 ], [ 87.491142358953553, 25.745222050025824 ], [ 87.495887771155196, 25.732166307471033 ] ] ] } },
{ "type": "Feature", "properties": { "F_CODE_DES": "River/Stream", "HYC_DESCRI": "Perennial/Permanent", "NAM": "UNK", "ISO": "IND", "NAME_0": "India" }, "geometry": { "type": "MultiLineString", "coordinates": [ [ [ 87.487526032799877, 25.703111714236385 ], [ 87.486442495753835, 25.709693828516087 ], [ 87.47972108846821, 25.72052768697646 ], [ 87.472747744171883, 25.721416554014233 ], [ 87.459251442598372, 25.716443963802927 ] ] ] } },
{ "type": "Feature", "properties": { "F_CODE_DES": "River/Stream", "HYC_DESCRI": "Perennial/Permanent", "NAM": "UNK", "ISO": "IND", "NAME_0": "India" }, "geometry": { "type": "MultiLineString", "coordinates": [ [ [ 87.495887771155196, 25.732166307471033 ], [ 87.492446837008984, 25.723611789107515 ], [ 87.495140087123431, 25.706388407375627 ], [ 87.490753207937004, 25.702138931195048 ], [ 87.487526032799877, 25.703111714236385 ] ] ] } },
{ "type": "Feature", "properties": { "F_CODE_DES": "River/Stream", "HYC_DESCRI": "Perennial/Permanent", "NAM": "UNK", "ISO": "IND", "NAME_0": "India" }, "geometry": { "type": "MultiLineString", "coordinates": [ [ [ 86.878891007936488, 25.687221538561147 ], [ 86.879280158953023, 25.697389549993225 ], [ 86.871055634603536, 25.727388387268 ], [ 86.872802750677778, 25.742111298893636 ], [ 86.880302459996471, 25.753694542385858 ], [ 86.887084914284685, 25.759805668645541 ], [ 86.895164475628022, 25.763834014816723 ], [ 86.909690827245299, 25.771083866124798 ], [ 86.935836710356355, 25.778804705452892 ], [ 86.965446396614581, 25.787527055823539 ], [ 86.975418037038324, 25.792055118015952 ], [ 86.989364536630958, 25.801694874425586 ], [ 86.99669641394253, 25.814971935989782 ], [ 87.011054933552671, 25.823554993354513 ] ] ] } },
{ "type": "Feature", "properties": { "F_CODE_DES": "River/Stream", "HYC_DESCRI": "Perennial/Permanent", "NAM": "UNK", "ISO": "IND", "NAME_0": "India" }, "geometry": { "type": "MultiLineString", "coordinates": [ [ [ 87.599052480539086, 25.934194653056039 ], [ 87.6043853047657, 25.933332435019402 ], [ 87.613281157143717, 25.928333195806964 ], [ 87.617469775321709, 25.923749945612201 ], [ 87.618248077354792, 25.920333770467035 ], [ 87.615806575251042, 25.918111886372621 ], [ 87.610359217019564, 25.916610659308827 ], [ 87.608612100945322, 25.914361937213268 ], [ 87.612167380096395, 25.905776989848459 ], [ 87.610221814013713, 25.903944067770571 ], [ 87.604614183775425, 25.903749397762297 ], [ 87.60214225267039, 25.90066718563132 ], [ 87.59983059357215, 25.872222873422608 ], [ 87.605140737797797, 25.866111747162922 ], [ 87.602195739672652, 25.858194347826476 ], [ 87.591415368214555, 25.842971720179605 ], [ 87.589225803121508, 25.836305689896342 ], [ 87.589469991131892, 25.835250880851518 ], [ 87.589469991131892, 25.835222152850296 ], [ 87.590385507170794, 25.831167157677982 ], [ 87.596946642449609, 25.826471263478435 ], [ 87.610137898010152, 25.824472399393496 ], [ 87.612831148124599, 25.82225032629907 ], [ 87.620864782465986, 25.809472980756109 ], [ 87.621139588477661, 25.807249017661604 ], [ 87.621360718487054, 25.80544463458493 ], [ 87.619804303420921, 25.802110674443256 ], [ 87.613777093164799, 25.798334076282771 ], [ 87.596664465437613, 25.791833799006547 ], [ 87.588447501088439, 25.785610217742082 ], [ 87.584419343917261, 25.77922239547064 ], [ 87.587081976030419, 25.762193683747022 ], [ 87.602500974685626, 25.752721759344517 ], [ 87.603721536737496, 25.750804921263065 ], [ 87.608581482944018, 25.743165918938452 ], [ 87.60910803696639, 25.739778471794505 ], [ 87.604835502784837, 25.732973148505319 ], [ 87.595390227383461, 25.726165746216047 ], [ 87.585861224978544, 25.721666412024852 ], [ 87.571945154387194, 25.708471376464139 ], [ 87.570503273325912, 25.703056337234031 ], [ 87.575225816526597, 25.689333046650873 ], [ 87.573471140452028, 25.68708413555531 ], [ 87.570861806341156, 25.686111541513981 ], [ 87.561973513963451, 25.690277101690992 ] ] ] } },
{ "type": "Feature", "properties": { "F_CODE_DES": "River/Stream", "HYC_DESCRI": "Perennial/Permanent", "NAM": "UNK", "ISO": "IND", "NAME_0": "India" }, "geometry": { "type": "MultiLineString", "coordinates": [ [ [ 87.481162969529478, 25.681583479321564 ], [ 87.488891557857897, 25.692277855776013 ], [ 87.489250090873142, 25.695417334909422 ], [ 87.485778727725631, 25.700639783131344 ], [ 87.487526032799877, 25.703111714236385 ] ] ] } },
{ "type": "Feature", "properties": { "F_CODE_DES": "River/Stream", "HYC_DESCRI": "Perennial/Permanent", "NAM": "UNK", "ISO": "IND", "NAME_0": "India" }, "geometry": { "type": "MultiLineString", "coordinates": [ [ [ 87.346580599810522, 25.827861736537521 ], [ 87.359001113338323, 25.823804851365129 ], [ 87.360748229412565, 25.821638155273057 ], [ 87.361053464425538, 25.817611699101956 ], [ 87.345001126743412, 25.783332767645305 ], [ 87.343719517688953, 25.775777870324269 ], [ 87.345138529749249, 25.770860657115314 ], [ 87.348030040872118, 25.767499858972499 ], [ 87.352668668069242, 25.762138306744667 ], [ 87.355857854204757, 25.754972371440157 ], [ 87.362609879491686, 25.739778471794505 ], [ 87.368026808721865, 25.717889813864367 ], [ 87.368331854734834, 25.716749198815897 ], [ 87.370330718819773, 25.712888684651851 ], [ 87.373252847943945, 25.707250625412264 ], [ 87.377944962143332, 25.702861856225766 ], [ 87.392028864741818, 25.694915728888105 ], [ 87.398170420002785, 25.681167679303897 ], [ 87.410552944528973, 25.661666847475225 ], [ 87.412277191602243, 25.659860574398468 ], [ 87.419441236906678, 25.652250300075075 ], [ 87.430557272379033, 25.630916546168521 ], [ 87.442863440901974, 25.619861557698748 ], [ 87.44766990010622, 25.619861557698748 ], [ 87.448692390149674, 25.619861557698748 ], [ 87.45950319060907, 25.612054912367011 ] ] ] } },
{ "type": "Feature", "properties": { "F_CODE_DES": "River/Stream", "HYC_DESCRI": "Perennial/Permanent", "NAM": "UNK", "ISO": "IND", "NAME_0": "India" }, "geometry": { "type": "MultiLineString", "coordinates": [ [ [ 87.480308500493166, 25.603416477999929 ], [ 87.476470855330092, 25.609417039254918 ], [ 87.470748880086944, 25.618389058636176 ], [ 87.458969076586371, 25.630666688157902 ], [ 87.455329881431723, 25.637777246460058 ], [ 87.450889515243034, 25.642389224656039 ], [ 87.439392077754462, 25.645139741772923 ], [ 87.436225949619924, 25.647806153886229 ], [ 87.431335385412112, 25.65791708731588 ], [ 87.431114255402704, 25.663221372541283 ], [ 87.438888581733067, 25.669944669826982 ], [ 87.449333100176901, 25.679000794211817 ], [ 87.47091671209408, 25.676916124123231 ], [ 87.475997977310001, 25.679222113221222 ], [ 87.481162969529478, 25.681583479321564 ] ] ] } },
{ "type": "Feature", "properties": { "F_CODE_DES": "River/Stream", "HYC_DESCRI": "Perennial/Permanent", "NAM": "UNK", "ISO": "IND", "NAME_0": "India" }, "geometry": { "type": "MultiLineString", "coordinates": [ [ [ 87.476470855330092, 25.581388527063872 ], [ 87.482307364578119, 25.586444844278738 ], [ 87.484611463676018, 25.59122276448177 ], [ 87.481971700563847, 25.59869393479925 ], [ 87.480308500493166, 25.603416477999929 ] ] ] } },
{ "type": "Feature", "properties": { "F_CODE_DES": "River/Stream", "HYC_DESCRI": "Perennial/Permanent", "NAM": "UNK", "ISO": "IND", "NAME_0": "India" }, "geometry": { "type": "MultiLineString", "coordinates": [ [ [ 87.46205903771768, 25.577083673880942 ], [ 87.466499403906369, 25.587278334314156 ], [ 87.477447418371597, 25.600055679857114 ], [ 87.480308500493166, 25.603416477999929 ] ] ] } },
{ "type": "Feature", "properties": { "F_CODE_DES": "River/Stream", "HYC_DESCRI": "Perennial/Permanent", "NAM": "UNK", "ISO": "IND", "NAME_0": "India" }, "geometry": { "type": "MultiLineString", "coordinates": [ [ [ 87.835861174602059, 25.568527265517346 ], [ 87.83055877937673, 25.560277982166799 ], [ 87.822334255027243, 25.554082939903545 ], [ 87.814971948714387, 25.551000538772563 ] ] ] } },
{ "type": "Feature", "properties": { "F_CODE_DES": "River/Stream", "HYC_DESCRI": "Perennial/Permanent", "NAM": "UNK", "ISO": "IND", "NAME_0": "India" }, "geometry": { "type": "MultiLineString", "coordinates": [ [ [ 87.481162969529478, 25.681583479321564 ], [ 87.484527547672457, 25.674055042001648 ], [ 87.497947682242739, 25.666555332682954 ], [ 87.510307337767941, 25.657194162285162 ], [ 87.519332844151478, 25.645860587803554 ], [ 87.518333412109001, 25.639583519536814 ], [ 87.522834825300293, 25.63136107418741 ], [ 87.523445106326221, 25.609777462270234 ], [ 87.528862035556415, 25.600915818893668 ], [ 87.528030435521075, 25.59355540258089 ], [ 87.524696286379395, 25.586916021298755 ], [ 87.522804207298989, 25.585721919248016 ], [ 87.517250064062964, 25.582138101095723 ], [ 87.516197145018225, 25.579416311980065 ], [ 87.517608597078208, 25.577693954906874 ], [ 87.52169799025198, 25.572666176693225 ], [ 87.52850350254117, 25.568582453519689 ], [ 87.528831417555111, 25.566055334412304 ], [ 87.52594765543256, 25.563833261317875 ], [ 87.536026080860836, 25.555416145960201 ], [ 87.537055941904597, 25.552833649850459 ], [ 87.533386317748665, 25.54897313568641 ], [ 87.535469097837165, 25.543611583458578 ], [ 87.532028163690953, 25.539722530293314 ], [ 87.532722549720461, 25.534610836076098 ] ] ] } },
{ "type": "Feature", "properties": { "F_CODE_DES": "River/Stream", "HYC_DESCRI": "Perennial/Permanent", "NAM": "UNK", "ISO": "IND", "NAME_0": "India" }, "geometry": { "type": "MultiLineString", "coordinates": [ [ [ 87.011054933552671, 25.823554993354513 ], [ 87.009780884498539, 25.810083450782052 ], [ 87.010223333517345, 25.765472455886346 ], [ 87.018447857866832, 25.751028130272552 ], [ 87.022781439050988, 25.746360775074216 ], [ 87.023361291075631, 25.745750494048281 ], [ 87.027610767256206, 25.741193703854645 ], [ 87.032890293480548, 25.728750321325876 ], [ 87.026946999228002, 25.709749205518442 ], [ 87.028999350315203, 25.704166334281201 ], [ 87.033637977512328, 25.691554930745291 ], [ 87.033889725523025, 25.688999083636681 ], [ 87.0362473116232, 25.665250854627523 ], [ 87.034774812560627, 25.65791708731588 ], [ 87.028335582286999, 25.643972477723317 ], [ 87.027114831235124, 25.636833191419942 ], [ 87.028358451287971, 25.627721879032762 ], [ 87.030670110386211, 25.621723207777855 ], [ 87.042640614894879, 25.607973079193556 ], [ 87.04355613093378, 25.603555771005848 ], [ 87.047500561101401, 25.584749136206678 ], [ 87.051719608280678, 25.564556186348597 ], [ 87.059829787625318, 25.547166862609654 ], [ 87.048164329129605, 25.530250605890814 ] ] ] } },
{ "type": "Feature", "properties": { "F_CODE_DES": "River/Stream", "HYC_DESCRI": "Perennial/Permanent", "NAM": "UNK", "ISO": "IND", "NAME_0": "India" }, "geometry": { "type": "MultiLineString", "coordinates": [ [ [ 87.525695718421858, 25.529193906845911 ], [ 87.532722549720461, 25.534610836076098 ] ] ] } },
{ "type": "Feature", "properties": { "F_CODE_DES": "River/Stream", "HYC_DESCRI": "Perennial/Permanent", "NAM": "UNK", "ISO": "IND", "NAME_0": "India" }, "geometry": { "type": "MultiLineString", "coordinates": [ [ [ 87.807472239395693, 25.531444518941548 ], [ 87.803886342243317, 25.529888103875408 ], [ 87.794357339838385, 25.530082773883681 ], [ 87.790695275682765, 25.526638059737301 ], [ 87.794334470837413, 25.520139672461159 ] ] ] } },
{ "type": "Feature", "properties": { "F_CODE_DES": "River/Stream", "HYC_DESCRI": "Perennial/Permanent", "NAM": "UNK", "ISO": "IND", "NAME_0": "India" }, "geometry": { "type": "MultiLineString", "coordinates": [ [ [ 87.532722549720461, 25.534610836076098 ], [ 87.536468529879642, 25.535305033105594 ], [ 87.539665276015484, 25.53391645004659 ], [ 87.540695137059245, 25.532638620992287 ], [ 87.541999804114681, 25.531055367925013 ], [ 87.551528995519618, 25.519306182425741 ], [ 87.548500081390912, 25.506526946882698 ], [ 87.546608002310506, 25.498582898545123 ], [ 87.543502732178553, 25.496610683461316 ], [ 87.54155735509589, 25.49538804240936 ], [ 87.540054238032013, 25.490528096202844 ], [ 87.53936004100251, 25.488306023108414 ], [ 87.53597259385856, 25.485221920977359 ], [ 87.535140993823234, 25.484472346945509 ], [ 87.527862603513938, 25.478055985672853 ], [ 87.52764128450454, 25.47758291865275 ], [ 87.525474588412465, 25.473611839484001 ], [ 87.54155735509589, 25.460750577937475 ] ] ] } },
{ "type": "Feature", "properties": { "F_CODE_DES": "River/Stream", "HYC_DESCRI": "Perennial/Permanent", "NAM": "UNK", "ISO": "IND", "NAME_0": "India" }, "geometry": { "type": "MultiLineString", "coordinates": [ [ [ 87.7632522855166, 25.507888880940573 ], [ 87.752830447073734, 25.499444927581756 ], [ 87.742553760637037, 25.479778342746041 ] ] ] } },
{ "type": "Feature", "properties": { "F_CODE_DES": "River/Stream", "HYC_DESCRI": "Perennial/Permanent", "NAM": "UNK", "ISO": "IND", "NAME_0": "India" }, "geometry": { "type": "MultiLineString", "coordinates": [ [ [ 87.54155735509589, 25.460750577937475 ], [ 87.546806263318928, 25.464055999077935 ], [ 87.561943084962152, 25.473667216486355 ], [ 87.578056280646877, 25.477638295655101 ], [ 87.583747826888725, 25.479028768714187 ], [ 87.585029624943203, 25.479333814727152 ], [ 87.590057403156848, 25.482500131861702 ], [ 87.597778242484935, 25.498056344522748 ], [ 87.605751018823739, 25.504278224787143 ], [ 87.609085167965418, 25.510915716069196 ], [ 87.608474697939471, 25.517278590339579 ], [ 87.599945127577016, 25.523944809622854 ], [ 87.594390795340999, 25.524389337641743 ], [ 87.583808873891329, 25.517415993345416 ], [ 87.573974636473423, 25.516500477306515 ], [ 87.571029638348278, 25.516250619295896 ], [ 87.568641623246805, 25.516027410286412 ], [ 87.566024729135606, 25.515777552275793 ] ] ] } },
{ "type": "Feature", "properties": { "F_CODE_DES": "River/Stream", "HYC_DESCRI": "Perennial/Permanent", "NAM": "UNK", "ISO": "IND", "NAME_0": "India" }, "geometry": { "type": "MultiLineString", "coordinates": [ [ [ 87.346580599810522, 25.827861736537521 ], [ 87.346916263824795, 25.824888199411163 ], [ 87.344055181703212, 25.818445189137375 ], [ 87.334419205293742, 25.812055665865856 ], [ 87.330192598114138, 25.806499443629754 ], [ 87.318527139618425, 25.806083643612084 ], [ 87.314941431466053, 25.804527228545943 ], [ 87.31094351429617, 25.798555395292176 ], [ 87.306892488124021, 25.796583180208369 ], [ 87.314140260432012, 25.786806020792898 ], [ 87.312751677373001, 25.776721925364384 ], [ 87.314224176435573, 25.772861411200335 ], [ 87.322670019794472, 25.774444664267612 ], [ 87.330802879140066, 25.773305939219224 ], [ 87.331138543154339, 25.770750092110617 ], [ 87.324363648866438, 25.755167041448431 ], [ 87.320556621704668, 25.75319482636462 ], [ 87.310806300290338, 25.75244525233277 ], [ 87.30744172214736, 25.75219539432215 ], [ 87.298194896754424, 25.748750680175771 ], [ 87.293830886568983, 25.745305966029392 ], [ 87.294166550583242, 25.742389695905466 ], [ 87.294250466586803, 25.741722147877098 ], [ 87.294692915605609, 25.738082952722458 ], [ 87.302864141952838, 25.723194099089767 ], [ 87.297996446745984, 25.71366698668492 ], [ 87.306053139088348, 25.71147156259163 ], [ 87.308975268212521, 25.708389350460656 ], [ 87.3097229522443, 25.704778694307223 ], [ 87.308418285188864, 25.701665864174945 ], [ 87.303085271962232, 25.697000587976699 ], [ 87.302749607947973, 25.694694598878709 ], [ 87.303832955994011, 25.692943513804298 ], [ 87.313194315391812, 25.693666438835017 ], [ 87.317642241580828, 25.688833330629642 ], [ 87.311500497319827, 25.682111734344012 ], [ 87.312141396347073, 25.675750750073707 ], [ 87.313972428424876, 25.669555707810453 ], [ 87.321525624745846, 25.666721274690008 ], [ 87.321586671748435, 25.665695193646407 ], [ 87.322082607769516, 25.653165816113983 ], [ 87.324470433870985, 25.650362000994836 ], [ 87.326499915957214, 25.647943556892066 ], [ 87.327392562995158, 25.641582572621761 ], [ 87.325973550934847, 25.636333475398708 ], [ 87.314971860467338, 25.630193621137799 ], [ 87.314415066443686, 25.628778389077659 ], [ 87.313140828389535, 25.625610370943036 ], [ 87.315414498486149, 25.619611699688129 ], [ 87.323913639847319, 25.611473170342293 ], [ 87.334167457283044, 25.606445392128641 ], [ 87.345802297777453, 25.606027513110881 ], [ 87.347747863860135, 25.603195158990523 ], [ 87.346137961791726, 25.593334272571497 ], [ 87.334083541279483, 25.584054939177179 ], [ 87.334663393304112, 25.576415936852566 ], [ 87.338531467468485, 25.574583014774678 ], [ 87.338775655478869, 25.573833440742824 ], [ 87.339363067503825, 25.572027167666072 ], [ 87.332191462199077, 25.553054779859856 ], [ 87.332168593198105, 25.547138134608431 ], [ 87.333168025240568, 25.543306348445604 ], [ 87.336914005399763, 25.539167437269725 ], [ 87.345947260783618, 25.537971445218901 ], [ 87.347862208864996, 25.534082392053641 ], [ 87.349052341915566, 25.524528441647654 ], [ 87.355834985203785, 25.51455491122384 ], [ 87.35717008126052, 25.508167277952403 ], [ 87.352836689076369, 25.499889455600645 ], [ 87.348747295902598, 25.496889080473146 ], [ 87.346580599810522, 25.495277477404663 ], [ 87.339279151500264, 25.493221346317291 ], [ 87.329444914082359, 25.486833524045842 ], [ 87.324752799882972, 25.485721636998598 ], [ 87.321082986727035, 25.482055603842809 ], [ 87.322692888795444, 25.477333060642131 ], [ 87.324081471854456, 25.47327806546982 ], [ 87.326751663967912, 25.465444582136939 ], [ 87.32866661204929, 25.45980652289736 ] ] ] } },
{ "type": "Feature", "properties": { "F_CODE_DES": "River/Stream", "HYC_DESCRI": "Perennial/Permanent", "NAM": "UNK", "ISO": "IND", "NAME_0": "India" }, "geometry": { "type": "MultiLineString", "coordinates": [ [ [ 87.207695077908724, 25.453945065648281 ], [ 87.207527245901588, 25.46069520093512 ], [ 87.203613244735266, 25.461471612968111 ], [ 87.197166454461311, 25.468055806247904 ], [ 87.196586602436668, 25.470611653356514 ], [ 87.204330499765746, 25.477527541650396 ], [ 87.225669923672541, 25.481166925805049 ], [ 87.228919967810654, 25.486528478032881 ], [ 87.230110100861225, 25.49263960429257 ], [ 87.22830193778438, 25.509582510012542 ], [ 87.230003315856692, 25.51630599629825 ], [ 87.232940753981509, 25.519777359445762 ], [ 87.231857216935467, 25.537137955183486 ], [ 87.233474679004203, 25.547222050612 ], [ 87.238418541214287, 25.5520838868186 ], [ 87.240303060294366, 25.553943646897629 ], [ 87.257499604025114, 25.558584164094821 ], [ 87.262474084236501, 25.565389676384015 ], [ 87.263168281266005, 25.576139429840815 ], [ 87.261947719214135, 25.579971405003654 ], [ 87.258331393060459, 25.582445226108774 ], [ 87.24669655256605, 25.582222017099291 ], [ 87.241973820365359, 25.586416305277524 ], [ 87.244834902486943, 25.587804888336528 ], [ 87.251586927773857, 25.587972720343661 ], [ 87.250808625740788, 25.591167387479416 ], [ 87.243888768446737, 25.592695263544343 ], [ 87.24108117332743, 25.607999728194692 ], [ 87.244110087456136, 25.613388118423664 ], [ 87.24619286754465, 25.615249579502766 ], [ 87.250663851734629, 25.619277925673948 ], [ 87.251556309772553, 25.623888013869848 ], [ 87.250251831717122, 25.630916546168521 ], [ 87.251945460789102, 25.633861544293666 ], [ 87.254775924909382, 25.638778757502617 ], [ 87.257026726005023, 25.668056559746752 ], [ 87.255836403954433, 25.67233268492846 ], [ 87.250808625740788, 25.674417544017054 ], [ 87.241752690355966, 25.675388248058304 ], [ 87.23302466998507, 25.6839446564219 ], [ 87.232498115962699, 25.687778521584818 ], [ 87.236335761125773, 25.700527139126557 ], [ 87.234832833061915, 25.703111714236385 ], [ 87.227363552744507, 25.702972421230466 ], [ 87.226524392708853, 25.705305059329589 ], [ 87.233642511011325, 25.718166320876115 ], [ 87.231414767916661, 25.726278390220834 ], [ 87.231613217925101, 25.729610460362423 ], [ 87.232025237942608, 25.736305218646912 ], [ 87.232360901956866, 25.741861251883012 ], [ 87.232360901956866, 25.742082570892414 ], [ 87.224670491630079, 25.747028323102583 ], [ 87.2233886935756, 25.750028698230082 ], [ 87.224639873628774, 25.752082750317363 ], [ 87.228889538809355, 25.75319482636462 ], [ 87.241889904361798, 25.751888269309099 ], [ 87.243858339445438, 25.753915861395264 ], [ 87.243026739410098, 25.75647170850387 ], [ 87.237663297182195, 25.761333544710467 ], [ 87.235000665069037, 25.774944380288851 ], [ 87.232887266979233, 25.78013810050955 ], [ 87.231414767916661, 25.783750457663054 ], [ 87.231109532903687, 25.787555783824757 ], [ 87.234443682045381, 25.793777475089144 ], [ 87.234970047067748, 25.800306291366581 ], [ 87.234665001054779, 25.804111428528273 ], [ 87.230308550869651, 25.810833024813903 ], [ 87.240219144290805, 25.818500566139729 ], [ 87.243141084414958, 25.826416075476089 ], [ 87.241302492336828, 25.832166589720451 ], [ 87.237388680170525, 25.844389031239835 ], [ 87.239135796244767, 25.846639643335472 ], [ 87.244667070479807, 25.845167144272899 ], [ 87.248306265634454, 25.848417188411005 ], [ 87.248970033662658, 25.852638314590379 ], [ 87.242752122398429, 25.859832788896103 ], [ 87.241836606359527, 25.870639809355339 ], [ 87.242774991399401, 25.874666265526436 ], [ 87.243278487420795, 25.876722396613811 ], [ 87.24586495253071, 25.876832961618511 ], [ 87.251251263759599, 25.872417543430878 ], [ 87.25452417689867, 25.872499380434355 ], [ 87.256469742981352, 25.874332491512256 ], [ 87.257110642008584, 25.877611074651576 ], [ 87.257385259020253, 25.878944469708237 ], [ 87.255691440948283, 25.888305640106029 ], [ 87.252502443812759, 25.889888704173302 ] ] ] } },
{ "type": "Feature", "properties": { "F_CODE_DES": "River/Stream", "HYC_DESCRI": "Perennial/Permanent", "NAM": "UNK", "ISO": "IND", "NAME_0": "India" }, "geometry": { "type": "MultiLineString", "coordinates": [ [ [ 87.083725058640724, 25.421028068249502 ], [ 87.085693304724359, 25.423499999354547 ], [ 87.114524877949535, 25.423944527373436 ], [ 87.126113980442, 25.42816735455288 ], [ 87.12644189545594, 25.430471453650789 ] ] ] } },
{ "type": "Feature", "properties": { "F_CODE_DES": "River/Stream", "HYC_DESCRI": "Perennial/Permanent", "NAM": "UNK", "ISO": "IND", "NAME_0": "India" }, "geometry": { "type": "MultiLineString", "coordinates": [ [ [ 87.768028315719562, 25.467971890244335 ], [ 87.771804724880042, 25.464221941084986 ], [ 87.771385144862208, 25.460638122932693 ], [ 87.762085021467001, 25.446666675338992 ], [ 87.762107890467973, 25.442417199158413 ], [ 87.76566316961906, 25.437194750936492 ], [ 87.76628119964532, 25.436306072898727 ], [ 87.769058176763323, 25.432222349725194 ], [ 87.769889776798664, 25.425638156445402 ], [ 87.768196147726698, 25.419361088178668 ], [ 87.765220720600254, 25.415889725031153 ], [ 87.758529742315929, 25.412138074871731 ], [ 87.757003756251081, 25.409471473758416 ] ] ] } },
{ "type": "Feature", "properties": { "F_CODE_DES": "River/Stream", "HYC_DESCRI": "Perennial/Permanent", "NAM": "UNK", "ISO": "IND", "NAME_0": "India" }, "geometry": { "type": "MultiLineString", "coordinates": [ [ [ 87.62950132683298, 25.441415877115865 ], [ 87.639946034276818, 25.436361260901073 ], [ 87.653968889872715, 25.433277158770018 ], [ 87.663558939280236, 25.429306079601268 ], [ 87.672721848669596, 25.421749103280142 ], [ 87.674362179739305, 25.417249769088947 ], [ 87.67141718161416, 25.40891638073483 ], [ 87.668693502498414, 25.405834168603853 ], [ 87.661804263205667, 25.402526857463311 ], [ 87.650947535744322, 25.389223146897983 ], [ 87.653053373833799, 25.38533409373272 ], [ 87.664832988334368, 25.383083292637075 ], [ 87.66850280149032, 25.382389095607575 ], [ 87.67510986377107, 25.38444522669495 ], [ 87.676666278837217, 25.383138669639429 ], [ 87.673446663700403, 25.378610607447012 ], [ 87.673248213691963, 25.374610989277052 ], [ 87.676391661825548, 25.372360188181407 ], [ 87.686470087253824, 25.378915842459982 ], [ 87.683196985114733, 25.383499092654745 ], [ 87.683441173125104, 25.388360928861342 ], [ 87.68702707027748, 25.395166441150536 ], [ 87.691192630454495, 25.395000499143485 ], [ 87.694114759578667, 25.392999556058456 ], [ 87.697670038729754, 25.384611168702001 ], [ 87.702140833919728, 25.385694516748035 ], [ 87.703529416978739, 25.380556173529687 ], [ 87.70644379710258, 25.378555230444661 ], [ 87.71577453849909, 25.379222778473025 ], [ 87.732170100195802, 25.362722321771855 ], [ 87.737358150416256, 25.359750674645575 ], [ 87.750808713987823, 25.358778080604246 ], [ 87.7711944438541, 25.36641689392885 ], [ 87.774246226983777, 25.367555618977242 ] ] ] } },
{ "type": "Feature", "properties": { "F_CODE_DES": "River/Stream", "HYC_DESCRI": "Perennial/Permanent", "NAM": "UNK", "ISO": "IND", "NAME_0": "India" }, "geometry": { "type": "MultiLineString", "coordinates": [ [ [ 87.674774199756811, 25.319805144948127 ], [ 87.64436334246453, 25.33011055938605 ], [ 87.631614724922784, 25.330833484416768 ], [ 87.621246373482194, 25.332527113488737 ], [ 87.616806007293505, 25.336915882675235 ], [ 87.61302940913302, 25.345083329022302 ], [ 87.610107469008867, 25.366777505944174 ], [ 87.603919986745922, 25.378416126438747 ], [ 87.598525926516714, 25.382638953618191 ], [ 87.586166459991503, 25.381444851567451 ], [ 87.583167974864097, 25.382194425599302 ], [ 87.58008576273312, 25.385694516748035 ], [ 87.574447703493533, 25.399026955314586 ], [ 87.574165337481531, 25.402833982476359 ], [ 87.579086330690643, 25.410583549805672 ], [ 87.580696043759048, 25.413139396914282 ], [ 87.580108631734092, 25.424999147418248 ], [ 87.577247549612508, 25.428916928584734 ], [ 87.557975785793573, 25.443611112209148 ], [ 87.552001873539723, 25.445333469282339 ], [ 87.549079933415555, 25.447971342394432 ], [ 87.542053291116957, 25.456693692765079 ], [ 87.54155735509589, 25.460750577937475 ] ] ] } },
{ "type": "Feature", "properties": { "F_CODE_DES": "River/Stream", "HYC_DESCRI": "Perennial/Permanent", "NAM": "UNK", "ISO": "IND", "NAME_0": "India" }, "geometry": { "type": "MultiLineString", "coordinates": [ [ [ 87.901222291379511, 26.119806268943435 ], [ 87.896331727171699, 26.115999241781658 ], [ 87.89302819603131, 26.11086089856331 ], [ 87.888191307825778, 26.107471372419276 ], [ 87.882248013573218, 26.105806282348517 ], [ 87.876892131345627, 26.101388974160809 ], [ 87.873001188180282, 26.093915913843247 ] ] ] } },
{ "type": "Feature", "properties": { "F_CODE_DES": "River/Stream", "HYC_DESCRI": "Perennial/Permanent", "NAM": "UNK", "ISO": "IND", "NAME_0": "India" }, "geometry": { "type": "MultiLineString", "coordinates": [ [ [ 87.863029547756554, 26.076999657124407 ], [ 87.862556480736444, 26.082111351341624 ], [ 87.865219112849587, 26.088111912596613 ], [ 87.873001188180282, 26.093915913843247 ] ] ] } },
{ "type": "Feature", "properties": { "F_CODE_DES": "River/Stream", "HYC_DESCRI": "Perennial/Permanent", "NAM": "UNK", "ISO": "IND", "NAME_0": "India" }, "geometry": { "type": "MultiLineString", "coordinates": [ [ [ 87.75602719320959, 26.07102782387064 ], [ 87.760246240388867, 26.071277681881256 ], [ 87.764503465569774, 26.076805176116146 ], [ 87.775802642049925, 26.077833147159826 ], [ 87.780113165233089, 26.079778713242501 ], [ 87.787307828538829, 26.088361770607229 ], [ 87.790168721660393, 26.089500495655621 ], [ 87.800857617114616, 26.087804787583561 ], [ 87.804641775275414, 26.093555490827931 ], [ 87.809219355469935, 26.095916667928268 ], [ 87.799919043074723, 26.10199925518674 ], [ 87.801918096159667, 26.104444537290654 ], [ 87.806137143338958, 26.104499725292996 ], [ 87.808418184435894, 26.107778497432328 ], [ 87.807807903409952, 26.110137973532588 ], [ 87.801612861146708, 26.112499150632928 ], [ 87.801109365125313, 26.116750705813594 ], [ 87.802223142172636, 26.120082775955183 ], [ 87.814552368696553, 26.127832343284496 ], [ 87.815361099730922, 26.12991720237309 ], [ 87.813583365655376, 26.131666208447413 ], [ 87.802169844170379, 26.128334138305817 ], [ 87.800277765089973, 26.12777715528215 ], [ 87.799026396036794, 26.13077734140964 ], [ 87.800636298105204, 26.135166110596138 ], [ 87.806251488343818, 26.139583607783855 ], [ 87.809524590482908, 26.148971616182791 ] ] ] } },
{ "type": "Feature", "properties": { "F_CODE_DES": "River/Stream", "HYC_DESCRI": "Perennial/Permanent", "NAM": "UNK", "ISO": "IND", "NAME_0": "India" }, "geometry": { "type": "MultiLineString", "coordinates": [ [ [ 87.75602719320959, 26.07102782387064 ], [ 87.75630181022126, 26.076723150112656 ], [ 87.753753712112967, 26.081693661323875 ], [ 87.756362857223849, 26.087083752552921 ], [ 87.76750176169719, 26.08536139547973 ], [ 87.76947019678083, 26.087388987565895 ], [ 87.763946482546103, 26.093526762826713 ], [ 87.75508124816939, 26.094305064859785 ], [ 87.76155846744463, 26.102083171190309 ], [ 87.760307287391456, 26.105527885336688 ], [ 87.764251717559077, 26.109361561499597 ], [ 87.769195579769161, 26.110027219527883 ], [ 87.770530675825896, 26.112917029650681 ], [ 87.764861998585005, 26.12647248822671 ], [ 87.761611954446906, 26.141195210852338 ], [ 87.75727837326275, 26.142305396899516 ], [ 87.756752008240383, 26.142444689905432 ], [ 87.756500260229686, 26.146472847076609 ], [ 87.764137183554212, 26.154417084414192 ], [ 87.763610818531845, 26.157806421558217 ], [ 87.761306719433932, 26.157888447561703 ], [ 87.753555262104541, 26.158222221575883 ], [ 87.753829879116211, 26.163499857800154 ], [ 87.758193889301651, 26.166694713935918 ], [ 87.75688941124622, 26.168861410027986 ], [ 87.750808713987823, 26.168472259011452 ], [ 87.744415221716139, 26.171361880134242 ], [ 87.735443202334892, 26.175443713307697 ], [ 87.734474199293714, 26.179056259461209 ], [ 87.736610466384491, 26.184694318700792 ], [ 87.729942357101137, 26.192138651017132 ] ] ] } },
{ "type": "Feature", "properties": { "F_CODE_DES": "River/Stream", "HYC_DESCRI": "Perennial/Permanent", "NAM": "UNK", "ISO": "IND", "NAME_0": "India" }, "geometry": { "type": "MultiLineString", "coordinates": [ [ [ 87.863525483777622, 26.064306227585014 ], [ 87.865303028853162, 26.066778158690056 ], [ 87.863029547756554, 26.076999657124407 ] ] ] } },
{ "type": "Feature", "properties": { "F_CODE_DES": "River/Stream", "HYC_DESCRI": "Perennial/Permanent", "NAM": "UNK", "ISO": "IND", "NAME_0": "India" }, "geometry": { "type": "MultiLineString", "coordinates": [ [ [ 87.856140119463788, 26.061222125453956 ], [ 87.854553275396356, 26.066999477699461 ], [ 87.855636623442393, 26.070110228831648 ], [ 87.863029547756554, 26.076999657124407 ] ] ] } },
{ "type": "Feature", "properties": { "F_CODE_DES": "River/Stream", "HYC_DESCRI": "Perennial/Permanent", "NAM": "UNK", "ISO": "IND", "NAME_0": "India" }, "geometry": { "type": "MultiLineString", "coordinates": [ [ [ 87.737220747410419, 26.063972453570827 ], [ 87.74261480763964, 26.059722977390251 ], [ 87.742752021645472, 26.059694249389032 ], [ 87.748886016906127, 26.058639440344209 ], [ 87.750640881980701, 26.065750187646373 ], [ 87.75602719320959, 26.07102782387064 ] ] ] } },
{ "type": "Feature", "properties": { "F_CODE_DES": "River/Stream", "HYC_DESCRI": "Perennial/Permanent", "NAM": "UNK", "ISO": "IND", "NAME_0": "India" }, "geometry": { "type": "MultiLineString", "coordinates": [ [ [ 87.859252949596069, 26.048610721918045 ], [ 87.863525483777622, 26.064306227585014 ] ] ] } },
{ "type": "Feature", "properties": { "F_CODE_DES": "River/Stream", "HYC_DESCRI": "Perennial/Permanent", "NAM": "UNK", "ISO": "IND", "NAME_0": "India" }, "geometry": { "type": "MultiLineString", "coordinates": [ [ [ 87.856140119463788, 26.061222125453956 ], [ 87.853446869349341, 26.05880538235126 ], [ 87.849746627192104, 26.050693502006553 ], [ 87.848030129119167, 26.039583136534425 ] ] ] } },
{ "type": "Feature", "properties": { "F_CODE_DES": "River/Stream", "HYC_DESCRI": "Perennial/Permanent", "NAM": "UNK", "ISO": "IND", "NAME_0": "India" }, "geometry": { "type": "MultiLineString", "coordinates": [ [ [ 87.848030129119167, 26.039583136534425 ], [ 87.849197393168765, 26.03044517514612 ] ] ] } },
{ "type": "Feature", "properties": { "F_CODE_DES": "River/Stream", "HYC_DESCRI": "Perennial/Permanent", "NAM": "UNK", "ISO": "IND", "NAME_0": "India" }, "geometry": { "type": "MultiLineString", "coordinates": [ [ [ 87.849197393168765, 26.03044517514612 ], [ 87.843414370923014, 26.026666686985557 ], [ 87.841278103832238, 26.021667447773119 ], [ 87.842086834866606, 26.019111600664509 ] ] ] } },
{ "type": "Feature", "properties": { "F_CODE_DES": "River/Stream", "HYC_DESCRI": "Perennial/Permanent", "NAM": "MAHANANDA", "ISO": "IND", "NAME_0": "India" }, "geometry": { "type": "MultiLineString", "coordinates": [ [ [ 87.838722256723628, 26.017334055588975 ], [ 87.842086834866606, 26.019111600664509 ] ] ] } },
{ "type": "Feature", "properties": { "F_CODE_DES": "River/Stream", "HYC_DESCRI": "Perennial/Permanent", "NAM": "MAHANANDA", "ISO": "IND", "NAME_0": "India" }, "geometry": { "type": "MultiLineString", "coordinates": [ [ [ 87.830360329368304, 25.999721522840545 ], [ 87.829170196317733, 26.003999727022343 ], [ 87.831336892409794, 26.0098324562702 ], [ 87.834861742559582, 26.01497268948863 ], [ 87.838722256723628, 26.017334055588975 ] ] ] } },
{ "type": "Feature", "properties": { "F_CODE_DES": "River/Stream", "HYC_DESCRI": "Perennial/Permanent", "NAM": "MAHANANDA", "ISO": "IND", "NAME_0": "India" }, "geometry": { "type": "MultiLineString", "coordinates": [ [ [ 87.829055851312873, 25.983055124132321 ], [ 87.836082493611457, 25.987861583336567 ], [ 87.836690474733658, 25.988784175517328 ] ], [ [ 87.838394248974438, 25.991369599200588 ], [ 87.839815347973271, 25.99352607211814 ] ], [ [ 87.846699435471194, 26.01433944322449 ], [ 87.845222533999859, 26.016221979541719 ], [ 87.842086834866606, 26.019111600664509 ] ] ] } },
{ "type": "Feature", "properties": { "F_CODE_DES": "River/Stream", "HYC_DESCRI": "Perennial/Permanent", "NAM": "MAHANANDA", "ISO": "IND", "NAME_0": "India" }, "geometry": { "type": "MultiLineString", "coordinates": [ [ [ 87.830360329368304, 25.999721522840545 ], [ 87.824752888130021, 25.994861576634026 ], [ 87.823165855062584, 25.991332946484079 ], [ 87.829055851312873, 25.983055124132321 ] ] ] } },
{ "type": "Feature", "properties": { "F_CODE_DES": "River/Stream", "HYC_DESCRI": "Perennial/Permanent", "NAM": "MAHANANDA", "ISO": "IND", "NAME_0": "India" }, "geometry": { "type": "MultiLineString", "coordinates": [ [ [ 87.829055851312873, 25.983055124132321 ], [ 87.826667836211385, 25.982111069092205 ], [ 87.822166423020107, 25.976165695839562 ], [ 87.821426416507407, 25.973280789941199 ] ], [ [ 87.822798218154972, 25.966120898561197 ], [ 87.817983981759028, 25.958600471632103 ] ], [ [ 87.81679625136475, 25.956745091275387 ], [ 87.813224832640145, 25.951166097777225 ], [ 87.81925517335381, 25.932108985408373 ] ], [ [ 87.808958302020898, 25.91977294199501 ], [ 87.790031507654561, 25.917028349326575 ], [ 87.786109946487926, 25.913804954189601 ], [ 87.784027166399412, 25.909250242996052 ], [ 87.785774282473653, 25.902416191705647 ], [ 87.793640084807905, 25.888500121114294 ], [ 87.79907988303907, 25.878833715703529 ], [ 87.799003527035822, 25.876722396613811 ] ] ] } },
{ "type": "Feature", "properties": { "F_CODE_DES": "River/Stream", "HYC_DESCRI": "Perennial/Permanent", "NAM": "UNK", "ISO": "IND", "NAME_0": "India" }, "geometry": { "type": "MultiLineString", "coordinates": [ [ [ 87.737220747410419, 26.063972453570827 ], [ 87.735084480319642, 26.058750194348914 ], [ 87.736083912362105, 26.055555338213154 ], [ 87.738502545464883, 26.053388642121078 ], [ 87.738555843467154, 26.053333265118724 ], [ 87.743637108683075, 26.052278456073903 ], [ 87.746696451813079, 26.047721854880272 ], [ 87.74089056056637, 26.034221584306593 ], [ 87.742195038621801, 26.032278097224008 ], [ 87.746833854818917, 26.031665737197983 ], [ 87.753723094111677, 26.033500738275961 ], [ 87.757446205269886, 26.032917106251162 ], [ 87.758941573333431, 26.030305882140198 ], [ 87.756469642228382, 26.023027491830909 ], [ 87.748725933899323, 26.017610562600723 ], [ 87.741363438586461, 26.01497268948863 ], [ 87.738113394448348, 26.011278117331631 ], [ 87.736663764386748, 26.00563816809197 ], [ 87.743667537684374, 26.005138452070732 ], [ 87.758415208311064, 26.010471276297345 ], [ 87.76372535253671, 26.004110292027043 ], [ 87.765724216621649, 25.997055110727239 ], [ 87.759780922369089, 25.985694887244495 ], [ 87.764167801555516, 25.980222770011963 ], [ 87.764274586560049, 25.977472252895083 ], [ 87.754859929159977, 25.976360365847832 ], [ 87.753166111088007, 25.974971782788828 ], [ 87.755607613191756, 25.972749709694405 ], [ 87.764389120564914, 25.970277778589359 ], [ 87.776527457080718, 25.970222401587009 ], [ 87.778778069176354, 25.968416128510249 ], [ 87.778335620157563, 25.964222029332028 ], [ 87.772468492908246, 25.95452689592004 ], [ 87.771751426877771, 25.949277798696986 ], [ 87.773780908964014, 25.938194271226003 ], [ 87.763191238514011, 25.922555843561462 ], [ 87.767303500688755, 25.911611609096397 ], [ 87.764274586560049, 25.905195247823741 ], [ 87.769081045764295, 25.890832948213426 ], [ 87.778442405162096, 25.886417341025791 ], [ 87.783775418388714, 25.871416032388321 ], [ 87.787139807531688, 25.868528301265613 ], [ 87.791419901713567, 25.870056177330536 ], [ 87.799003527035822, 25.876722396613811 ] ] ] } },
{ "type": "Feature", "properties": { "F_CODE_DES": "River/Stream", "HYC_DESCRI": "Perennial/Permanent", "NAM": "MAHANANDA", "ISO": "IND", "NAME_0": "India" }, "geometry": { "type": "MultiLineString", "coordinates": [ [ [ 87.799003527035822, 25.876722396613811 ], [ 87.800941533118177, 25.86436085108852 ], [ 87.80371851023618, 25.858972460859544 ], [ 87.803497380226787, 25.854555152671836 ], [ 87.801803562154802, 25.851055061523102 ], [ 87.798805266027401, 25.844804831257505 ], [ 87.794052104825411, 25.8384438469872 ], [ 87.786552395506718, 25.833250126766497 ], [ 87.784690934427616, 25.828666687571726 ], [ 87.786636311510293, 25.82522197342535 ], [ 87.794280983835137, 25.819416082178634 ], [ 87.796997102950556, 25.813167552913107 ], [ 87.794502302844549, 25.80544463458493 ], [ 87.782417264331002, 25.796888415221339 ], [ 87.778778069176354, 25.784750078705532 ] ] ] } },
{ "type": "Feature", "properties": { "F_CODE_DES": "River/Stream", "HYC_DESCRI": "Perennial/Permanent", "NAM": "MAHANANDA", "ISO": "IND", "NAME_0": "India" }, "geometry": { "type": "MultiLineString", "coordinates": [ [ [ 87.799194417043935, 25.768278161005576 ], [ 87.798332199007291, 25.769777309069276 ], [ 87.790412909670778, 25.770000518078763 ], [ 87.782722499343976, 25.77022164808816 ] ] ] } },
{ "type": "Feature", "properties": { "F_CODE_DES": "River/Stream", "HYC_DESCRI": "Perennial/Permanent", "NAM": "MAHANANDA", "ISO": "IND", "NAME_0": "India" }, "geometry": { "type": "MultiLineString", "coordinates": [ [ [ 87.913497841901147, 25.644138419730371 ], [ 87.908226064677137, 25.648082660897977 ], [ 87.907890400662865, 25.648332518908596 ], [ 87.904525822519901, 25.650833178014857 ], [ 87.89994805332536, 25.652082468067945 ], [ 87.885169953697385, 25.650167519986571 ], [ 87.892776448020612, 25.658111568324145 ], [ 87.894142162078651, 25.662277128501159 ], [ 87.892555318011219, 25.667610141727778 ], [ 87.879219099444512, 25.689527527659138 ], [ 87.877281282362162, 25.697221717986096 ], [ 87.879135183440937, 25.701999638189129 ], [ 87.886528107755097, 25.708889066481888 ], [ 87.886718808763206, 25.709083547490152 ], [ 87.885803292724304, 25.709888498524357 ], [ 87.883750941637089, 25.711721420602245 ], [ 87.882194526570942, 25.713083354660121 ], [ 87.878471415412733, 25.716388775800581 ], [ 87.873832788215623, 25.716999056826516 ], [ 87.865219112849587, 25.7127227426448 ], [ 87.861503561691705, 25.712862035650716 ], [ 87.85933686559963, 25.714500476720339 ], [ 87.856109690462489, 25.71688849182182 ], [ 87.854637191399917, 25.720333016968191 ], [ 87.860084549631409, 25.731111498426209 ], [ 87.857803319534469, 25.737112059681198 ], [ 87.848663279146066, 25.745111485021127 ], [ 87.845611496016389, 25.753889023394123 ], [ 87.839614903761571, 25.755416899459046 ], [ 87.839530987757996, 25.76302717378244 ], [ 87.832168492445135, 25.769889764074058 ], [ 87.829635703337502, 25.765972171907585 ], [ 87.831527782417908, 25.761667318724651 ], [ 87.82655330220652, 25.760389300670344 ], [ 87.82211312501785, 25.755277606453127 ], [ 87.81955727790924, 25.755388171457824 ], [ 87.8135298786531, 25.765583020891047 ], [ 87.810836817538672, 25.767583774976067 ], [ 87.805580160315287, 25.765277785878077 ] ] ] } },
{ "type": "Feature", "properties": { "F_CODE_DES": "River/Stream", "HYC_DESCRI": "Perennial/Permanent", "NAM": "UNK", "ISO": "IND", "NAME_0": "India" }, "geometry": { "type": "MultiLineString", "coordinates": [ [ [ 88.067695577453648, 25.508249303955889 ], [ 88.066719014412143, 25.502805725724571 ], [ 88.068496748487689, 25.496999834477855 ] ] ] } },
{ "type": "Feature", "properties": { "F_CODE_DES": "River/Stream", "HYC_DESCRI": "Perennial/Permanent", "NAM": "MAHANANDA", "ISO": "IND", "NAME_0": "India" }, "geometry": { "type": "MultiLineString", "coordinates": [ [ [ 88.068496748487689, 25.496999834477855 ], [ 88.061332703183254, 25.493083943311451 ], [ 88.057830722034439, 25.488388049111904 ], [ 88.053947527869425, 25.490028380181606 ], [ 88.042915408400631, 25.488166730102499 ], [ 88.042190136206983, 25.489063526240184 ] ], [ [ 88.039973798227734, 25.492052973525151 ], [ 88.037498479170438, 25.500667568633709 ], [ 88.034774800054706, 25.50183294268323 ], [ 88.034164519028778, 25.494667007378723 ], [ 88.031555184917892, 25.493528282330331 ], [ 88.012779168120019, 25.508693642974769 ], [ 88.009971573000712, 25.508193926953535 ], [ 88.009324029541219, 25.507287658193281 ] ], [ [ 88.006378886000206, 25.50316578568178 ], [ 88.00469204677637, 25.500804971639546 ], [ 88.000724747607777, 25.500555113628931 ], [ 87.997863854486212, 25.503639215759989 ], [ 87.994583192346795, 25.51199906411523 ], [ 87.987968381065713, 25.514833497235678 ], [ 87.986544917405439, 25.516243724543063 ] ], [ [ 87.99257605776063, 25.522171692457025 ], [ 87.993942293319563, 25.522611603566201 ], [ 87.995246960374999, 25.524026835626341 ], [ 87.996917720446007, 25.525861647704311 ], [ 87.995666540392833, 25.528667541823545 ], [ 87.986419714999897, 25.525667166696046 ], [ 87.984970084938297, 25.528888671832938 ], [ 87.976058923559634, 25.527805323786904 ], [ 87.971832316380016, 25.531555083946245 ], [ 87.970495057003262, 25.531328173806845 ] ], [ [ 87.965400152969693, 25.534697401678809 ], [ 87.964775056080128, 25.539472672282699 ], [ 87.961944591959849, 25.538333947234307 ], [ 87.951332052508889, 25.544916061514009 ], [ 87.947608941350666, 25.549499500708777 ], [ 87.951805119528984, 25.559055341114842 ], [ 87.950302191465113, 25.566083873413515 ], [ 87.940277064039108, 25.574750846781811 ], [ 87.930862406639037, 25.577667305905742 ], [ 87.925109813394599, 25.583415930150025 ], [ 87.921974114261346, 25.594749504631636 ], [ 87.919975250176407, 25.594554834623359 ], [ 87.910026478753636, 25.59355540258089 ], [ 87.905975263581482, 25.596250542695419 ], [ 87.904197718505955, 25.602472233959805 ], [ 87.905975263581482, 25.615055098494501 ], [ 87.916526756029867, 25.616332927548804 ], [ 87.920165951184501, 25.619333302676299 ], [ 87.920944253217584, 25.62522310992658 ], [ 87.919441136153708, 25.637111588431772 ], [ 87.914642425949793, 25.642805024673709 ], [ 87.913497841901147, 25.644138419730371 ] ] ] } },
{ "type": "Feature", "properties": { "F_CODE_DES": "River/Stream", "HYC_DESCRI": "Perennial/Permanent", "NAM": "UNK", "ISO": "IND", "NAME_0": "India" }, "geometry": { "type": "MultiLineString", "coordinates": [ [ [ 87.242225568376057, 25.414638544977986 ], [ 87.241668774352405, 25.412332555879996 ], [ 87.237586941178947, 25.4091110507431 ], [ 87.222808841550957, 25.406278696622742 ], [ 87.202362064682092, 25.3858889977563 ] ] ] } },
{ "type": "Feature", "properties": { "F_CODE_DES": "River/Stream", "HYC_DESCRI": "Perennial/Permanent", "NAM": "UNK", "ISO": "IND", "NAME_0": "India" }, "geometry": { "type": "MultiLineString", "coordinates": [ [ [ 87.758972191334735, 25.392694510045494 ], [ 87.767135668681632, 25.38833427986021 ], [ 87.767277504898587, 25.388152085217623 ] ], [ [ 87.772425548440225, 25.37828961041761 ], [ 87.774246226983777, 25.367555618977242 ] ] ] } },
{ "type": "Feature", "properties": { "F_CODE_DES": "River/Stream", "HYC_DESCRI": "Perennial/Permanent", "NAM": "UNK", "ISO": "IND", "NAME_0": "India" }, "geometry": { "type": "MultiLineString", "coordinates": [ [ [ 87.674774199756811, 25.319805144948127 ], [ 87.679336470950687, 25.313278218670774 ], [ 87.679031424937719, 25.311611238599937 ], [ 87.679078078296655, 25.31158658356831 ] ], [ [ 87.685324527011176, 25.308285505272735 ], [ 87.690759825078132, 25.305413098038027 ] ], [ [ 87.697957024171529, 25.301609574019501 ], [ 87.698059000746284, 25.301555682172634 ] ] ] } },
{ "type": "Feature", "properties": { "F_CODE_DES": "River/Stream", "HYC_DESCRI": "Perennial/Permanent", "NAM": "MAHANANDA", "ISO": "IND", "NAME_0": "India" }, "geometry": { "type": "MultiLineString", "coordinates": [ [ [ 88.071226782418336, 25.481004607328224 ], [ 88.070747360583326, 25.481695180827494 ], [ 88.070640575578793, 25.488250646106064 ], [ 88.070503172572955, 25.495222100402309 ], [ 88.068496748487689, 25.496999834477855 ] ] ] } },
{ "type": "Feature", "properties": { "F_CODE_DES": "River/Stream", "HYC_DESCRI": "Perennial/Permanent", "NAM": "UNK", "ISO": "IND", "NAME_0": "India" }, "geometry": { "type": "MultiLineString", "coordinates": [ [ [ 87.861513957519222, 25.284859510354298 ], [ 87.856613186483898, 25.285777961502177 ], [ 87.848419280135701, 25.288860362633159 ], [ 87.841003486820568, 25.293806114843324 ], [ 87.834197974531378, 25.301916105187949 ], [ 87.833231307155103, 25.306315605393532 ] ], [ [ 87.793055863971247, 25.366822915914142 ], [ 87.789802628644836, 25.367332409967755 ], [ 87.784248296408819, 25.363138121789525 ], [ 87.779586800210723, 25.362693782770641 ], [ 87.776863121094991, 25.363861046820244 ], [ 87.774246226983777, 25.367555618977242 ] ] ] } },
{ "type": "Feature", "properties": { "F_CODE_DES": "River/Stream", "HYC_DESCRI": "Perennial/Permanent", "NAM": "UNK", "ISO": "IND", "NAME_0": "India" }, "geometry": { "type": "MultiLineString", "coordinates": [ [ [ 87.806641537893555, 25.243805509006673 ], [ 87.815612847741619, 25.245639840796542 ], [ 87.82164005799774, 25.245805782803593 ], [ 87.823608304081375, 25.243610358710299 ], [ 87.824081371101485, 25.239139563520318 ], [ 87.822670986288188, 25.23530645628508 ] ] ] } },
{ "type": "Feature", "properties": { "F_CODE_DES": "River/Stream", "HYC_DESCRI": "Perennial/Permanent", "NAM": "UNK", "ISO": "IND", "NAME_0": "India" }, "geometry": { "type": "MultiLineString", "coordinates": [ [ [ 88.048056906429977, 25.668694508459243 ], [ 88.0446700844752, 25.674722590030015 ], [ 88.043998756446669, 25.679611264237757 ], [ 88.047859270610715, 25.686639796536426 ], [ 88.048101375618629, 25.695337739211865 ] ], [ [ 88.047546559555229, 25.697371248332601 ], [ 88.047189507321846, 25.697727689140279 ] ], [ [ 88.045081719773236, 25.699831867257608 ], [ 88.044830356482009, 25.700082800107673 ], [ 88.040428596014934, 25.701573464391913 ] ] ] } },
{ "type": "Feature", "properties": { "F_CODE_DES": "River/Stream", "HYC_DESCRI": "Perennial/Permanent", "NAM": "UNK", "ISO": "IND", "NAME_0": "India" }, "geometry": { "type": "MultiLineString", "coordinates": [ [ [ 88.048686916195095, 25.659242340024548 ], [ 88.047998754937652, 25.655194529095883 ] ], [ [ 88.047381762977565, 25.651565340774212 ], [ 88.046775733564672, 25.648000634894494 ], [ 88.045112533493992, 25.647028040853161 ], [ 88.03983300726965, 25.648721669925131 ], [ 88.038509604312992, 25.646988651763316 ] ], [ [ 88.039095293998884, 25.642425768435544 ], [ 88.039474474254419, 25.641777053630026 ], [ 88.041462856414611, 25.641429457154395 ] ], [ [ 88.04344070104429, 25.636842267415513 ], [ 88.042221022371123, 25.636583333409323 ], [ 88.039054894236585, 25.633750979288966 ], [ 88.03688819814451, 25.628026925045727 ], [ 88.0352782960761, 25.623777448865148 ], [ 88.035781363464579, 25.622824167639639 ] ], [ [ 88.037991707733767, 25.615507931918248 ], [ 88.037750227181149, 25.613082883410694 ], [ 88.031501697915616, 25.609556143260829 ], [ 88.033543643534614, 25.607271134946171 ] ], [ [ 88.033659449325157, 25.602666834520729 ], [ 88.0331955159876, 25.601667471925609 ], [ 88.033551075836257, 25.601127016383277 ] ] ] } },
{ "type": "Feature", "properties": { "F_CODE_DES": "River/Stream", "HYC_DESCRI": "Perennial/Permanent", "NAM": "UNK", "ISO": "IND", "NAME_0": "India" }, "geometry": { "type": "MultiLineString", "coordinates": [ [ [ 88.029372487615589, 25.569928040393581 ], [ 88.026107826686413, 25.568138114500808 ], [ 88.02088934746466, 25.571111651627163 ], [ 88.011558606068149, 25.570249622590534 ], [ 87.997665404477772, 25.576555229858485 ], [ 87.99508668836819, 25.580888811042637 ], [ 87.996528569429472, 25.586305551272815 ], [ 87.99508668836819, 25.589750265419198 ], [ 87.988861028103642, 25.591083471475848 ], [ 87.987525932046907, 25.597055493729627 ], [ 87.993247907290055, 25.608444256213581 ], [ 87.990524228174323, 25.614471466469702 ], [ 87.985778815972665, 25.62205509179196 ], [ 87.972137362392985, 25.624332352888729 ], [ 87.969612133285679, 25.629304943100035 ], [ 87.970359817317444, 25.634777060332567 ], [ 87.973503076451024, 25.637695220456571 ], [ 87.977943442639713, 25.641834320632462 ], [ 87.972335812401411, 25.64611044581417 ], [ 87.960052512879443, 25.652334216078643 ], [ 87.954719499652825, 25.652334216078643 ], [ 87.953193702587996, 25.64541624878467 ], [ 87.949081440413238, 25.64686209884611 ], [ 87.946723854313063, 25.651193601030172 ], [ 87.941528244092282, 25.645276955778751 ], [ 87.947807391359106, 25.64036182156989 ], [ 87.94394687719506, 25.637582765451796 ], [ 87.922386134278852, 25.644388277740987 ], [ 87.920196569185805, 25.644332900738632 ], [ 87.913497841901147, 25.644138419730371 ] ] ] } },
{ "type": "Feature", "properties": { "F_CODE_DES": "River/Stream", "HYC_DESCRI": "Perennial/Permanent", "NAM": "UNK", "ISO": "IND", "NAME_0": "India" }, "geometry": { "type": "MultiLineString", "coordinates": [ [ [ 88.034264755737752, 25.552089884425019 ], [ 88.033225944988885, 25.54838950366161 ], [ 88.034469565041732, 25.545610447543517 ], [ 88.035438302285357, 25.545079749505547 ] ], [ [ 88.046245590244737, 25.539159251916022 ], [ 88.048309279629834, 25.538028712221337 ], [ 88.062362753227035, 25.521999432540188 ], [ 88.06483468433207, 25.511528076095217 ], [ 88.066250693937732, 25.509905235727977 ] ], [ [ 88.067087229641061, 25.508946510658198 ], [ 88.067695577453648, 25.508249303955889 ] ] ] } },
{ "type": "Feature", "properties": { "F_CODE_DES": "River/Stream", "HYC_DESCRI": "Perennial/Permanent", "NAM": "UNK", "ISO": "IND", "NAME_0": "India" }, "geometry": { "type": "MultiLineString", "coordinates": [ [ [ 88.068660980976546, 25.508514928569419 ], [ 88.067695577453648, 25.508249303955889 ] ] ] } },
{ "type": "Feature", "properties": { "F_CODE_DES": "River/Stream", "HYC_DESCRI": "Perennial/Permanent", "NAM": "UNK", "ISO": "IND", "NAME_0": "India" }, "geometry": { "type": "MultiLineString", "coordinates": [ [ [ 87.54328128343829, 25.282045173414897 ], [ 87.538948020985003, 25.282527917364067 ], [ 87.523994145143476, 25.287174069219237 ] ], [ [ 87.487526501736397, 25.287936977353528 ], [ 87.473831092217921, 25.285249706479725 ], [ 87.469276381024372, 25.287332486568232 ], [ 87.460640025657383, 25.296333233950712 ], [ 87.459052992589946, 25.299138939069937 ], [ 87.446662908063431, 25.320943869996519 ], [ 87.44291692790425, 25.324916839165347 ], [ 87.430419869373196, 25.330888672419114 ], [ 87.417198184811355, 25.341527860871217 ], [ 87.411003142548111, 25.348527854168672 ], [ 87.409530643485539, 25.356611195512166 ], [ 87.410697907535138, 25.362054773743488 ], [ 87.415527424740361, 25.370750475113002 ], [ 87.412719640621049, 25.381000512548567 ], [ 87.399559003061796, 25.392278710027824 ] ] ] } },
{ "type": "Feature", "properties": { "F_CODE_DES": "River/Stream", "HYC_DESCRI": "Non-Perennial/Intermittent/Fluctuating", "NAM": "UNK", "ISO": "IND", "NAME_0": "India" }, "geometry": { "type": "MultiLineString", "coordinates": [ [ [ 87.499558441863712, 25.265605686955009 ], [ 87.494941637114991, 25.264804819610941 ] ] ] } },
{ "type": "Feature", "properties": { "F_CODE_DES": "River/Stream", "HYC_DESCRI": "Non-Perennial/Intermittent/Fluctuating", "NAM": "UNK", "ISO": "IND", "NAME_0": "India" }, "geometry": { "type": "MultiLineString", "coordinates": [ [ [ 87.222137513522441, 25.255250869204954 ], [ 87.228248639782123, 25.253139550115236 ], [ 87.22830193778438, 25.253110822114017 ], [ 87.231140150904992, 25.250360493997142 ], [ 87.231666515927358, 25.249834128974776 ], [ 87.234359766041806, 25.242555549665479 ], [ 87.233558595007764, 25.240472769576975 ], [ 87.226135241692319, 25.235027301345575 ], [ 87.225555389667676, 25.232721312247584 ], [ 87.229583735838858, 25.22941589110712 ], [ 87.248336883635758, 25.228082685050467 ], [ 87.255165075925916, 25.225500188940728 ], [ 87.26730341244172, 25.21638868755354 ], [ 87.275749255800619, 25.213333124423698 ], [ 87.301635830900636, 25.210695251311606 ] ] ] } },
{ "type": "Feature", "properties": { "F_CODE_DES": "River/Stream", "HYC_DESCRI": "Perennial/Permanent", "NAM": "UNK", "ISO": "IND", "NAME_0": "India" }, "geometry": { "type": "MultiLineString", "coordinates": [ [ [ 86.937415994423461, 25.948667517671055 ], [ 86.932830854228612, 25.956027933983826 ], [ 86.932472321213382, 25.958749723099487 ], [ 86.931053120153081, 25.96938891155159 ], [ 86.926223791947862, 25.976528197854968 ], [ 86.915580823495588, 25.985137904220828 ] ] ] } },
{ "type": "Feature", "properties": { "F_CODE_DES": "River/Stream", "HYC_DESCRI": "Perennial/Permanent", "NAM": "UNK", "ISO": "IND", "NAME_0": "India" }, "geometry": { "type": "MultiLineString", "coordinates": [ [ [ 86.948997536915599, 25.896499546454223 ], [ 86.947975235872164, 25.898195254526279 ], [ 86.945945753785921, 25.901472136665529 ], [ 86.946167072795333, 25.906749772889796 ], [ 86.961418239443418, 25.941722901375947 ], [ 86.961135873431417, 25.945943838555312 ], [ 86.956581162237867, 25.954555434921254 ] ] ] } },
{ "type": "Feature", "properties": { "F_CODE_DES": "River/Stream", "HYC_DESCRI": "Perennial/Permanent", "NAM": "UNK", "ISO": "IND", "NAME_0": "India" }, "geometry": { "type": "MultiLineString", "coordinates": [ [ [ 86.93902589649187, 25.892000212263028 ], [ 86.938774148481173, 25.896305065445958 ], [ 86.938362128463666, 25.904054632775271 ], [ 86.939666795519102, 25.913084108158969 ], [ 86.942085239621875, 25.920415796470522 ], [ 86.949752780947705, 25.930276871889561 ], [ 86.937415994423461, 25.948667517671055 ] ] ] } },
{ "type": "Feature", "properties": { "F_CODE_DES": "River/Stream", "HYC_DESCRI": "Perennial/Permanent", "NAM": "UNK", "ISO": "IND", "NAME_0": "India" }, "geometry": { "type": "MultiLineString", "coordinates": [ [ [ 86.948997536915599, 25.896499546454223 ], [ 86.949913052954514, 25.890138562183921 ], [ 86.952468900063124, 25.884332670937205 ] ] ] } },
{ "type": "Feature", "properties": { "F_CODE_DES": "River/Stream", "HYC_DESCRI": "Perennial/Permanent", "NAM": "UNK", "ISO": "IND", "NAME_0": "India" }, "geometry": { "type": "MultiLineString", "coordinates": [ [ [ 86.819526672413858, 25.836055831885723 ], [ 86.835197419079776, 25.85708435077931 ], [ 86.835334822085613, 25.857276941787497 ], [ 86.84549716351745, 25.866443631177024 ], [ 86.855804467955451, 25.872444192432013 ], [ 86.865776108379194, 25.882444371856963 ], [ 86.872497515664804, 25.892055589265382 ], [ 86.874725258759469, 25.895250256401134 ], [ 86.875610345797085, 25.898694970547517 ], [ 86.884414722171215, 25.932527483985197 ], [ 86.888107215328134, 25.94161025737116 ], [ 86.89066306243673, 25.947944592640333 ], [ 86.902084332922072, 25.966554667431151 ], [ 86.908973761214838, 25.977750838906921 ], [ 86.915580823495588, 25.985137904220828 ] ] ] } },
{ "type": "Feature", "properties": { "F_CODE_DES": "River/Stream", "HYC_DESCRI": "Perennial/Permanent", "NAM": "UNK", "ISO": "IND", "NAME_0": "India" }, "geometry": { "type": "MultiLineString", "coordinates": [ [ [ 86.715858467008573, 25.87541583955829 ], [ 86.714469883949576, 25.864250097083811 ], [ 86.717308097070173, 25.852972088604563 ], [ 86.715698195001764, 25.847722991381509 ], [ 86.705833528582573, 25.834749274830202 ], [ 86.702056930422088, 25.804222182532982 ], [ 86.695198120130641, 25.789888421923884 ], [ 86.690696706939349, 25.765083304869812 ] ] ] } },
{ "type": "Feature", "properties": { "F_CODE_DES": "River/Stream", "HYC_DESCRI": "Perennial/Permanent", "NAM": "UNK", "ISO": "IND", "NAME_0": "India" }, "geometry": { "type": "MultiLineString", "coordinates": [ [ [ 86.858612063074759, 25.759500433632574 ], [ 86.863746626292951, 25.765472455886346 ], [ 86.870307950571771, 25.777055699378565 ], [ 86.875335728785416, 25.780694894533212 ], [ 86.885108919200718, 25.780222016513115 ], [ 86.889083778369624, 25.780027346504845 ], [ 86.890335147422803, 25.781888996583952 ], [ 86.885635284223085, 25.792610211039541 ], [ 86.887252746291821, 25.797611151252053 ], [ 86.89002991240983, 25.797306105239088 ], [ 86.895919719660114, 25.787610971827103 ], [ 86.897804238740193, 25.787750264833022 ], [ 86.898475566768724, 25.798084218272155 ], [ 86.89722438671555, 25.802360532453875 ], [ 86.894775324611487, 25.804750437555427 ], [ 86.899139334796928, 25.808834160728964 ], [ 86.903778150994043, 25.802555013462136 ], [ 86.905639612073145, 25.802278506450385 ], [ 86.908691395202837, 25.820139007209352 ], [ 86.910057109260862, 25.821777259278967 ], [ 86.910919138297501, 25.822805419322659 ], [ 86.917610116581827, 25.821083062249471 ], [ 86.919746383672603, 25.822276975300205 ], [ 86.922752428800351, 25.827028246502103 ], [ 86.923858645847346, 25.836721489914009 ], [ 86.934753362310317, 25.846056011310672 ], [ 86.941528256598204, 25.857444773794626 ], [ 86.941917407614739, 25.861028591946919 ], [ 86.938774148481173, 25.863666465059012 ], [ 86.94075014356514, 25.866582924182943 ], [ 86.943862973697421, 25.868360469258477 ], [ 86.953941399125696, 25.869277875297463 ], [ 86.955863907207387, 25.87069518635769 ], [ 86.951362683016114, 25.874666265526436 ], [ 86.953086930089384, 25.876916877622076 ], [ 86.958473241318273, 25.877361216640956 ], [ 86.954971260169458, 25.882778145871143 ] ] ] } },
{ "type": "Feature", "properties": { "F_CODE_DES": "River/Stream", "HYC_DESCRI": "Perennial/Permanent", "NAM": "UNK", "ISO": "IND", "NAME_0": "India" }, "geometry": { "type": "MultiLineString", "coordinates": [ [ [ 86.690696706939349, 25.765083304869812 ], [ 86.682304350582726, 25.753110910361055 ] ] ] } },
{ "type": "Feature", "properties": { "F_CODE_DES": "River/Stream", "HYC_DESCRI": "Perennial/Permanent", "NAM": "UNK", "ISO": "IND", "NAME_0": "India" }, "geometry": { "type": "MultiLineString", "coordinates": [ [ [ 86.682304350582726, 25.753110910361055 ], [ 86.673027096188491, 25.760389300670344 ], [ 86.670944127099986, 25.766361322924119 ], [ 86.677696152386901, 25.778194424426957 ], [ 86.677024824358384, 25.78497309871501 ], [ 86.671691811131751, 25.791694695000636 ], [ 86.670692379089289, 25.795972899182438 ], [ 86.673027096188491, 25.801805439430282 ], [ 86.690864538946485, 25.816223116042949 ], [ 86.693611087063189, 25.820777827236498 ], [ 86.69416807008686, 25.828582771568165 ], [ 86.692749058026564, 25.838361820983714 ], [ 86.691780054985387, 25.845138605271686 ], [ 86.6929168900337, 25.850389403494816 ], [ 86.695663438150405, 25.855138784696635 ], [ 86.701446460396156, 25.860944675943351 ], [ 86.715858467008573, 25.87541583955829 ] ] ] } },
{ "type": "Feature", "properties": { "F_CODE_DES": "River/Stream", "HYC_DESCRI": "Perennial/Permanent", "NAM": "UNK", "ISO": "IND", "NAME_0": "India" }, "geometry": { "type": "MultiLineString", "coordinates": [ [ [ 86.83747108917639, 25.750083886232424 ], [ 86.842719997399442, 25.758972178610122 ], [ 86.868774404506595, 25.780082723507199 ], [ 86.877777041889161, 25.790637995955734 ], [ 86.895751887652978, 25.811695053850535 ], [ 86.904724096034244, 25.824916927412385 ], [ 86.920944265723506, 25.8391380440167 ], [ 86.924972611894688, 25.846944878348445 ], [ 86.928024206024361, 25.852861334599858 ], [ 86.938003595448421, 25.884195267931364 ] ] ] } },
{ "type": "Feature", "properties": { "F_CODE_DES": "River/Stream", "HYC_DESCRI": "Perennial/Permanent", "NAM": "UNK", "ISO": "IND", "NAME_0": "India" }, "geometry": { "type": "MultiLineString", "coordinates": [ [ [ 86.680915767523715, 25.735834041626891 ], [ 86.679473886462446, 25.74644469107778 ], [ 86.682304350582726, 25.753110910361055 ] ] ] } },
{ "type": "Feature", "properties": { "F_CODE_DES": "River/Stream", "HYC_DESCRI": "Perennial/Permanent", "NAM": "UNK", "ISO": "IND", "NAME_0": "India" }, "geometry": { "type": "MultiLineString", "coordinates": [ [ [ 86.826500016710185, 25.732915881502887 ], [ 86.829330480830464, 25.73894498175909 ], [ 86.829864594853163, 25.74633412607308 ], [ 86.827697709761082, 25.756332415497951 ], [ 86.828582796798699, 25.760723074684527 ], [ 86.835586570096311, 25.766834200944214 ], [ 86.839302121254207, 25.778110508423389 ], [ 86.84269712839847, 25.780971590544969 ], [ 86.860748330165535, 25.777805273410422 ], [ 86.864723189334441, 25.794361107113943 ], [ 86.867500355452464, 25.799972517352394 ], [ 86.870056202561059, 25.801527042418456 ], [ 86.872779881676806, 25.803194022489294 ], [ 86.8812255360357, 25.804388124540033 ], [ 86.886024435239619, 25.807582791675788 ], [ 86.888580282348229, 25.813417410923726 ], [ 86.886413586256154, 25.821138439251822 ], [ 86.884330806167654, 25.828556122567029 ], [ 86.885665902224389, 25.832750410745263 ], [ 86.888809161357955, 25.83538809485735 ], [ 86.897087172709718, 25.838054695970662 ], [ 86.913635257412921, 25.849111574440514 ], [ 86.921669080754313, 25.861944107985821 ], [ 86.927108689985459, 25.88097187279439 ], [ 86.930831990143673, 25.886138944013958 ] ] ] } },
{ "type": "Feature", "properties": { "F_CODE_DES": "River/Stream", "HYC_DESCRI": "Perennial/Permanent", "NAM": "UNK", "ISO": "IND", "NAME_0": "India" }, "geometry": { "type": "MultiLineString", "coordinates": [ [ [ 86.680915767523715, 25.735834041626891 ], [ 86.674224789239389, 25.731611214447447 ] ] ] } },
{ "type": "Feature", "properties": { "F_CODE_DES": "River/Stream", "HYC_DESCRI": "Perennial/Permanent", "NAM": "UNK", "ISO": "IND", "NAME_0": "India" }, "geometry": { "type": "MultiLineString", "coordinates": [ [ [ 86.826500016710185, 25.732915881502887 ], [ 86.835083074074916, 25.731361356436828 ], [ 86.83830268921173, 25.742221863898337 ], [ 86.840721133314503, 25.743833466966819 ], [ 86.8421097163735, 25.743804927965606 ], [ 86.84294131640884, 25.735527105613848 ], [ 86.846641558566077, 25.734972012590262 ], [ 86.848587124648759, 25.742082570892414 ], [ 86.845169059503505, 25.750249828239475 ], [ 86.846054146541121, 25.754638597425974 ], [ 86.84894565766399, 25.757083879529883 ], [ 86.858612063074759, 25.759500433632574 ] ] ] } },
{ "type": "Feature", "properties": { "F_CODE_DES": "River/Stream", "HYC_DESCRI": "Perennial/Permanent", "NAM": "UNK", "ISO": "IND", "NAME_0": "India" }, "geometry": { "type": "MultiLineString", "coordinates": [ [ [ 86.825447097665446, 25.729778292369559 ], [ 86.826500016710185, 25.732915881502887 ] ] ] } },
{ "type": "Feature", "properties": { "F_CODE_DES": "River/Stream", "HYC_DESCRI": "Perennial/Permanent", "NAM": "UNK", "ISO": "IND", "NAME_0": "India" }, "geometry": { "type": "MultiLineString", "coordinates": [ [ [ 86.825447097665446, 25.729778292369559 ], [ 86.822166435526029, 25.740667338832278 ], [ 86.822052090521183, 25.755027748442508 ], [ 86.832496608965002, 25.793556156079738 ], [ 86.837081938159855, 25.803556524504693 ], [ 86.84183509936183, 25.811000856821035 ], [ 86.855392447937945, 25.822221787297856 ], [ 86.861892725214162, 25.827638716528046 ], [ 86.870002715558797, 25.83772281195656 ], [ 86.872169411650859, 25.841667242124174 ], [ 86.877052226858353, 25.850584073503086 ], [ 86.885055621198447, 25.874195088506415 ], [ 86.889526416388435, 25.881221730805006 ], [ 86.902252164929209, 25.889028565136748 ], [ 86.903198298969414, 25.889833516170956 ], [ 86.908553992197, 25.894443604366856 ], [ 86.911445692319873, 25.896944074473112 ], [ 86.921333227740035, 25.92683404774326 ], [ 86.926887559976066, 25.937194839183533 ], [ 86.937415994423461, 25.948667517671055 ] ] ] } },
{ "type": "Feature", "properties": { "F_CODE_DES": "River/Stream", "HYC_DESCRI": "Perennial/Permanent", "NAM": "UNK", "ISO": "IND", "NAME_0": "India" }, "geometry": { "type": "MultiLineString", "coordinates": [ [ [ 86.714111350934331, 25.667999292744316 ], [ 86.717780975090278, 25.672082826917844 ], [ 86.711807251836419, 25.680110980258991 ], [ 86.703247063472674, 25.699611623087655 ], [ 86.695999102164677, 25.716110189788743 ], [ 86.685585012722129, 25.724056317126408 ], [ 86.680915767523715, 25.735834041626891 ] ] ] } },
{ "type": "Feature", "properties": { "F_CODE_DES": "River/Stream", "HYC_DESCRI": "Non-Perennial/Intermittent/Fluctuating", "NAM": "UNK", "ISO": "IND", "NAME_0": "India" }, "geometry": { "type": "MultiLineString", "coordinates": [ [ [ 86.825447097665446, 25.729778292369559 ], [ 86.812500030115274, 25.718889245906837 ], [ 86.809028666967762, 25.715972975782911 ], [ 86.791610804227602, 25.711889252609382 ], [ 86.769195592275082, 25.71075052756099 ], [ 86.763526915034205, 25.70861048047005 ], [ 86.756027205715512, 25.701889073184432 ], [ 86.748664899402655, 25.691194507729975 ], [ 86.744636553231473, 25.685361778482118 ], [ 86.73513797982784, 25.675333060055955 ], [ 86.730720482640123, 25.671916884910793 ], [ 86.726974502480942, 25.669055991789222 ], [ 86.721305825240051, 25.667110425706547 ], [ 86.714111350934331, 25.667999292744316 ] ] ] } },
{ "type": "Feature", "properties": { "F_CODE_DES": "River/Stream", "HYC_DESCRI": "Perennial/Permanent", "NAM": "UNK", "ISO": "IND", "NAME_0": "India" }, "geometry": { "type": "MultiLineString", "coordinates": [ [ [ 86.789718536147191, 25.630193621137799 ], [ 86.804191589762212, 25.64141663061471 ], [ 86.804473955774213, 25.641639650624185 ], [ 86.809249796977156, 25.645360871782316 ], [ 86.81136319506696, 25.646999312851939 ], [ 86.819053605393762, 25.658582745344169 ], [ 86.8201369534398, 25.668056559746752 ], [ 86.817718509337027, 25.677415840144462 ], [ 86.817695640336055, 25.688417341611963 ], [ 86.825447097665446, 25.729778292369559 ] ] ] } },
{ "type": "Feature", "properties": { "F_CODE_DES": "River/Stream", "HYC_DESCRI": "Perennial/Permanent", "NAM": "UNK", "ISO": "IND", "NAME_0": "India" }, "geometry": { "type": "MultiLineString", "coordinates": [ [ [ 86.674224789239389, 25.731611214447447 ], [ 86.669723565048116, 25.729860318373042 ], [ 86.665832432882766, 25.725973155207861 ], [ 86.664611870830896, 25.723222638090981 ], [ 86.657669144535873, 25.707445106420529 ], [ 86.662277153731694, 25.694833702884619 ], [ 86.674079826233225, 25.686832387544612 ], [ 86.684860197691336, 25.670639055856491 ], [ 86.691413961969829, 25.671472545891909 ], [ 86.693946751077462, 25.664861703610988 ], [ 86.691947886992523, 25.66088873444216 ], [ 86.682662883597956, 25.655916144230854 ], [ 86.68233496858403, 25.653389025123467 ], [ 86.685142563703337, 25.648221953903896 ], [ 86.684944113694897, 25.643388656698512 ], [ 86.678474454419984, 25.634416637317251 ], [ 86.672279412156726, 25.625804851951301 ], [ 86.670669510088317, 25.623556129855743 ] ] ] } },
{ "type": "Feature", "properties": { "F_CODE_DES": "River/Stream", "HYC_DESCRI": "Perennial/Permanent", "NAM": "UNK", "ISO": "IND", "NAME_0": "India" }, "geometry": { "type": "MultiLineString", "coordinates": [ [ [ 86.604553149278757, 25.624639477901781 ], [ 86.607917727421736, 25.626304567972539 ], [ 86.618888799887941, 25.63169484820159 ], [ 86.627281156244564, 25.63211064821926 ], [ 86.628669739303575, 25.633806167291311 ], [ 86.629608124343449, 25.640306444567535 ], [ 86.631774820435524, 25.640777621587556 ], [ 86.633857789524029, 25.641221960606437 ], [ 86.642639107897182, 25.633556309280692 ], [ 86.645919770036599, 25.634082863303071 ], [ 86.64710990308717, 25.6349448923397 ], [ 86.650474481230148, 25.637306258440042 ], [ 86.65335843235269, 25.636861730421153 ], [ 86.655334427436657, 25.636527956406972 ], [ 86.65847012656991, 25.633472393277128 ], [ 86.657806358541706, 25.628416076062265 ], [ 86.670669510088317, 25.623556129855743 ] ] ] } },
{ "type": "Feature", "properties": { "F_CODE_DES": "River/Stream", "HYC_DESCRI": "Perennial/Permanent", "NAM": "UNK", "ISO": "IND", "NAME_0": "India" }, "geometry": { "type": "MultiLineString", "coordinates": [ [ [ 86.714111350934331, 25.667999292744316 ], [ 86.707168624639309, 25.657222701286376 ], [ 86.705192629555341, 25.648639643921648 ], [ 86.7064742386098, 25.639499603533249 ], [ 86.705390890563763, 25.635749843373908 ], [ 86.697860752243784, 25.633861544293666 ], [ 86.692306609007758, 25.62919418909533 ], [ 86.685890247735102, 25.616777455567693 ], [ 86.683723362643022, 25.61258316738946 ], [ 86.676086439318496, 25.607749870184072 ] ] ] } },
{ "type": "Feature", "properties": { "F_CODE_DES": "River/Stream", "HYC_DESCRI": "Perennial/Permanent", "NAM": "UNK", "ISO": "IND", "NAME_0": "India" }, "geometry": { "type": "MultiLineString", "coordinates": [ [ [ 86.662307771732983, 25.606500580130984 ], [ 86.660720738665546, 25.607250154162838 ], [ 86.658416828567653, 25.608333502208872 ], [ 86.657302862520311, 25.610055859282063 ], [ 86.657669144535873, 25.610860810316268 ], [ 86.658332912564077, 25.61233330937884 ], [ 86.667442334951176, 25.618610377645581 ], [ 86.670669510088317, 25.623556129855743 ] ] ] } },
{ "type": "Feature", "properties": { "F_CODE_DES": "River/Stream", "HYC_DESCRI": "Perennial/Permanent", "NAM": "UNK", "ISO": "IND", "NAME_0": "India" }, "geometry": { "type": "MultiLineString", "coordinates": [ [ [ 86.67077629509285, 25.579416311980065 ], [ 86.667747569964149, 25.582138101095723 ], [ 86.662002536720024, 25.587304983315285 ], [ 86.657386778523872, 25.594194411608044 ] ] ] } },
{ "type": "Feature", "properties": { "F_CODE_DES": "River/Stream", "HYC_DESCRI": "Perennial/Permanent", "NAM": "UNK", "ISO": "IND", "NAME_0": "India" }, "geometry": { "type": "MultiLineString", "coordinates": [ [ [ 86.696136505170514, 25.561056095199866 ], [ 86.685668928725704, 25.555055533944874 ], [ 86.67722327436681, 25.553638411884656 ], [ 86.672607516170672, 25.549139077693461 ] ] ] } },
{ "type": "Feature", "properties": { "F_CODE_DES": "River/Stream", "HYC_DESCRI": "Perennial/Permanent", "NAM": "UNK", "ISO": "IND", "NAME_0": "India" }, "geometry": { "type": "MultiLineString", "coordinates": [ [ [ 86.632942273485128, 25.552749544846883 ], [ 86.628387373291574, 25.548889219682842 ], [ 86.627830579267908, 25.546361911575449 ] ] ] } },
{ "type": "Feature", "properties": { "F_CODE_DES": "River/Stream", "HYC_DESCRI": "Perennial/Permanent", "NAM": "UNK", "ISO": "IND", "NAME_0": "India" }, "geometry": { "type": "MultiLineString", "coordinates": [ [ [ 86.632942273485128, 25.552749544846883 ], [ 86.63708496466117, 25.556833268020419 ], [ 86.638107265704605, 25.55913925711841 ], [ 86.636779729648197, 25.560861614191602 ], [ 86.631668035430977, 25.561666565225806 ], [ 86.626915063229006, 25.558860860106577 ], [ 86.625335779161901, 25.554250771910677 ], [ 86.627830579267908, 25.546361911575449 ] ] ] } },
{ "type": "Feature", "properties": { "F_CODE_DES": "River/Stream", "HYC_DESCRI": "Perennial/Permanent", "NAM": "UNK", "ISO": "IND", "NAME_0": "India" }, "geometry": { "type": "MultiLineString", "coordinates": [ [ [ 86.632942273485128, 25.552749544846883 ], [ 86.64219665887839, 25.545055354519928 ], [ 86.646163958046969, 25.545555070541162 ], [ 86.652694664324486, 25.551694924802071 ], [ 86.658752492581911, 25.551916054811464 ], [ 86.666000453889907, 25.546388560576581 ], [ 86.670440631078591, 25.547111485607303 ], [ 86.672607516170672, 25.549139077693461 ] ] ] } },
{ "type": "Feature", "properties": { "F_CODE_DES": "River/Stream", "HYC_DESCRI": "Perennial/Permanent", "NAM": "UNK", "ISO": "IND", "NAME_0": "India" }, "geometry": { "type": "MultiLineString", "coordinates": [ [ [ 86.433052084990976, 25.590305358442784 ], [ 86.436195344124556, 25.587278334314156 ], [ 86.43555444509731, 25.576723061865618 ], [ 86.436836243151788, 25.573528205729854 ], [ 86.441581655353431, 25.576110890839601 ], [ 86.447914100622526, 25.583110884137064 ], [ 86.451919577792737, 25.584249420185444 ], [ 86.471443089622369, 25.583860458168914 ], [ 86.47283167268138, 25.577693954906874 ], [ 86.479026714944624, 25.574943626790002 ], [ 86.479446483962462, 25.573444289726289 ], [ 86.480056764988404, 25.571332970636568 ], [ 86.486579911265594, 25.571332970636568 ], [ 86.486694256270454, 25.571277593634218 ], [ 86.492752084527879, 25.568611181520911 ], [ 86.49394221757845, 25.569416132555116 ], [ 86.49441528459856, 25.57594494883255 ], [ 86.499580465818042, 25.577278154889207 ], [ 86.501335141892611, 25.574249240760494 ], [ 86.502136312926652, 25.564722128355648 ], [ 86.50514216905438, 25.563777884315524 ], [ 86.514030461432085, 25.571111651627163 ], [ 86.517524693580569, 25.571222216631863 ], [ 86.518364042616227, 25.570054952582261 ], [ 86.521720871758873, 25.565389676384015 ], [ 86.524055399858085, 25.55327798886934 ], [ 86.526336629955026, 25.551721573803203 ], [ 86.528640729052938, 25.551639547799716 ], [ 86.530166715117772, 25.561111472202217 ], [ 86.532249495206287, 25.560611756180982 ], [ 86.534141574286679, 25.555471333962544 ], [ 86.536415055383301, 25.554138127905894 ], [ 86.538803070484775, 25.555555249966112 ], [ 86.540191653543772, 25.561639727224666 ], [ 86.541885282615752, 25.562833829275405 ], [ 86.54866792590397, 25.563693968311959 ], [ 86.54846947589553, 25.559055341114842 ], [ 86.550697407990214, 25.555805296976736 ], [ 86.558669995328998, 25.557443549046354 ], [ 86.55786126429463, 25.561056095199866 ], [ 86.568305971738468, 25.566223166419434 ], [ 86.572364746910949, 25.5627230752707 ], [ 86.57516478202993, 25.562833829275405 ], [ 86.575531064045492, 25.56641575742762 ], [ 86.580253607246178, 25.568166653502018 ], [ 86.576248130075967, 25.573360373722721 ], [ 86.577163646114869, 25.578832679955262 ], [ 86.580413879252987, 25.578527444942292 ], [ 86.584892234443288, 25.573667498735773 ], [ 86.586219770499696, 25.572194999673201 ], [ 86.587364165548337, 25.571832686657807 ], [ 86.588996936617718, 25.57130632163544 ], [ 86.595665045901072, 25.5691662745445 ], [ 86.600555421108879, 25.569416132555116 ], [ 86.603500419234024, 25.573555043730995 ], [ 86.610000696510255, 25.566804908444155 ], [ 86.610168528517377, 25.564888070362699 ], [ 86.604583767280062, 25.553028130858721 ], [ 86.610336360524514, 25.551584170797362 ], [ 86.615638755749828, 25.544221864484509 ], [ 86.619079500896049, 25.543056490434985 ], [ 86.626052845192376, 25.543249081443172 ], [ 86.627830579267908, 25.546361911575449 ] ] ] } },
{ "type": "Feature", "properties": { "F_CODE_DES": "River/Stream", "HYC_DESCRI": "Perennial/Permanent", "NAM": "GHUGRI RIVER", "ISO": "IND", "NAME_0": "India" }, "geometry": { "type": "MultiLineString", "coordinates": [ [ [ 86.672607516170672, 25.549139077693461 ], [ 86.686248780750347, 25.546806250594329 ], [ 86.695083586125762, 25.540805878339349 ], [ 86.696640001191909, 25.544750119506958 ], [ 86.695198120130641, 25.549249642698157 ], [ 86.69699853420714, 25.553417281875262 ], [ 86.702003443419827, 25.556194258993266 ] ] ] } },
{ "type": "Feature", "properties": { "F_CODE_DES": "River/Stream", "HYC_DESCRI": "Perennial/Permanent", "NAM": "UNK", "ISO": "IND", "NAME_0": "India" }, "geometry": { "type": "MultiLineString", "coordinates": [ [ [ 86.890525848430912, 25.47172165040368 ], [ 86.888359152338836, 25.48722267506238 ], [ 86.880554208007169, 25.500804971639546 ], [ 86.88083657401917, 25.507110578907501 ], [ 86.87891387693746, 25.511833122108179 ], [ 86.875503560792552, 25.513639395184935 ], [ 86.872718834674217, 25.519222266422176 ], [ 86.8688050225079, 25.52041617947291 ], [ 86.868141254479696, 25.52677735274322 ], [ 86.861190779184341, 25.539472672282699 ], [ 86.860580498158399, 25.547305966615564 ], [ 86.858360315064061, 25.54972270971826 ], [ 86.860557629157427, 25.557472277047573 ], [ 86.8597260291221, 25.559804915146696 ], [ 86.854583716903576, 25.559778266145564 ], [ 86.853080788839705, 25.56258397126479 ], [ 86.855308531934384, 25.565444864386361 ], [ 86.865280172358112, 25.570388726596445 ], [ 86.866111772393452, 25.573972733748747 ], [ 86.86428074031565, 25.576694522864404 ], [ 86.861083994179808, 25.581527631069783 ], [ 86.861694275205735, 25.590999555472283 ], [ 86.859252962101991, 25.599332754826396 ], [ 86.853836032871811, 25.60902788823838 ], [ 86.855750980953175, 25.616138446540539 ], [ 86.855308531934384, 25.62819475705286 ], [ 86.856887816001489, 25.632583526239358 ], [ 86.862747194250474, 25.6395549805356 ], [ 86.863639841288403, 25.649416055954639 ], [ 86.863998374303648, 25.653528129129377 ], [ 86.864028992304952, 25.653862092143569 ], [ 86.864082290307209, 25.654527750171855 ], [ 86.871192848609368, 25.663360665547202 ], [ 86.875358597786388, 25.685193946474989 ], [ 86.874641342755908, 25.688972434635552 ], [ 86.874526997751047, 25.689638092663834 ], [ 86.873832611721539, 25.693277287818482 ], [ 86.872497515664804, 25.695472711911773 ], [ 86.867500355452464, 25.703638079258752 ], [ 86.86660770841452, 25.710638072556211 ], [ 86.860221776143163, 25.713806090690834 ], [ 86.860885544171367, 25.718639387896218 ], [ 86.86463927333088, 25.724861079160604 ], [ 86.863670270289703, 25.729110744341192 ], [ 86.853973435877649, 25.731971826462768 ], [ 86.853858901872783, 25.734527673571378 ], [ 86.86369332829068, 25.74686049109545 ], [ 86.864082290307209, 25.750860298265415 ], [ 86.858612063074759, 25.759500433632574 ] ] ] } },
{ "type": "Feature", "properties": { "F_CODE_DES": "River/Stream", "HYC_DESCRI": "Perennial/Permanent", "NAM": "UNK", "ISO": "IND", "NAME_0": "India" }, "geometry": { "type": "MultiLineString", "coordinates": [ [ [ 86.758972203840656, 25.508916851984253 ], [ 86.756080692717788, 25.495056158395258 ], [ 86.750114529464255, 25.490612012206405 ], [ 86.739723120022688, 25.486944278050551 ], [ 86.742774903152366, 25.481777206830984 ], [ 86.736892655902409, 25.4688605682821 ], [ 86.740447935053481, 25.464527176097956 ] ] ] } },
{ "type": "Feature", "properties": { "F_CODE_DES": "River/Stream", "HYC_DESCRI": "Perennial/Permanent", "NAM": "UNK", "ISO": "IND", "NAME_0": "India" }, "geometry": { "type": "MultiLineString", "coordinates": [ [ [ 86.740447935053481, 25.464527176097956 ], [ 86.743141185167929, 25.461889302985863 ], [ 86.739997926034363, 25.453138413614003 ], [ 86.735107361826536, 25.452861717602246 ], [ 86.734085060783102, 25.455139167699024 ] ] ] } },
{ "type": "Feature", "properties": { "F_CODE_DES": "River/Stream", "HYC_DESCRI": "Perennial/Permanent", "NAM": "UNK", "ISO": "IND", "NAME_0": "India" }, "geometry": { "type": "MultiLineString", "coordinates": [ [ [ 86.813468844156432, 25.435667063871573 ], [ 86.814918474218047, 25.437110834932923 ], [ 86.830474875879091, 25.436166779892808 ], [ 86.835639868098582, 25.437889136966 ], [ 86.859611495117235, 25.438138994976615 ], [ 86.864807105338016, 25.439861352049803 ], [ 86.87344364970501, 25.44694526135083 ], [ 86.876663264841824, 25.445777808301219 ], [ 86.878303595911532, 25.440666114084003 ], [ 86.882858307105082, 25.438194182978961 ], [ 86.887748682312889, 25.438444229989585 ], [ 86.889945996406269, 25.440694842085222 ] ] ] } },
{ "type": "Feature", "properties": { "F_CODE_DES": "River/Stream", "HYC_DESCRI": "Perennial/Permanent", "NAM": "UNK", "ISO": "IND", "NAME_0": "India" }, "geometry": { "type": "MultiLineString", "coordinates": [ [ [ 86.740447935053481, 25.464527176097956 ], [ 86.744468721224337, 25.472000047415509 ], [ 86.747497635353056, 25.472528491437963 ], [ 86.75939178385849, 25.461584067972893 ], [ 86.769775444299725, 25.45911024686777 ], [ 86.766166678146377, 25.456277892747412 ], [ 86.765831014132118, 25.454166384657682 ], [ 86.769805873301024, 25.448333655409826 ], [ 86.767944412221922, 25.44508361127172 ], [ 86.764556965077972, 25.439222343022649 ], [ 86.765113759101638, 25.436250695896376 ], [ 86.767639177208949, 25.435111970847984 ], [ 86.779724026722491, 25.440610926081661 ], [ 86.784637459931275, 25.441722813128905 ], [ 86.787170438038913, 25.440776868088712 ], [ 86.787055904034048, 25.438249559981315 ], [ 86.781112609781488, 25.434638903827882 ], [ 86.785552975970177, 25.423944527373436 ], [ 86.7813339287909, 25.417110476083028 ], [ 86.781440713795433, 25.414583167975632 ], [ 86.785835341982178, 25.413583735933162 ], [ 86.78769680306128, 25.419639674190506 ], [ 86.790336566173451, 25.421472596268394 ], [ 86.793556181310265, 25.420499813227053 ] ] ] } },
{ "type": "Feature", "properties": { "F_CODE_DES": "River/Stream", "HYC_DESCRI": "Perennial/Permanent", "NAM": "UNK", "ISO": "IND", "NAME_0": "India" }, "geometry": { "type": "MultiLineString", "coordinates": [ [ [ 86.498306227763891, 25.961166466202183 ], [ 86.49028015342283, 25.93416592505482 ], [ 86.492111185500647, 25.9275550827739 ], [ 86.499946558833599, 25.918222451377318 ], [ 86.498359714766167, 25.907304676913377 ], [ 86.494026133582011, 25.897916857514449 ], [ 86.497779862741524, 25.898027422519149 ], [ 86.500892692873805, 25.900028176604167 ], [ 86.501976040919843, 25.897888129513227 ], [ 86.492332504510046, 25.884250644933715 ], [ 86.490692173440337, 25.877971686666896 ], [ 86.492057887498376, 25.870527354350557 ], [ 86.490860005447473, 25.867694811230194 ], [ 86.487968494324605, 25.860944675943351 ], [ 86.489807086402735, 25.8545285036707 ], [ 86.49102783745461, 25.852527560585674 ], [ 86.495307931636489, 25.845500918287083 ], [ 86.495613166649463, 25.841054882098152 ], [ 86.489891002406296, 25.825582585440671 ], [ 86.488029541327194, 25.806833217643934 ], [ 86.498443630769728, 25.798694688298095 ], [ 86.502777022953879, 25.77808385942226 ], [ 86.501808208912706, 25.770916034117668 ], [ 86.492774953528851, 25.760415949671476 ], [ 86.489219674377765, 25.746166294065951 ] ] ] } },
{ "type": "Feature", "properties": { "F_CODE_DES": "River/Stream", "HYC_DESCRI": "Perennial/Permanent", "NAM": "UNK", "ISO": "IND", "NAME_0": "India" }, "geometry": { "type": "MultiLineString", "coordinates": [ [ [ 86.335472136844416, 25.730388573395491 ], [ 86.332496709717972, 25.731750507453363 ], [ 86.32736214649978, 25.738445265737852 ], [ 86.31966398717266, 25.745027569017559 ], [ 86.314781171965166, 25.744943653013998 ], [ 86.313446075908431, 25.746666010087186 ], [ 86.316581775041683, 25.749971431227646 ], [ 86.315971305015736, 25.751888269309099 ], [ 86.309974712760919, 25.753749919388209 ], [ 86.308219847686345, 25.756555624507435 ], [ 86.308608998702894, 25.760972932695147 ], [ 86.313774179922376, 25.768638584020891 ], [ 86.314361591947332, 25.771778063154301 ], [ 86.312637344874062, 25.776056267336095 ], [ 86.306419433609847, 25.777944566416338 ], [ 86.289558364893352, 25.795333890155284 ], [ 86.286109870746813, 25.796499264204805 ], [ 86.283081145618098, 25.803138645486939 ], [ 86.279663080472858, 25.805555388589635 ], [ 86.272666867175559, 25.805555388589635 ], [ 86.26811215598201, 25.808139774699455 ], [ 86.262832629757668, 25.811138070826864 ], [ 86.262001029722327, 25.813083636909539 ], [ 86.260246353647759, 25.817138632081853 ], [ 86.262779142755392, 25.822750042320308 ], [ 86.260612446663316, 25.827249565511508 ], [ 86.263053948767066, 25.830778195661455 ], [ 86.263252209775487, 25.835416822858569 ], [ 86.261886684717467, 25.843055636183173 ], [ 86.259414753612418, 25.84588817930354 ], [ 86.250556890236012, 25.846138037314155 ], [ 86.240585249812284, 25.841167526102939 ], [ 86.239776518777916, 25.844972663264635 ], [ 86.244392465974059, 25.849695206465316 ], [ 86.241691655859299, 25.852945250603423 ], [ 86.236000109617436, 25.850166383485337 ], [ 86.231163032411899, 25.858972460859544 ], [ 86.225807150184295, 25.859111753865463 ], [ 86.222221442031923, 25.863027645031863 ], [ 86.217803944844206, 25.863777219063717 ], [ 86.215530463747598, 25.865333634129854 ], [ 86.213417065657794, 25.871528676393108 ], [ 86.208274753439284, 25.87452697252052 ], [ 86.199691696074552, 25.879528101733037 ], [ 86.195358303890401, 25.877027442626776 ], [ 86.182502712344117, 25.88130564680857 ], [ 86.175361725040673, 25.891416580238229 ], [ 86.170722908843544, 25.892194693271293 ], [ 86.167778099718404, 25.900943692643075 ], [ 86.160530138410408, 25.907278027912245 ], [ 86.157501224281702, 25.908000952942963 ], [ 86.156524661240198, 25.900417327620705 ], [ 86.150749198994788, 25.90163807867258 ], [ 86.144889820745789, 25.900972420644294 ], [ 86.144111707712725, 25.905639586842618 ], [ 86.148277267889739, 25.910804768062111 ], [ 86.14800265087807, 25.916500094304126 ], [ 86.145942739790542, 25.918056509370267 ], [ 86.142776422655984, 25.913917598194388 ], [ 86.141357410595688, 25.91394424719552 ], [ 86.137695346440069, 25.928833100828207 ], [ 86.13563543535254, 25.930805126912006 ], [ 86.126441907961862, 25.928112065797567 ], [ 86.124275211869801, 25.932611399988762 ], [ 86.124748278889896, 25.93341635102297 ], [ 86.12599945894307, 25.935527859112696 ], [ 86.129585356095447, 25.937110923179965 ], [ 86.123642061842887, 25.941278373357058 ], [ 86.111640939332915, 25.945417473532945 ], [ 86.107719378166266, 25.94047172132278 ], [ 86.102500898944513, 25.944415962490389 ], [ 86.103332498979853, 25.948415769660354 ], [ 86.100387500854708, 25.951250013780793 ], [ 86.08958426039564, 25.956193875990877 ], [ 86.083335920130111, 25.950861051764264 ], [ 86.079528892968341, 25.955833452975561 ], [ 86.077056961863292, 25.965639151392246 ], [ 86.077888561898632, 25.968999949535061 ], [ 86.07980350998001, 25.970611552603543 ], [ 86.092636043525317, 25.97069357860703 ], [ 86.090888927451076, 25.97369376473452 ], [ 86.076667810846757, 25.981695269074535 ], [ 86.07177743563895, 25.982055692089851 ], [ 86.069053567523198, 25.980806402036762 ], [ 86.068695034507968, 25.980638570029633 ], [ 86.066474851413616, 25.977971968916318 ], [ 86.062858525259955, 25.973638576732174 ], [ 86.058166411060569, 25.972917541701534 ], [ 86.054107635888087, 25.977249232885605 ], [ 86.058639478080664, 25.986860261294019 ] ] ] } },
{ "type": "Feature", "properties": { "F_CODE_DES": "River/Stream", "HYC_DESCRI": "Perennial/Permanent", "NAM": "UNK", "ISO": "IND", "NAME_0": "India" }, "geometry": { "type": "MultiLineString", "coordinates": [ [ [ 86.446166984548285, 25.717082972830081 ], [ 86.442085340374845, 25.719972593952875 ], [ 86.439277556255533, 25.720249100964622 ], [ 86.436195344124556, 25.718444906887957 ], [ 86.428970251817532, 25.718889245906837 ], [ 86.424163792613285, 25.720722167984725 ], [ 86.421668992507264, 25.722917592078019 ], [ 86.426025442692392, 25.727222445260949 ], [ 86.4208908794742, 25.733278194518284 ], [ 86.412498523117577, 25.733749371538305 ], [ 86.409278907980763, 25.728137961299851 ], [ 86.415000883223911, 25.725444711185403 ], [ 86.415084799227472, 25.721416554014233 ], [ 86.408554092949956, 25.721195235004828 ], [ 86.400695850616032, 25.722917592078019 ], [ 86.394775425364443, 25.720556225977674 ], [ 86.389419543136853, 25.72052768697646 ], [ 86.387413119051601, 25.723110183086202 ], [ 86.388496467097625, 25.727527680273919 ], [ 86.379524258716373, 25.730333385393145 ], [ 86.37733450462332, 25.727861454288103 ], [ 86.369697581298794, 25.729139283342406 ], [ 86.364524840078985, 25.734361731564327 ], [ 86.361724804959991, 25.73424908755954 ], [ 86.358329797815728, 25.731750507453363 ], [ 86.357887348796922, 25.73138800543796 ], [ 86.354194666640012, 25.732360788479298 ], [ 86.351028349505455, 25.735416351609139 ], [ 86.348220754386148, 25.735277247603229 ], [ 86.345108113253886, 25.732639374491136 ], [ 86.33883671498738, 25.733249655517071 ], [ 86.335472136844416, 25.730388573395491 ] ] ] } },
{ "type": "Feature", "properties": { "F_CODE_DES": "River/Stream", "HYC_DESCRI": "Perennial/Permanent", "NAM": "UNK", "ISO": "IND", "NAME_0": "India" }, "geometry": { "type": "MultiLineString", "coordinates": [ [ [ 86.459915223132512, 25.723833108116921 ], [ 86.456581073990819, 25.715499908762808 ], [ 86.454696743910745, 25.714500476720339 ], [ 86.446166984548285, 25.717082972830081 ] ] ] } },
{ "type": "Feature", "properties": { "F_CODE_DES": "River/Stream", "HYC_DESCRI": "Perennial/Permanent", "NAM": "UNK", "ISO": "IND", "NAME_0": "India" }, "geometry": { "type": "MultiLineString", "coordinates": [ [ [ 86.489219674377765, 25.746166294065951 ], [ 86.492721466526575, 25.740360213819226 ], [ 86.495834296658856, 25.729917585375475 ], [ 86.498947126791137, 25.725999804208996 ], [ 86.500640944863108, 25.725166314173578 ], [ 86.505805937082584, 25.722639006066181 ], [ 86.516914412554627, 25.720388393970545 ], [ 86.525055020900567, 25.714195241707372 ], [ 86.538108873455272, 25.707889634439418 ], [ 86.539970334534374, 25.702110203193826 ], [ 86.538558882474391, 25.695194314899943 ], [ 86.534530725303227, 25.687723144582463 ] ] ] } },
{ "type": "Feature", "properties": { "F_CODE_DES": "River/Stream", "HYC_DESCRI": "Perennial/Permanent", "NAM": "UNK", "ISO": "IND", "NAME_0": "India" }, "geometry": { "type": "MultiLineString", "coordinates": [ [ [ 86.446166984548285, 25.717082972830081 ], [ 86.446052639543424, 25.71391684469554 ], [ 86.459640417120823, 25.703777372264675 ], [ 86.462669331249543, 25.700138177110027 ], [ 86.463218754272887, 25.699443791080519 ], [ 86.454025226882209, 25.684305268437221 ], [ 86.456779523999259, 25.682971873380563 ], [ 86.46052550415844, 25.683471589401798 ], [ 86.462806734255381, 25.676444947103207 ], [ 86.467331016447631, 25.679250652222432 ], [ 86.471778942636647, 25.667083776705411 ], [ 86.470748892592866, 25.664138778580266 ], [ 86.464386018322486, 25.662445149508297 ], [ 86.461250319189233, 25.659584067386717 ], [ 86.463554418287146, 25.634166779306632 ], [ 86.46197513422004, 25.629139001092984 ], [ 86.456558204989847, 25.621416082764807 ], [ 86.452140896802149, 25.615083637495715 ], [ 86.458274892062803, 25.611723028352909 ], [ 86.45516962193085, 25.608861946231329 ], [ 86.454086273884812, 25.604888977062501 ], [ 86.448554999649758, 25.606750438141603 ], [ 86.443641755440979, 25.606056241112103 ], [ 86.43983453927919, 25.603639687009412 ], [ 86.433052084990976, 25.590305358442784 ] ] ] } },
{ "type": "Feature", "properties": { "F_CODE_DES": "River/Stream", "HYC_DESCRI": "Perennial/Permanent", "NAM": "UNK", "ISO": "IND", "NAME_0": "India" }, "geometry": { "type": "MultiLineString", "coordinates": [ [ [ 86.433052084990976, 25.590305358442784 ], [ 86.431778035936844, 25.587388899318853 ], [ 86.427497941754964, 25.585638003244448 ], [ 86.417419516326689, 25.589527056409711 ], [ 86.41432955519538, 25.594055118602128 ], [ 86.416526869288759, 25.596750258716654 ], [ 86.426193274699529, 25.600250160865379 ], [ 86.429580721843465, 25.603944733022377 ], [ 86.430419881879132, 25.607305531165188 ], [ 86.427833605769223, 25.613306092420181 ], [ 86.419280977405791, 25.620527215727034 ], [ 86.410804705045592, 25.624805419908832 ], [ 86.393081607292473, 25.624500184895862 ], [ 86.398414620519091, 25.642305308652475 ], [ 86.39749910448019, 25.649278652948801 ], [ 86.401473963649096, 25.662277128501159 ], [ 86.401275702640675, 25.663944297572002 ], [ 86.399528586566433, 25.678583104194065 ], [ 86.395553538397522, 25.678916878208248 ], [ 86.393890338326841, 25.677278437138625 ], [ 86.392890906284364, 25.663165995538929 ], [ 86.390502891182891, 25.65541642820962 ], [ 86.38613888099745, 25.650472565999536 ], [ 86.378753705683621, 25.652389593080997 ], [ 86.360946691926927, 25.662221940498814 ], [ 86.357887348796922, 25.66188816648463 ], [ 86.352058399549236, 25.654472373169504 ], [ 86.347442641353084, 25.655889495229722 ], [ 86.339752231026296, 25.662445149508297 ], [ 86.335388220840841, 25.664278071586185 ], [ 86.328392007543542, 25.664054862576702 ], [ 86.322387666288392, 25.658750577351299 ], [ 86.318443236120785, 25.652610723090394 ], [ 86.317192056067611, 25.650667236007806 ], [ 86.313140840895457, 25.647611672877964 ], [ 86.308670045705483, 25.647111956856726 ], [ 86.301193205387762, 25.639528331534471 ], [ 86.303718623495072, 25.632472961234658 ], [ 86.302803107456171, 25.626583153984377 ], [ 86.294357264097272, 25.618389058636176 ], [ 86.284530586679693, 25.616361655550023 ], [ 86.275695781304265, 25.617027313578308 ], [ 86.264862111843911, 25.620527215727034 ], [ 86.253082308343338, 25.629749282118915 ], [ 86.245246935010371, 25.63208381021812 ], [ 86.241722084860584, 25.637472200447096 ], [ 86.227302518247839, 25.638334229483725 ], [ 86.224113521112329, 25.639694273541522 ], [ 86.219108611899657, 25.643417384699731 ], [ 86.220611539963514, 25.645805399801205 ], [ 86.223053042067264, 25.649639075964117 ], [ 86.219192527903218, 25.652500158085694 ], [ 86.221107475984596, 25.660694064433887 ], [ 86.218917910891548, 25.664222694583835 ], [ 86.216720596798169, 25.667777973734911 ], [ 86.222137526028362, 25.676500324105561 ], [ 86.21602639976868, 25.688083567597779 ], [ 86.212196314605919, 25.691778139754774 ], [ 86.204612689283664, 25.694972995890538 ], [ 86.199691696074552, 25.700805725138395 ], [ 86.19955448206872, 25.703332844245782 ], [ 86.203163059222064, 25.706417135376846 ], [ 86.201858581166633, 25.709194112494853 ], [ 86.197280811972092, 25.711027223572749 ], [ 86.194000149832689, 25.717445285845479 ], [ 86.189163261627158, 25.719499526932772 ], [ 86.194221468842102, 25.724193531132237 ], [ 86.193389868806761, 25.726554897232582 ], [ 86.188583409602515, 25.729638999363637 ], [ 86.193191607798326, 25.741138515852299 ], [ 86.198303302015546, 25.742471721908952 ], [ 86.200469998107621, 25.74302870493262 ], [ 86.202392506189312, 25.757555056549904 ], [ 86.194724964863497, 25.764749530855628 ], [ 86.187309171548364, 25.765806229900534 ], [ 86.176834035103226, 25.77308273020974 ], [ 86.156723111248638, 25.77808385942226 ], [ 86.143859770702022, 25.783945127671327 ], [ 86.139663781523723, 25.786361681774018 ], [ 86.126472525963166, 25.793971956097408 ], [ 86.125579878925237, 25.795194597149361 ], [ 86.122253478783875, 25.799778036344129 ], [ 86.116447398537161, 25.800582798378329 ] ] ] } },
{ "type": "Feature", "properties": { "F_CODE_DES": "River/Stream", "HYC_DESCRI": "Perennial/Permanent", "NAM": "UNK", "ISO": "IND", "NAME_0": "India" }, "geometry": { "type": "MultiLineString", "coordinates": [ [ [ 86.108001744178267, 26.03002729612836 ], [ 86.110031037264505, 26.027221591009138 ], [ 86.11042018828104, 26.027082487003224 ], [ 86.128692709057518, 26.020360890717598 ], [ 86.133140635246519, 26.020250325712897 ], [ 86.13908392949908, 26.023250511840388 ], [ 86.145614635776596, 26.022638340814375 ], [ 86.149696279950035, 26.018722449647974 ], [ 86.148391801894604, 26.015167170496895 ], [ 86.141357410595688, 26.007749487181684 ], [ 86.156723111248638, 25.99230572952542 ], [ 86.16141503644802, 25.993028654556138 ], [ 86.166000365642873, 25.990778042460498 ], [ 86.174415591000468, 25.990749314459279 ], [ 86.19200128574775, 25.972917541701534 ], [ 86.196693399947137, 25.965610423391027 ], [ 86.198669395031104, 25.962583588262405 ], [ 86.200164763094648, 25.952194257820917 ], [ 86.202774097205534, 25.947250395610833 ], [ 86.205307075313172, 25.94591718955418 ], [ 86.21019745052098, 25.952110341817352 ], [ 86.214057964685026, 25.942693794417202 ], [ 86.218307440865601, 25.916999810325365 ], [ 86.226364133207966, 25.901138362651345 ], [ 86.22785950127151, 25.896694216462492 ], [ 86.231636099431995, 25.885555311989158 ], [ 86.237388692676447, 25.882667580866446 ], [ 86.235305723587928, 25.876583103607892 ], [ 86.236114454622296, 25.873193766463864 ], [ 86.238441422721181, 25.872917259452116 ], [ 86.244224633966937, 25.877582535650362 ], [ 86.246192880050572, 25.877471970645665 ], [ 86.253417972357596, 25.877056170627995 ], [ 86.258888199590046, 25.876750935615021 ], [ 86.261970600721028, 25.878749799699964 ], [ 86.265251073860426, 25.878444753686999 ], [ 86.269302289032581, 25.87452697252052 ], [ 86.273803702223873, 25.876499187604324 ], [ 86.277053746361972, 25.875778152573687 ], [ 86.276359549332483, 25.869667026313998 ], [ 86.278610161428119, 25.867277121212442 ], [ 86.286941470782139, 25.865554764139254 ], [ 86.289276187881356, 25.859167130867817 ], [ 86.295112697129369, 25.858554770841792 ], [ 86.298027077253224, 25.85552793571317 ], [ 86.30480197154111, 25.856166755740318 ], [ 86.310722396792698, 25.851554777544337 ], [ 86.318611068127922, 25.850666099506572 ], [ 86.320747335218698, 25.848554591416846 ], [ 86.327857893520857, 25.841527949118255 ], [ 86.329582140594127, 25.8445835122481 ], [ 86.331832941689768, 25.848583130418056 ], [ 86.32733152849849, 25.852945250603423 ], [ 86.329719543599964, 25.854555152671836 ], [ 86.33203120269819, 25.860000620903236 ], [ 86.337249681919943, 25.856027651734408 ], [ 86.338058412954311, 25.856555906756853 ], [ 86.342750527153697, 25.859666846889052 ], [ 86.346496507312878, 25.859972081902022 ], [ 86.347862221370917, 25.852972088604563 ], [ 86.351806651538539, 25.851804824554961 ], [ 86.358718948832262, 25.856027651734408 ], [ 86.361274795940872, 25.85552793571317 ], [ 86.366111684146418, 25.847555159374377 ], [ 86.370529181334135, 25.846805585342523 ], [ 86.371864277390856, 25.845054689268121 ], [ 86.366973902183048, 25.839082667014345 ], [ 86.367080687187581, 25.835916538879804 ], [ 86.376197858575011, 25.82972149661655 ], [ 86.384918129945575, 25.819944337201079 ], [ 86.384162885913483, 25.818277357130242 ], [ 86.377357562624297, 25.817417218093695 ], [ 86.376357941581816, 25.815332359005097 ], [ 86.385917750988057, 25.808721516724177 ], [ 86.38700109903408, 25.806778029641592 ], [ 86.382164021828544, 25.802278506450385 ], [ 86.388969345117729, 25.796583180208369 ], [ 86.390029824162795, 25.794027333099763 ], [ 86.388473598096667, 25.789417244903859 ], [ 86.38649741401268, 25.787694887830668 ], [ 86.380027754737768, 25.782054938591003 ], [ 86.380165157743605, 25.77952763048361 ], [ 86.384666381934878, 25.774749710280574 ], [ 86.394302358344348, 25.777416311393893 ], [ 86.395942689414056, 25.783277579642959 ], [ 86.403358482729175, 25.781999561588652 ], [ 86.405387964815418, 25.780250555514328 ], [ 86.404914897795322, 25.773694901235753 ], [ 86.408996541968762, 25.770610799104695 ], [ 86.408554092949956, 25.764944011863893 ], [ 86.413024888139944, 25.760360761669133 ], [ 86.416747999298153, 25.75961118763728 ], [ 86.424583372631105, 25.763584156806104 ], [ 86.434471097051286, 25.766027359909927 ], [ 86.43811029220592, 25.770139622084674 ] ] ] } },
{ "type": "Feature", "properties": { "F_CODE_DES": "River/Stream", "HYC_DESCRI": "Non-Perennial/Intermittent/Fluctuating", "NAM": "UNK", "ISO": "IND", "NAME_0": "India" }, "geometry": { "type": "MultiLineString", "coordinates": [ [ [ 85.595695487408292, 26.004888594060112 ], [ 85.593940811333724, 26.001138644900763 ], [ 85.594085774339888, 25.99869544179694 ], [ 85.59425360634701, 25.996055678684769 ], [ 85.597167986470865, 25.992166436519497 ], [ 85.610031138017462, 25.984472246192539 ], [ 85.616752545303086, 25.982416115105167 ], [ 85.619697543428231, 25.979999561002479 ], [ 85.622802813560185, 25.974027727748712 ], [ 85.632026580952143, 25.96999938157753 ], [ 85.633529698016019, 25.965305377378062 ], [ 85.63191979594761, 25.950777135760699 ], [ 85.633247332004018, 25.948139262648603 ], [ 85.634780878069179, 25.945194264523458 ], [ 85.645553500526958, 25.939222242269686 ], [ 85.667083814441867, 25.940166486309806 ], [ 85.671913142647085, 25.937723094205978 ], [ 85.673889137731052, 25.93344489002418 ], [ 85.672554041674317, 25.928194091801053 ], [ 85.672668386679177, 25.927194659758584 ], [ 85.673278856705124, 25.92144395651421 ], [ 85.67886361794244, 25.917722735356083 ], [ 85.681526250055583, 25.915945001280541 ], [ 85.686225924255297, 25.909055761987787 ], [ 85.695137085633974, 25.903333597744627 ], [ 85.69738769772961, 25.90033341161714 ], [ 85.693695015572686, 25.894082992351535 ], [ 85.697525100735447, 25.889554930159118 ], [ 85.700080947844057, 25.881666258823898 ], [ 85.697166378720198, 25.878194895676383 ], [ 85.695945816668328, 25.876722396613811 ], [ 85.687973040329538, 25.875000039540623 ], [ 85.680831864026075, 25.870332684342287 ], [ 85.680580116015378, 25.854833549683665 ], [ 85.680557247014406, 25.853639636632931 ], [ 85.682746812107453, 25.849166951442868 ], [ 85.689025959374277, 25.848777800426333 ], [ 85.709663437251251, 25.85505486869307 ], [ 85.715416030495703, 25.856777225766258 ], [ 85.722389185792025, 25.856193593741459 ], [ 85.735496525349006, 25.857750008807599 ], [ 85.74008185454386, 25.855304726703686 ], [ 85.744941800750368, 25.846305869321291 ], [ 85.750053494967588, 25.84533308627995 ], [ 85.752807603084619, 25.835971915882155 ], [ 85.755752601209764, 25.833778381788946 ], [ 85.763916078556662, 25.833778381788946 ], [ 85.767059337690242, 25.832834326748831 ], [ 85.768554705753786, 25.832389798729938 ], [ 85.777885447150283, 25.825611124441885 ], [ 85.7858353544881, 25.825611124441885 ], [ 85.789886380660249, 25.821695233275484 ], [ 85.794525196857379, 25.820749288235284 ], [ 85.795692460906977, 25.819723207191686 ], [ 85.803390431234092, 25.81291580490241 ], [ 85.820777864972953, 25.816888774071238 ], [ 85.823722863098098, 25.815971368032251 ], [ 85.830802992398958, 25.813804671940183 ], [ 85.832084601453431, 25.813417410923726 ], [ 85.835945115617477, 25.810167366785617 ], [ 85.837829634697556, 25.803777654514093 ], [ 85.836586014644709, 25.800416856371278 ], [ 85.831085169410954, 25.796556531207237 ], [ 85.838890113742622, 25.785360359731467 ], [ 85.840248078800329, 25.776445418352633 ], [ 85.847030722088547, 25.769721932066926 ], [ 85.853362978357623, 25.771473017141336 ], [ 85.863639853794339, 25.764861985860406 ], [ 85.865112352856912, 25.759332601625438 ], [ 85.873664792220339, 25.75761024455225 ], [ 85.884162986666453, 25.750583602253659 ], [ 85.893638691069114, 25.740611961829924 ], [ 85.894279401096341, 25.738277433730723 ], [ 85.886779691777647, 25.737833094711839 ], [ 85.88275153460647, 25.734972012590262 ], [ 85.881469736552006, 25.731861072458063 ], [ 85.882888748612302, 25.725250230177142 ], [ 85.881973232573401, 25.718749952900918 ], [ 85.88652794376695, 25.715665850769863 ], [ 85.891471805977034, 25.709417321504336 ], [ 85.895141619132971, 25.707834257437064 ], [ 85.897163352218882, 25.712638826641232 ], [ 85.90213783243027, 25.715444531760458 ], [ 85.90752414365916, 25.716167456791176 ], [ 85.914779664967469, 25.710056330531494 ], [ 85.918052767106559, 25.695806485925957 ], [ 85.913780232925006, 25.679445322230706 ], [ 85.915695181006384, 25.673889099994597 ], [ 85.928802520563366, 25.668277689756145 ], [ 85.931831434692072, 25.668806133778602 ], [ 85.932357799714438, 25.670278632841175 ], [ 85.925781166434973, 25.67552754106422 ], [ 85.926498421465453, 25.677333814140979 ], [ 85.930969216655441, 25.678138765175184 ], [ 85.930641112641496, 25.682167111346367 ], [ 85.939529405019186, 25.682333053353418 ], [ 85.945945766291842, 25.679416594229483 ], [ 85.950141944470161, 25.679306029224783 ], [ 85.958808917838454, 25.673999853999305 ], [ 85.966247580154558, 25.673805183991032 ], [ 85.971252489367231, 25.669860753823418 ], [ 85.990028317165098, 25.6395549805356 ], [ 85.990776001196863, 25.6342506953102 ], [ 85.989418036139156, 25.627971737043381 ], [ 85.992889399286682, 25.620056227707018 ], [ 85.999191226554473, 25.613555950430797 ], [ 86.002555804697437, 25.600166244861814 ], [ 86.002891468711709, 25.59886176680638 ], [ 86.006248486854361, 25.595083278645816 ], [ 86.008277968940604, 25.592805828549039 ], [ 86.013275129152944, 25.582305933102855 ], [ 86.032142621954705, 25.575666362820712 ], [ 86.037750252192993, 25.576139429840815 ], [ 86.04421991146792, 25.582305933102855 ], [ 86.048667837656922, 25.582582440114606 ], [ 86.049919206710101, 25.571582828647188 ], [ 86.05322273785049, 25.56619462741822 ], [ 86.053474485861187, 25.55944449213138 ], [ 86.054802021917595, 25.558139825075941 ], [ 86.062278673235312, 25.558361144085346 ], [ 86.066192674401634, 25.550416906747763 ], [ 86.069252017531639, 25.550971999771349 ], [ 86.077140877866867, 25.557306335040522 ] ] ] } },
{ "type": "Feature", "properties": { "F_CODE_DES": "River/Stream", "HYC_DESCRI": "Perennial/Permanent", "NAM": "UNK", "ISO": "IND", "NAME_0": "India" }, "geometry": { "type": "MultiLineString", "coordinates": [ [ [ 85.595695487408292, 26.004888594060112 ], [ 85.599586430573623, 26.00225072094802 ], [ 85.602859532712714, 26.002387934953852 ], [ 85.606666559874498, 26.004611898048356 ], [ 85.615135272234369, 26.014778208480365 ], [ 85.622222961535542, 26.017110846579488 ], [ 85.627113336743363, 26.016582402557034 ], [ 85.632774264983922, 26.010944343317448 ], [ 85.661697314212972, 25.993333889569108 ], [ 85.668975893522273, 25.995082895643431 ], [ 85.672752302682753, 25.996000301682415 ], [ 85.684860210197257, 25.994638367624539 ], [ 85.687194738296469, 25.986999554299935 ], [ 85.688774022363575, 25.985471678235012 ], [ 85.695274299639792, 25.984249037183055 ], [ 85.697280912725063, 25.980611732028493 ], [ 85.695053169630398, 25.976638762859665 ], [ 85.689941475413178, 25.973167399712153 ], [ 85.686942990285772, 25.97113791762591 ], [ 85.674247670746297, 25.968944572532706 ], [ 85.671554609631855, 25.964555803346208 ], [ 85.676025404821829, 25.958333923081817 ], [ 85.682693514105182, 25.954778643930737 ], [ 85.691581806482887, 25.955194443948407 ], [ 85.693862847579823, 25.952611947838669 ], [ 85.697997978755538, 25.936222056142192 ], [ 85.699890057835944, 25.936805688166995 ], [ 85.705749436084929, 25.94447133949274 ], [ 85.709052967225304, 25.946083131561231 ], [ 85.716468760540437, 25.944221481482124 ], [ 85.71861258763154, 25.945638603542342 ], [ 85.722114568780356, 25.96055599617624 ], [ 85.724334751874693, 25.96427721733437 ], [ 85.728363098045875, 25.965665800393378 ], [ 85.735557572351595, 25.964222029332028 ], [ 85.745307893765926, 25.960166845159705 ], [ 85.749137789928682, 25.958583781092436 ], [ 85.754302971148164, 25.944723087503437 ], [ 85.752136275056088, 25.942666956416062 ], [ 85.747718777868371, 25.942777710420771 ], [ 85.746948224835634, 25.948083885646252 ], [ 85.7444458647293, 25.949832891720575 ], [ 85.742553785648894, 25.949027940686371 ], [ 85.739555300521474, 25.942777710420771 ], [ 85.738639784482572, 25.936027575133927 ], [ 85.740280115552281, 25.929027581836472 ], [ 85.744278032722164, 25.922388011554329 ], [ 85.748580995905016, 25.918472309387937 ], [ 85.752777174083334, 25.91794386536548 ], [ 85.757583633287581, 25.922445278556765 ], [ 85.761779811465885, 25.921722353526043 ], [ 85.769447352791715, 25.913055380157747 ], [ 85.767776403720703, 25.904443783791805 ], [ 85.772499135921393, 25.884250644933715 ], [ 85.774971067026442, 25.883054652882894 ], [ 85.782165541332162, 25.879583289735383 ], [ 85.784614603436225, 25.876249329593708 ], [ 85.785308800465728, 25.875278436552449 ], [ 85.78238686034156, 25.871973015411989 ], [ 85.778358514170378, 25.870166742335236 ], [ 85.791191047715685, 25.865333634129854 ], [ 85.803718535248038, 25.86063962993039 ], [ 85.830642720392149, 25.862888352025948 ], [ 85.837303080675184, 25.860166562910287 ], [ 85.849281334184184, 25.861972835987043 ], [ 85.854835477420195, 25.860555713926821 ], [ 85.863502450788502, 25.854833549683665 ], [ 85.873695410221643, 25.852249163573845 ], [ 85.881858887568541, 25.852666853591593 ], [ 85.884025583660602, 25.854083975651811 ], [ 85.882110635579238, 25.857944489815861 ], [ 85.880752481521526, 25.860721655933872 ], [ 85.882888748612302, 25.862556468011842 ], [ 85.890358028929697, 25.862167316995304 ], [ 85.892585772024361, 25.859361611876082 ], [ 85.893470670061973, 25.850250299488906 ], [ 85.891357460972173, 25.843334222195011 ], [ 85.894668552112876, 25.829500177607144 ], [ 85.901832597417297, 25.827833197536307 ], [ 85.908889857717199, 25.822361080303779 ], [ 85.911224385816396, 25.822082494291941 ], [ 85.914253299945102, 25.822000468288451 ], [ 85.920028762190526, 25.827554611524469 ], [ 85.920829744224562, 25.823749474362778 ], [ 85.911666834835202, 25.814695428978034 ], [ 85.909889289759661, 25.810304580791446 ], [ 85.912025367850433, 25.804111428528273 ], [ 85.916305462032312, 25.799554827334646 ], [ 85.928001349529325, 25.793556156079738 ], [ 85.933441147760476, 25.788917528882624 ], [ 85.934135344789979, 25.788305357856611 ], [ 85.951057460509062, 25.785528191738599 ], [ 85.950531095486696, 25.783000883631203 ], [ 85.94605255129639, 25.781860268582733 ], [ 85.946441702312924, 25.779945320501358 ], [ 85.958580038828728, 25.772861411200335 ], [ 85.967445462205461, 25.773250562216873 ], [ 85.971916257395435, 25.774833626284142 ], [ 85.976058948571477, 25.772806223197989 ] ] ] } },
{ "type": "Feature", "properties": { "F_CODE_DES": "River/Stream", "HYC_DESCRI": "Perennial/Permanent", "NAM": "UNK", "ISO": "IND", "NAME_0": "India" }, "geometry": { "type": "MultiLineString", "coordinates": [ [ [ 85.976058948571477, 25.772806223197989 ], [ 85.981445259800367, 25.759777129644331 ], [ 85.984802277943018, 25.755666757469662 ], [ 85.991165152213412, 25.753276852368106 ], [ 85.993331848305473, 25.752471901333902 ], [ 86.000335621603099, 25.752916429352791 ], [ 86.009780897004461, 25.75647170850387 ], [ 86.01677711030176, 25.756277038495597 ], [ 86.019279470408094, 25.754722513429542 ], [ 86.021362250496608, 25.747278181113199 ], [ 86.020446734457693, 25.733777910539516 ], [ 86.022193850531934, 25.730556405402623 ], [ 86.031135629911915, 25.726083720212561 ], [ 86.032638557975773, 25.722250044049652 ], [ 86.030891441901531, 25.718276885880815 ], [ 86.027137712742032, 25.717971839867854 ], [ 86.019111638400972, 25.721971458037814 ], [ 86.01516720823335, 25.722305232051994 ], [ 86.011970462097509, 25.717527311848961 ], [ 86.014747628215517, 25.709861849523229 ], [ 86.017028858312457, 25.707971660442904 ], [ 86.02652743171609, 25.700027423105322 ], [ 86.028747614810442, 25.696361578949546 ], [ 86.025390596667791, 25.686527341531651 ], [ 86.018722487384423, 25.682500885360547 ], [ 86.003196703724669, 25.684389184440789 ], [ 86.000968960630004, 25.681304893309726 ], [ 86.002387972690315, 25.67449957002054 ], [ 86.007110515890986, 25.669305849799837 ], [ 86.015777678259298, 25.663999485574347 ], [ 86.016357341283921, 25.660804818438592 ], [ 86.014526309206119, 25.654945440189607 ], [ 86.015861594262859, 25.652584074089262 ], [ 86.025253382661958, 25.647888179889712 ], [ 86.024917529647681, 25.645139741772923 ], [ 86.018470739373726, 25.640054696556838 ], [ 86.014968947224929, 25.632749468246409 ], [ 86.016944942308896, 25.621833772782555 ], [ 86.017028858312457, 25.62133405676132 ], [ 86.01850135737503, 25.613222176416613 ], [ 86.022331253537786, 25.609527604259618 ], [ 86.030281160875603, 25.617332548591278 ], [ 86.038444449222496, 25.617944719617292 ], [ 86.039054919248443, 25.615388872508685 ], [ 86.036109921123298, 25.610610952305652 ], [ 86.036468454138529, 25.607860624188781 ], [ 86.040359586303879, 25.60541723208495 ], [ 86.049140904677031, 25.603694875011762 ], [ 86.053916934879979, 25.586471493279866 ], [ 86.059890658133838, 25.584194232183098 ], [ 86.084808419192683, 25.584528006197282 ], [ 86.087806715320099, 25.583389281148889 ], [ 86.091468779475719, 25.575277400804183 ], [ 86.092552127521756, 25.566165899417001 ], [ 86.095306424638792, 25.564611374350942 ], [ 86.096527175690667, 25.565610806393412 ], [ 86.102470469943228, 25.570528019602364 ], [ 86.109970179261921, 25.572000518664936 ], [ 86.110641507290438, 25.570278161591744 ], [ 86.108886642215865, 25.567167221459549 ], [ 86.09466552561156, 25.559333738126675 ], [ 86.092719959528878, 25.556861807021633 ] ] ] } },
{ "type": "Feature", "properties": { "F_CODE_DES": "River/Stream", "HYC_DESCRI": "Perennial/Permanent", "NAM": "UNK", "ISO": "IND", "NAME_0": "India" }, "geometry": { "type": "MultiLineString", "coordinates": [ [ [ 85.638053980208269, 26.23222158372042 ], [ 85.646362231561326, 26.225276967425316 ], [ 85.647415150606065, 26.224388100387543 ], [ 85.650695812745482, 26.224082865374573 ], [ 85.65472415891665, 26.226304938468999 ], [ 85.65838622307227, 26.22305489433089 ], [ 85.657722455044066, 26.216943768071204 ], [ 85.659301739111172, 26.215415892006277 ], [ 85.666831877431164, 26.216083440034645 ], [ 85.669807493557613, 26.214111413950846 ], [ 85.675224233787787, 26.191360537984067 ], [ 85.675499039799462, 26.178054748418653 ], [ 85.680526818013121, 26.181943801583913 ], [ 85.684280358172614, 26.174028481247557 ], [ 85.684913697199534, 26.165138298869778 ], [ 85.687385628304582, 26.161054575696244 ], [ 85.694335914599918, 26.159195004617224 ], [ 85.694503746607054, 26.157083496527498 ], [ 85.688140872336675, 26.154916800435423 ], [ 85.686668373274102, 26.153055150356316 ], [ 85.689140304379137, 26.151556002292608 ], [ 85.690330437429708, 26.15083307726189 ], [ 85.6962814806826, 26.153444301372851 ], [ 85.697639445740307, 26.145166479021093 ], [ 85.698059025758127, 26.142610631912483 ], [ 85.701141426889109, 26.144666762999858 ], [ 85.703224206977623, 26.143749167960866 ], [ 85.704307555023661, 26.133167246511199 ], [ 85.711280899319988, 26.131944605459243 ], [ 85.713333061407184, 26.122360226051963 ], [ 85.719612208674008, 26.113777168687236 ], [ 85.716445891539465, 26.109832738519621 ], [ 85.708190938188679, 26.107500100420495 ], [ 85.705055239055426, 26.104639018298919 ], [ 85.71055608428918, 26.100471568121826 ], [ 85.71083070130085, 26.094972612888149 ], [ 85.72116843474015, 26.088582900616629 ], [ 85.722862252812121, 26.082639606364072 ], [ 85.716224761530071, 26.071805936903708 ], [ 85.719390889664609, 26.068555892765598 ], [ 85.722221353784889, 26.068971692783265 ], [ 85.729469315092885, 26.069999663826948 ], [ 85.731246860168412, 26.066583677681791 ], [ 85.723777768851022, 26.059360475374845 ], [ 85.722969037816654, 26.056222886241518 ] ] ] } },
{ "type": "Feature", "properties": { "F_CODE_DES": "River/Stream", "HYC_DESCRI": "Perennial/Permanent", "NAM": "UNK", "ISO": "IND", "NAME_0": "India" }, "geometry": { "type": "MultiLineString", "coordinates": [ [ [ 84.779274042715215, 26.331638422945048 ], [ 84.778030422662368, 26.329111114837652 ], [ 84.778892451698994, 26.325305977675953 ], [ 84.778526358683436, 26.324861449657064 ], [ 84.777641271645834, 26.323694185607465 ], [ 84.776474007596235, 26.322195037543757 ], [ 84.775024377534635, 26.320304848463437 ], [ 84.775718763564143, 26.31919485141627 ], [ 84.77733603663286, 26.316583627305306 ], [ 84.778999236703541, 26.313888487190781 ], [ 84.77941900572138, 26.312500093131781 ], [ 84.782058768833551, 26.299888689595871 ], [ 84.788002063086111, 26.292777942293704 ], [ 84.789276112140243, 26.291305632231143 ], [ 84.793052710300728, 26.286861486042291 ], [ 84.793250971309149, 26.286306393018705 ], [ 84.795501772404791, 26.280750359782605 ], [ 84.794609125366861, 26.263555517051927 ], [ 84.797027569469634, 26.254304911658828 ], [ 84.797164972475471, 26.253778546636461 ], [ 84.797607421494277, 26.252082838564405 ], [ 84.801025297639512, 26.247999115390872 ], [ 84.804359446781191, 26.246334025320117 ], [ 84.812141333111882, 26.24297133717722 ], [ 84.819862361439974, 26.242166575143024 ], [ 84.829025270829348, 26.256500335752122 ], [ 84.829330505842321, 26.25700005177336 ], [ 84.832031315957082, 26.257749625805211 ], [ 84.834274368052405, 26.258361796831224 ], [ 84.844024689466735, 26.255971891729665 ], [ 84.844612101491691, 26.2558879757261 ], [ 84.847053603595441, 26.254110430650567 ], [ 84.847419696610999, 26.252416612578589 ], [ 84.84916681268524, 26.243499781199674 ], [ 84.849586392703074, 26.241388273109948 ], [ 84.853775010881066, 26.235555732862103 ], [ 84.871612642639064, 26.234693514825462 ], [ 84.873527590720428, 26.234611488821976 ], [ 84.880027678996655, 26.231527386690921 ] ] ] } },
{ "type": "Feature", "properties": { "F_CODE_DES": "River/Stream", "HYC_DESCRI": "Perennial/Permanent", "NAM": "UNK", "ISO": "IND", "NAME_0": "India" }, "geometry": { "type": "MultiLineString", "coordinates": [ [ [ 84.994667145868149, 26.402276986946767 ], [ 84.999999970094763, 26.399694490837028 ], [ 85.004638597291873, 26.39744368974138 ], [ 85.012359625619965, 26.397499066743734 ], [ 85.017890899855018, 26.393362045567933 ], [ 85.024665794142905, 26.391971572508847 ], [ 85.035057014584481, 26.385221437222008 ], [ 85.04074856082633, 26.379388896974156 ], [ 85.035469034601988, 26.374416306762853 ], [ 85.034942669579621, 26.372333526674346 ], [ 85.037391731683684, 26.366582823429976 ], [ 85.026580742224283, 26.346721568585991 ], [ 85.031303474424973, 26.338167239222482 ], [ 85.033859321533583, 26.337499691194115 ], [ 85.040275493806234, 26.340749735332224 ], [ 85.048667850162857, 26.339721764288541 ], [ 85.059974586643321, 26.342027753386532 ], [ 85.062309303742538, 26.340723086331089 ], [ 85.062637407756483, 26.340139454306289 ], [ 85.070640613096572, 26.327249464758541 ], [ 85.073501506218136, 26.329500265854186 ], [ 85.077919003405853, 26.328361540805798 ], [ 85.082496583600374, 26.324027959621645 ], [ 85.094192471097386, 26.32380493961217 ], [ 85.099639829328865, 26.325361165678302 ], [ 85.107887222679324, 26.318861077402083 ], [ 85.113471983916654, 26.317054804325331 ], [ 85.114753781971118, 26.317167259330105 ], [ 85.121475189256742, 26.317722352353698 ], [ 85.133026113747576, 26.302694394715097 ], [ 85.136886627911636, 26.289527898155598 ], [ 85.144195636222221, 26.281555121816801 ], [ 85.143775867204383, 26.279832764743613 ], [ 85.14319601517974, 26.277360833638568 ], [ 85.14155587311005, 26.270416217343467 ], [ 85.139030455002725, 26.264694242100315 ], [ 85.135330212845489, 26.256389581747417 ], [ 85.137611442942429, 26.253389395619926 ], [ 85.142944267169042, 26.251806331552658 ], [ 85.14366908219985, 26.260665895929137 ], [ 85.147583083366172, 26.267555324221895 ], [ 85.152168223561006, 26.269500701304562 ], [ 85.15794368580643, 26.271944093408393 ], [ 85.158470239828802, 26.272167113417868 ], [ 85.159110949856029, 26.274250082506384 ], [ 85.16049953291504, 26.278667390694089 ], [ 85.171333391375413, 26.280555689774332 ], [ 85.175025884532317, 26.288083938094239 ], [ 85.179084848704804, 26.290945020215815 ], [ 85.191307101224183, 26.291528652240618 ], [ 85.194862380375255, 26.293582893327912 ], [ 85.195861812417732, 26.296499163451834 ] ] ] } },
{ "type": "Feature", "properties": { "F_CODE_DES": "River/Stream", "HYC_DESCRI": "Perennial/Permanent", "NAM": "UNK", "ISO": "IND", "NAME_0": "India" }, "geometry": { "type": "MultiLineString", "coordinates": [ [ [ 84.927085845996345, 26.17275046319325 ], [ 84.928558345058917, 26.175888052326577 ], [ 84.928222681044645, 26.181167578550927 ], [ 84.923194902831, 26.196472232201284 ], [ 84.919998156695158, 26.200555766374812 ], [ 84.914497311461403, 26.205305147576631 ] ] ] } },
{ "type": "Feature", "properties": { "F_CODE_DES": "River/Stream", "HYC_DESCRI": "Perennial/Permanent", "NAM": "UNK", "ISO": "IND", "NAME_0": "India" }, "geometry": { "type": "MultiLineString", "coordinates": [ [ [ 84.927085845996345, 26.17275046319325 ], [ 84.91902915365398, 26.168443720010238 ], [ 84.908500719206586, 26.168861410027986 ], [ 84.906135573106084, 26.167444287967768 ] ] ] } },
{ "type": "Feature", "properties": { "F_CODE_DES": "River/Stream", "HYC_DESCRI": "Perennial/Permanent", "NAM": "UNK", "ISO": "IND", "NAME_0": "India" }, "geometry": { "type": "MultiLineString", "coordinates": [ [ [ 84.941276533599364, 26.159583966633754 ], [ 84.93086244415683, 26.164417263839137 ], [ 84.927085845996345, 26.17275046319325 ] ] ] } },
{ "type": "Feature", "properties": { "F_CODE_DES": "River/Stream", "HYC_DESCRI": "Perennial/Permanent", "NAM": "UNK", "ISO": "IND", "NAME_0": "India" }, "geometry": { "type": "MultiLineString", "coordinates": [ [ [ 84.941276533599364, 26.159583966633754 ], [ 84.949859590964095, 26.146722705087225 ], [ 84.951805157046763, 26.14077752083459 ], [ 84.950942939010119, 26.123695322108695 ], [ 84.947303743855485, 26.118694381896187 ] ] ] } },
{ "type": "Feature", "properties": { "F_CODE_DES": "River/Stream", "HYC_DESCRI": "Perennial/Permanent", "NAM": "UNK", "ISO": "IND", "NAME_0": "India" }, "geometry": { "type": "MultiLineString", "coordinates": [ [ [ 84.94914252493362, 26.107444723418141 ], [ 84.953498786118729, 26.104000009271765 ], [ 84.962165759487036, 26.084806491456153 ], [ 84.966468722669873, 26.080083759255466 ], [ 84.96974938480929, 26.079166353216479 ] ] ] } },
{ "type": "Feature", "properties": { "F_CODE_DES": "River/Stream", "HYC_DESCRI": "Perennial/Permanent", "NAM": "UNK", "ISO": "IND", "NAME_0": "India" }, "geometry": { "type": "MultiLineString", "coordinates": [ [ [ 84.925804047941867, 26.050027843978263 ], [ 84.92355343584623, 26.04375077571153 ], [ 84.924308868878342, 26.035694083369165 ], [ 84.933944656287807, 26.028554986065796 ], [ 84.940551718568557, 26.012166984369401 ], [ 84.949607842953398, 26.000360531867699 ], [ 84.955108688187138, 25.99561115066588 ], [ 84.96113589844326, 25.993999547597397 ], [ 84.967475903712682, 25.994304593610359 ], [ 84.973663385975613, 25.990804691461634 ], [ 84.980468709264798, 25.991500778491211 ] ] ] } },
{ "type": "Feature", "properties": { "F_CODE_DES": "River/Stream", "HYC_DESCRI": "Perennial/Permanent", "NAM": "UNK", "ISO": "IND", "NAME_0": "India" }, "geometry": { "type": "MultiLineString", "coordinates": [ [ [ 85.511474626829397, 25.904693641802425 ], [ 85.528083758535189, 25.922027588539013 ], [ 85.525863575440852, 25.925472302685392 ], [ 85.533836351779641, 25.934778285080842 ], [ 85.538055398958932, 25.943971623471505 ], [ 85.539138747004955, 25.948583601667487 ], [ 85.536025916872688, 25.953945153895319 ], [ 85.529334938588363, 25.956443734001496 ], [ 85.523887580356885, 25.962278353249431 ], [ 85.519973768190567, 25.96427721733437 ], [ 85.51472467096751, 25.960582645177375 ], [ 85.511474626829397, 25.960666750180948 ], [ 85.507362364654654, 25.96413811332846 ], [ 85.503997786511675, 25.960832503187994 ], [ 85.502975485468241, 25.957500433046398 ], [ 85.506858868633259, 25.954639350924822 ], [ 85.502525287449103, 25.950944967767832 ], [ 85.501724305415067, 25.947166479607269 ], [ 85.492141816007873, 25.938304836230699 ], [ 85.489280733886289, 25.936695123162295 ], [ 85.485580491729053, 25.937416158192939 ], [ 85.481224041543925, 25.940694741332258 ], [ 85.47902672745056, 25.936944981172914 ], [ 85.475524935301749, 25.937444697194149 ], [ 85.477775547397385, 25.942443936406587 ], [ 85.47572319631017, 25.944415962490389 ], [ 85.472000085151961, 25.94449987849395 ], [ 85.471610934135427, 25.947027186601346 ], [ 85.474502634258315, 25.950777135760699 ], [ 85.474418718254739, 25.955638971967296 ], [ 85.462890662764863, 25.96858414951739 ], [ 85.457885753552191, 25.982221634096902 ], [ 85.456275851483781, 25.98330498214294 ], [ 85.450195343225388, 25.982805266121705 ], [ 85.445388884021142, 25.986084038261033 ], [ 85.433197060503062, 25.984056446174872 ], [ 85.428337114296554, 25.986055310259811 ], [ 85.42363744009684, 25.985332574229098 ], [ 85.412940984642304, 25.978610977943472 ], [ 85.404029823263627, 25.976638762859665 ], [ 85.399085961053544, 25.975555414813627 ], [ 85.388832143617819, 25.976833432867934 ], [ 85.380973901283895, 25.979555221983595 ], [ 85.379608187225855, 25.989721343415596 ], [ 85.376945555112712, 25.994028086598608 ], [ 85.379669234228459, 26.000083835855939 ], [ 85.381385732301396, 26.011444059338686 ], [ 85.373916640984007, 26.019443484678611 ], [ 85.372863721939254, 26.023471830849793 ], [ 85.374862586024193, 26.028083809045775 ], [ 85.381774883317931, 26.033416822272393 ], [ 85.388641442609725, 26.0361937993904 ], [ 85.389419555642789, 26.039138797515548 ], [ 85.37928008321191, 26.060722409432721 ], [ 85.380081254245965, 26.07113838887534 ], [ 85.380333002256663, 26.074193952005182 ], [ 85.378608755183393, 26.079526965231803 ], [ 85.378135688163283, 26.079999843251898 ], [ 85.374000556987568, 26.084110215426563 ], [ 85.37339027596164, 26.084722575452588 ], [ 85.356109627227312, 26.09438898086335 ], [ 85.353637696122263, 26.097416004991981 ], [ 85.35291288109147, 26.113695142683749 ], [ 85.349281245937149, 26.118528439889133 ], [ 85.348388598899206, 26.119722352939867 ], [ 85.348304682895645, 26.119916833948132 ], [ 85.346862801834376, 26.123832725114536 ], [ 85.345138554761107, 26.128444703310517 ], [ 85.344749403744572, 26.131500266440362 ], [ 85.344558702736464, 26.133111869508845 ], [ 85.346137986803569, 26.134805687580823 ], [ 85.347053502842471, 26.135805119623292 ], [ 85.347221334849607, 26.135999600631557 ], [ 85.346054070800008, 26.136638609658711 ], [ 85.34122474259479, 26.139305021772017 ], [ 85.340278608554584, 26.140750871833454 ], [ 85.33930204551308, 26.142221480895948 ], [ 85.337196396423607, 26.145444876032926 ], [ 85.329559284099076, 26.157110145528627 ], [ 85.326721259978484, 26.157304815536904 ], [ 85.324859609899363, 26.157417270541679 ], [ 85.321975658776822, 26.154333168410624 ], [ 85.318222118617314, 26.153972556395299 ], [ 85.313415470413062, 26.157249438534549 ], [ 85.311859055346929, 26.160028494652643 ], [ 85.30938712424188, 26.164527828843838 ], [ 85.30619812710637, 26.1673603719642 ], [ 85.280998189035515, 26.170221265085772 ], [ 85.26802825248437, 26.174943997286462 ], [ 85.260887076180921, 26.179750456490709 ], [ 85.256362982988662, 26.184722857702006 ], [ 85.253944349885884, 26.190889360964043 ], [ 85.254608117914103, 26.206527788628584 ], [ 85.252220102812615, 26.214166601953188 ], [ 85.247863841627506, 26.216999145073558 ], [ 85.230224659877948, 26.222888952323839 ], [ 85.221748387517749, 26.221389804260134 ], [ 85.219970653442203, 26.224388100387543 ], [ 85.222778248561511, 26.227556307522171 ], [ 85.225280797667864, 26.230388661642529 ], [ 85.222114480533307, 26.234693514825462 ], [ 85.211914150099858, 26.238277521977761 ], [ 85.208442597952342, 26.240888557088716 ] ] ] } },
{ "type": "Feature", "properties": { "F_CODE_DES": "River/Stream", "HYC_DESCRI": "Non-Perennial/Intermittent/Fluctuating", "NAM": "UNK", "ISO": "IND", "NAME_0": "India" }, "geometry": { "type": "MultiLineString", "coordinates": [ [ [ 85.511474626829397, 25.904693641802425 ], [ 85.500137272347629, 25.908332836957065 ], [ 85.497863791251021, 25.910499533049141 ], [ 85.495552132152795, 25.919445092429271 ], [ 85.48850243185322, 25.925306360678341 ], [ 85.459587131624488, 25.934860311084329 ], [ 85.454696567416676, 25.935194085098509 ], [ 85.424308768125371, 25.950889590765478 ], [ 85.414802634721411, 25.952999208855125 ], [ 85.391418419727728, 25.951444683789063 ], [ 85.390777520700496, 25.951444683789063 ], [ 85.358497642328786, 25.952194257820917 ], [ 85.350112845972475, 25.9532222288646 ], [ 85.34300228767033, 25.958026798068765 ], [ 85.335357615345472, 25.960111657157363 ], [ 85.33242036622066, 25.962804718271798 ], [ 85.329223620084818, 25.965749716396942 ], [ 85.325920088944429, 25.973194048713285 ], [ 85.325805743939569, 25.994972141638726 ], [ 85.325607293931142, 25.995387941656393 ], [ 85.322502212799193, 26.002416662955071 ], [ 85.321136498741154, 26.003723220010592 ], [ 85.311836186345957, 26.004583359047146 ], [ 85.308944675223074, 26.00166708892322 ], [ 85.304031431014295, 26.001777653927917 ], [ 85.300697281872615, 26.007360525165158 ], [ 85.301803498919625, 26.010694485306828 ], [ 85.30702972714171, 26.026445367976152 ], [ 85.3030242499715, 26.033916538293632 ], [ 85.301193217893683, 26.043666859707962 ], [ 85.29853058578054, 26.04838940290864 ], [ 85.295082091634001, 26.050582937001856 ], [ 85.294502239609358, 26.055027083190701 ], [ 85.296691804702405, 26.058361043332376 ], [ 85.293334975559759, 26.064332876586143 ], [ 85.283058100123057, 26.072389568928507 ], [ 85.278747576939878, 26.077554750147996 ], [ 85.283752486152565, 26.081028003295586 ], [ 85.284057532165519, 26.083778331412461 ], [ 85.259246745111213, 26.100584023126604 ], [ 85.257225012025302, 26.095138554895204 ], [ 85.250892566756207, 26.098167469023913 ], [ 85.250305154731251, 26.098443976035664 ], [ 85.248191756641432, 26.097860344010861 ], [ 85.245498695527004, 26.093694594833842 ], [ 85.243163978427788, 26.093360820819662 ], [ 85.235641400108122, 26.092277472773624 ], [ 85.23024752887892, 26.09149935974056 ] ] ] } },
{ "type": "Feature", "properties": { "F_CODE_DES": "River/Stream", "HYC_DESCRI": "Perennial/Permanent", "NAM": "UNK", "ISO": "IND", "NAME_0": "India" }, "geometry": { "type": "MultiLineString", "coordinates": [ [ [ 84.666221608911158, 26.271554942391852 ], [ 84.670364300087201, 26.267278628210136 ], [ 84.671607920140048, 26.261333443957501 ], [ 84.674636834268753, 26.260221556910253 ], [ 84.680557259520342, 26.26263811101294 ], [ 84.687919565833198, 26.262388253002324 ], [ 84.691780079997244, 26.262250849996484 ], [ 84.69772337424979, 26.25558274071313 ], [ 84.704193033524717, 26.252082838564405 ], [ 84.709640580756201, 26.253694441632888 ], [ 84.714469908961419, 26.250000058475898 ], [ 84.715553257007457, 26.247249541359018 ], [ 84.712448175875508, 26.243083981182007 ], [ 84.715446472002924, 26.241556105117084 ], [ 84.723167500331016, 26.24183280112884 ], [ 84.733886635786519, 26.228332530555157 ], [ 84.755386331700123, 26.227083240502068 ], [ 84.757385195785062, 26.222610555312009 ], [ 84.755386331700123, 26.21674909806293 ], [ 84.758804396845377, 26.213693534933086 ], [ 84.76502986810992, 26.208110852695857 ], [ 84.766441320169903, 26.197526852246099 ], [ 84.778251741671767, 26.191833416004162 ], [ 84.772781325439311, 26.187915823837688 ], [ 84.776886027613742, 26.183389651645353 ], [ 84.778808535695433, 26.175556168312475 ], [ 84.776054427578401, 26.15699958052393 ], [ 84.777168204625724, 26.154027933397654 ], [ 84.782974284872452, 26.152665999339781 ], [ 84.784774698948965, 26.149444494202882 ], [ 84.782836881866615, 26.145889215051806 ], [ 84.785079933961924, 26.142471338906567 ], [ 84.792305026268949, 26.140861436838154 ], [ 84.793640122325684, 26.137887899711799 ], [ 84.788108848090644, 26.131221680428524 ], [ 84.791274976225182, 26.126112065211395 ], [ 84.790695124200539, 26.121471359014194 ], [ 84.796524073448239, 26.120721784982337 ], [ 84.797889787506278, 26.118528439889133 ], [ 84.80261233070695, 26.110889437564524 ], [ 84.80403134276726, 26.109556231507867 ], [ 84.805885243846035, 26.107805335433468 ], [ 84.810386657037313, 26.103555670252881 ], [ 84.814331087204934, 26.102027983187963 ], [ 84.825080840661727, 26.101610104170206 ], [ 84.830863862907478, 26.098527892039229 ], [ 84.834419331058569, 26.100584023126604 ], [ 84.83733371118241, 26.095027989890504 ], [ 84.844947765505964, 26.09088888971462 ], [ 84.850944546760786, 26.077667205152775 ], [ 84.856193454983838, 26.071861313906059 ], [ 84.859695436132654, 26.061445145463431 ], [ 84.854667657918995, 26.056694063261538 ], [ 84.862747219262332, 26.052722984092792 ], [ 84.867332548457185, 26.048000251892105 ], [ 84.873252784708754, 26.033027671255859 ], [ 84.866531377423129, 26.013999906447292 ], [ 84.861557086211761, 26.010944343317448 ], [ 84.860557465169279, 26.008194015200576 ], [ 84.862556518254223, 26.003110859984574 ], [ 84.859108024107684, 25.995555962663534 ], [ 84.861915619226991, 25.975665979818327 ], [ 84.861862132224715, 25.969528204557506 ], [ 84.861808834222458, 25.962861985274234 ], [ 84.861778216221154, 25.960027741153795 ], [ 84.858192508068782, 25.955861991976775 ], [ 84.86272435026136, 25.949249259695772 ], [ 84.859359772118381, 25.94591718955418 ], [ 84.8656387303852, 25.934833473083188 ], [ 84.860000671145613, 25.923528626602799 ], [ 84.862220854239965, 25.917610091351296 ], [ 84.867919960482141, 25.902471568707998 ], [ 84.874664236768737, 25.891137994226391 ], [ 84.885391310224577, 25.880361591768455 ], [ 84.890503004441783, 25.880056356755485 ], [ 84.896636999702451, 25.882472910858176 ], [ 84.899864174839578, 25.88116654280266 ], [ 84.906471237120343, 25.874055795500496 ], [ 84.906776472133316, 25.868555139266753 ], [ 84.906974733141737, 25.865167692122803 ], [ 84.909446664246786, 25.861749626977556 ], [ 84.908081139188752, 25.854166001655297 ], [ 84.911056566315196, 25.850944496518402 ], [ 84.920722971725951, 25.845277709277596 ], [ 84.9325866912301, 25.843555541204417 ], [ 84.944168044722232, 25.839944885050983 ], [ 84.946418845817874, 25.838527762990765 ], [ 84.95036308698549, 25.836027103884504 ], [ 84.95122530502212, 25.833694465785378 ], [ 84.947280874854513, 25.824054709375744 ], [ 84.948165961892116, 25.822139761294373 ], [ 84.95138557702893, 25.821222355255387 ], [ 84.955528268204972, 25.828332913557546 ], [ 84.963912875561277, 25.818027499119626 ], [ 84.96719353770068, 25.818166792125545 ], [ 84.972641084932164, 25.821443485264787 ], [ 84.970413152837494, 25.826972869499752 ], [ 84.972389147921461, 25.83052833765084 ], [ 84.981002823287497, 25.829500177607144 ], [ 84.981330927301428, 25.829584093610713 ], [ 84.986862201536482, 25.83086211166502 ], [ 84.992835924790327, 25.827167539508025 ], [ 84.997718739997822, 25.826833765493838 ], [ 84.999999970094763, 25.827861736537521 ], [ 85.002670351208238, 25.829055838588264 ], [ 85.00733184740632, 25.828556122567029 ], [ 85.014137359695511, 25.821861175282535 ], [ 85.015197838740576, 25.817194009084208 ], [ 85.012497028625816, 25.811138070826864 ], [ 85.018608154885499, 25.804472040543601 ], [ 85.019195566910454, 25.802778222471623 ], [ 85.021667498015503, 25.795528371163549 ], [ 85.019249053912731, 25.791999741013598 ], [ 85.022109947034295, 25.785165878723202 ], [ 85.018753117891663, 25.780389848520251 ], [ 85.019111650906893, 25.777000511376222 ], [ 85.02938833734359, 25.764110521828474 ], [ 85.029663143355265, 25.763778637814369 ], [ 85.031776352445064, 25.761110335700984 ] ] ] } },
{ "type": "Feature", "properties": { "F_CODE_DES": "River/Stream", "HYC_DESCRI": "Perennial/Permanent", "NAM": "UNK", "ISO": "IND", "NAME_0": "India" }, "geometry": { "type": "MultiLineString", "coordinates": [ [ [ 85.511474626829397, 25.904693641802425 ], [ 85.514915371975619, 25.902944635728101 ], [ 85.516746593053426, 25.902027040689109 ], [ 85.519332869163335, 25.893943699345613 ], [ 85.524055412364007, 25.887695359080098 ], [ 85.554054249638781, 25.876417161600841 ], [ 85.575584374553685, 25.878639234695264 ], [ 85.576889041609121, 25.875028578541833 ], [ 85.579170271706062, 25.873472163475697 ], [ 85.582725550857148, 25.875305085553585 ], [ 85.58619691400466, 25.881750174827459 ], [ 85.595558084402455, 25.882388994854608 ], [ 85.597778267496793, 25.878944469708237 ], [ 85.603668263747082, 25.880695365782639 ], [ 85.606498727867361, 25.873861314492231 ], [ 85.612525938123483, 25.872667401441497 ], [ 85.614524802208422, 25.865304906128635 ], [ 85.615249617239229, 25.862667033016542 ], [ 85.614891084223984, 25.858667414846579 ], [ 85.611221271068047, 25.854415859665913 ], [ 85.604530292783721, 25.846666292336607 ], [ 85.611442590077445, 25.84502785126698 ], [ 85.617553716337127, 25.838333092982495 ], [ 85.612113918105976, 25.835722057871539 ], [ 85.612030002102415, 25.833166210762933 ], [ 85.622970645567321, 25.824249190384009 ], [ 85.617027351314761, 25.82080655523772 ], [ 85.609641987000927, 25.799861952347698 ], [ 85.614669765214586, 25.796556531207237 ], [ 85.622863860562788, 25.797637989253193 ], [ 85.623802245602661, 25.789806395920394 ], [ 85.627281168750486, 25.781473196566285 ], [ 85.622917158565045, 25.775667116319561 ], [ 85.623084990572181, 25.773555797229839 ], [ 85.626335223710299, 25.77263839119086 ], [ 85.632003711951171, 25.77586178632783 ], [ 85.636970443162227, 25.770666176107049 ], [ 85.638694690235496, 25.765361701881641 ], [ 85.636718695151529, 25.753999777398825 ], [ 85.63153083393108, 25.751806243305616 ], [ 85.633720399024128, 25.747528039123814 ], [ 85.639389076265005, 25.742527098911307 ], [ 85.650222745725372, 25.738027575720103 ], [ 85.655860993964964, 25.716333398798227 ], [ 85.65303034084468, 25.709722556517306 ], [ 85.651832647793782, 25.706943500399213 ], [ 85.652885377838516, 25.703332844245782 ], [ 85.659553487121869, 25.700195255112455 ], [ 85.672248806661344, 25.68824950960483 ], [ 85.678916915944711, 25.688638660621365 ], [ 85.680190964998843, 25.688694037623719 ], [ 85.684028610161917, 25.684999465466724 ], [ 85.687499973309428, 25.684499749445486 ], [ 85.697997978755538, 25.684667581452622 ], [ 85.699195860806441, 25.67766758815516 ], [ 85.706916889134533, 25.679582536236538 ], [ 85.709892316260976, 25.677804991161 ], [ 85.710640000292756, 25.671667026900174 ], [ 85.713668914421461, 25.671167310878936 ], [ 85.737892100450807, 25.671611838897828 ], [ 85.744079582713738, 25.683277108393533 ], [ 85.747917227876812, 25.686555880532861 ], [ 85.760307312403313, 25.687723144582463 ], [ 85.76422112456963, 25.686555880532861 ], [ 85.773307866955761, 25.678916878208248 ], [ 85.779113758202485, 25.670749620861187 ], [ 85.780250593250784, 25.665721842647535 ], [ 85.78422545241969, 25.648221953903896 ], [ 85.788497986601257, 25.643888561719752 ], [ 85.795860292914099, 25.640943563594607 ], [ 85.808693015459426, 25.640443847573373 ], [ 85.813308773655564, 25.640277905566322 ], [ 85.823890695105234, 25.643806535716266 ], [ 85.825447110171368, 25.648834313929918 ], [ 85.829246577332825, 25.651500726043224 ], [ 85.826080260198282, 25.661722224477579 ], [ 85.828552191303316, 25.665861135653458 ], [ 85.833503802513732, 25.666999860701846 ], [ 85.839919974786383, 25.664527929596805 ], [ 85.841804493866462, 25.663083969535442 ], [ 85.844474874979937, 25.661027838448071 ], [ 85.851524386279493, 25.648777046927485 ], [ 85.861419670699988, 25.637861162463622 ], [ 85.866386401911043, 25.632333668228739 ], [ 85.870666496092923, 25.620832450740004 ], [ 85.871917676146097, 25.609167181244302 ], [ 85.877777054395082, 25.603305723995224 ], [ 85.880279603501421, 25.608304963207662 ], [ 85.88385775165348, 25.60972208526788 ], [ 85.884277331671299, 25.609888027274934 ], [ 85.898696898284058, 25.609306285250213 ], [ 85.907142552642938, 25.617944719617292 ], [ 85.913024988892914, 25.620332734718772 ], [ 85.92494200639932, 25.621694479776636 ], [ 85.929801952605828, 25.620916366743572 ], [ 85.936836154904739, 25.615028449493369 ], [ 85.939918556035735, 25.609666897265534 ], [ 85.955276507688353, 25.599388131828746 ], [ 85.957000754761623, 25.598222757779226 ], [ 85.958274803815755, 25.594165872606833 ], [ 85.948196378387493, 25.578388151936373 ], [ 85.953475904611835, 25.568332595509069 ], [ 85.955474768696774, 25.558555625093611 ], [ 85.959030236847866, 25.554027562901194 ], [ 85.962974478015468, 25.55327798886934 ], [ 85.964164800066044, 25.553833081892929 ], [ 85.97408295348751, 25.558471709090043 ], [ 85.979415966714129, 25.558111097074718 ], [ 85.981445259800367, 25.55616760999213 ], [ 85.974281403495951, 25.550027755731225 ], [ 85.976753145600981, 25.548055729647423 ], [ 85.985580390976082, 25.54758266262732 ], [ 85.995414817393993, 25.54266733941845 ], [ 86.001113923636169, 25.545250024528201 ], [ 86.005973869842691, 25.544694931504612 ], [ 86.012443529117604, 25.53391645004659 ], [ 86.01433560819801, 25.530750321912048 ], [ 86.015502872247609, 25.523944809622854 ], [ 86.013580364165918, 25.522333206554372 ], [ 86.005775419834251, 25.524860325661756 ], [ 86.004638584785951, 25.518554718393808 ], [ 86.016944942308896, 25.504472705795408 ], [ 86.024635352635684, 25.511444160091649 ], [ 86.030998226906078, 25.513805337191986 ], [ 86.031860444942708, 25.512082980118798 ], [ 86.02955634584481, 25.506027230861463 ], [ 86.030586206888572, 25.501361765663209 ], [ 86.033805822025386, 25.500860159641896 ], [ 86.043136563421882, 25.508832935980688 ], [ 86.057136550016793, 25.509916284026723 ], [ 86.065475419371154, 25.515388401259258 ], [ 86.078056393905769, 25.515861468279361 ], [ 86.077888561898632, 25.517778306360814 ], [ 86.075942995815964, 25.519250805423386 ], [ 86.068359370493695, 25.525028157668892 ], [ 86.067085321439563, 25.528444332814058 ], [ 86.069610550546869, 25.534694752079663 ], [ 86.073501493712214, 25.539222625272071 ], [ 86.075111395780624, 25.538972767261455 ], [ 86.080223089997844, 25.531639188949818 ], [ 86.086524917265635, 25.532527866987586 ], [ 86.087753228317823, 25.534195036058428 ], [ 86.085136334206624, 25.539527860285041 ], [ 86.079971341987147, 25.544750119506958 ], [ 86.073471064710915, 25.545360589532898 ], [ 86.073059044693409, 25.5466384185872 ], [ 86.078414926920999, 25.553667139885878 ], [ 86.077140877866867, 25.557306335040522 ] ] ] } },
{ "type": "Feature", "properties": { "F_CODE_DES": "River/Stream", "HYC_DESCRI": "Perennial/Permanent", "NAM": "BAYA NADI", "ISO": "IND", "NAME_0": "India" }, "geometry": { "type": "MultiLineString", "coordinates": [ [ [ 84.857582038042835, 26.49733359598611 ], [ 84.854721144921271, 26.494361948859833 ], [ 84.849555963701775, 26.493610295827892 ], [ 84.847831716628505, 26.49091723471345 ], [ 84.848472615655751, 26.48772237857769 ], [ 84.852500961826919, 26.479833518242458 ], [ 84.856414773993237, 26.476165784086604 ], [ 84.865974394399473, 26.473888333989827 ], [ 84.863525332295396, 26.469055225784444 ], [ 84.862503031251947, 26.455778164220249 ], [ 84.877166785875076, 26.430555357148428 ], [ 84.888107240339977, 26.427194559005613 ], [ 84.902885528967971, 26.427749652029206 ], [ 84.913108917402411, 26.423528714849837 ], [ 84.917251608578439, 26.420278481711723 ], [ 84.918136506616051, 26.417749472604257 ], [ 84.916442877544071, 26.415445373506344 ], [ 84.908584635210147, 26.420665742728179 ], [ 84.903915390011733, 26.420749658731744 ], [ 84.900718643875891, 26.414472590465007 ], [ 84.88588705724564, 26.412444998378845 ], [ 84.885559142231699, 26.408222171199402 ], [ 84.888084371339005, 26.405860994099065 ], [ 84.90161129091382, 26.403055099979831 ], [ 84.899169977810075, 26.398666330793333 ], [ 84.888946589375649, 26.392110865514766 ], [ 84.887413043310488, 26.387500777318863 ], [ 84.895057715635332, 26.37277786569323 ], [ 84.895111013637603, 26.372249610670782 ], [ 84.896163932682342, 26.360694906179774 ], [ 84.909225534237379, 26.34358397945266 ], [ 84.910697844299946, 26.341611953368862 ], [ 84.911331183326865, 26.338027946216563 ], [ 84.907669119171246, 26.331972196959228 ], [ 84.908302269198145, 26.329639369860097 ], [ 84.916442877544071, 26.336444882149294 ], [ 84.91855627563389, 26.33638950514694 ], [ 84.920196606703584, 26.326860502742015 ], [ 84.916748112557045, 26.319749755439851 ], [ 84.923225331832285, 26.305666041841373 ], [ 84.923164284829696, 26.295833505423552 ], [ 84.923164284829696, 26.294471760365681 ], [ 84.933166543254728, 26.28138917980975 ], [ 84.928947496075452, 26.280860924787305 ], [ 84.927948064032975, 26.278749416697579 ], [ 84.933692908277095, 26.26344495204723 ], [ 84.932861308241769, 26.258167315822959 ], [ 84.937362721433047, 26.247222892357886 ], [ 84.942138751635994, 26.235610920864445 ], [ 84.951805157046763, 26.218500183137344 ], [ 84.952773971087936, 26.210472029796193 ], [ 84.956863364261707, 26.205305147576631 ], [ 84.952529972077571, 26.199916757347658 ], [ 84.953857508133979, 26.197360910239048 ], [ 84.96719353770068, 26.187360730814099 ], [ 84.970275938831662, 26.179277389470606 ], [ 84.974136263995703, 26.174554846269928 ], [ 84.993278562809138, 26.172695086190899 ], [ 84.999999970094763, 26.170360558091694 ], [ 85.008140578440688, 26.167528203971337 ], [ 85.010444677538601, 26.167165701955931 ], [ 85.01791376885599, 26.16600032790641 ], [ 85.021888817024902, 26.165361318879256 ], [ 85.030334471383796, 26.156749722513311 ], [ 85.035613997608138, 26.153055150356316 ], [ 85.04350285794338, 26.15013888023239 ], [ 85.046554641073058, 26.141000729844073 ], [ 85.049751198208895, 26.138195024724848 ], [ 85.059081939605392, 26.136943844671681 ], [ 85.067779530974988, 26.129360219349422 ], [ 85.072830178189605, 26.135805119623292 ], [ 85.086135778755022, 26.134471913566639 ], [ 85.087943941831853, 26.131277057430875 ], [ 85.098915014298058, 26.131250408429743 ], [ 85.096885721211834, 26.115667357767556 ], [ 85.098251435269859, 26.113945000694365 ], [ 85.101753227418669, 26.113250803664869 ], [ 85.110031049770427, 26.107584016424063 ], [ 85.110526985791509, 26.10741618441693 ], [ 85.117225713076152, 26.105304676327201 ], [ 85.121360844251882, 26.111778304602296 ], [ 85.124389569380583, 26.111722927599942 ], [ 85.125030468407815, 26.109806089518486 ], [ 85.122253491289811, 26.100778504134865 ], [ 85.127197353499895, 26.093500113825577 ], [ 85.122413574296615, 26.080694229281406 ], [ 85.122779856312178, 26.076471402101959 ], [ 85.124389569380583, 26.075166735046519 ], [ 85.132164084710951, 26.077972440165745 ], [ 85.131225510671072, 26.06827730675376 ], [ 85.126083387452553, 26.058860759353614 ], [ 85.131691017690855, 26.040805777586382 ], [ 85.134887763826697, 26.037555733448272 ], [ 85.143386905187853, 26.040971719593436 ], [ 85.147415251359035, 26.034555358320777 ], [ 85.151138362517244, 26.034360877312512 ], [ 85.153083739599907, 26.034221584306593 ], [ 85.153724638627153, 26.034194935305461 ], [ 85.155303922694259, 26.032278097224008 ], [ 85.155639586708517, 26.026971732998518 ], [ 85.161003028936435, 26.026666686985557 ], [ 85.163749766053158, 26.024278671884076 ], [ 85.167137213197108, 26.011527975342247 ], [ 85.169914190315112, 26.010000288277332 ], [ 85.183219979880519, 26.009082882238346 ], [ 85.187057436043588, 26.003723220010592 ], [ 85.182418808846478, 25.996194782690679 ], [ 85.182586640853614, 25.994083463600958 ], [ 85.191001866211209, 25.985666348243285 ], [ 85.186691343028031, 25.981750457076881 ], [ 85.189582854150913, 25.975999753832511 ], [ 85.185142487962224, 25.966999006450031 ], [ 85.18597408799755, 25.962972550278931 ], [ 85.188056868086065, 25.962083872241166 ], [ 85.193969733337326, 25.964916226361524 ], [ 85.196052513425826, 25.964445049341506 ], [ 85.195861812417732, 25.957056094027518 ], [ 85.198448088527627, 25.956777508015676 ], [ 85.201362657651487, 25.961805286229328 ], [ 85.203918504760082, 25.961305570208097 ], [ 85.207580568915702, 25.958694535097141 ], [ 85.207946850931265, 25.954889208935437 ], [ 85.216529908295996, 25.951972938811515 ], [ 85.218971221399741, 25.947694734629714 ], [ 85.223556550594594, 25.944000162472719 ], [ 85.227302530753775, 25.936527291155166 ], [ 85.236221252132765, 25.928943665832904 ], [ 85.245551993529261, 25.929138146841169 ], [ 85.259803728134884, 25.93791587421417 ], [ 85.266304005411101, 25.93672177216343 ], [ 85.268836983518739, 25.934499699069004 ], [ 85.272697497682785, 25.931083712923844 ], [ 85.27805319091037, 25.930555268901387 ], [ 85.287475597310774, 25.933721586035936 ], [ 85.288864180369771, 25.932638237989902 ], [ 85.290191716426193, 25.930276871889561 ], [ 85.288139365338978, 25.923360794595666 ], [ 85.281776491068598, 25.910028545029125 ], [ 85.280975320034543, 25.908306187955937 ], [ 85.282501306099391, 25.904888122810689 ], [ 85.292724694533831, 25.896499546454223 ], [ 85.29597473867193, 25.893833134340916 ], [ 85.296279973684904, 25.888334368107252 ], [ 85.297889686753308, 25.887222292059995 ], [ 85.302085864931612, 25.887138376056427 ], [ 85.305053732057729, 25.884889653960869 ], [ 85.307586710165367, 25.882999464880548 ], [ 85.311141989316454, 25.884832386958436 ], [ 85.323692345849764, 25.883054652882894 ], [ 85.325942957945401, 25.880056356755485 ], [ 85.323585560845231, 25.87080575136239 ], [ 85.327857906026779, 25.864999860115674 ], [ 85.327194137998575, 25.857416234793412 ], [ 85.333030647246588, 25.85791595081465 ], [ 85.33899681050012, 25.845527567288215 ], [ 85.34544378977408, 25.842637946165425 ], [ 85.354942363177713, 25.832305882726374 ], [ 85.35947420537029, 25.82952682660828 ], [ 85.363220185529471, 25.827249565511508 ], [ 85.364776600595604, 25.82511140842065 ], [ 85.361892649473049, 25.822000468288451 ], [ 85.364501983583935, 25.814971935989782 ], [ 85.366996783689942, 25.812583920888308 ], [ 85.370719894848165, 25.81208420486707 ], [ 85.373832724980431, 25.815166416998046 ], [ 85.380279515254387, 25.81208420486707 ], [ 85.3814163503027, 25.810583166803283 ], [ 85.379890364237852, 25.806583359633319 ], [ 85.382888849365273, 25.805471472586071 ], [ 85.389114320629815, 25.810611705804497 ], [ 85.396057046924838, 25.808860809730096 ], [ 85.402999962219866, 25.807111803655772 ], [ 85.405418406322639, 25.809583734760814 ], [ 85.413780144677958, 25.808971374734796 ], [ 85.417579611839415, 25.811221986830432 ], [ 85.419975186941215, 25.80544463458493 ], [ 85.419891270937654, 25.793638182083225 ], [ 85.421722492015462, 25.792943985053725 ], [ 85.429359415339988, 25.798694688298095 ], [ 85.434303277550072, 25.800277752365368 ], [ 85.437774640697583, 25.799749308342911 ], [ 85.443000868919668, 25.803028080482239 ], [ 85.445083649008183, 25.802555013462136 ], [ 85.445083649008183, 25.800916761392521 ], [ 85.445053031006879, 25.79388804009384 ], [ 85.446914681085985, 25.792999362056079 ], [ 85.451194775267865, 25.795860255177651 ], [ 85.45619193548022, 25.783500599652438 ], [ 85.455665570457853, 25.780750271535567 ], [ 85.447639496116793, 25.777999943418692 ], [ 85.454635709414077, 25.769582828061015 ], [ 85.454887457424775, 25.761972364737616 ], [ 85.457359388529824, 25.758333169582968 ], [ 85.46769712196911, 25.752805675348085 ], [ 85.471969656150677, 25.747833274136788 ], [ 85.470779334100087, 25.746610633084835 ], [ 85.465667639882881, 25.747583416126169 ], [ 85.46436316182745, 25.742944788929055 ], [ 85.465385462870884, 25.737443943695304 ], [ 85.48838808684836, 25.718721413899708 ], [ 85.493309080057472, 25.719360422926862 ], [ 85.494003277086975, 25.719444338930426 ], [ 85.500389020358327, 25.72308353408507 ], [ 85.508056561684157, 25.722278583050866 ], [ 85.528526396554, 25.713556232680215 ], [ 85.53119658866747, 25.708639208471272 ], [ 85.530418475634406, 25.707250625412264 ], [ 85.529220593583503, 25.705083929320192 ], [ 85.520530751214238, 25.702749212220979 ], [ 85.51814273611275, 25.700056151106544 ], [ 85.522224380286204, 25.696582708958942 ], [ 85.52180480026837, 25.690471582699253 ], [ 85.529998706616567, 25.675500892063091 ], [ 85.542251577137236, 25.663999485574347 ], [ 85.552253646562264, 25.663333827546062 ], [ 85.554496698657587, 25.661388450463395 ], [ 85.559280477860867, 25.649444594955852 ], [ 85.560501039912737, 25.64827733090625 ], [ 85.566749569178256, 25.649694452966468 ], [ 85.568252497242128, 25.646444408828362 ], [ 85.569808912308261, 25.643054882684325 ], [ 85.57483669052192, 25.639360499527335 ], [ 85.575775075561793, 25.632139187220474 ], [ 85.585388182970291, 25.634445176318465 ], [ 85.591918889247808, 25.634277344311332 ], [ 85.596031151422551, 25.631639471199239 ], [ 85.59886161554283, 25.625667637945472 ], [ 85.596389684437781, 25.621084198750701 ], [ 85.588333181095436, 25.615999153534617 ], [ 85.589225828133365, 25.614276796461429 ], [ 85.591697759238414, 25.612111990369435 ], [ 85.599357551563898, 25.611084019325752 ], [ 85.601860100670251, 25.609333123251353 ], [ 85.602996746718546, 25.600639311881917 ], [ 85.612640472128348, 25.595972145683589 ], [ 85.622642541553375, 25.587694134331823 ], [ 85.625190828661658, 25.586999937302323 ], [ 85.628250171791663, 25.588832859380211 ], [ 85.635696394108095, 25.583833620167773 ], [ 85.637054359165802, 25.587333711316507 ], [ 85.638725308236801, 25.587943992342439 ], [ 85.644607555486758, 25.574916788788862 ], [ 85.647109915593092, 25.573139243713328 ], [ 85.653053209845652, 25.584833052210243 ], [ 85.660003685141007, 25.583610600158295 ], [ 85.662612830251874, 25.585638003244448 ], [ 85.662002549225946, 25.588193850353058 ], [ 85.65472415891665, 25.594083846603347 ], [ 85.653640810870627, 25.597055493729627 ], [ 85.657447838032397, 25.599306105825264 ], [ 85.67069239159521, 25.59897233181108 ], [ 85.673499986714518, 25.591278141484121 ], [ 85.67925257995897, 25.596834174720222 ], [ 85.683670077146687, 25.597166058734324 ], [ 85.685668941231626, 25.593305544570274 ], [ 85.688194359338937, 25.592388138531291 ], [ 85.694580102610303, 25.594638750626928 ], [ 85.695472749648232, 25.594943985639901 ], [ 85.709526034245414, 25.590389274446352 ], [ 85.71141811332582, 25.59355540258089 ], [ 85.710220420274922, 25.597110681731969 ], [ 85.71266929337898, 25.600860630891319 ], [ 85.716857911556971, 25.600973085896101 ], [ 85.724113432865295, 25.594444269618663 ], [ 85.730751113147349, 25.598916954808725 ], [ 85.740974501581789, 25.597610397753208 ], [ 85.754386887151739, 25.587972720343661 ], [ 85.759666413376081, 25.585721919248016 ], [ 85.784637472437197, 25.587610218328258 ], [ 85.803024338218535, 25.580583576029667 ], [ 85.832252433460553, 25.582195368098159 ], [ 85.839416478764988, 25.582582440114606 ], [ 85.853332549356338, 25.580943999044983 ], [ 85.863746638798872, 25.586584137284653 ], [ 85.872802763183699, 25.586334279274038 ], [ 85.88224784958507, 25.58291621412879 ], [ 85.889053361874261, 25.577249615887993 ], [ 85.894165056091481, 25.56991584857635 ], [ 85.901527362404337, 25.553249449868126 ], [ 85.904609763535319, 25.532888479002906 ], [ 85.912941072889339, 25.517471370347771 ], [ 85.914360084949649, 25.511806473107047 ], [ 85.918693477133786, 25.494499175371587 ], [ 85.928192050537419, 25.486000034010424 ], [ 85.935279928838611, 25.482000415840467 ], [ 85.937057473914152, 25.472249905426125 ] ] ] } },
{ "type": "Feature", "properties": { "F_CODE_DES": "River/Stream", "HYC_DESCRI": "Perennial/Permanent", "NAM": "UNK", "ISO": "IND", "NAME_0": "India" }, "geometry": { "type": "MultiLineString", "coordinates": [ [ [ 84.193031360803374, 26.614694662973257 ], [ 84.189451996183536, 26.623152266494291 ] ] ] } },
{ "type": "Feature", "properties": { "F_CODE_DES": "River/Stream", "HYC_DESCRI": "Perennial/Permanent", "NAM": "UNK", "ISO": "IND", "NAME_0": "India" }, "geometry": { "type": "MultiLineString", "coordinates": [ [ [ 84.597335830983923, 26.697139679476685 ], [ 84.595108087889258, 26.691888881253554 ], [ 84.600585875122022, 26.684833510953744 ], [ 84.597167998976786, 26.678777761696409 ], [ 84.5910262547158, 26.677389178637405 ], [ 84.585502540481073, 26.670944278363535 ], [ 84.582916264371178, 26.670555127346997 ], [ 84.575752219066743, 26.677221346630272 ], [ 84.573387072966241, 26.698610288539175 ], [ 84.564247221577844, 26.701305428653704 ], [ 84.561996420482203, 26.706193913861433 ], [ 84.558029121313623, 26.706888110890937 ], [ 84.555831996220249, 26.702694011712708 ], [ 84.553253091110662, 26.702528069705657 ], [ 84.5522232300669, 26.698528262535689 ], [ 84.553360065115214, 26.696416943445971 ], [ 84.561584400464696, 26.696695340457801 ], [ 84.563194302533105, 26.695388783402279 ], [ 84.563858070561309, 26.692417136276003 ], [ 84.558608973338252, 26.688722564119004 ], [ 84.568168593744488, 26.686138178009188 ], [ 84.568641660764584, 26.686000775003347 ], [ 84.571167078871909, 26.682361579848703 ], [ 84.568527315759724, 26.680084318751931 ], [ 84.564056331569745, 26.679750355737738 ], [ 84.560890203435193, 26.674304887506338 ], [ 84.551940864054899, 26.673389371467437 ], [ 84.550109831977096, 26.675556256559517 ], [ 84.55249784707857, 26.677833517656286 ], [ 84.556251576238083, 26.677555120644456 ], [ 84.557724075300655, 26.680055590750712 ], [ 84.556579680252028, 26.681777947823903 ], [ 84.549804596964123, 26.683776811908842 ], [ 84.544692902746903, 26.680972996789695 ], [ 84.54196922363117, 26.679471958725912 ], [ 84.537246680430485, 26.678722384694058 ], [ 84.534362729307929, 26.674972624534718 ], [ 84.531196601173392, 26.658527355835886 ], [ 84.522499009803795, 26.646833358338963 ], [ 84.515083405488681, 26.640832986083982 ], [ 84.514305103455612, 26.636833178914017 ], [ 84.515891947523031, 26.632999502751105 ], [ 84.520942594737662, 26.628276770550418 ], [ 84.518974348654027, 26.623472201346253 ], [ 84.520721464728268, 26.621055647243566 ], [ 84.524223256877065, 26.616193811036965 ], [ 84.523635844852109, 26.610916174812694 ] ] ] } },
{ "type": "Feature", "properties": { "F_CODE_DES": "River/Stream", "HYC_DESCRI": "Perennial/Permanent", "NAM": "UNK", "ISO": "IND", "NAME_0": "India" }, "geometry": { "type": "MultiLineString", "coordinates": [ [ [ 84.765525804131002, 26.609056414733665 ], [ 84.769973730320004, 26.617834142106666 ], [ 84.77597051157484, 26.623638143353304 ], [ 84.772529577428614, 26.627721866526837 ], [ 84.764419587083992, 26.63188931670393 ], [ 84.760833689931616, 26.639554968029675 ], [ 84.765724254139428, 26.648332506402667 ], [ 84.77002721732228, 26.652055806560888 ], [ 84.775222827543061, 26.653028400602217 ], [ 84.777389523635136, 26.655082641689511 ], [ 84.777443010637413, 26.658471978833536 ], [ 84.772193913414355, 26.665111549115679 ] ] ] } },
{ "type": "Feature", "properties": { "F_CODE_DES": "River/Stream", "HYC_DESCRI": "Perennial/Permanent", "NAM": "UNK", "ISO": "IND", "NAME_0": "India" }, "geometry": { "type": "MultiLineString", "coordinates": [ [ [ 84.408279500950144, 26.607471460666318 ], [ 84.398887712551044, 26.608055092691117 ], [ 84.39516441239283, 26.610444997792673 ], [ 84.392196734266719, 26.615110462990927 ], [ 84.392280650270294, 26.619361829171588 ], [ 84.392790471418266, 26.620464999789757 ] ] ] } },
{ "type": "Feature", "properties": { "F_CODE_DES": "River/Stream", "HYC_DESCRI": "Perennial/Permanent", "NAM": "UNK", "ISO": "IND", "NAME_0": "India" }, "geometry": { "type": "MultiLineString", "coordinates": [ [ [ 84.765525804131002, 26.609056414733665 ], [ 84.770614629347236, 26.604944152558922 ], [ 84.779472303723637, 26.602027882434996 ], [ 84.784530699938585, 26.607000283646293 ], [ 84.794166487348051, 26.607250141656912 ], [ 84.786918715040073, 26.619861545192819 ], [ 84.788414083103618, 26.623416824343899 ], [ 84.792640690283221, 26.622694088313189 ], [ 84.798164404517948, 26.618166026120772 ], [ 84.808250389946537, 26.617971356112498 ], [ 84.810752939052875, 26.623416824343899 ], [ 84.81480415422503, 26.627582573520918 ], [ 84.829582253853019, 26.636388839895133 ], [ 84.834526116063103, 26.636278085890424 ], [ 84.83930214626605, 26.629222904590623 ], [ 84.841163607345152, 26.628778376571731 ], [ 84.846527049573069, 26.637750584952997 ], [ 84.844253568476461, 26.640750960080496 ], [ 84.840972906337058, 26.641305864104076 ], [ 84.837219177177545, 26.64194487313123 ], [ 84.832664465983996, 26.647722225376732 ], [ 84.834388713057265, 26.65066722350188 ], [ 84.83930214626605, 26.649944298471162 ], [ 84.85172265979385, 26.668722205269109 ], [ 84.859085155106712, 26.671527910388335 ], [ 84.861137317193922, 26.669805553315143 ] ] ] } },
{ "type": "Feature", "properties": { "F_CODE_DES": "River/Stream", "HYC_DESCRI": "Perennial/Permanent", "NAM": "UNK", "ISO": "IND", "NAME_0": "India" }, "geometry": { "type": "MultiLineString", "coordinates": [ [ [ 84.354229614914047, 26.619310332035191 ], [ 84.356361387743931, 26.608083631692331 ], [ 84.363525433048366, 26.602249201444401 ], [ 84.366058411156004, 26.59777840625442 ], [ 84.36944585829994, 26.578945122454115 ], [ 84.379837078741517, 26.570110317078687 ], [ 84.383468713895837, 26.56969451706102 ], [ 84.383834806911395, 26.569639140058666 ], [ 84.386528057025842, 26.57613941733489 ], [ 84.402473420703416, 26.562166268741116 ], [ 84.413970858191988, 26.549499488202848 ], [ 84.418640103390416, 26.54902831118283 ], [ 84.442222579392521, 26.554361324409449 ], [ 84.444274930479736, 26.551139819272557 ], [ 84.43994134929558, 26.546361899069524 ], [ 84.450279271734885, 26.545360577026969 ], [ 84.453834550885972, 26.548026989140276 ], [ 84.45944218112426, 26.54647246407422 ], [ 84.467803919479579, 26.541276853853439 ], [ 84.463531574298031, 26.539222801766151 ], [ 84.464858921354434, 26.536249075639788 ], [ 84.47347259672047, 26.531444506435619 ], [ 84.474830561778177, 26.528694178318748 ], [ 84.4738311297357, 26.526805879238509 ], [ 84.469642700557714, 26.524805125153485 ], [ 84.469108586535015, 26.524555267142869 ], [ 84.467857406481855, 26.521417678009541 ], [ 84.471664433643625, 26.510999619566832 ], [ 84.474029579744141, 26.512638060636458 ], [ 84.473640428727592, 26.516027397780483 ], [ 84.475776695818382, 26.518110366868999 ], [ 84.47858429093769, 26.517221499831226 ], [ 84.481002735040448, 26.509166697488943 ], [ 84.477165278877379, 26.504360238284701 ], [ 84.478996310955196, 26.502222081193842 ], [ 84.487892163333214, 26.500804959133621 ], [ 84.492752109539737, 26.497972416013255 ], [ 84.499084554808817, 26.498306190027439 ], [ 84.50688931014048, 26.50133321415607 ], [ 84.510360673287991, 26.498111709019174 ], [ 84.509666476258488, 26.486944265544622 ], [ 84.521972644781428, 26.480388611266047 ], [ 84.519531331677683, 26.476638851106706 ], [ 84.51625066953828, 26.476055219081903 ], [ 84.524864155904297, 26.460695188429192 ], [ 84.527252171005784, 26.458583869339478 ], [ 84.53822324347199, 26.448860196926276 ], [ 84.536750744409417, 26.445499398783461 ], [ 84.54113762359583, 26.442693693664239 ], [ 84.547027619846119, 26.443860957713838 ], [ 84.55249784707857, 26.436805776414033 ], [ 84.553253091110662, 26.427694275026852 ], [ 84.568252509748049, 26.414556506468571 ], [ 84.571388208881302, 26.410833395310362 ], [ 84.576942352117314, 26.404277741031787 ], [ 84.581169148296937, 26.393222752562018 ], [ 84.580055182249595, 26.385221437222008 ], [ 84.581443765308606, 26.379583377982421 ], [ 84.581779429322864, 26.378221443924549 ], [ 84.58611301050702, 26.372444091679043 ], [ 84.588165361594235, 26.371500036638928 ], [ 84.594253618852946, 26.368694331519702 ], [ 84.596054032929445, 26.365943814402822 ], [ 84.595558096908377, 26.365055136365058 ], [ 84.594192571850343, 26.362667121263584 ], [ 84.590225272681764, 26.355667127966122 ], [ 84.59272007278777, 26.352056471812695 ], [ 84.600166295104202, 26.349388169699303 ], [ 84.604446389286082, 26.351638781794943 ], [ 84.614280626703973, 26.35230632982331 ], [ 84.616470380797026, 26.344249637480949 ], [ 84.614051747694248, 26.340917567339353 ], [ 84.603920024263715, 26.337917381211867 ], [ 84.602218646191403, 26.335832522123269 ], [ 84.604919456306177, 26.329666207861237 ], [ 84.60175332817164, 26.323583620602765 ], [ 84.598663367040331, 26.321750698524877 ], [ 84.593719504830247, 26.321611405518958 ], [ 84.590835553707691, 26.31722263633246 ], [ 84.594970684883421, 26.313554713176593 ], [ 84.605194073317847, 26.309389152999586 ], [ 84.608642567464386, 26.306360238870873 ], [ 84.605781485342803, 26.303666988756426 ], [ 84.594329785856175, 26.305972977854417 ], [ 84.590332057686297, 26.30413816577645 ], [ 84.594253618852946, 26.300806095634854 ], [ 84.602996759224482, 26.293361574318507 ], [ 84.610527086544465, 26.284584035945514 ], [ 84.61260986663298, 26.280555689774332 ], [ 84.615501377755848, 26.274973007537103 ], [ 84.615806612768822, 26.267583863223109 ], [ 84.629333532343637, 26.254055053648212 ], [ 84.634635927568951, 26.239389409025009 ], [ 84.63172154744511, 26.234138421801873 ], [ 84.632362446472342, 26.231388093685002 ], [ 84.638580357736572, 26.227472391518607 ], [ 84.640136772802705, 26.222805036320274 ], [ 84.639724752785199, 26.214138062951978 ], [ 84.632751408488872, 26.194639121123387 ], [ 84.633552579522913, 26.191610395994687 ], [ 84.634056075544308, 26.189750635915658 ], [ 84.637947018709653, 26.185028092714976 ], [ 84.658142047567821, 26.177278525385667 ], [ 84.658996516604134, 26.173889188241638 ], [ 84.652885390344451, 26.171277964130677 ], [ 84.652359025322085, 26.17105475512119 ], [ 84.6511688922715, 26.168332966005533 ], [ 84.658996516604134, 26.164167405828522 ], [ 84.668830943022044, 26.152805292345697 ], [ 84.676635698353692, 26.146749543088365 ], [ 84.677307215382228, 26.144832705006912 ], [ 84.667892368982152, 26.141000729844073 ], [ 84.664558408840477, 26.138111108721283 ], [ 84.664474492836916, 26.134944980586738 ], [ 84.668975906028194, 26.126194091214877 ], [ 84.668113687991564, 26.119249285919764 ], [ 84.674667452270057, 26.108360239457049 ], [ 84.673835663234712, 26.102416945204492 ], [ 84.673278869211046, 26.098667185045151 ], [ 84.678192113419826, 26.088443796610715 ], [ 84.678108197416265, 26.08422285943135 ], [ 84.672416651174416, 26.069305466797452 ], [ 84.673057550201648, 26.065916129653424 ], [ 84.677391131385789, 26.061000806444554 ], [ 84.685447634728149, 26.055778547222637 ], [ 84.69419096409969, 26.053888358142316 ], [ 84.694999695134058, 26.053722416135265 ], [ 84.699554406327607, 26.048778553925178 ], [ 84.699973986345427, 26.04580501679882 ], [ 84.697746243250762, 26.041416247612325 ], [ 84.701805207423249, 26.034166396304247 ], [ 84.691329881978106, 26.023000653829769 ], [ 84.691276583975849, 26.022943575827345 ], [ 84.691329881978106, 26.022916737826204 ], [ 84.696136530182358, 26.020111032706978 ], [ 84.699912939342838, 26.022138624793136 ], [ 84.702247656442054, 26.021694096774247 ], [ 84.702308703444643, 26.014083822450857 ], [ 84.709945626769169, 26.010555192300913 ], [ 84.715362555999349, 26.001388502911382 ], [ 84.719474818174106, 25.986944177297584 ], [ 84.726364057466853, 25.981555976068616 ], [ 84.735946735874066, 25.961111089199832 ], [ 84.742530740153839, 25.951471332790199 ], [ 84.739196780012165, 25.949832891720575 ], [ 84.728996260578711, 25.952138880818566 ], [ 84.72733306050803, 25.951110909774883 ], [ 84.724975663407861, 25.939972005301545 ], [ 84.726890611489225, 25.931472863940382 ], [ 84.741859412125308, 25.911167081077508 ], [ 84.745475738278984, 25.906221328867339 ], [ 84.755142143689753, 25.900138930608875 ], [ 84.759529022876166, 25.898332657532119 ], [ 84.77552787355603, 25.891777003253544 ], [ 84.776664708604329, 25.891306015233528 ], [ 84.791496295234595, 25.889917432174521 ], [ 84.793662991326656, 25.889722762166251 ], [ 84.800140399601915, 25.887472150070614 ], [ 84.810195956029219, 25.877582535650362 ], [ 84.816970850317105, 25.879138950716502 ], [ 84.821167028495424, 25.87841602568578 ], [ 84.825057971660755, 25.874555511521731 ], [ 84.827003537743437, 25.86755570722428 ], [ 84.832748381987557, 25.865110425120371 ], [ 84.839752155285183, 25.86436085108852 ], [ 84.848083464639203, 25.851528128543205 ], [ 84.850639311747813, 25.848972281434598 ], [ 84.86016850315275, 25.83947181803088 ], [ 84.867996127485384, 25.835611303866834 ], [ 84.868698073515205, 25.83527752985265 ], [ 84.873580888722699, 25.834777813831415 ], [ 84.883003295123089, 25.838806160002598 ], [ 84.89453116161296, 25.833110833760578 ], [ 84.894165068597403, 25.827417397518641 ], [ 84.911468586332703, 25.818611131144429 ], [ 84.914802546474377, 25.81222160787291 ], [ 84.925613346933773, 25.806110292613216 ], [ 84.92669669497981, 25.802055297440901 ], [ 84.930114760125051, 25.799249592321676 ], [ 84.935249323343243, 25.798721337299227 ], [ 84.941635066614595, 25.803249399491644 ], [ 84.953247038108032, 25.800693552383038 ], [ 84.956001335225082, 25.798944546308711 ], [ 84.957054065269816, 25.796777661216634 ], [ 84.964225859574569, 25.781888996583952 ], [ 84.979499895223626, 25.777166453383273 ], [ 84.994583040864569, 25.774333910262907 ], [ 84.995582661907051, 25.771804901155441 ], [ 84.998085022013385, 25.765388539882782 ], [ 84.999999970094763, 25.764305191836748 ], [ 85.001998834179702, 25.763195005789569 ], [ 85.011558454585924, 25.763834014816723 ], [ 85.020362830960053, 25.760915665692711 ], [ 85.025695844186686, 25.760999770696287 ], [ 85.026725705230447, 25.761028309697497 ], [ 85.031776352445064, 25.761110335700984 ] ] ] } },
{ "type": "Feature", "properties": { "F_CODE_DES": "River/Stream", "HYC_DESCRI": "Perennial/Permanent", "NAM": "UNK", "ISO": "IND", "NAME_0": "India" }, "geometry": { "type": "MultiLineString", "coordinates": [ [ [ 84.055778420970938, 26.551055903268988 ], [ 84.057304407035787, 26.558221838573498 ], [ 84.058084296999183, 26.55936995233963 ] ], [ [ 84.059024399194797, 26.560753922287958 ], [ 84.065376234638165, 26.570104766708301 ] ], [ [ 84.066935523555514, 26.572400271401769 ], [ 84.07182858613524, 26.579603585676814 ] ], [ [ 84.075025496585539, 26.584309912298945 ], [ 84.076842532129504, 26.586984858277852 ] ], [ [ 84.077921994342688, 26.588573986853838 ], [ 84.078359033290866, 26.589217373044583 ] ], [ [ 84.087814666164974, 26.609095051907921 ], [ 84.088544509124361, 26.614878069935141 ] ], [ [ 84.088600204839707, 26.615319383126923 ], [ 84.088752685372143, 26.616527585051145 ], [ 84.088703767883132, 26.616651767760807 ] ], [ [ 84.088436724358203, 26.617329688667859 ], [ 84.085830745247989, 26.623945268366356 ], [ 84.086342976134446, 26.62505699673293 ] ], [ [ 84.087441388407669, 26.627440953098368 ], [ 84.087478797179017, 26.627522143814062 ] ], [ [ 84.087957207518429, 26.628560469224031 ], [ 84.088249189350748, 26.629194176589401 ], [ 84.088037004776609, 26.633049746555599 ] ], [ [ 84.087862062408647, 26.636228594699929 ], [ 84.087742757164861, 26.638396470082192 ] ] ] } },
{ "type": "Feature", "properties": { "F_CODE_DES": "River/Stream", "HYC_DESCRI": "Perennial/Permanent", "NAM": "UNK", "ISO": "IND", "NAME_0": "India" }, "geometry": { "type": "MultiLineString", "coordinates": [ [ [ 84.055778420970938, 26.551055903268988 ], [ 84.05489453885555, 26.551581839824937 ] ] ] } },
{ "type": "Feature", "properties": { "F_CODE_DES": "River/Stream", "HYC_DESCRI": "Perennial/Permanent", "NAM": "UNK", "ISO": "IND", "NAME_0": "India" }, "geometry": { "type": "MultiLineString", "coordinates": [ [ [ 84.514389019459173, 26.546861615090755 ], [ 84.508247464198192, 26.557945331561747 ] ] ] } },
{ "type": "Feature", "properties": { "F_CODE_DES": "River/Stream", "HYC_DESCRI": "Perennial/Permanent", "NAM": "UNK", "ISO": "IND", "NAME_0": "India" }, "geometry": { "type": "MultiLineString", "coordinates": [ [ [ 84.983055174374712, 26.532443938478089 ], [ 84.985862769494005, 26.541471523861709 ], [ 84.999999970094763, 26.539943647796782 ], [ 85.003692652251672, 26.541334120855872 ], [ 85.012107877609267, 26.548778453172211 ], [ 85.015029817733435, 26.553361892366979 ], [ 85.013442973666002, 26.556139058484995 ], [ 85.0095291614997, 26.558750093595947 ], [ 84.999999970094763, 26.557888064559315 ], [ 84.996109026929417, 26.557527452543994 ], [ 84.972419765922766, 26.548721375169784 ], [ 84.96538537462385, 26.548860479175694 ], [ 84.961525049459809, 26.544916238008092 ], [ 84.958274816321691, 26.53630634264222 ], [ 84.953804021131702, 26.536193887637442 ], [ 84.946472143820145, 26.543306335939675 ], [ 84.946357798815285, 26.548805291173352 ], [ 84.948387091901523, 26.549667320209984 ], [ 84.955390865199135, 26.552638967336257 ], [ 84.966194105658204, 26.553054767353927 ], [ 84.971946698902656, 26.558027357565233 ], [ 84.974441499008677, 26.564306315832052 ], [ 84.975334146046606, 26.571666732144827 ], [ 84.974136263995703, 26.580999363541409 ], [ 84.970108106824526, 26.579389650473004 ], [ 84.96880343976909, 26.583639126653583 ], [ 84.969642599804757, 26.588916762877851 ], [ 84.964584392589813, 26.593221616060781 ], [ 84.962448125499023, 26.591806384000641 ], [ 84.963218678531774, 26.575305927299471 ], [ 84.962448125499023, 26.5725555991826 ], [ 84.958190900318115, 26.571806025150746 ], [ 84.943801951706675, 26.578637997441064 ], [ 84.934333807304341, 26.585582802736177 ], [ 84.92575074993961, 26.58561134173739 ], [ 84.919998156695158, 26.585637990738523 ], [ 84.917442309586548, 26.586750066785779 ], [ 84.915664764511007, 26.589944922921539 ], [ 84.915748680514582, 26.594194399102118 ], [ 84.916748112557045, 26.596916188217779 ], [ 84.919387875669216, 26.598554629287403 ], [ 84.94002535354619, 26.597499820242582 ], [ 84.942443797648963, 26.600639299375992 ], [ 84.939804034536792, 26.607665941674579 ], [ 84.936775120408072, 26.609611507757254 ], [ 84.925552299931169, 26.611749664848112 ], [ 84.921447786756758, 26.616472208048794 ], [ 84.916389390541809, 26.619638525183344 ], [ 84.914497311461403, 26.620832438234078 ], [ 84.907470669162805, 26.620971731239997 ], [ 84.902748125962134, 26.618221214123118 ], [ 84.900802559879452, 26.617082678074738 ], [ 84.897941666757887, 26.614084192947317 ], [ 84.889472954398016, 26.605249387571892 ], [ 84.881530796060517, 26.607305518659263 ], [ 84.878807116944785, 26.611360513831578 ], [ 84.878250133921114, 26.617082678074738 ], [ 84.878639284937648, 26.617971356112498 ], [ 84.879722632983686, 26.620445177217622 ], [ 84.892891019543256, 26.630332901637793 ], [ 84.897781394751078, 26.636333462892779 ], [ 84.899665913831157, 26.63863945199077 ], [ 84.90047445586552, 26.643693879205554 ], [ 84.900108362849963, 26.645721471291715 ], [ 84.89988704384055, 26.646917274342528 ], [ 84.898391675777006, 26.65525047369664 ], [ 84.896331764689478, 26.666805178187648 ], [ 84.889472954398016, 26.665471972130995 ], [ 84.886108376255038, 26.662555702007069 ], [ 84.884582579190209, 26.656694433757998 ], [ 84.886642490277737, 26.64480595525281 ], [ 84.884002727165566, 26.642334024147768 ], [ 84.874305703753492, 26.639139168012008 ], [ 84.868698073515205, 26.630166959630742 ], [ 84.863418547290863, 26.625610358437111 ], [ 84.858192508068782, 26.623388285342685 ], [ 84.851860062799688, 26.624139749374621 ], [ 84.849807711712472, 26.626083425457214 ], [ 84.853416477865835, 26.630222336633093 ], [ 84.863418547290863, 26.635749830867979 ], [ 84.866775565433514, 26.639917281045072 ], [ 84.868614157511644, 26.647916706384997 ], [ 84.867637594470139, 26.655944859726148 ], [ 84.861137317193922, 26.669805553315143 ] ] ] } },
{ "type": "Feature", "properties": { "F_CODE_DES": "River/Stream", "HYC_DESCRI": "Perennial/Permanent", "NAM": "UNK", "ISO": "IND", "NAME_0": "India" }, "geometry": { "type": "MultiLineString", "coordinates": [ [ [ 84.857582038042835, 26.49733359598611 ], [ 84.854446338909597, 26.502388023200893 ], [ 84.84452818548813, 26.510194857532639 ], [ 84.835250931093896, 26.515222635746287 ], [ 84.825637823685398, 26.514972777735672 ], [ 84.812026988107021, 26.525388757178288 ], [ 84.811164770070377, 26.529611584357731 ], [ 84.815803586267506, 26.546638406081271 ], [ 84.805191046816532, 26.545583786036456 ], [ 84.799469071573384, 26.541250204852304 ], [ 84.794136058346766, 26.543888077964397 ], [ 84.793724038329259, 26.546417276071875 ], [ 84.799415584571108, 26.548639349166301 ], [ 84.803253229734182, 26.552360570324431 ], [ 84.812858588142362, 26.551776938299628 ], [ 84.816253595286625, 26.555944388476721 ], [ 84.820114109450671, 26.55608368148264 ], [ 84.830581685895481, 26.55649948150031 ], [ 84.826972919742133, 26.562915842772966 ], [ 84.829414421845883, 26.567943620986618 ], [ 84.828781082818978, 26.570054940076336 ], [ 84.826225235710368, 26.571388335132994 ], [ 84.815834015268791, 26.568611169014986 ], [ 84.813415571166033, 26.56569489889106 ], [ 84.800498932617145, 26.565305747874525 ], [ 84.797058187470938, 26.57975007348832 ], [ 84.789138709134406, 26.571861213153092 ], [ 84.78197485282999, 26.567138669952413 ], [ 84.777725187649395, 26.56613923790994 ], [ 84.77383424448405, 26.570667300102357 ], [ 84.765640338135867, 26.571027723117673 ], [ 84.765251187119333, 26.57525055029712 ], [ 84.775718763564143, 26.580555024522525 ], [ 84.776557923599796, 26.587499640817633 ], [ 84.777831972653942, 26.58905605588377 ], [ 84.779945370743746, 26.591667090994726 ], [ 84.767219622202973, 26.590000110923889 ], [ 84.760414109913782, 26.590555203947474 ], [ 84.752052371558449, 26.594083834097422 ], [ 84.753082232602225, 26.597860243257898 ], [ 84.753524870621021, 26.598472603283916 ], [ 84.761329625952683, 26.609556130754903 ], [ 84.765525804131002, 26.609056414733665 ] ] ] } },
{ "type": "Feature", "properties": { "F_CODE_DES": "River/Stream", "HYC_DESCRI": "Perennial/Permanent", "NAM": "UNK", "ISO": "IND", "NAME_0": "India" }, "geometry": { "type": "MultiLineString", "coordinates": [ [ [ 84.562805151516571, 26.50422283527886 ], [ 84.562919685521436, 26.498721990045105 ], [ 84.567001329694889, 26.491056527719373 ], [ 84.567779631727959, 26.48386186441364 ], [ 84.573059157952301, 26.477861492158659 ] ] ] } },
{ "type": "Feature", "properties": { "F_CODE_DES": "River/Stream", "HYC_DESCRI": "Perennial/Permanent", "NAM": "UNK", "ISO": "IND", "NAME_0": "India" }, "geometry": { "type": "MultiLineString", "coordinates": [ [ [ 84.491584845490124, 26.568777111022037 ], [ 84.493057344552696, 26.549083688185181 ], [ 84.496635492704755, 26.540582656823936 ], [ 84.512443453376491, 26.520055743951666 ], [ 84.518669113641053, 26.514888672732098 ], [ 84.53308112025347, 26.50852768846179 ], [ 84.533553998273575, 26.497110386976622 ], [ 84.546501065823747, 26.487583085571771 ], [ 84.558692889341827, 26.486555114528088 ], [ 84.56441505358498, 26.479694414236548 ], [ 84.569114727784694, 26.478694982194078 ], [ 84.573059157952301, 26.477861492158659 ] ] ] } },
{ "type": "Feature", "properties": { "F_CODE_DES": "River/Stream", "HYC_DESCRI": "Perennial/Permanent", "NAM": "UNK", "ISO": "IND", "NAME_0": "India" }, "geometry": { "type": "MultiLineString", "coordinates": [ [ [ 84.573059157952301, 26.477861492158659 ], [ 84.5830840963783, 26.475139703042998 ], [ 84.587196358553058, 26.47022248983405 ], [ 84.586441114520952, 26.467277491708902 ], [ 84.591583237739471, 26.466777775687667 ], [ 84.610084448525654, 26.475749984068933 ], [ 84.616859342813555, 26.47541621005475 ], [ 84.620803772981162, 26.473443994970943 ], [ 84.627441453263231, 26.46511079561683 ], [ 84.637947018709653, 26.461971316483421 ], [ 84.646194412060126, 26.46477702160265 ] ] ] } },
{ "type": "Feature", "properties": { "F_CODE_DES": "River/Stream", "HYC_DESCRI": "Perennial/Permanent", "NAM": "UNK", "ISO": "IND", "NAME_0": "India" }, "geometry": { "type": "MultiLineString", "coordinates": [ [ [ 84.710052411773702, 26.424554795893442 ], [ 84.713470476918957, 26.420084000703461 ] ] ] } },
{ "type": "Feature", "properties": { "F_CODE_DES": "River/Stream", "HYC_DESCRI": "Perennial/Permanent", "NAM": "UNK", "ISO": "IND", "NAME_0": "India" }, "geometry": { "type": "MultiLineString", "coordinates": [ [ [ 84.7311400876698, 26.401805809926742 ], [ 84.713470476918957, 26.420084000703461 ] ] ] } },
{ "type": "Feature", "properties": { "F_CODE_DES": "River/Stream", "HYC_DESCRI": "Perennial/Permanent", "NAM": "UNK", "ISO": "IND", "NAME_0": "India" }, "geometry": { "type": "MultiLineString", "coordinates": [ [ [ 84.055778420970938, 26.551055903268988 ], [ 84.055304420499382, 26.549140676439155 ] ], [ [ 84.049271630264244, 26.536821883578281 ], [ 84.046585082580279, 26.534055730546584 ], [ 84.036941546170482, 26.533332805515862 ], [ 84.022331278549629, 26.529306349344761 ], [ 84.005752575845136, 26.518333386878474 ], [ 84.004974273812067, 26.514305040707296 ], [ 84.009613090009182, 26.510444715543255 ], [ 84.007225074907709, 26.506889436392175 ], [ 84.003890925766029, 26.505250995322552 ], [ 84.002670363714159, 26.50208278818792 ], [ 84.008163459947582, 26.492721617790128 ], [ 84.003890925766029, 26.488555868613108 ], [ 84.002387997702158, 26.4841385604254 ], [ 83.995277439399999, 26.478111350169279 ], [ 83.992302012273569, 26.468221735749026 ], [ 83.994392352362397, 26.463333061541288 ], [ 83.994636540372767, 26.462749429516485 ], [ 83.995918338427245, 26.459722594387863 ], [ 83.997642585500515, 26.448722793920439 ], [ 84.00047533006483, 26.445610501241266 ] ], [ [ 84.004089643057554, 26.443771980972716 ], [ 84.007546645075834, 26.442650093924673 ] ], [ [ 84.020014067030004, 26.444853805701261 ], [ 84.021720808523696, 26.445249540772846 ], [ 84.024475105640732, 26.440971336591048 ], [ 84.026885989743178, 26.429971725123629 ], [ 84.03055991222368, 26.423289323551433 ] ], [ [ 84.03528110019856, 26.414702078144565 ], [ 84.035774282120883, 26.413805042436643 ], [ 84.034601883009501, 26.412003167292308 ] ] ] } },
{ "type": "Feature", "properties": { "F_CODE_DES": "River/Stream", "HYC_DESCRI": "Perennial/Permanent", "NAM": "UNK", "ISO": "IND", "NAME_0": "India" }, "geometry": { "type": "MultiLineString", "coordinates": [ [ [ 84.156417901247522, 26.072361029927293 ], [ 84.166000390654716, 26.072639426939126 ], [ 84.173667931980546, 26.070417353844697 ], [ 84.179252693217862, 26.081750928326308 ], [ 84.187332065561193, 26.09008412768042 ], [ 84.19071951270513, 26.097860344010861 ], [ 84.192085226763169, 26.109027787485413 ], [ 84.189308249645165, 26.122804565070844 ], [ 84.197586071996923, 26.129861825370739 ], [ 84.200973519140874, 26.135528612611541 ], [ 84.204002433269579, 26.149000155184002 ], [ 84.203163084233907, 26.154083310400004 ], [ 84.194503859865947, 26.167083675952444 ], [ 84.194000174844547, 26.16950041905514 ], [ 84.193641641829302, 26.171304613131809 ], [ 84.20577997834512, 26.198165861273253 ], [ 84.200752200131461, 26.204805431555396 ], [ 84.191223197726544, 26.209167551740762 ], [ 84.176193161087852, 26.219917305197562 ], [ 84.167556805720864, 26.234611488821976 ], [ 84.167114167702053, 26.237832993958872 ], [ 84.166969393695894, 26.238889693003777 ], [ 84.165252706622951, 26.250917464514885 ], [ 84.166999822697193, 26.256805381765083 ], [ 84.174308831007778, 26.260084153904415 ], [ 84.176475527099853, 26.262582734010589 ], [ 84.1777191471527, 26.268693860270275 ], [ 84.177474959142316, 26.27319527346156 ], [ 84.176445098098554, 26.289833133168571 ], [ 84.180442826268433, 26.30372236575878 ], [ 84.18663786853169, 26.31016726603265 ], [ 84.186920234543692, 26.312915893149452 ], [ 84.1815393163198, 26.319505738508411 ] ], [ [ 84.178922939891706, 26.322709934399239 ], [ 84.176529046388396, 26.325641662282148 ] ], [ [ 84.175663547253947, 26.327138653099176 ], [ 84.171882767194191, 26.338248760201843 ] ], [ [ 84.172168134340595, 26.343305332599819 ], [ 84.175496017059814, 26.360759230281928 ] ], [ [ 84.176152722435049, 26.364203482797269 ], [ 84.176834060115084, 26.367776925480719 ], [ 84.175613309063209, 26.379194226965886 ], [ 84.176498396100826, 26.389749499414421 ], [ 84.175804199071322, 26.39244463952895 ], [ 84.173858632988654, 26.400138829855905 ], [ 84.175361561052512, 26.404527599042403 ], [ 84.179885843244762, 26.409139577238385 ], [ 84.181137023297936, 26.414167355452037 ], [ 84.177497828143288, 26.434499787316042 ], [ 84.178054811166959, 26.439361623522643 ], [ 84.172752415941645, 26.444723175750479 ], [ 84.174224915004217, 26.448083784893285 ], [ 84.175834628072622, 26.449388451948725 ], [ 84.191581730741774, 26.462194525492905 ], [ 84.194168006851683, 26.476083758083117 ], [ 84.196357760944721, 26.480917055288504 ], [ 84.202552803207979, 26.486333795518682 ], [ 84.204330537283525, 26.494333220858611 ], [ 84.204002433269579, 26.502361374199758 ], [ 84.205391016328591, 26.503749768258757 ], [ 84.212364171624898, 26.51069457355387 ], [ 84.213249258662515, 26.516971641820611 ], [ 84.214752186726386, 26.527555453270359 ], [ 84.217163070828832, 26.530471723394285 ], [ 84.221885614029503, 26.532110164463909 ], [ 84.222663916062587, 26.536750870661109 ], [ 84.215972937778261, 26.557111652526324 ], [ 84.204246432279945, 26.572055883161362 ], [ 84.200889603137298, 26.580778044532003 ], [ 84.201690585171335, 26.586055680756274 ], [ 84.19419106485266, 26.600944534388958 ], [ 84.193031360803374, 26.614694662973257 ] ] ] } },
{ "type": "Feature", "properties": { "F_CODE_DES": "River/Stream", "HYC_DESCRI": "Perennial/Permanent", "NAM": "UNK", "ISO": "IND", "NAME_0": "India" }, "geometry": { "type": "MultiLineString", "coordinates": [ [ [ 84.193031360803374, 26.614694662973257 ], [ 84.205474932332152, 26.615778011019295 ], [ 84.213913026690719, 26.615444237005111 ], [ 84.216026235780518, 26.614139569949671 ], [ 84.223030009078144, 26.59736052723666 ], [ 84.236251882639991, 26.588499072860103 ], [ 84.25166313229488, 26.56758300897129 ], [ 84.251830964302016, 26.567361878961897 ], [ 84.252357518324388, 26.557443536540426 ], [ 84.257583557546468, 26.547222227106083 ], [ 84.264251666829821, 26.539722517787389 ], [ 84.278747589445814, 26.530082761377756 ], [ 84.29836276627934, 26.517055557824175 ], [ 84.386779805036539, 26.478471773184594 ], [ 84.39563747941294, 26.474611259020545 ], [ 84.402053840685596, 26.470556263848231 ], [ 84.426193299711372, 26.4553604742025 ], [ 84.428443911807008, 26.45394524214236 ], [ 84.471420245633254, 26.426916161993788 ], [ 84.470970236614136, 26.405166608069557 ], [ 84.467941322485416, 26.382415732102778 ], [ 84.469024670531454, 26.377082907876165 ], [ 84.473503025721755, 26.354444486914169 ], [ 84.471725480646228, 26.34686086159191 ], [ 84.472969100699075, 26.327638615775079 ], [ 84.47347259672047, 26.326000174705456 ], [ 84.478080794916281, 26.310638443052671 ], [ 84.479362403970754, 26.306388777872087 ], [ 84.481307970053422, 26.287361202063529 ], [ 84.487525881317652, 26.269500701304562 ], [ 84.487640415322517, 26.253110809608089 ], [ 84.487724331326078, 26.243944120218558 ], [ 84.493225176559832, 26.197027136224865 ], [ 84.498527571785161, 26.151695295298531 ], [ 84.515274106496776, 26.132667530489961 ], [ 84.521774383773007, 26.125249847174757 ], [ 84.5328369322431, 26.112667171640066 ], [ 84.539718611535534, 26.096082609935323 ], [ 84.545776439792945, 26.094722754877534 ], [ 84.568946895777557, 26.083360641394712 ], [ 84.582305983345236, 26.063472737549596 ], [ 84.603530873247166, 26.049194353942845 ] ] ] } },
{ "type": "Feature", "properties": { "F_CODE_DES": "River/Stream", "HYC_DESCRI": "Perennial/Permanent", "NAM": "UNK", "ISO": "IND", "NAME_0": "India" }, "geometry": { "type": "MultiLineString", "coordinates": [ [ [ 84.485336316224604, 25.898666431546303 ], [ 84.498863235799419, 25.897388413491996 ], [ 84.501472380910286, 25.899889072598256 ], [ 84.500892717885662, 25.901805910679712 ], [ 84.499725264836044, 25.905611047841408 ], [ 84.491386395481697, 25.908721987973603 ], [ 84.484832820203209, 25.919999996452852 ], [ 84.481552158063806, 25.920055373455206 ], [ 84.479164142962318, 25.91755490334895 ], [ 84.483718854155867, 25.910944061068029 ], [ 84.481109709045, 25.908250810953582 ], [ 84.477386408886787, 25.909139677991355 ], [ 84.47261056768383, 25.915138160246251 ], [ 84.458419880080811, 25.941972759386566 ], [ 84.452445967826961, 25.947139830606133 ], [ 84.442916776422024, 25.949193882693422 ], [ 84.433746307032337, 25.952888454850417 ], [ 84.427612311771682, 25.955360385955458 ], [ 84.400443938617187, 25.987667102328302 ], [ 84.400024358599353, 25.990417430445177 ], [ 84.402725168714113, 25.995861008676496 ], [ 84.400802660632422, 26.006445009126253 ], [ 84.395385731402243, 26.016889527570083 ], [ 84.394638047370464, 26.0255546109383 ], [ 84.393058763303358, 26.028333667056394 ], [ 84.389114333135737, 26.029666873113044 ], [ 84.386611973029403, 26.033916538293632 ], [ 84.388336220102673, 26.039388655526164 ], [ 84.381835942826456, 26.040111580556882 ], [ 84.377304100633879, 26.048860579928665 ], [ 84.373611418476955, 26.050805957011331 ], [ 84.372947650448751, 26.053556474128211 ], [ 84.375610282561894, 26.057750762306444 ], [ 84.370613122349553, 26.065221743623916 ], [ 84.36638632616993, 26.0648613206086 ], [ 84.359558133879773, 26.074249329007536 ], [ 84.361305249954015, 26.080554936275487 ], [ 84.359275767867771, 26.083973001420734 ], [ 84.345970167302369, 26.085027621465549 ], [ 84.335281460848165, 26.089195260642647 ], [ 84.330085661627365, 26.085056349466768 ], [ 84.31955722717997, 26.085416772482084 ], [ 84.313858120937795, 26.09438898086335 ], [ 84.308364835704367, 26.099945014099447 ], [ 84.305114791566254, 26.100639400128955 ], [ 84.301551763414849, 26.099000959059332 ], [ 84.301055827393782, 26.100110956106501 ], [ 84.30044554636784, 26.10155491616786 ], [ 84.309722989762079, 26.121860510030729 ], [ 84.312141433864852, 26.127138146254996 ], [ 84.302444410452779, 26.135110922593793 ], [ 84.299774218339309, 26.142528605909 ], [ 84.301940914431384, 26.158971795607737 ], [ 84.294334420108157, 26.164167405828522 ], [ 84.288719229869542, 26.164888440859158 ], [ 84.281806932575805, 26.170055323078721 ], [ 84.271026561117708, 26.169137917039738 ], [ 84.266639681931295, 26.172582631186117 ], [ 84.26483151885445, 26.176639516358513 ], [ 84.269889915069413, 26.184165874678335 ], [ 84.264724733849917, 26.197111052228429 ], [ 84.264808649853478, 26.200916378390133 ], [ 84.266723597934856, 26.204276987532939 ], [ 84.275169441293755, 26.204999912563657 ], [ 84.276359574344326, 26.207082692652165 ], [ 84.27422330725355, 26.209388681750156 ], [ 84.27041628009178, 26.213499053924821 ], [ 84.27053062509664, 26.219417589176324 ], [ 84.270111045078806, 26.220083247204613 ], [ 84.269554062055136, 26.221000653243596 ], [ 84.267776516979595, 26.223888384366308 ], [ 84.262168886741307, 26.224611309397027 ], [ 84.260330294663177, 26.226528147478483 ], [ 84.260444639668037, 26.232665922739301 ], [ 84.262191755742279, 26.23897171900726 ], [ 84.270469578094037, 26.243722990209161 ], [ 84.269218398040877, 26.251750954550303 ], [ 84.279586749481467, 26.268917069279759 ], [ 84.279724152487304, 26.276111543585483 ], [ 84.281669529569967, 26.279666822736559 ], [ 84.277809204405926, 26.286472335025756 ], [ 84.280975332540478, 26.294250441356279 ] ] ] } },
{ "type": "Feature", "properties": { "F_CODE_DES": "River/Stream", "HYC_DESCRI": "Perennial/Permanent", "NAM": "UNK", "ISO": "IND", "NAME_0": "India" }, "geometry": { "type": "MultiLineString", "coordinates": [ [ [ 83.907301401125082, 26.446222302459031 ], [ 83.907302849661605, 26.446222323814183 ], [ 83.907759682270992, 26.445896519751511 ] ] ] } },
{ "type": "Feature", "properties": { "F_CODE_DES": "River/Stream", "HYC_DESCRI": "Perennial/Permanent", "NAM": "UNK", "ISO": "IND", "NAME_0": "India" }, "geometry": { "type": "MultiLineString", "coordinates": [ [ [ 84.014260653863275, 26.225971863892614 ], [ 84.014579821220238, 26.225471448433581 ], [ 84.015525951567824, 26.221017213440117 ] ], [ [ 84.027728436519098, 26.200904793718625 ], [ 84.029609668858924, 26.198860247302761 ], [ 84.029556181856648, 26.195054921141057 ], [ 84.02315469487796, 26.194445255714516 ] ], [ [ 84.022005590908634, 26.194335817241246 ], [ 84.019943263448155, 26.194139405102153 ], [ 84.014526334217976, 26.192083274014777 ], [ 84.007831660491476, 26.182042996129184 ] ], [ [ 84.008398789403884, 26.177301001013173 ], [ 84.009361341998485, 26.175249043299424 ], [ 84.017440714341816, 26.168193861999619 ], [ 84.022163446542507, 26.165527260886307 ], [ 84.032008018970828, 26.15995951271173 ] ], [ [ 84.034044855250457, 26.15603661736338 ], [ 84.035446178106938, 26.152334304325684 ], [ 84.034080464048898, 26.142000161886543 ] ] ] } },
{ "type": "Feature", "properties": { "F_CODE_DES": "River/Stream", "HYC_DESCRI": "Perennial/Permanent", "NAM": "UNK", "ISO": "IND", "NAME_0": "India" }, "geometry": { "type": "MultiLineString", "coordinates": [ [ [ 84.168640153766887, 26.104722934302483 ], [ 84.161750725474135, 26.126138714212527 ], [ 84.162941047524711, 26.127611213275099 ], [ 84.167861851733818, 26.128166117298679 ], [ 84.169525240804504, 26.130056306379 ], [ 84.171112084871936, 26.139528230781501 ], [ 84.183418253394876, 26.16300014177892 ], [ 84.182525606356947, 26.165332779878042 ], [ 84.179275562218834, 26.166860655942969 ], [ 84.175056515039557, 26.16630556291938 ], [ 84.170303353837568, 26.161916793732885 ] ] ] } },
{ "type": "Feature", "properties": { "F_CODE_DES": "River/Stream", "HYC_DESCRI": "Perennial/Permanent", "NAM": "UNK", "ISO": "IND", "NAME_0": "India" }, "geometry": { "type": "MultiLineString", "coordinates": [ [ [ 84.156417901247522, 26.072361029927293 ], [ 84.153892483140211, 26.075138007045297 ], [ 84.163635244554214, 26.08536139547973 ], [ 84.1583328493289, 26.089639599661531 ], [ 84.165695155641743, 26.096082609935323 ] ] ] } },
{ "type": "Feature", "properties": { "F_CODE_DES": "River/Stream", "HYC_DESCRI": "Perennial/Permanent", "NAM": "UNK", "ISO": "IND", "NAME_0": "India" }, "geometry": { "type": "MultiLineString", "coordinates": [ [ [ 84.149307342945363, 26.067167309706591 ], [ 84.152694790089313, 26.069639240811632 ], [ 84.156417901247522, 26.072361029927293 ] ] ] } },
{ "type": "Feature", "properties": { "F_CODE_DES": "River/Stream", "HYC_DESCRI": "Perennial/Permanent", "NAM": "UNK", "ISO": "IND", "NAME_0": "India" }, "geometry": { "type": "MultiLineString", "coordinates": [ [ [ 84.142196595643199, 26.045722990795333 ], [ 84.152275021071475, 26.047916335888537 ] ] ] } },
{ "type": "Feature", "properties": { "F_CODE_DES": "River/Stream", "HYC_DESCRI": "Perennial/Permanent", "NAM": "UNK", "ISO": "IND", "NAME_0": "India" }, "geometry": { "type": "MultiLineString", "coordinates": [ [ [ 84.142196595643199, 26.045722990795333 ], [ 84.137664753450622, 26.055305480202534 ], [ 84.133079613255788, 26.059999484401999 ], [ 84.130322923763416, 26.061245319964282 ] ] ] } },
{ "type": "Feature", "properties": { "F_CODE_DES": "River/Stream", "HYC_DESCRI": "Perennial/Permanent", "NAM": "UNK", "ISO": "IND", "NAME_0": "India" }, "geometry": { "type": "MultiLineString", "coordinates": [ [ [ 84.183746357408822, 26.044526998744512 ], [ 84.175445477056073, 26.050750769008985 ], [ 84.170219437834007, 26.045972848805953 ] ] ] } },
{ "type": "Feature", "properties": { "F_CODE_DES": "River/Stream", "HYC_DESCRI": "Perennial/Permanent", "NAM": "UNK", "ISO": "IND", "NAME_0": "India" }, "geometry": { "type": "MultiLineString", "coordinates": [ [ [ 84.182777354367644, 26.026945083997383 ], [ 84.192665078787812, 26.018833203652676 ], [ 84.206108082359052, 26.013166416411874 ], [ 84.208167993446594, 26.011028259321016 ] ] ] } },
{ "type": "Feature", "properties": { "F_CODE_DES": "River/Stream", "HYC_DESCRI": "Perennial/Permanent", "NAM": "UNK", "ISO": "IND", "NAME_0": "India" }, "geometry": { "type": "MultiLineString", "coordinates": [ [ [ 84.14221223786852, 26.045683054572844 ], [ 84.142196595643199, 26.045722990795333 ] ] ] } },
{ "type": "Feature", "properties": { "F_CODE_DES": "River/Stream", "HYC_DESCRI": "Perennial/Permanent", "NAM": "UNK", "ISO": "IND", "NAME_0": "India" }, "geometry": { "type": "MultiLineString", "coordinates": [ [ [ 84.189879942322008, 25.989939078875011 ], [ 84.192413330777114, 25.990333514441609 ], [ 84.195419375904848, 25.988611157368421 ], [ 84.195990707608289, 25.986579237616159 ] ] ] } },
{ "type": "Feature", "properties": { "F_CODE_DES": "River/Stream", "HYC_DESCRI": "Perennial/Permanent", "NAM": "UNK", "ISO": "IND", "NAME_0": "India" }, "geometry": { "type": "MultiLineString", "coordinates": [ [ [ 84.329751789061618, 25.948822688419412 ], [ 84.323913488365093, 25.953582840879925 ], [ 84.318138215119674, 25.955778075973207 ], [ 84.308555536712461, 25.955917368979129 ], [ 84.305496193582471, 25.954471518917686 ], [ 84.297386203237835, 25.944665820501005 ], [ 84.295363561332323, 25.944696015301069 ] ] ] } },
{ "type": "Feature", "properties": { "F_CODE_DES": "River/Stream", "HYC_DESCRI": "Perennial/Permanent", "NAM": "UNK", "ISO": "IND", "NAME_0": "India" }, "geometry": { "type": "MultiLineString", "coordinates": [ [ [ 85.031776352445064, 25.761110335700984 ], [ 85.040863094831195, 25.760723074684527 ], [ 85.043945306962172, 25.762971796780086 ], [ 85.046195919057809, 25.768638584020891 ], [ 85.049720769207596, 25.770027167079895 ], [ 85.063720755802521, 25.77080528011296 ], [ 85.065803535891021, 25.770139622084674 ], [ 85.075996306324157, 25.758083311572353 ] ] ] } },
{ "type": "Feature", "properties": { "F_CODE_DES": "River/Stream", "HYC_DESCRI": "Perennial/Permanent", "NAM": "UNK", "ISO": "IND", "NAME_0": "India" }, "geometry": { "type": "MultiLineString", "coordinates": [ [ [ 85.185524078978432, 25.739110923766141 ], [ 85.189582854150913, 25.742805495923136 ], [ 85.190612715194675, 25.746583984083699 ], [ 85.187690775070507, 25.760389300670344 ], [ 85.189781115159334, 25.76836207700914 ], [ 85.186058004001126, 25.786193849766882 ], [ 85.180526729766072, 25.798555395292176 ] ] ] } },
{ "type": "Feature", "properties": { "F_CODE_DES": "River/Stream", "HYC_DESCRI": "Non-Perennial/Intermittent/Fluctuating", "NAM": "UNK", "ISO": "IND", "NAME_0": "India" }, "geometry": { "type": "MultiLineString", "coordinates": [ [ [ 84.603803753252492, 25.735335022234434 ], [ 84.61074775823198, 25.729997751177958 ] ], [ [ 84.611135526239451, 25.729699706610159 ], [ 84.616165145784052, 25.725833862201945 ], [ 84.640197819805294, 25.716554717807632 ], [ 84.651252808275075, 25.715723117772296 ], [ 84.658805815596025, 25.715166134748628 ] ] ] } },
{ "type": "Feature", "properties": { "F_CODE_DES": "River/Stream", "HYC_DESCRI": "Perennial/Permanent", "NAM": "UNK", "ISO": "IND", "NAME_0": "India" }, "geometry": { "type": "MultiLineString", "coordinates": [ [ [ 84.923248200833257, 25.703388221248137 ], [ 84.913497879418927, 25.70586204235326 ], [ 84.907997223185191, 25.711416185589279 ], [ 84.910163919277252, 25.713888116694321 ], [ 84.925308300920804, 25.713193919664818 ], [ 84.935363857348108, 25.715944247781692 ], [ 84.941413936605201, 25.715610473767509 ], [ 84.947418277860351, 25.713388400673082 ], [ 84.954414302157645, 25.713443777675437 ], [ 84.960777365428029, 25.715860331778124 ], [ 84.971946698902656, 25.725360795181842 ], [ 84.978721593190556, 25.725860511203074 ], [ 84.979835559237884, 25.723722543112224 ], [ 84.977943480157492, 25.713193919664818 ] ] ] } },
{ "type": "Feature", "properties": { "F_CODE_DES": "River/Stream", "HYC_DESCRI": "Perennial/Permanent", "NAM": "UNK", "ISO": "IND", "NAME_0": "India" }, "geometry": { "type": "MultiLineString", "coordinates": [ [ [ 84.940330588559164, 25.703472137251701 ], [ 84.943885867710236, 25.701833696182078 ] ] ] } },
{ "type": "Feature", "properties": { "F_CODE_DES": "River/Stream", "HYC_DESCRI": "Perennial/Permanent", "NAM": "UNK", "ISO": "IND", "NAME_0": "India" }, "geometry": { "type": "MultiLineString", "coordinates": [ [ [ 84.88561244023397, 25.715415992759247 ], [ 84.884475794185661, 25.71058269555386 ], [ 84.886695788280008, 25.706527700381542 ], [ 84.891303986475819, 25.704334166288334 ], [ 84.90660864012618, 25.701084122150228 ], [ 84.907836951178382, 25.703388221248137 ], [ 84.90624991811093, 25.706167277366227 ], [ 84.899413976820455, 25.712417696631835 ] ] ] } },
{ "type": "Feature", "properties": { "F_CODE_DES": "River/Stream", "HYC_DESCRI": "Perennial/Permanent", "NAM": "UNK", "ISO": "IND", "NAME_0": "India" }, "geometry": { "type": "MultiLineString", "coordinates": [ [ [ 84.96769722272208, 25.68424989143487 ], [ 84.97563938105958, 25.685583097491524 ], [ 84.982498191351041, 25.689443611655573 ], [ 84.989891115665188, 25.695861862928311 ], [ 84.999252286062983, 25.707916283440554 ], [ 84.997917190006248, 25.710056330531494 ] ] ] } },
{ "type": "Feature", "properties": { "F_CODE_DES": "River/Stream", "HYC_DESCRI": "Perennial/Permanent", "NAM": "UNK", "ISO": "IND", "NAME_0": "India" }, "geometry": { "type": "MultiLineString", "coordinates": [ [ [ 84.949249309938153, 25.682083195342798 ], [ 84.941947861627895, 25.679056171214167 ], [ 84.933113056252466, 25.679027632212957 ] ] ] } },
{ "type": "Feature", "properties": { "F_CODE_DES": "River/Stream", "HYC_DESCRI": "Perennial/Permanent", "NAM": "UNK", "ISO": "IND", "NAME_0": "India" }, "geometry": { "type": "MultiLineString", "coordinates": [ [ [ 84.563247600535377, 25.679861122248376 ], [ 84.563613882550939, 25.674777967032369 ], [ 84.560913072436165, 25.668277689756145 ], [ 84.551444928033831, 25.659805386396123 ], [ 84.54274752566424, 25.656778362267495 ], [ 84.536277677389307, 25.655889495229722 ], [ 84.52502442791112, 25.654333080163582 ] ] ] } },
{ "type": "Feature", "properties": { "F_CODE_DES": "River/Stream", "HYC_DESCRI": "Perennial/Permanent", "NAM": "UNK", "ISO": "IND", "NAME_0": "India" }, "geometry": { "type": "MultiLineString", "coordinates": [ [ [ 84.459083648109015, 25.65286058110101 ], [ 84.47555537680897, 25.649860394973523 ], [ 84.495582573660002, 25.649944310977084 ], [ 84.510581992297389, 25.653917280145912 ], [ 84.52502442791112, 25.654333080163582 ] ] ] } },
{ "type": "Feature", "properties": { "F_CODE_DES": "River/Stream", "HYC_DESCRI": "Perennial/Permanent", "NAM": "UNK", "ISO": "IND", "NAME_0": "India" }, "geometry": { "type": "MultiLineString", "coordinates": [ [ [ 84.459083648109015, 25.65286058110101 ], [ 84.448913557676846, 25.656833739269846 ], [ 84.446998609595482, 25.654527750171855 ], [ 84.444725128498874, 25.643999126724452 ], [ 84.439720219286187, 25.638195125477814 ], [ 84.424362267633569, 25.626611692985588 ], [ 84.414558459216963, 25.625694286946604 ], [ 84.405746522842506, 25.626888199997339 ], [ 84.388725371119207, 25.637722058457712 ], [ 84.376388584594977, 25.637695220456571 ], [ 84.367385947212412, 25.642055450641855 ], [ 84.362747131015283, 25.642555166663094 ], [ 84.358970721854817, 25.640722244585206 ], [ 84.353416389618786, 25.641639650624185 ], [ 84.351753189548106, 25.640832809589902 ], [ 84.34955587545474, 25.635305315355016 ], [ 84.349334745445347, 25.634750411331435 ], [ 84.34577946629426, 25.632055271216906 ], [ 84.315025384987393, 25.617721510607808 ], [ 84.291496206987546, 25.617250522587796 ], [ 84.283554048650046, 25.614833779485096 ], [ 84.271308927129709, 25.607416096169889 ], [ 84.255920357475787, 25.605304777080171 ], [ 84.249641399208969, 25.606027513110881 ], [ 84.234191971552463, 25.614500005470916 ], [ 84.227218627256136, 25.615444249511036 ], [ 84.221496652012988, 25.614749863481531 ], [ 84.216026235780518, 25.614110854454378 ], [ 84.200752200131461, 25.617916180616081 ], [ 84.196281404941487, 25.61588858852992 ], [ 84.192718565790088, 25.611694300351687 ], [ 84.188583434614358, 25.600778604887836 ], [ 84.172531096932232, 25.600360914870087 ], [ 84.162635812511738, 25.594165872606833 ] ] ] } },
{ "type": "Feature", "properties": { "F_CODE_DES": "River/Stream", "HYC_DESCRI": "Perennial/Permanent", "NAM": "UNK", "ISO": "IND", "NAME_0": "India" }, "geometry": { "type": "MultiLineString", "coordinates": [ [ [ 84.697944693259203, 25.586082531263337 ], [ 84.700447053365536, 25.593444837576193 ], [ 84.709251429739666, 25.603000677982259 ], [ 84.718139722117371, 25.626472399979669 ], [ 84.722579899306055, 25.659334209376102 ], [ 84.722473114301508, 25.66344458155077 ], [ 84.722190937289525, 25.673915937995737 ], [ 84.724220230375749, 25.68063923528144 ], [ 84.728973391577739, 25.684999465466724 ], [ 84.736274650887992, 25.688667388622587 ], [ 84.746276909313039, 25.688694037623719 ], [ 84.750503516492643, 25.688278237606049 ], [ 84.786720265031633, 25.684778146457319 ], [ 84.812110904110583, 25.695083560895235 ], [ 84.818420480378705, 25.695583276916473 ], [ 84.825607205684094, 25.694194882857474 ], [ 84.833885217035871, 25.689582904661492 ] ] ] } },
{ "type": "Feature", "properties": { "F_CODE_DES": "River/Stream", "HYC_DESCRI": "Perennial/Permanent", "NAM": "UNK", "ISO": "IND", "NAME_0": "India" }, "geometry": { "type": "MultiLineString", "coordinates": [ [ [ 85.235664458109099, 25.600111056859468 ], [ 85.239944552290979, 25.594304976612744 ], [ 85.248443693652149, 25.590110688434514 ], [ 85.253364497861256, 25.58238984910642 ], [ 85.26047524516342, 25.578027728921057 ], [ 85.278694089937602, 25.557443549046354 ], [ 85.281669706064051, 25.555694542972027 ], [ 85.289474461395713, 25.548666010673358 ], [ 85.293808042579855, 25.546028137561265 ], [ 85.29936218581588, 25.545278563529415 ], [ 85.30733496215467, 25.546777711593116 ], [ 85.314277688449693, 25.545555070541162 ], [ 85.324363673878295, 25.540695124334643 ], [ 85.327773990023218, 25.53722187118705 ] ] ] } },
{ "type": "Feature", "properties": { "F_CODE_DES": "River/Stream", "HYC_DESCRI": "Perennial/Permanent", "NAM": "UNK", "ISO": "IND", "NAME_0": "India" }, "geometry": { "type": "MultiLineString", "coordinates": [ [ [ 85.079971354493068, 25.646722805840191 ], [ 85.079360884467121, 25.645305683779974 ], [ 85.063774053804778, 25.609306285250213 ], [ 85.05477897642254, 25.588527624367241 ], [ 85.052635149331437, 25.585193664225567 ], [ 85.05100256726206, 25.582721733120525 ], [ 85.05100256726206, 25.582695084119393 ], [ 85.048225401144052, 25.578332963934031 ], [ 85.044357326979679, 25.572305753677909 ], [ 85.042251677890206, 25.569026981538578 ], [ 85.033225982506664, 25.554971617941309 ], [ 85.022247350040146, 25.543361725447959 ], [ 84.999999970094763, 25.524389337641743 ], [ 84.994918893878847, 25.520055756457594 ], [ 84.965278589619302, 25.498750730552253 ], [ 84.960609344420888, 25.49538804240936 ], [ 84.957359300282789, 25.486610504036367 ], [ 84.95280458908924, 25.479944284753092 ] ] ] } },
{ "type": "Feature", "properties": { "F_CODE_DES": "River/Stream", "HYC_DESCRI": "Perennial/Permanent", "NAM": "UNK", "ISO": "IND", "NAME_0": "India" }, "geometry": { "type": "MultiLineString", "coordinates": [ [ [ 84.875000089783001, 25.664527929596805 ], [ 84.877136167873772, 25.656249918245038 ], [ 84.872085520659155, 25.638610925495485 ], [ 84.872169436662716, 25.632055271216906 ], [ 84.871139575618955, 25.62849999206583 ], [ 84.861808834222458, 25.616832643570035 ], [ 84.860275288157283, 25.612443874383541 ], [ 84.862136749236385, 25.60183341393266 ], [ 84.864829999350832, 25.597139409733192 ], [ 84.869056795530454, 25.593944553597428 ], [ 84.87283320469092, 25.591083471475848 ], [ 84.876029950826762, 25.578555983943506 ], [ 84.876304567838432, 25.572889385702709 ], [ 84.876503017846872, 25.568639720522121 ], [ 84.873886123735673, 25.563722696313178 ], [ 84.873832636733397, 25.563611942308473 ], [ 84.872192305663688, 25.561916423236422 ], [ 84.867164527450043, 25.556777891018065 ], [ 84.863807698307397, 25.550193697738276 ], [ 84.863334631287287, 25.549278181699371 ], [ 84.861305149201044, 25.545278563529415 ], [ 84.85047147974069, 25.53955658828626 ], [ 84.847778229626243, 25.53391645004659 ], [ 84.847274733604849, 25.522306368553231 ], [ 84.831275882924984, 25.513526940180157 ], [ 84.828857438822212, 25.510000200030291 ], [ 84.830085749874414, 25.492027244266545 ], [ 84.834167394047853, 25.48791687209188 ], [ 84.841804506372384, 25.486083950013992 ], [ 84.848861766672286, 25.479000040712968 ], [ 84.852165297812661, 25.470916699369475 ], [ 84.850669929749117, 25.456361808750977 ], [ 84.852447474824658, 25.453361433623478 ], [ 84.855445770952059, 25.450916340519576 ], [ 84.857475253038302, 25.449277899449953 ], [ 84.867637594470139, 25.446332901324809 ], [ 84.869529673550545, 25.446638136337778 ], [ 84.891197201471286, 25.450111389485372 ], [ 84.89708700872157, 25.452943743605729 ], [ 84.900413597862922, 25.456888173773343 ], [ 84.902885528967971, 25.463806141067316 ], [ 84.900276194857085, 25.480749046787288 ], [ 84.902999873972831, 25.487443994071786 ], [ 84.908165055192313, 25.490528096202844 ], [ 84.918663060638423, 25.492221914274818 ], [ 84.92516333791464, 25.491443612241746 ], [ 84.930663994148389, 25.488388049111904 ], [ 84.937690825446992, 25.479804991747173 ], [ 84.941612197613622, 25.478889475708272 ], [ 84.950058040972522, 25.48147197181801 ], [ 84.95280458908924, 25.479944284753092 ] ] ] } },
{ "type": "Feature", "properties": { "F_CODE_DES": "River/Stream", "HYC_DESCRI": "Perennial/Permanent", "NAM": "UNK", "ISO": "IND", "NAME_0": "India" }, "geometry": { "type": "MultiLineString", "coordinates": [ [ [ 84.316886846066495, 25.437610550954162 ], [ 84.324997025411136, 25.449306438451167 ], [ 84.329887400618944, 25.450916340519576 ], [ 84.340309050061805, 25.448444409414535 ], [ 84.348220779398005, 25.448944125435769 ], [ 84.354309036656716, 25.450971528521922 ], [ 84.358802889847681, 25.455972657734442 ], [ 84.361724829971848, 25.462472935010666 ], [ 84.36335760104123, 25.47530546855597 ], [ 84.378501982684782, 25.489444748156806 ], [ 84.384246826928901, 25.498416956538072 ], [ 84.384864856955161, 25.506444920879211 ], [ 84.37994386374605, 25.516860900321831 ], [ 84.378913813702283, 25.525722543698397 ], [ 84.37833396167764, 25.530611028906129 ], [ 84.36685939319004, 25.538389135236653 ], [ 84.363891526063924, 25.542028519391305 ], [ 84.359558133879773, 25.558555625093611 ], [ 84.357887184808774, 25.560638405182114 ], [ 84.353668137629484, 25.56588939240525 ], [ 84.353195259609393, 25.566473024430053 ], [ 84.352302612571464, 25.570083680583483 ], [ 84.353996241643429, 25.573444289726289 ], [ 84.365585344135894, 25.583166072139406 ], [ 84.376861651615073, 25.588083285348361 ], [ 84.383392357892589, 25.58925054939796 ], [ 84.391746536247595, 25.588888236382566 ], [ 84.395362862401271, 25.582082724093372 ], [ 84.402999785725783, 25.580694141034364 ], [ 84.411026049066862, 25.574861600786516 ], [ 84.415664676263972, 25.574167214757011 ], [ 84.41757962434535, 25.575361316807751 ], [ 84.429107679835226, 25.582611168115825 ], [ 84.433303858013531, 25.58380508116656 ], [ 84.44005588330046, 25.582861026126444 ], [ 84.450637804750116, 25.576778438867969 ], [ 84.454360915908339, 25.576499852856131 ], [ 84.456024115979005, 25.578361502935241 ], [ 84.45688633401565, 25.588777482377857 ], [ 84.45783227905585, 25.600305537867733 ], [ 84.461471474210484, 25.607860624188781 ], [ 84.470558216596629, 25.619527783684564 ], [ 84.469833401565822, 25.630527584151992 ], [ 84.460136378153749, 25.646305115822443 ], [ 84.459083648109015, 25.65286058110101 ] ] ] } },
{ "type": "Feature", "properties": { "F_CODE_DES": "River/Stream", "HYC_DESCRI": "Perennial/Permanent", "NAM": "UNK", "ISO": "IND", "NAME_0": "India" }, "geometry": { "type": "MultiLineString", "coordinates": [ [ [ 84.393669044329286, 25.306360251376802 ], [ 84.39397427934226, 25.306638648388628 ], [ 84.419334489419924, 25.330305040394311 ], [ 84.431945892955824, 25.342082953894803 ], [ 84.43274687498986, 25.345832903054152 ], [ 84.433471690020667, 25.349222240198181 ], [ 84.432334854972353, 25.361917559737655 ], [ 84.429000894830679, 25.370832501116489 ], [ 84.422836281568721, 25.375778253326654 ], [ 84.41127779707756, 25.379360181478866 ], [ 84.408775247971207, 25.381721547579211 ], [ 84.409111100985484, 25.38719366481174 ], [ 84.415191609243863, 25.388999937888499 ], [ 84.415527273258135, 25.394916583139917 ], [ 84.422027550534352, 25.40011030336062 ], [ 84.429443343849485, 25.406084026614469 ], [ 84.440719651328664, 25.423639292360463 ], [ 84.443641591452831, 25.431194378681511 ], [ 84.444664081496271, 25.447860777389735 ], [ 84.448974604679449, 25.454971335691891 ], [ 84.447860638632108, 25.469139154293938 ], [ 84.449638372707653, 25.477333060642131 ], [ 84.455642713962803, 25.486110599015124 ], [ 84.458610581088919, 25.496000213435373 ], [ 84.46761321847147, 25.504278224787143 ], [ 84.470970236614136, 25.513082412161268 ], [ 84.471527030637787, 25.51455491122384 ], [ 84.475082309788874, 25.517471370347771 ], [ 84.477584858895213, 25.526916456749131 ], [ 84.477249194880955, 25.533277441019436 ], [ 84.473663297728564, 25.541360782362929 ], [ 84.475692779814807, 25.548915868683977 ], [ 84.475219712794711, 25.550945350770217 ], [ 84.473335193714632, 25.559194634120765 ], [ 84.472030715659201, 25.564806044359216 ], [ 84.475112927790164, 25.567722314483138 ], [ 84.479331974969455, 25.568695097524476 ], [ 84.498107991767327, 25.565027174368609 ], [ 84.521194531748364, 25.567806230486703 ], [ 84.52544400792894, 25.570693961609415 ], [ 84.527191124003181, 25.574054759752229 ], [ 84.527610704021015, 25.574888249787648 ], [ 84.527221742004485, 25.578277586931677 ], [ 84.522026131783704, 25.585750647249235 ], [ 84.523941079865082, 25.588556352368464 ], [ 84.531364433180528, 25.599306105825264 ], [ 84.533248952260607, 25.623777448865148 ], [ 84.532196033215868, 25.629278105098894 ], [ 84.526969993993788, 25.636554794408113 ], [ 84.52502442791112, 25.654333080163582 ] ] ] } },
{ "type": "Feature", "properties": { "F_CODE_DES": "River/Stream", "HYC_DESCRI": "Non-Perennial/Intermittent/Fluctuating", "NAM": "UNK", "ISO": "IND", "NAME_0": "India" }, "geometry": { "type": "MultiLineString", "coordinates": [ [ [ 85.334052948290037, 25.73308371351002 ], [ 85.337448144434305, 25.730054799381307 ], [ 85.342330959641799, 25.728889425331786 ], [ 85.351669261038623, 25.729722915367205 ], [ 85.355110195184835, 25.727945370291671 ], [ 85.360496506413725, 25.721082780000049 ], [ 85.368110749737284, 25.717527311848961 ], [ 85.371414091877654, 25.711111139576314 ], [ 85.379501402221322, 25.708389350460656 ], [ 85.379913422238829, 25.706277842370927 ], [ 85.374969560028745, 25.704471569294171 ], [ 85.373497060966173, 25.701778319179724 ], [ 85.37547305605014, 25.697721434007331 ], [ 85.367080699693517, 25.689027811637903 ], [ 85.367973346731446, 25.687333993565929 ], [ 85.371391222876682, 25.685832955502143 ], [ 85.3746414560148, 25.684415833441921 ], [ 85.395690953909281, 25.679082820215299 ], [ 85.401641808162154, 25.675556269065442 ], [ 85.403945907260066, 25.670944290869461 ], [ 85.404747078294108, 25.669361037802183 ], [ 85.404975957303833, 25.662805572523613 ], [ 85.40508274230838, 25.660223076413871 ], [ 85.405281003316802, 25.655000628191949 ] ] ] } },
{ "type": "Feature", "properties": { "F_CODE_DES": "River/Stream", "HYC_DESCRI": "Non-Perennial/Intermittent/Fluctuating", "NAM": "UNK", "ISO": "IND", "NAME_0": "India" }, "geometry": { "type": "MultiLineString", "coordinates": [ [ [ 85.405281003316802, 25.655000628191949 ], [ 85.399391196066517, 25.645000448767 ], [ 85.396774301955318, 25.643167526689112 ], [ 85.383308429383092, 25.650943743019557 ], [ 85.378913801196347, 25.653499590128163 ], [ 85.371307306873121, 25.65577704022494 ], [ 85.36010735539719, 25.656026898235559 ], [ 85.346946717837938, 25.667943915741965 ], [ 85.327026305991438, 25.672611270940298 ], [ 85.316863964559602, 25.682083195342798 ], [ 85.316802917557013, 25.682138383345144 ], [ 85.296081523676477, 25.691055214724056 ], [ 85.291862476497187, 25.695278230903511 ], [ 85.290641725445312, 25.696472143954246 ], [ 85.290412846435586, 25.69686129497078 ], [ 85.284858703199561, 25.706527700381542 ], [ 85.275833196816038, 25.709028170487798 ], [ 85.273582395720396, 25.712055194616433 ], [ 85.26963815455278, 25.730333385393145 ], [ 85.267585803465565, 25.739833848796859 ], [ 85.262474109248359, 25.749250396197006 ], [ 85.259780859133912, 25.752166666320932 ], [ 85.257080049019137, 25.755056287443722 ], [ 85.255447466949761, 25.756805482518054 ] ] ] } },
{ "type": "Feature", "properties": { "F_CODE_DES": "River/Stream", "HYC_DESCRI": "Perennial/Permanent", "NAM": "UNK", "ISO": "IND", "NAME_0": "India" }, "geometry": { "type": "MultiLineString", "coordinates": [ [ [ 85.30133062089952, 25.634750411331435 ], [ 85.305862463092097, 25.630443479148418 ], [ 85.307807840174775, 25.6248893359124 ], [ 85.313056937397832, 25.621416082764807 ] ] ] } },
{ "type": "Feature", "properties": { "F_CODE_DES": "River/Stream", "HYC_DESCRI": "Perennial/Permanent", "NAM": "UNK", "ISO": "IND", "NAME_0": "India" }, "geometry": { "type": "MultiLineString", "coordinates": [ [ [ 85.337501442436576, 25.620445189723547 ], [ 85.335807813364596, 25.627445183021006 ], [ 85.324913096901639, 25.629167540094194 ], [ 85.312858487389391, 25.639778189545087 ], [ 85.308250478193585, 25.640943563594607 ], [ 85.299774205833387, 25.637750597458925 ] ] ] } },
{ "type": "Feature", "properties": { "F_CODE_DES": "River/Stream", "HYC_DESCRI": "Non-Perennial/Intermittent/Fluctuating", "NAM": "UNK", "ISO": "IND", "NAME_0": "India" }, "geometry": { "type": "MultiLineString", "coordinates": [ [ [ 85.52014160019769, 25.616166985541749 ], [ 85.50824745169227, 25.624694854904135 ], [ 85.502609203452678, 25.63094527416974 ], [ 85.499778739332399, 25.645166390774051 ], [ 85.497970576255554, 25.647111956856726 ], [ 85.483108560624018, 25.648944878934614 ], [ 85.475585982304352, 25.645750022798854 ], [ 85.470664989095226, 25.645639457794154 ], [ 85.465415891872183, 25.648944878934614 ], [ 85.462364108742491, 25.656610530260359 ], [ 85.459861748636158, 25.657943736317016 ], [ 85.433746294526401, 25.657499397298132 ], [ 85.423309336082895, 25.650362000994836 ], [ 85.41983041293507, 25.651056198024335 ], [ 85.414802634721411, 25.65572166322259 ], [ 85.412109384606964, 25.658222133328845 ], [ 85.408386273448755, 25.657888359314661 ], [ 85.407142653395908, 25.656749634266273 ], [ 85.405281003316802, 25.655000628191949 ] ] ] } },
{ "type": "Feature", "properties": { "F_CODE_DES": "River/Stream", "HYC_DESCRI": "Perennial/Permanent", "NAM": "UNK", "ISO": "IND", "NAME_0": "India" }, "geometry": { "type": "MultiLineString", "coordinates": [ [ [ 85.38888544162009, 25.601528178919686 ], [ 85.399665813078187, 25.612667083393028 ], [ 85.414253211698068, 25.620277357716418 ], [ 85.419029241901015, 25.622778016822679 ], [ 85.423225420079334, 25.62205509179196 ], [ 85.427329933253745, 25.619388490678645 ], [ 85.457275472526263, 25.599916386851199 ], [ 85.460166983649131, 25.595638182669397 ], [ 85.46644594191595, 25.595054550644598 ], [ 85.471000653109499, 25.591583187497086 ], [ 85.476608283347787, 25.584054939177179 ], [ 85.4798583274859, 25.57575027882428 ], [ 85.48213955758284, 25.573999382749875 ], [ 85.490280165928766, 25.582666356118171 ], [ 85.491249168969944, 25.583389281148889 ], [ 85.499336290313593, 25.589416491405011 ], [ 85.504249534522373, 25.590583755454617 ], [ 85.510749811798604, 25.590000123429814 ], [ 85.522224380286204, 25.584444090193713 ], [ 85.539970347040295, 25.570278161591744 ] ] ] } },
{ "type": "Feature", "properties": { "F_CODE_DES": "River/Stream", "HYC_DESCRI": "Perennial/Permanent", "NAM": "UNK", "ISO": "IND", "NAME_0": "India" }, "geometry": { "type": "MultiLineString", "coordinates": [ [ [ 85.535194316837348, 25.566389108426485 ], [ 85.502998354469213, 25.562944394280105 ], [ 85.487892150827278, 25.563499487303694 ] ] ] } },
{ "type": "Feature", "properties": { "F_CODE_DES": "River/Stream", "HYC_DESCRI": "Perennial/Permanent", "NAM": "UNK", "ISO": "IND", "NAME_0": "India" }, "geometry": { "type": "MultiLineString", "coordinates": [ [ [ 85.504447984530813, 25.532693808994637 ], [ 85.498947139297059, 25.527973155794037 ], [ 85.494499213108043, 25.527027210753836 ], [ 85.48755648681302, 25.528055181797519 ], [ 85.467834524974961, 25.537582483202375 ], [ 85.467636074966521, 25.539499321283827 ] ] ] } },
{ "type": "Feature", "properties": { "F_CODE_DES": "River/Stream", "HYC_DESCRI": "Perennial/Permanent", "NAM": "UNK", "ISO": "IND", "NAME_0": "India" }, "geometry": { "type": "MultiLineString", "coordinates": [ [ [ 85.33866889548618, 25.526861268746785 ], [ 85.327773990023218, 25.53722187118705 ] ] ] } },
{ "type": "Feature", "properties": { "F_CODE_DES": "River/Stream", "HYC_DESCRI": "Perennial/Permanent", "NAM": "UNK", "ISO": "IND", "NAME_0": "India" }, "geometry": { "type": "MultiLineString", "coordinates": [ [ [ 85.33866889548618, 25.526861268746785 ], [ 85.352027983053858, 25.522333206554372 ], [ 85.364608768588468, 25.515083355246297 ] ] ] } },
{ "type": "Feature", "properties": { "F_CODE_DES": "River/Stream", "HYC_DESCRI": "Perennial/Permanent", "NAM": "UNK", "ISO": "IND", "NAME_0": "India" }, "geometry": { "type": "MultiLineString", "coordinates": [ [ [ 85.01797481585858, 25.483278244894766 ], [ 85.025970461198355, 25.496416013453043 ], [ 85.031440688430806, 25.501361765663209 ], [ 85.045135440012743, 25.500667568633709 ], [ 85.066474863919552, 25.506555485883911 ], [ 85.077774040399703, 25.50380515776704 ], [ 85.084335364678509, 25.496055590437727 ], [ 85.09955591332529, 25.502166716697417 ], [ 85.099830719336978, 25.502277281702113 ], [ 85.102165247436176, 25.501806293682101 ], [ 85.106918408638165, 25.496639222462527 ], [ 85.111640951838837, 25.50083351064076 ], [ 85.118080182112465, 25.506555485883911 ], [ 85.130607669644817, 25.50480458980951 ], [ 85.131195081669773, 25.50372313176355 ], [ 85.133499180767686, 25.499471576582884 ], [ 85.135581960856186, 25.499416388580542 ], [ 85.140113803048763, 25.504167470782434 ], [ 85.143142717177483, 25.50369459276234 ], [ 85.145667946284789, 25.493917433346869 ], [ 85.142303557141815, 25.489973003179252 ], [ 85.152862609590514, 25.48363885691009 ], [ 85.153503508617746, 25.484193760933671 ], [ 85.156196569732188, 25.486528478032881 ], [ 85.158752416840798, 25.486473101030526 ], [ 85.163780195054443, 25.483194328891202 ], [ 85.178390462675296, 25.482027064841599 ] ] ] } },
{ "type": "Feature", "properties": { "F_CODE_DES": "River/Stream", "HYC_DESCRI": "Perennial/Permanent", "NAM": "UNK", "ISO": "IND", "NAME_0": "India" }, "geometry": { "type": "MultiLineString", "coordinates": [ [ [ 85.364608768588468, 25.515083355246297 ], [ 85.383552617393477, 25.510000200030291 ] ] ] } },
{ "type": "Feature", "properties": { "F_CODE_DES": "River/Stream", "HYC_DESCRI": "Perennial/Permanent", "NAM": "UNK", "ISO": "IND", "NAME_0": "India" }, "geometry": { "type": "MultiLineString", "coordinates": [ [ [ 85.364608768588468, 25.515083355246297 ], [ 85.354057276140097, 25.511722557103482 ], [ 85.327499373011548, 25.510416000047961 ], [ 85.319137634656215, 25.510833690065709 ], [ 85.303001380970528, 25.515611610268742 ], [ 85.302803119962093, 25.515583071267528 ], [ 85.29644780569204, 25.514917413239246 ], [ 85.293334975559759, 25.512332838129414 ], [ 85.292663647531228, 25.511777934105837 ], [ 85.290275632429754, 25.509776991020807 ], [ 85.285499602226807, 25.513889253195551 ], [ 85.282692007107499, 25.512916659154222 ], [ 85.277885358903248, 25.507944068942919 ], [ 85.274413995755722, 25.50844378496415 ], [ 85.276252776833871, 25.516222080294682 ], [ 85.274719230768696, 25.519193727420962 ], [ 85.270111032572885, 25.521194481505979 ], [ 85.258361847073601, 25.53391645004659 ], [ 85.25619515098154, 25.531221309932064 ], [ 85.256362982988662, 25.530221877889595 ], [ 85.257194583024003, 25.524860325661756 ], [ 85.254836996923828, 25.52449990264644 ], [ 85.246864409585029, 25.529750889869579 ], [ 85.241279648347714, 25.521638820524863 ], [ 85.227973858782292, 25.519388208429227 ], [ 85.224586411638356, 25.514833497235678 ], [ 85.222473202548557, 25.514223027209738 ], [ 85.217224105325499, 25.517944248367868 ], [ 85.206802455882638, 25.510778502063364 ], [ 85.203781101754245, 25.510639209057445 ], [ 85.200141906599612, 25.51344491417667 ], [ 85.197998079508508, 25.512638073142384 ], [ 85.19364162932338, 25.504917233814297 ], [ 85.193054217298425, 25.50094407564546 ], [ 85.1978073785004, 25.495332665407005 ], [ 85.196502711444964, 25.489666067166212 ] ] ] } },
{ "type": "Feature", "properties": { "F_CODE_DES": "River/Stream", "HYC_DESCRI": "Perennial/Permanent", "NAM": "UNK", "ISO": "IND", "NAME_0": "India" }, "geometry": { "type": "MultiLineString", "coordinates": [ [ [ 85.464080795815448, 25.487832956088315 ], [ 85.476364095337416, 25.494722384381074 ], [ 85.483558569643137, 25.501750916679747 ], [ 85.488945069872031, 25.510389351046825 ], [ 85.49463661611388, 25.514999439242729 ], [ 85.499053924301592, 25.515722364273451 ], [ 85.502998354469213, 25.515222459252207 ], [ 85.515358009994415, 25.508167277952403 ], [ 85.536277853883391, 25.49983407859829 ], [ 85.55141448652661, 25.500110585610042 ], [ 85.560058590893931, 25.492805546299621 ], [ 85.561164807940941, 25.491861302259494 ], [ 85.566223204155889, 25.489833899173341 ], [ 85.57228084341331, 25.490304887193357 ], [ 85.574218660495646, 25.492584227290216 ], [ 85.574333194500511, 25.496805164469578 ] ] ] } },
{ "type": "Feature", "properties": { "F_CODE_DES": "River/Stream", "HYC_DESCRI": "Perennial/Permanent", "NAM": "UNK", "ISO": "IND", "NAME_0": "India" }, "geometry": { "type": "MultiLineString", "coordinates": [ [ [ 85.464080795815448, 25.487832956088315 ], [ 85.456275851483781, 25.490972435221721 ], [ 85.443725494950471, 25.491693470252365 ], [ 85.441917331873626, 25.493221346317291 ], [ 85.440719638822728, 25.500223229614825 ], [ 85.436637805649283, 25.504110392780007 ], [ 85.429946827364958, 25.505750723849715 ], [ 85.403388924236395, 25.504667375803677 ], [ 85.400642376119691, 25.506221711869728 ] ] ] } },
{ "type": "Feature", "properties": { "F_CODE_DES": "River/Stream", "HYC_DESCRI": "Perennial/Permanent", "NAM": "UNK", "ISO": "IND", "NAME_0": "India" }, "geometry": { "type": "MultiLineString", "coordinates": [ [ [ 85.464080795815448, 25.487832956088315 ], [ 85.466583344921787, 25.485889469005727 ], [ 85.473945651234644, 25.484083195928974 ], [ 85.483665543647675, 25.481666641826283 ], [ 85.48850243185322, 25.481361406813313 ], [ 85.499443075318126, 25.480667020783805 ], [ 85.502525287449103, 25.482915931879369 ], [ 85.508468581701663, 25.495027619394044 ], [ 85.511085475812862, 25.496860541471932 ], [ 85.514579707961346, 25.496999834477855 ], [ 85.516860938058286, 25.495777193425898 ], [ 85.522583102301439, 25.492776818298399 ], [ 85.523109467323806, 25.487054843055247 ], [ 85.519805936183431, 25.476999286627947 ], [ 85.521751313266094, 25.472110801420214 ], [ 85.524139328367582, 25.47030641834354 ], [ 85.525443995423018, 25.469333635302203 ], [ 85.527137813494988, 25.468471606265574 ], [ 85.539802515033173, 25.466861704197161 ], [ 85.542526194148905, 25.466527930182977 ], [ 85.564003021061552, 25.468305664258523 ], [ 85.566307120159451, 25.468500145266784 ], [ 85.5776367256409, 25.466304721173493 ], [ 85.58191681982278, 25.469804812322224 ], [ 85.587249833049398, 25.485500317989192 ], [ 85.59036247418166, 25.487749040084751 ], [ 85.594306904349281, 25.487861684089538 ], [ 85.603363028734108, 25.479833530748387 ], [ 85.617996165355933, 25.471666273401325 ], [ 85.631301954921355, 25.46772203223372 ], [ 85.633445782012458, 25.467083023206566 ], [ 85.636665397149272, 25.466138779166442 ], [ 85.641807520367777, 25.465999675160532 ], [ 85.654502839907252, 25.465694440147558 ], [ 85.659668021126748, 25.465555147141639 ], [ 85.680274881002404, 25.468666087273839 ], [ 85.691917470497145, 25.470443632349372 ], [ 85.700385993857012, 25.474250848511154 ] ] ] } },
{ "type": "Feature", "properties": { "F_CODE_DES": "River/Stream", "HYC_DESCRI": "Perennial/Permanent", "NAM": "UNK", "ISO": "IND", "NAME_0": "India" }, "geometry": { "type": "MultiLineString", "coordinates": [ [ [ 86.092719959528878, 25.556861807021633 ], [ 86.082778937106454, 25.559249822123107 ], [ 86.077140877866867, 25.557306335040522 ] ] ] } },
{ "type": "Feature", "properties": { "F_CODE_DES": "River/Stream", "HYC_DESCRI": "Perennial/Permanent", "NAM": "UNK", "ISO": "IND", "NAME_0": "India" }, "geometry": { "type": "MultiLineString", "coordinates": [ [ [ 86.092719959528878, 25.556861807021633 ], [ 86.089530962393368, 25.552499686836267 ], [ 86.091499397477023, 25.548860491681623 ], [ 86.094497693604424, 25.547944975642721 ], [ 86.101913486919557, 25.553861620894139 ], [ 86.113861122427252, 25.556055154987355 ], [ 86.120834277723574, 25.555639354969685 ], [ 86.123969976856827, 25.552165912822083 ], [ 86.122665498801396, 25.547971813643862 ], [ 86.112220791357558, 25.541944414387729 ], [ 86.110275225274876, 25.539472672282699 ], [ 86.113830504425962, 25.534915882089059 ], [ 86.119163517652581, 25.534139659056073 ], [ 86.132972803239383, 25.543249081443172 ], [ 86.136253276378795, 25.543388374449091 ], [ 86.144607454733787, 25.543750687464488 ], [ 86.146331701807071, 25.546443937578935 ], [ 86.144859391744504, 25.550945350770217 ], [ 86.147308264848562, 25.554250771910677 ], [ 86.161308251443472, 25.555110910947228 ], [ 86.163329984529383, 25.552028698816251 ], [ 86.165725748631189, 25.548444691663953 ], [ 86.164863530594559, 25.544027383476244 ], [ 86.156417876235665, 25.535388949109162 ], [ 86.143447939684521, 25.53005593588254 ], [ 86.136306763381057, 25.518444153389108 ], [ 86.137641859437792, 25.51672179631592 ], [ 86.151474014025581, 25.519695333442279 ], [ 86.169166493777411, 25.520444907474129 ], [ 86.173080494943733, 25.519277643424527 ], [ 86.18141936429808, 25.511667180101128 ], [ 86.183692845394688, 25.510778502063364 ], [ 86.186691330522109, 25.509611049013756 ], [ 86.194358871847939, 25.508943500985389 ], [ 86.202804526206819, 25.511028360073979 ], [ 86.20674895637444, 25.510499916051526 ], [ 86.21299748563996, 25.502916290729267 ], [ 86.213996917682437, 25.503305441745802 ], [ 86.216056828769965, 25.504110392780007 ], [ 86.224304222120438, 25.514000007200259 ], [ 86.228752148309439, 25.514083923203827 ], [ 86.236747793649215, 25.510889067068064 ], [ 86.244636464984438, 25.509832368023162 ], [ 86.249031093171183, 25.50925062599844 ], [ 86.252334624311558, 25.510639209057445 ], [ 86.26016999764451, 25.521165753504761 ], [ 86.264442531826077, 25.524000186625209 ], [ 86.271469174124661, 25.525278015679508 ], [ 86.276946961357439, 25.522361745555585 ], [ 86.28297417161356, 25.514999439242729 ], [ 86.292030295998387, 25.514110572204956 ], [ 86.301391655396188, 25.509611049013756 ], [ 86.307220415643883, 25.510055577032645 ], [ 86.311279379816369, 25.513111140162486 ], [ 86.31513970498041, 25.523361177598055 ], [ 86.32236479728742, 25.523332638596841 ], [ 86.322670032300394, 25.522388394556714 ], [ 86.322998136314339, 25.521417690515467 ], [ 86.320198101195359, 25.51474958123211 ], [ 86.323082052317901, 25.511083548076328 ], [ 86.326164264448877, 25.512887931153003 ], [ 86.327529978506917, 25.518110190374919 ], [ 86.331718407684903, 25.518638634397373 ], [ 86.334892284819773, 25.516000761285277 ], [ 86.337219252918658, 25.510000200030291 ], [ 86.336639400894015, 25.506639401887476 ], [ 86.329361010584719, 25.498416956538072 ], [ 86.329940862609362, 25.495445309411792 ], [ 86.333251953750064, 25.496194883443646 ], [ 86.340942364076867, 25.503778508765905 ], [ 86.345108113253886, 25.503000206732832 ], [ 86.353248532599807, 25.496444741454262 ], [ 86.356308064729816, 25.496972996476714 ], [ 86.36372366904493, 25.502861102726921 ], [ 86.365974470140586, 25.500473087625444 ], [ 86.36872101825729, 25.480333246769622 ], [ 86.371917764393132, 25.478971501711754 ], [ 86.380889972774398, 25.479888907750741 ], [ 86.381469635799036, 25.479944284753092 ], [ 86.389778076152098, 25.48433305393959 ], [ 86.391807558238327, 25.488916304134349 ], [ 86.390586807186452, 25.493194508316151 ], [ 86.382637088848639, 25.491945218263062 ], [ 86.382331853835666, 25.496389364451911 ], [ 86.393554674312568, 25.498167098527453 ], [ 86.396080092419894, 25.497667382506219 ], [ 86.402168349678604, 25.485860741004508 ], [ 86.406196506849781, 25.481527348820364 ], [ 86.41236112011174, 25.47858235069522 ], [ 86.419998232436271, 25.477722211658666 ], [ 86.424026578607453, 25.491945218263062 ], [ 86.428581289801002, 25.49538804240936 ], [ 86.429916385857737, 25.49408337535392 ], [ 86.429969872859999, 25.489444748156806 ], [ 86.427696202763386, 25.483804609917133 ], [ 86.428497373797427, 25.481250841808613 ], [ 86.431999165946237, 25.481361406813313 ], [ 86.436775196149185, 25.486278620022265 ], [ 86.441276609340477, 25.490917247219379 ], [ 86.443138070419579, 25.492834085300835 ], [ 86.450111414715906, 25.493055404310237 ], [ 86.45588687696133, 25.498138370526235 ], [ 86.464943001346157, 25.49722285448733 ], [ 86.472442710664851, 25.501054829650165 ], [ 86.477027850859685, 25.503416006750502 ], [ 86.484169027163148, 25.501693649677314 ], [ 86.500694242865379, 25.501611623673824 ], [ 86.510749799292668, 25.49727823148968 ] ] ] } },
{ "type": "Feature", "properties": { "F_CODE_DES": "River/Stream", "HYC_DESCRI": "Perennial/Permanent", "NAM": "UNK", "ISO": "IND", "NAME_0": "India" }, "geometry": { "type": "MultiLineString", "coordinates": [ [ [ 85.814552393708411, 25.496221532444778 ], [ 85.83058167338956, 25.488388049111904 ], [ 85.837913550701117, 25.483165789889988 ], [ 85.840362612805194, 25.481388055814442 ], [ 85.851196282265562, 25.470750757362424 ], [ 85.854499813405937, 25.465221373127456 ], [ 85.872390743166193, 25.43533328985739 ], [ 85.878997805446957, 25.428861551582379 ], [ 85.879669133475488, 25.428222731555234 ], [ 85.888610912855455, 25.419500381184584 ], [ 85.892135574005238, 25.41752816610078 ], [ 85.89360807306781, 25.416694676065362 ], [ 85.909225521731457, 25.408027702697062 ], [ 85.912445136868271, 25.406221429620309 ], [ 85.913719185922417, 25.405500394589669 ], [ 85.914833151969745, 25.405471855588456 ], [ 85.918357813119528, 25.405389829584969 ] ] ] } },
{ "type": "Feature", "properties": { "F_CODE_DES": "River/Stream", "HYC_DESCRI": "Perennial/Permanent", "NAM": "GANGA GANGES", "ISO": "IND", "NAME_0": "India" }, "geometry": { "type": "MultiLineString", "coordinates": [ [ [ 86.45222481280571, 25.418638163147946 ], [ 86.448753449658199, 25.412610952891825 ] ] ] } },
{ "type": "Feature", "properties": { "F_CODE_DES": "River/Stream", "HYC_DESCRI": "Non-Perennial/Intermittent/Fluctuating", "NAM": "UNK", "ISO": "IND", "NAME_0": "India" }, "geometry": { "type": "MultiLineString", "coordinates": [ [ [ 86.053749102872857, 25.416665948064139 ], [ 86.083503752137247, 25.416027128036994 ], [ 86.089691234400178, 25.413749677940213 ], [ 86.120780979721303, 25.392360736031311 ] ] ] } },
{ "type": "Feature", "properties": { "F_CODE_DES": "River/Stream", "HYC_DESCRI": "Non-Perennial/Intermittent/Fluctuating", "NAM": "UNK", "ISO": "IND", "NAME_0": "India" }, "geometry": { "type": "MultiLineString", "coordinates": [ [ [ 85.996002229418949, 25.399055494315796 ], [ 86.001777691664373, 25.398471862290997 ], [ 86.009666362999596, 25.393611916084481 ], [ 86.01544182524502, 25.39005474693332 ], [ 86.018081588357191, 25.389305172901466 ], [ 86.02188880451898, 25.388194986854291 ], [ 86.032554641972212, 25.387695270833056 ], [ 86.075805592810127, 25.395139603149396 ], [ 86.092529258520784, 25.401416860416141 ], [ 86.098526039775606, 25.400194219364188 ], [ 86.106636030120228, 25.393417435076216 ], [ 86.114196786441525, 25.389610218914431 ], [ 86.120780979721303, 25.392360736031311 ] ] ] } },
{ "type": "Feature", "properties": { "F_CODE_DES": "River/Stream", "HYC_DESCRI": "Non-Perennial/Intermittent/Fluctuating", "NAM": "UNK", "ISO": "IND", "NAME_0": "India" }, "geometry": { "type": "MultiLineString", "coordinates": [ [ [ 86.120780979721303, 25.392360736031311 ], [ 86.136222847377496, 25.381805463582772 ] ] ] } },
{ "type": "Feature", "properties": { "F_CODE_DES": "River/Stream", "HYC_DESCRI": "Perennial/Permanent", "NAM": "UNK", "ISO": "IND", "NAME_0": "India" }, "geometry": { "type": "MultiLineString", "coordinates": [ [ [ 86.122665498801396, 25.358749352603027 ], [ 86.125419606918427, 25.357889213566473 ], [ 86.148170482885206, 25.350833843266663 ], [ 86.152443017066759, 25.351333559287902 ], [ 86.158142123308934, 25.351999217316184 ] ] ] } },
{ "type": "Feature", "properties": { "F_CODE_DES": "River/Stream", "HYC_DESCRI": "Perennial/Permanent", "NAM": "UNK", "ISO": "IND", "NAME_0": "India" }, "geometry": { "type": "MultiLineString", "coordinates": [ [ [ 86.188858026614184, 25.345222433028212 ], [ 86.184303315420635, 25.348333373160408 ] ] ] } },
{ "type": "Feature", "properties": { "F_CODE_DES": "River/Stream", "HYC_DESCRI": "Perennial/Permanent", "NAM": "UNK", "ISO": "IND", "NAME_0": "India" }, "geometry": { "type": "MultiLineString", "coordinates": [ [ [ 85.530197156624993, 25.426277165472559 ], [ 85.538803082990697, 25.423084199336877 ], [ 85.540748649073379, 25.422361463306164 ], [ 85.541694594113565, 25.422000851290839 ], [ 85.54633322131069, 25.421749103280142 ], [ 85.548194871389796, 25.421638538275445 ], [ 85.55805197780866, 25.424972498417119 ], [ 85.562385558992816, 25.422750425322693 ], [ 85.595726105409582, 25.425527591440705 ], [ 85.605804530837858, 25.429082870591785 ], [ 85.607803394922797, 25.425666884446624 ], [ 85.604858396797653, 25.420665755234104 ], [ 85.606696988875782, 25.419361088178668 ], [ 85.612083489104677, 25.421333303262472 ], [ 85.616722116301801, 25.420583729230621 ], [ 85.615775982261596, 25.412166613872941 ], [ 85.619392308415257, 25.408472041715946 ], [ 85.616195751279434, 25.403499640504648 ], [ 85.61658471329595, 25.400527993378368 ], [ 85.628196684789401, 25.399805068347654 ], [ 85.628555217804632, 25.39908403331701 ], [ 85.631690916937885, 25.392972907057324 ], [ 85.638442942224799, 25.393444084077345 ], [ 85.644027703462115, 25.385915835757441 ], [ 85.653137125849213, 25.387582815828278 ], [ 85.6651078193579, 25.384332582690163 ], [ 85.673530604715822, 25.385999751761005 ], [ 85.690887420453379, 25.384082724679544 ], [ 85.692253134511418, 25.382360367606353 ], [ 85.694808981620028, 25.382528388613494 ], [ 85.696945248710804, 25.384138101681899 ], [ 85.697746230744841, 25.387722108834197 ], [ 85.702667223953952, 25.388666163874312 ], [ 85.706337037109904, 25.394472055121028 ], [ 85.708251985191268, 25.404138649531802 ], [ 85.718475373625708, 25.404083272529448 ], [ 85.721557585756685, 25.406333884625084 ], [ 85.731361394173291, 25.392860452052545 ], [ 85.732025162201495, 25.391916208012422 ], [ 85.734413177302969, 25.393554649082045 ], [ 85.735000589327925, 25.39775082726036 ], [ 85.738693271484848, 25.39680488222016 ], [ 85.745025716753943, 25.391166633980568 ], [ 85.75399773613519, 25.388805456880235 ], [ 85.755668685206203, 25.39005474693332 ], [ 85.754386887151739, 25.393444084077345 ], [ 85.757721036293418, 25.396110496190651 ], [ 85.768859940766745, 25.395833989178904 ], [ 85.775192197035835, 25.397777476261489 ], [ 85.778442430173953, 25.389888804926269 ], [ 85.781807008316932, 25.38619423276927 ], [ 85.779693610227113, 25.377805656412807 ], [ 85.78360742239343, 25.369667127066968 ], [ 85.791496282728659, 25.36924943704922 ], [ 85.796470573940042, 25.365110336873329 ], [ 85.809059108474983, 25.365833261904051 ], [ 85.813613819668532, 25.362972179782471 ], [ 85.820335415954148, 25.363027556784825 ], [ 85.823913564106206, 25.365444110887516 ], [ 85.824249228120465, 25.367082551957139 ], [ 85.824996912152244, 25.37072174711178 ], [ 85.829360922337685, 25.376499099357286 ], [ 85.833114651497198, 25.377471882398623 ], [ 85.835670498605808, 25.384361310691382 ], [ 85.842193644882997, 25.392860452052545 ], [ 85.84669486907427, 25.395471487163498 ], [ 85.851829621292467, 25.396389082202489 ], [ 85.857612643538218, 25.402584124465744 ], [ 85.860420238657525, 25.403139028489324 ], [ 85.863639853794339, 25.394611348126951 ], [ 85.86655423391818, 25.391777104006508 ], [ 85.877357474377249, 25.394861206137566 ], [ 85.879470872467067, 25.381721547579211 ], [ 85.881248417542594, 25.37872306245179 ], [ 85.887832610822386, 25.373695284238138 ], [ 85.888305677842482, 25.372693962195591 ], [ 85.889999306914461, 25.369194060046866 ], [ 85.886779691777647, 25.36252784076359 ], [ 85.889053361874261, 25.350833843266663 ], [ 85.889472941892095, 25.348638608173381 ], [ 85.88994600891219, 25.346166677068339 ], [ 85.88911440887685, 25.334362114566716 ], [ 85.892364453014963, 25.327110373258556 ], [ 85.891998359999405, 25.323305047096852 ], [ 85.887580862811689, 25.316249865797047 ], [ 85.887947144827251, 25.312860528653022 ] ] ] } },
{ "type": "Feature", "properties": { "F_CODE_DES": "River/Stream", "HYC_DESCRI": "Perennial/Permanent", "NAM": "UNK", "ISO": "IND", "NAME_0": "India" }, "geometry": { "type": "MultiLineString", "coordinates": [ [ [ 85.722168055782618, 25.335361546609185 ], [ 85.728363098045875, 25.33288961550414 ], [ 85.732559276224194, 25.326221506220783 ], [ 85.739280683509804, 25.325416555186578 ], [ 85.755691554207175, 25.316139300792351 ], [ 85.760803248424395, 25.315776798776948 ], [ 85.765747110634479, 25.318416561889123 ], [ 85.774559047008935, 25.31752769485135 ], [ 85.77494819802547, 25.315221705753359 ], [ 85.772003199900325, 25.310417136549194 ], [ 85.773307866955761, 25.307027799405169 ], [ 85.774085979988826, 25.306360251376802 ], [ 85.777359082127916, 25.303527897256444 ], [ 85.802696234204589, 25.297166912986135 ], [ 85.821556167006023, 25.29836082603687 ], [ 85.82814017128581, 25.300722192137215 ], [ 85.833808848526701, 25.305055584321359 ], [ 85.836692799649242, 25.307249118414571 ], [ 85.844642706987074, 25.30852694746887 ], [ 85.852417033317437, 25.30808260844999 ], [ 85.871498096128263, 25.306972422402815 ], [ 85.884246902670014, 25.312972983657801 ], [ 85.887947144827251, 25.312860528653022 ] ] ] } },
{ "type": "Feature", "properties": { "F_CODE_DES": "River/Stream", "HYC_DESCRI": "Non-Perennial/Intermittent/Fluctuating", "NAM": "UNK", "ISO": "IND", "NAME_0": "India" }, "geometry": { "type": "MultiLineString", "coordinates": [ [ [ 86.390502891182891, 25.270139722837641 ], [ 86.39844504952039, 25.277721458159821 ], [ 86.402420097689301, 25.284778529459704 ], [ 86.402778630704532, 25.299804597098223 ], [ 86.402862546708107, 25.302917427230501 ], [ 86.408805840960653, 25.313304867671903 ] ] ] } },
{ "type": "Feature", "properties": { "F_CODE_DES": "River/Stream", "HYC_DESCRI": "Non-Perennial/Intermittent/Fluctuating", "NAM": "UNK", "ISO": "IND", "NAME_0": "India" }, "geometry": { "type": "MultiLineString", "coordinates": [ [ [ 86.094390908599891, 25.299999267106497 ], [ 86.097114587715623, 25.297582713003806 ], [ 86.103332498979853, 25.296138752942447 ], [ 86.106529245115695, 25.28761107258007 ], [ 86.105636598077766, 25.282138766347529 ], [ 86.097419822728597, 25.272443821935553 ], [ 86.098724300784028, 25.270082455835208 ], [ 86.104385418024592, 25.266555715685342 ], [ 86.111808771340037, 25.266138025667594 ] ] ] } },
{ "type": "Feature", "properties": { "F_CODE_DES": "River/Stream", "HYC_DESCRI": "Perennial/Permanent", "NAM": "UNK", "ISO": "IND", "NAME_0": "India" }, "geometry": { "type": "MultiLineString", "coordinates": [ [ [ 86.186584545517576, 25.253639266136471 ], [ 86.201026981131292, 25.261861711485878 ] ] ] } },
{ "type": "Feature", "properties": { "F_CODE_DES": "River/Stream", "HYC_DESCRI": "Non-Perennial/Intermittent/Fluctuating", "NAM": "UNK", "ISO": "IND", "NAME_0": "India" }, "geometry": { "type": "MultiLineString", "coordinates": [ [ [ 86.510696501290411, 25.231582587199192 ], [ 86.507804801167524, 25.24116715560648 ], [ 86.504249522016451, 25.245721866800029 ], [ 86.50247197694091, 25.253999689151787 ], [ 86.499809344827767, 25.257055252281631 ], [ 86.490219106420241, 25.255027849195478 ], [ 86.486305294253924, 25.255777423227329 ], [ 86.483612044139477, 25.258193977330016 ], [ 86.482414162088574, 25.263305671547236 ], [ 86.482360864086317, 25.274499953022925 ], [ 86.477859450895025, 25.278444383190539 ], [ 86.474891583768908, 25.279306412227172 ], [ 86.474220255740391, 25.279499003235358 ], [ 86.464996299348428, 25.282222682351097 ], [ 86.460220269145466, 25.285110413473809 ], [ 86.453498861859842, 25.292055218768922 ], [ 86.452194194804406, 25.293388424825572 ], [ 86.434638929058409, 25.289917061678061 ], [ 86.421470731498843, 25.280332493270777 ], [ 86.416496251287455, 25.276750565118562 ], [ 86.409248289979459, 25.275054857046506 ], [ 86.400970467627701, 25.270889296869495 ], [ 86.391861045240603, 25.269056374791607 ], [ 86.390502891182891, 25.270139722837641 ] ] ] } },
{ "type": "Feature", "properties": { "F_CODE_DES": "River/Stream", "HYC_DESCRI": "Perennial/Permanent", "NAM": "UNK", "ISO": "IND", "NAME_0": "India" }, "geometry": { "type": "MultiLineString", "coordinates": [ [ [ 86.207885791422754, 25.232305512229914 ], [ 86.209388719486611, 25.235639661371593 ], [ 86.217109747814717, 25.237527771451827 ], [ 86.218666162880851, 25.229028630090664 ], [ 86.220024127938558, 25.228471836067001 ], [ 86.222557106046196, 25.227443676023313 ], [ 86.232887279485169, 25.22841645906465 ], [ 86.234664824560696, 25.228582401071701 ], [ 86.240058884789917, 25.223554622858053 ], [ 86.265525879872115, 25.22872169407762 ], [ 86.272224418156753, 25.23441702031964 ], [ 86.292053164999359, 25.237222725438865 ], [ 86.294196992090463, 25.238222157481335 ], [ 86.296447793186104, 25.242776868674881 ], [ 86.295471230144614, 25.248527571919254 ], [ 86.301750188411432, 25.255083037197821 ], [ 86.307723911665278, 25.265888167656975 ], [ 86.307808016668844, 25.266527176684129 ], [ 86.308944662717153, 25.274084153005255 ], [ 86.312080361850406, 25.27758405515398 ], [ 86.319419799162276, 25.281165983306195 ], [ 86.324531493379496, 25.2818603693357 ] ] ] } },
{ "type": "Feature", "properties": { "F_CODE_DES": "River/Stream", "HYC_DESCRI": "Perennial/Permanent", "NAM": "UNK", "ISO": "IND", "NAME_0": "India" }, "geometry": { "type": "MultiLineString", "coordinates": [ [ [ 85.887947144827251, 25.312860528653022 ], [ 85.892135574005238, 25.305778509352081 ], [ 85.890136709920299, 25.301195070157313 ], [ 85.890914822953363, 25.2973613939944 ], [ 85.895637555154053, 25.292583473791368 ], [ 85.907775891669857, 25.29416653785864 ], [ 85.914001551934405, 25.299694032093527 ], [ 85.919029330148064, 25.297250828989704 ], [ 85.927253665497545, 25.299972618105365 ], [ 85.93255606072286, 25.299194316072288 ], [ 85.932251014709905, 25.290138191687458 ], [ 85.942749020156, 25.291334183738279 ], [ 85.94349670418778, 25.286666828539946 ], [ 85.940971286080469, 25.279556270237791 ], [ 85.946502749315513, 25.271165803881246 ], [ 85.946304299307087, 25.265667037647582 ], [ 85.942558319147906, 25.25774963831114 ], [ 85.934471197804243, 25.251638323051445 ], [ 85.933807429776039, 25.250278467993656 ], [ 85.928527903551696, 25.239749844546253 ], [ 85.931526199679098, 25.2322769732287 ], [ 85.930580065638893, 25.224500567898247 ], [ 85.935584974851579, 25.213666898437882 ] ] ] } },
{ "type": "Feature", "properties": { "F_CODE_DES": "River/Stream", "HYC_DESCRI": "Non-Perennial/Intermittent/Fluctuating", "NAM": "UNK", "ISO": "IND", "NAME_0": "India" }, "geometry": { "type": "MultiLineString", "coordinates": [ [ [ 86.390502891182891, 25.270139722837641 ], [ 86.387168931041217, 25.26749995972547 ], [ 86.379196154702427, 25.265222509628689 ], [ 86.36761480121028, 25.266611092687697 ], [ 86.365196168107502, 25.26394468057439 ], [ 86.367889418221949, 25.254777991184859 ], [ 86.374473611501742, 25.249055826941699 ], [ 86.375610257550051, 25.24805639489923 ], [ 86.376663176594789, 25.247138988860247 ], [ 86.379081809697567, 25.236917490425895 ], [ 86.385025103950113, 25.228500375068215 ], [ 86.407669005912354, 25.21936033467982 ], [ 86.41574856725569, 25.211944541364694 ] ] ] } },
{ "type": "Feature", "properties": { "F_CODE_DES": "River/Stream", "HYC_DESCRI": "Perennial/Permanent", "NAM": "UNK", "ISO": "IND", "NAME_0": "India" }, "geometry": { "type": "MultiLineString", "coordinates": [ [ [ 86.804107673758651, 25.434305129813701 ], [ 86.799362261556993, 25.426221788470205 ], [ 86.793556181310265, 25.420499813227053 ] ] ] } },
{ "type": "Feature", "properties": { "F_CODE_DES": "River/Stream", "HYC_DESCRI": "Perennial/Permanent", "NAM": "UNK", "ISO": "IND", "NAME_0": "India" }, "geometry": { "type": "MultiLineString", "coordinates": [ [ [ 86.890640193435758, 25.412776894898876 ], [ 86.872695965673245, 25.406221429620309 ], [ 86.865303041359084, 25.407304777666344 ], [ 86.864219693313046, 25.409444824757283 ], [ 86.866775540421656, 25.420555190229408 ], [ 86.864753807335745, 25.422332735304941 ], [ 86.850974950750228, 25.425750800450189 ], [ 86.845947172536569, 25.417055099080677 ], [ 86.8435593464351, 25.415637977020456 ], [ 86.830307043871969, 25.420944152245937 ], [ 86.822669931547438, 25.421638538275445 ], [ 86.819305353404459, 25.419221795172746 ], [ 86.817527808328919, 25.415695244022888 ], [ 86.819809038425859, 25.408416664713592 ], [ 86.816780124297154, 25.408306099708895 ], [ 86.810058528011524, 25.414667083979197 ], [ 86.796524048436382, 25.419471653183365 ], [ 86.793556181310265, 25.420499813227053 ] ] ] } },
{ "type": "Feature", "properties": { "F_CODE_DES": "River/Stream", "HYC_DESCRI": "Non-Perennial/Intermittent/Fluctuating", "NAM": "UNK", "ISO": "IND", "NAME_0": "India" }, "geometry": { "type": "MultiLineString", "coordinates": [ [ [ 86.671752858134354, 25.391361303988841 ], [ 86.667198146940805, 25.399749691345299 ], [ 86.65991975663151, 25.40336034749873 ], [ 86.652252215305694, 25.403833414518832 ], [ 86.628807142309412, 25.416221609045259 ], [ 86.622085546023783, 25.417055099080677 ], [ 86.618698098879833, 25.419694862192848 ], [ 86.616836637800731, 25.425056414420684 ] ] ] } },
{ "type": "Feature", "properties": { "F_CODE_DES": "River/Stream", "HYC_DESCRI": "Non-Perennial/Intermittent/Fluctuating", "NAM": "UNK", "ISO": "IND", "NAME_0": "India" }, "geometry": { "type": "MultiLineString", "coordinates": [ [ [ 86.68269350159926, 25.374111084255809 ], [ 86.69783013424248, 25.351862003310355 ], [ 86.7043914585213, 25.347000167103758 ], [ 86.743469289181874, 25.342527481913692 ], [ 86.749084479420489, 25.340583805831098 ], [ 86.755607625697678, 25.338333193735458 ], [ 86.764442431073107, 25.332971641507626 ], [ 86.772804169428426, 25.332694945495867 ], [ 86.778053266651483, 25.330610275407281 ] ] ] } },
{ "type": "Feature", "properties": { "F_CODE_DES": "River/Stream", "HYC_DESCRI": "Perennial/Permanent", "NAM": "UNK", "ISO": "IND", "NAME_0": "India" }, "geometry": { "type": "MultiLineString", "coordinates": [ [ [ 86.651031464253819, 25.313249679669561 ], [ 86.672447244163862, 25.29058271970635 ] ] ] } },
{ "type": "Feature", "properties": { "F_CODE_DES": "River/Stream", "HYC_DESCRI": "Perennial/Permanent", "NAM": "UNK", "ISO": "IND", "NAME_0": "India" }, "geometry": { "type": "MultiLineString", "coordinates": [ [ [ 86.757309003769976, 25.264554961600325 ], [ 86.762336781983635, 25.262500720513032 ], [ 86.767471345201812, 25.25747294229938 ], [ 86.772529552416756, 25.256444971255696 ], [ 86.782607977845032, 25.258861525358384 ], [ 86.788024907075226, 25.255306246207308 ], [ 86.798721362529761, 25.255361623209659 ], [ 86.808670133952518, 25.260084166410341 ], [ 86.813751210168434, 25.259721664394938 ], [ 86.820114084438828, 25.256111197241513 ], [ 86.832641571971166, 25.255916527233239 ], [ 86.862747194250474, 25.265667037647582 ], [ 86.870475782578893, 25.272777595949734 ], [ 86.876335160827878, 25.274499953022925 ], [ 86.883361803126476, 25.272693679946173 ], [ 86.887832598316464, 25.27155495489778 ], [ 86.89769745373566, 25.262777416524788 ], [ 86.914863568465108, 25.257528319301734 ], [ 86.931053120153081, 25.255887988232026 ], [ 86.93402854727951, 25.255582753219059 ], [ 86.934555101301882, 25.25552756521671 ] ] ] } },
{ "type": "Feature", "properties": { "F_CODE_DES": "River/Stream", "HYC_DESCRI": "Perennial/Permanent", "NAM": "UNK", "ISO": "IND", "NAME_0": "India" }, "geometry": { "type": "MultiLineString", "coordinates": [ [ [ 87.193031323285595, 25.379693955493046 ], [ 87.189247165124797, 25.373056464210993 ], [ 87.188445994090742, 25.359777512646716 ] ] ] } },
{ "type": "Feature", "properties": { "F_CODE_DES": "River/Stream", "HYC_DESCRI": "Perennial/Permanent", "NAM": "UNK", "ISO": "IND", "NAME_0": "India" }, "geometry": { "type": "MultiLineString", "coordinates": [ [ [ 87.187469431049252, 25.32041731597414 ], [ 87.181167603781461, 25.315027224745094 ], [ 87.174858027513338, 25.309639023516127 ], [ 87.17266846242029, 25.307750724435888 ], [ 87.172447143410892, 25.307556243427623 ] ] ] } },
{ "type": "Feature", "properties": { "F_CODE_DES": "River/Stream", "HYC_DESCRI": "Perennial/Permanent", "NAM": "UNK", "ISO": "IND", "NAME_0": "India" }, "geometry": { "type": "MultiLineString", "coordinates": [ [ [ 87.063636814787088, 25.262250862502412 ], [ 87.075469916289933, 25.262027653492929 ], [ 87.095695563149405, 25.251611674050309 ], [ 87.108055029674603, 25.252832425102184 ], [ 87.105140649550762, 25.266250669672381 ], [ 87.107025168630841, 25.272111937921451 ], [ 87.100280703344239, 25.287971495595386 ], [ 87.092247069002866, 25.295444555912947 ], [ 87.08083335851785, 25.300083183110061 ] ] ] } },
{ "type": "Feature", "properties": { "F_CODE_DES": "River/Stream", "HYC_DESCRI": "Perennial/Permanent", "NAM": "UNK", "ISO": "IND", "NAME_0": "India" }, "geometry": { "type": "MultiLineString", "coordinates": [ [ [ 86.934555101301882, 25.25552756521671 ], [ 86.937362696421189, 25.256555536260393 ], [ 86.959358139355871, 25.255361623209659 ], [ 86.967308046693688, 25.25677874526988 ], [ 86.978752186180003, 25.263555529557856 ], [ 86.987197840538897, 25.265806141653492 ], [ 86.99755863197916, 25.266166753668813 ], [ 86.998802252032007, 25.266221941671162 ], [ 87.0084151704405, 25.270166371838776 ], [ 87.015083279723854, 25.272916699955648 ], [ 87.015357896735523, 25.273027453960353 ] ] ] } },
{ "type": "Feature", "properties": { "F_CODE_DES": "River/Stream", "HYC_DESCRI": "Perennial/Permanent", "NAM": "UNK", "ISO": "IND", "NAME_0": "India" }, "geometry": { "type": "MultiLineString", "coordinates": [ [ [ 87.076751714344397, 25.210250912292722 ], [ 87.076942415352505, 25.214889539489839 ], [ 87.078804065431612, 25.215444632513424 ], [ 87.083557037633582, 25.212110483371745 ], [ 87.085220426704268, 25.213111805414293 ], [ 87.084304721665362, 25.219055099666846 ], [ 87.087417551797643, 25.221056042751876 ], [ 87.106277484599076, 25.217527412601932 ], [ 87.115280121981627, 25.215833594529954 ], [ 87.123390112326263, 25.215749678526386 ], [ 87.125305249407631, 25.216138829542924 ], [ 87.145385744260935, 25.220027882708187 ], [ 87.16658020516158, 25.221582407774243 ], [ 87.171302748362265, 25.223304764847434 ], [ 87.172058181394362, 25.224971744918271 ] ] ] } },
{ "type": "Feature", "properties": { "F_CODE_DES": "River/Stream", "HYC_DESCRI": "Perennial/Permanent", "NAM": "UNK", "ISO": "IND", "NAME_0": "India" }, "geometry": { "type": "MultiLineString", "coordinates": [ [ [ 87.204223714761198, 25.233083814262987 ], [ 87.205413847811784, 25.228610940072915 ], [ 87.204559378775471, 25.226917311000946 ], [ 87.203613244735266, 25.22511103792419 ], [ 87.203392114725872, 25.224666509905298 ], [ 87.195274375380905, 25.219472978684607 ], [ 87.192192163249942, 25.21324920842013 ], [ 87.197051920456445, 25.202304784955061 ] ] ] } },
{ "type": "Feature", "properties": { "F_CODE_DES": "River/Stream", "HYC_DESCRI": "Perennial/Permanent", "NAM": "UNK", "ISO": "IND", "NAME_0": "India" }, "geometry": { "type": "MultiLineString", "coordinates": [ [ [ 87.076751714344397, 25.210250912292722 ], [ 87.066886858925201, 25.212917324406028 ], [ 87.062835643753047, 25.210306100295067 ], [ 87.060638518659687, 25.213556333433182 ], [ 87.053276023346825, 25.215084020498104 ], [ 87.040336515796966, 25.216194206545275 ], [ 87.037277172666961, 25.215221423503941 ], [ 87.033943212525287, 25.209417422257303 ], [ 87.033248826495779, 25.20819478120535 ], [ 87.029556333338874, 25.186361311277558 ] ] ] } },
{ "type": "Feature", "properties": { "F_CODE_DES": "River/Stream", "HYC_DESCRI": "Non-Perennial/Intermittent/Fluctuating", "NAM": "UNK", "ISO": "IND", "NAME_0": "India" }, "geometry": { "type": "MultiLineString", "coordinates": [ [ [ 87.32333312336722, 25.207731373133292 ], [ 87.317169174560718, 25.20544426408847 ], [ 87.303718610989151, 25.211027135325708 ], [ 87.301635830900636, 25.210695251311606 ] ] ] } },
{ "type": "Feature", "properties": { "F_CODE_DES": "River/Stream", "HYC_DESCRI": "Non-Perennial/Intermittent/Fluctuating", "NAM": "UNK", "ISO": "IND", "NAME_0": "India" }, "geometry": { "type": "MultiLineString", "coordinates": [ [ [ 86.648246738135484, 25.247861913890965 ], [ 86.641418545845326, 25.244193990735102 ], [ 86.638275097711741, 25.242500361663133 ], [ 86.632919404484156, 25.241832813634765 ], [ 86.63161473742872, 25.239805221548608 ], [ 86.629447852336639, 25.236444423405793 ], [ 86.623168894069821, 25.235584284369239 ], [ 86.619583185917449, 25.233917304298402 ], [ 86.617721535838342, 25.233028437260632 ], [ 86.614051911682395, 25.228500375068215 ], [ 86.617919985846768, 25.225833962954908 ], [ 86.618942286890217, 25.222639106819148 ], [ 86.615608137748538, 25.220193824715238 ], [ 86.61113734255855, 25.219304957677465 ], [ 86.609169096474915, 25.216194206545275 ], [ 86.61003112551154, 25.202444077960976 ], [ 86.608444281444108, 25.191499654495907 ], [ 86.600944572125414, 25.183305748147713 ], [ 86.590774481693245, 25.178138676928143 ], [ 86.585136422453658, 25.170084063585868 ], [ 86.583335819377155, 25.1655006243911 ], [ 86.584358309420594, 25.161861429236456 ] ] ] } },
{ "type": "Feature", "properties": { "F_CODE_DES": "River/Stream", "HYC_DESCRI": "Perennial/Permanent", "NAM": "UNK", "ISO": "IND", "NAME_0": "India" }, "geometry": { "type": "MultiLineString", "coordinates": [ [ [ 86.697113068212005, 25.198555024795716 ], [ 86.699584999317054, 25.178833062957651 ], [ 86.698219285259015, 25.173805284743999 ], [ 86.687973027823617, 25.160833269192764 ], [ 86.681640582554522, 25.146667529590808 ], [ 86.679801990476392, 25.132165936974573 ], [ 86.679252567453048, 25.127750329786934 ] ] ] } },
{ "type": "Feature", "properties": { "F_CODE_DES": "River/Stream", "HYC_DESCRI": "Perennial/Permanent", "NAM": "UNK", "ISO": "IND", "NAME_0": "India" }, "geometry": { "type": "MultiLineString", "coordinates": [ [ [ 86.679252567453048, 25.127750329786934 ], [ 86.677528320379778, 25.12952806386248 ], [ 86.668556300998517, 25.138860695259062 ], [ 86.660194373643179, 25.144416728495159 ], [ 86.648246738135484, 25.14733318761909 ], [ 86.64427943896689, 25.152334127831601 ], [ 86.641304011840461, 25.153472852879993 ], [ 86.639190613750642, 25.152694739846929 ], [ 86.63527680158434, 25.14733318761909 ], [ 86.63244633746406, 25.14638894357897 ], [ 86.625053413149899, 25.158861243108966 ], [ 86.621276814989415, 25.157304828042825 ], [ 86.616279654777074, 25.160194449165619 ], [ 86.611084044556279, 25.157833083065277 ], [ 86.603500419234024, 25.159139640120799 ] ] ] } },
{ "type": "Feature", "properties": { "F_CODE_DES": "River/Stream", "HYC_DESCRI": "Perennial/Permanent", "NAM": "UNK", "ISO": "IND", "NAME_0": "India" }, "geometry": { "type": "MultiLineString", "coordinates": [ [ [ 87.076751714344397, 25.210250912292722 ], [ 87.076835630347972, 25.207056056156958 ], [ 87.070335353071741, 25.19588861268241 ], [ 87.069862286051645, 25.190416306449869 ], [ 87.076194731320726, 25.181333533063906 ], [ 87.077140865360931, 25.176000519837284 ], [ 87.075942983310028, 25.170139251588214 ], [ 87.072944687182627, 25.165166850376917 ], [ 87.069862286051645, 25.163389116301374 ], [ 87.065223658854521, 25.163139258290755 ], [ 87.063667243788387, 25.159805298149081 ], [ 87.065391490861657, 25.151277617786707 ], [ 87.063331579774129, 25.146305027575401 ], [ 87.059638897617205, 25.142166116399522 ], [ 87.053108191339689, 25.13483234908788 ], [ 87.039024288741203, 25.125833491705482 ], [ 87.032470713462715, 25.119083356418642 ], [ 87.025169454152461, 25.108499544968893 ], [ 87.023330673074327, 25.105888320857929 ], [ 87.024558984126514, 25.074388445519375 ], [ 87.017280593817233, 25.039167349022684 ], [ 87.007446356399328, 25.004222948537755 ] ] ] } },
{ "type": "Feature", "properties": { "F_CODE_DES": "River/Stream", "HYC_DESCRI": "Perennial/Permanent", "NAM": "UNK", "ISO": "IND", "NAME_0": "India" }, "geometry": { "type": "MultiLineString", "coordinates": [ [ [ 86.954666214156489, 25.121389345516633 ], [ 86.966247567648622, 25.131778675958117 ], [ 86.982971233359279, 25.134388010068999 ], [ 86.985389677462052, 25.134750323084397 ], [ 86.98608406349156, 25.134861077089102 ], [ 86.990554858681548, 25.136611973163504 ], [ 86.997276265967159, 25.142305409405441 ], [ 87.017028845806536, 25.175611557820755 ], [ 87.029556333338874, 25.186361311277558 ] ] ] } },
{ "type": "Feature", "properties": { "F_CODE_DES": "River/Stream", "HYC_DESCRI": "Non-Perennial/Intermittent/Fluctuating", "NAM": "UNK", "ISO": "IND", "NAME_0": "India" }, "geometry": { "type": "MultiLineString", "coordinates": [ [ [ 86.960807769417471, 25.157083509033423 ], [ 86.949142499921763, 25.144388189493945 ], [ 86.947914188869575, 25.137250982190658 ], [ 86.948387066889666, 25.132165936974573 ], [ 86.954666214156489, 25.121389345516633 ] ] ] } },
{ "type": "Feature", "properties": { "F_CODE_DES": "River/Stream", "HYC_DESCRI": "Non-Perennial/Intermittent/Fluctuating", "NAM": "UNK", "ISO": "IND", "NAME_0": "India" }, "geometry": { "type": "MultiLineString", "coordinates": [ [ [ 86.665611302873373, 25.087223058064765 ], [ 86.67124936211296, 25.089361215155627 ], [ 86.689666656895582, 25.109443600009008 ], [ 86.691970755993495, 25.12077717449062 ], [ 86.695304905135174, 25.122999247585042 ], [ 86.703941260502162, 25.124750143659448 ], [ 86.704170139511888, 25.124805520661802 ], [ 86.712554935868198, 25.131305608938014 ], [ 86.71810907910421, 25.14313889944086 ], [ 86.722274828281229, 25.149749741721781 ], [ 86.722305257282528, 25.149805118724135 ], [ 86.733718778767539, 25.167972555496142 ], [ 86.732719346725062, 25.17222222067673 ], [ 86.727668699510446, 25.179166836971834 ], [ 86.72830203853735, 25.18586159525632 ], [ 86.730468734629426, 25.209054920241901 ], [ 86.738052359951681, 25.229917497128437 ], [ 86.737442078925753, 25.232471454236965 ], [ 86.734748828811306, 25.234693527331387 ], [ 86.732139494700419, 25.235471640364452 ], [ 86.730918932648564, 25.235834142379858 ], [ 86.729614265593113, 25.236221403396314 ], [ 86.727638270509146, 25.236805035421114 ] ] ] } },
{ "type": "Feature", "properties": { "F_CODE_DES": "River/Stream", "HYC_DESCRI": "Perennial/Permanent", "NAM": "UNK", "ISO": "IND", "NAME_0": "India" }, "geometry": { "type": "MultiLineString", "coordinates": [ [ [ 86.679252567453048, 25.127750329786934 ], [ 86.669135964023141, 25.094499558373975 ], [ 86.665611302873373, 25.087223058064765 ] ] ] } },
{ "type": "Feature", "properties": { "F_CODE_DES": "River/Stream", "HYC_DESCRI": "Non-Perennial/Intermittent/Fluctuating", "NAM": "UNK", "ISO": "IND", "NAME_0": "India" }, "geometry": { "type": "MultiLineString", "coordinates": [ [ [ 86.665611302873373, 25.087223058064765 ], [ 86.66649620091097, 25.07452773852529 ], [ 86.659141454598441, 25.058500348844223 ], [ 86.659080596595857, 25.056612049763981 ], [ 86.658805790584182, 25.049861914477141 ], [ 86.65480806241429, 25.042165834150104 ], [ 86.657722442538144, 25.033637964787719 ], [ 86.652526832317363, 25.025362032436043 ], [ 86.65305319733973, 25.021305147263647 ], [ 86.648086466128674, 25.012611335894213 ], [ 86.653221218346872, 25.001667101429149 ], [ 86.653251647348156, 24.9999999323583 ], [ 86.653274516349128, 24.997028285232027 ], [ 86.645530619020064, 24.976804717372644 ], [ 86.637413068675116, 24.976638775365593 ], [ 86.636276233626802, 24.976028494339658 ], [ 86.633415151505218, 24.97444543027239 ], [ 86.626915063229006, 24.962194449751792 ], [ 86.625968929188801, 24.94997219723242 ], [ 86.619613614918734, 24.94111055385585 ], [ 86.620635915962183, 24.926082596217253 ], [ 86.613944937677857, 24.914472514723894 ], [ 86.615333520736868, 24.908082991452375 ], [ 86.622085546023783, 24.89752771900384 ], [ 86.626998979232582, 24.892944279809072 ], [ 86.641830376862828, 24.893722581842145 ], [ 86.642334061884227, 24.888639426626142 ], [ 86.640640243812243, 24.88636008652928 ] ] ] } },
{ "type": "Feature", "properties": { "F_CODE_DES": "River/Stream", "HYC_DESCRI": "Perennial/Permanent", "NAM": "UNK", "ISO": "IND", "NAME_0": "India" }, "geometry": { "type": "MultiLineString", "coordinates": [ [ [ 87.189582829139056, 25.185472444239785 ], [ 87.182807934851155, 25.178943627962347 ], [ 87.180946284772048, 25.173305568722764 ], [ 87.18144222079313, 25.168638213524432 ], [ 87.183776937892333, 25.163917560323831 ], [ 87.194221456336166, 25.153388936876425 ], [ 87.195777871402314, 25.146583613587239 ], [ 87.19547263638934, 25.134750323084397 ], [ 87.199806217573482, 25.127416555772754 ], [ 87.200057965584179, 25.122972409583902 ], [ 87.197692819483677, 25.116527509310032 ], [ 87.198501550518046, 25.113750532192029 ], [ 87.202331635680807, 25.111055392077503 ], [ 87.212417621109395, 25.108804779981863 ], [ 87.216026387262744, 25.106138178868548 ], [ 87.217636100331148, 25.100778516640794 ], [ 87.216751013293546, 25.096582338462483 ], [ 87.211219739058492, 25.092138381273642 ], [ 87.210586589031593, 25.087944093095409 ], [ 87.213361759794637, 25.081932454837538 ] ] ] } },
{ "type": "Feature", "properties": { "F_CODE_DES": "River/Stream", "HYC_DESCRI": "Perennial/Permanent", "NAM": "UNK", "ISO": "IND", "NAME_0": "India" }, "geometry": { "type": "MultiLineString", "coordinates": [ [ [ 87.029556333338874, 25.186361311277558 ], [ 87.029777463348267, 25.180639336034407 ], [ 87.015220682729691, 25.14927856470176 ], [ 87.016197245771195, 25.134027398053675 ], [ 87.014335595692089, 25.128610657823494 ], [ 87.017555210828903, 25.117082602333621 ], [ 87.017501912826631, 25.110332467046781 ], [ 87.012802049626913, 25.092527343290168 ], [ 87.012802049626913, 25.065082463123922 ], [ 87.012497003613959, 25.064056382080324 ], [ 87.007637057407436, 25.047777244388556 ] ] ] } },
{ "type": "Feature", "properties": { "F_CODE_DES": "River/Stream", "HYC_DESCRI": "Non-Perennial/Intermittent/Fluctuating", "NAM": "UNK", "ISO": "IND", "NAME_0": "India" }, "geometry": { "type": "MultiLineString", "coordinates": [ [ [ 86.843193064419538, 25.014778220986294 ], [ 86.85233310480794, 25.02861018657407 ], [ 86.868614132499786, 25.041166213107623 ], [ 86.871803318635315, 25.045473145290643 ], [ 86.86844630049265, 25.053832993645887 ], [ 86.867774972464133, 25.060832986943346 ], [ 86.859664982119497, 25.066389020179443 ], [ 86.85869597907832, 25.070638685360031 ], [ 86.861579930200875, 25.078971884714143 ], [ 86.862335174232967, 25.079944667755477 ], [ 86.86891936751276, 25.08844380911664 ], [ 86.866584839413548, 25.093389561326809 ], [ 86.858306828061785, 25.100860542644281 ], [ 86.856529282986259, 25.108083744951223 ], [ 86.857612631032282, 25.111860343111708 ], [ 86.860694843163259, 25.114084306206212 ], [ 86.860336310148028, 25.116193735295852 ], [ 86.857612631032282, 25.116693451317083 ], [ 86.854583716903576, 25.117250434340754 ], [ 86.851608289777133, 25.123887925622807 ], [ 86.854026733879905, 25.132055371969876 ], [ 86.851058866753789, 25.139110553269681 ], [ 86.853691069865647, 25.169639535566979 ], [ 86.852027869794966, 25.18555636024335 ], [ 86.85717018201349, 25.197833989765076 ], [ 86.858779895081895, 25.208555204220666 ], [ 86.861946023216433, 25.212028457368255 ], [ 86.866195688397013, 25.214000672452066 ], [ 86.878585772923529, 25.216110290541714 ], [ 86.888031048324891, 25.219583543689303 ], [ 86.902862634955142, 25.22500047291949 ], [ 86.90344229797978, 25.225471460939506 ], [ 86.917503331577294, 25.237167348436511 ], [ 86.9199981316833, 25.24027828856871 ], [ 86.920440580702106, 25.240833192592291 ], [ 86.920997563725777, 25.241500929620663 ], [ 86.927780207013996, 25.249916154978258 ], [ 86.93438726929476, 25.255388272210794 ], [ 86.934555101301882, 25.25552756521671 ] ] ] } },
{ "type": "Feature", "properties": { "F_CODE_DES": "River/Stream", "HYC_DESCRI": "Non-Perennial/Intermittent/Fluctuating", "NAM": "UNK", "ISO": "IND", "NAME_0": "India" }, "geometry": { "type": "MultiLineString", "coordinates": [ [ [ 86.843193064419538, 25.014778220986294 ], [ 86.842887829406578, 25.023860994372257 ], [ 86.844718861484381, 25.034584098827924 ], [ 86.84085853632034, 25.048000264398034 ], [ 86.842552165392306, 25.061695015979979 ], [ 86.841331414340431, 25.065750200152298 ], [ 86.833419874004235, 25.070444015351757 ], [ 86.825859117682953, 25.078500707694118 ], [ 86.81730648931952, 25.078805942707092 ], [ 86.812667862122396, 25.084444001946675 ] ] ] } },
{ "type": "Feature", "properties": { "F_CODE_DES": "River/Stream", "HYC_DESCRI": "Perennial/Permanent", "NAM": "UNK", "ISO": "IND", "NAME_0": "India" }, "geometry": { "type": "MultiLineString", "coordinates": [ [ [ 87.301635830900636, 25.210695251311606 ], [ 87.305191110051723, 25.202110303946796 ], [ 87.310249317266667, 25.200861013893707 ], [ 87.318196310947897, 25.194486979229143 ] ] ] } },
{ "type": "Feature", "properties": { "F_CODE_DES": "River/Stream", "HYC_DESCRI": "Non-Perennial/Intermittent/Fluctuating", "NAM": "UNK", "ISO": "IND", "NAME_0": "India" }, "geometry": { "type": "MultiLineString", "coordinates": [ [ [ 86.954666214156489, 25.121389345516633 ], [ 86.952056880045603, 25.108611999973672 ], [ 86.951446599019675, 25.082639618869997 ], [ 86.945968622786893, 25.068695009277434 ], [ 86.951667729029069, 25.05475039968487 ], [ 86.952331497057273, 25.049028424441723 ], [ 86.941001891575837, 25.016056050040589 ], [ 86.939750711522663, 25.00827794371007 ], [ 86.935974113362192, 25.000610402384243 ], [ 86.935913066359589, 24.9999999323583 ], [ 86.935249298331385, 24.989026969892016 ], [ 86.932388216209802, 24.986999566805864 ], [ 86.923057474813305, 24.98563952274807 ], [ 86.919746383672603, 24.983444287654784 ], [ 86.916946348553623, 24.977832877416333 ], [ 86.925140443901824, 24.973943635251064 ], [ 86.928054824025665, 24.966028125914704 ], [ 86.922668512796776, 24.953556015384713 ], [ 86.924941993893384, 24.941223197860637 ], [ 86.917503331577294, 24.92374995811813 ], [ 86.916969217554595, 24.911083177579869 ], [ 86.914581391453126, 24.909276904503109 ] ] ] } },
{ "type": "Feature", "properties": { "F_CODE_DES": "River/Stream", "HYC_DESCRI": "Perennial/Permanent", "NAM": "UNK", "ISO": "IND", "NAME_0": "India" }, "geometry": { "type": "MultiLineString", "coordinates": [ [ [ 86.931220952160203, 24.819805056701085 ], [ 86.944831787738579, 24.824806185913609 ], [ 86.947807403865028, 24.829360897107154 ], [ 86.952026451044318, 24.84694489085437 ], [ 86.951751645032644, 24.851610167052616 ], [ 86.956642209240457, 24.863471996556676 ], [ 86.958305409311137, 24.881361036316854 ], [ 86.960670555411639, 24.887805936590723 ], [ 86.980667134261381, 24.917943877871405 ], [ 86.987136793536294, 24.923000384086279 ], [ 86.991722122731147, 24.924278213140578 ], [ 86.998611362023894, 24.926195051222031 ], [ 87.002220128177257, 24.929445284360149 ], [ 87.01560983374624, 24.956222616498025 ], [ 87.02024846094335, 24.962165910750578 ], [ 87.027694683259767, 24.968250199009127 ], [ 87.038558970721439, 24.972723073199198 ], [ 87.044334432966863, 24.978221839432862 ], [ 87.052169806299815, 24.993778241093917 ], [ 87.059554981613644, 24.9999999323583 ], [ 87.062751727749486, 25.002695072472829 ], [ 87.073081901188459, 25.005916577609725 ], [ 87.081001190524972, 25.013526851933115 ], [ 87.083473121630021, 25.01588821803346 ], [ 87.091697645979508, 25.039444045034443 ], [ 87.095359710135128, 25.049888563478273 ], [ 87.104309049515422, 25.069639253317561 ], [ 87.10694125262728, 25.092777201300784 ], [ 87.113975454926191, 25.116388405304122 ], [ 87.116752621044199, 25.131694759954552 ], [ 87.116470255032198, 25.134305984065513 ], [ 87.115943890009831, 25.139972771306319 ], [ 87.10788719766748, 25.152721388848057 ], [ 87.105720501575405, 25.166749914444189 ], [ 87.107864328666508, 25.173416133727464 ], [ 87.109527528737175, 25.174417455770012 ] ] ] } },
{ "type": "Feature", "properties": { "F_CODE_DES": "River/Stream", "HYC_DESCRI": "Non-Perennial/Intermittent/Fluctuating", "NAM": "UNK", "ISO": "IND", "NAME_0": "India" }, "geometry": { "type": "MultiLineString", "coordinates": [ [ [ 86.603500419234024, 25.159139640120799 ], [ 86.601860088164315, 25.146944036602555 ], [ 86.606361312355602, 25.143638615462095 ], [ 86.610107481514788, 25.144361540492817 ], [ 86.612274177606864, 25.14027781731928 ], [ 86.612419140613014, 25.137945179220157 ], [ 86.604530280277785, 25.125749575701917 ], [ 86.602889949208091, 25.119861658451715 ], [ 86.60877994545838, 25.10975072502206 ], [ 86.60905456247005, 25.099832571600597 ], [ 86.609253012478476, 25.092416778285468 ], [ 86.616447486784196, 25.080165797764877 ], [ 86.617141683813699, 25.062389402009487 ], [ 86.619468651912584, 25.050916723521965 ], [ 86.618026770851316, 25.050443656501862 ], [ 86.613334656651915, 25.048944508438154 ], [ 86.611724943583525, 25.048416064415701 ], [ 86.61003112551154, 25.046362012328416 ], [ 86.616691674794581, 25.038972868014419 ], [ 86.616775590798142, 25.035165840852645 ], [ 86.611579980577361, 25.020971373249466 ], [ 86.610252444520953, 25.010471288803274 ], [ 86.605941732337769, 25.006805444647497 ], [ 86.599609287068674, 25.004888606566041 ], [ 86.595779390905932, 25.001222573410256 ], [ 86.595306323885822, 24.9999999323583 ], [ 86.59344486280672, 24.995166824152925 ], [ 86.590469435680291, 24.965473221891124 ], [ 86.590919444699409, 24.947111115110843 ], [ 86.58844751359436, 24.937055558683539 ], [ 86.588554298598908, 24.93536192961157 ], [ 86.589446945636837, 24.920972792000114 ], [ 86.588058551577831, 24.908556058472477 ], [ 86.583724970393689, 24.892444563787837 ], [ 86.577919079146966, 24.879943914256632 ], [ 86.582748407352184, 24.873472175981622 ], [ 86.579139641198836, 24.869361803806953 ], [ 86.56478112158868, 24.863056196539006 ], [ 86.560722346416213, 24.859582943391413 ], [ 86.558891314338396, 24.853944695151821 ], [ 86.561775265460952, 24.839082679520274 ], [ 86.56463615858253, 24.834972307345605 ], [ 86.566696258670063, 24.834278110316106 ], [ 86.567192005691126, 24.829416274109505 ], [ 86.566169704647692, 24.826694484993848 ], [ 86.565360973613323, 24.826444626983232 ], [ 86.548362690890997, 24.820917132748342 ], [ 86.535308838336292, 24.823888779874622 ], [ 86.533195440246487, 24.816972702580728 ], [ 86.526886052978369, 24.809165868248986 ], [ 86.527442847002035, 24.793500980583321 ] ] ] } },
{ "type": "Feature", "properties": { "F_CODE_DES": "River/Stream", "HYC_DESCRI": "Perennial/Permanent", "NAM": "UNK", "ISO": "IND", "NAME_0": "India" }, "geometry": { "type": "MultiLineString", "coordinates": [ [ [ 86.505722021079023, 25.131195043933317 ], [ 86.500335709850134, 25.129888486877796 ], [ 86.492279017507769, 25.125083917673628 ], [ 86.478919929940091, 25.115138926251028 ], [ 86.462890650258942, 25.101499551671434 ], [ 86.451858530790147, 25.086000417012812 ], [ 86.444503784477604, 25.049694082470008 ], [ 86.447303819596598, 25.03208343972166 ] ] ] } },
{ "type": "Feature", "properties": { "F_CODE_DES": "River/Stream", "HYC_DESCRI": "Perennial/Permanent", "NAM": "UNK", "ISO": "IND", "NAME_0": "India" }, "geometry": { "type": "MultiLineString", "coordinates": [ [ [ 87.006919802376956, 25.041027109101712 ], [ 87.00341801022816, 25.029083253594173 ], [ 87.003112775215186, 25.011360155841047 ], [ 86.995803766904586, 25.002750449475183 ], [ 86.994720418858563, 24.9999999323583 ], [ 86.985946660485723, 24.977527642403363 ] ] ] } },
{ "type": "Feature", "properties": { "F_CODE_DES": "River/Stream", "HYC_DESCRI": "Perennial/Permanent", "NAM": "UNK", "ISO": "IND", "NAME_0": "India" }, "geometry": { "type": "MultiLineString", "coordinates": [ [ [ 86.227752716266977, 24.973277977222779 ], [ 86.257003869509973, 24.949611585217095 ], [ 86.267753622966779, 24.939138338772047 ], [ 86.275474462294866, 24.935749001628018 ], [ 86.286834685777606, 24.935832917631586 ], [ 86.29135896796987, 24.933584195536028 ], [ 86.298164291259056, 24.923027033087408 ], [ 86.301551738402992, 24.92041580897645 ], [ 86.307525650656856, 24.91958420894111 ], [ 86.312141408852995, 24.912055960621203 ], [ 86.315498426995646, 24.909639406518515 ], [ 86.319946353184662, 24.910360252549147 ], [ 86.330581572636589, 24.916778503821885 ], [ 86.334030066783129, 24.917333596845474 ], [ 86.338363647967284, 24.91802779387497 ], [ 86.34733585634855, 24.9194451049352 ], [ 86.352027970547937, 24.921417320019007 ], [ 86.359695511873767, 24.922250810054425 ], [ 86.364280652068601, 24.92061047898472 ], [ 86.369613665295219, 24.921083357004814 ], [ 86.376914924605487, 24.925083164174783 ], [ 86.384445251925484, 24.934360418569014 ], [ 86.389579815143662, 24.936111503643424 ], [ 86.404609662782349, 24.935443955615057 ], [ 86.411026024055005, 24.9396667827945 ], [ 86.420364325451828, 24.941694185880653 ], [ 86.42725375374458, 24.940639565835838 ], [ 86.440002371286326, 24.941305223864127 ], [ 86.462554986244683, 24.938472680743757 ], [ 86.493225151547975, 24.934583627578498 ] ] ] } },
{ "type": "Feature", "properties": { "F_CODE_DES": "River/Stream", "HYC_DESCRI": "Non-Perennial/Intermittent/Fluctuating", "NAM": "UNK", "ISO": "IND", "NAME_0": "India" }, "geometry": { "type": "MultiLineString", "coordinates": [ [ [ 86.740806657068731, 24.845693521801195 ], [ 86.746749951321277, 24.849945076981861 ], [ 86.75939178385849, 24.853305875124676 ], [ 86.774414071496849, 24.864639260606275 ], [ 86.779136614697521, 24.875860191083099 ], [ 86.79025265016989, 24.902334178208086 ], [ 86.806030181840342, 24.919944820956434 ], [ 86.806053239841319, 24.926694956243274 ], [ 86.812637244121106, 24.935138720602083 ], [ 86.821975734517935, 24.938917208762646 ], [ 86.822776716551971, 24.939222254775611 ], [ 86.825080815649883, 24.950555829257219 ], [ 86.83164213992869, 24.963861429822629 ], [ 86.836196851122239, 24.978694906452965 ], [ 86.834640436056105, 24.997749320262663 ], [ 86.835777271104419, 24.9999999323583 ], [ 86.843193064419538, 25.014778220986294 ] ] ] } },
{ "type": "Feature", "properties": { "F_CODE_DES": "River/Stream", "HYC_DESCRI": "Perennial/Permanent", "NAM": "UNK", "ISO": "IND", "NAME_0": "India" }, "geometry": { "type": "MultiLineString", "coordinates": [ [ [ 86.914581391453126, 24.909276904503109 ], [ 86.918472334618471, 24.902805355228111 ], [ 86.928253085034086, 24.898666444052232 ], [ 86.931137036156642, 24.895805361930648 ], [ 86.934669446306742, 24.886194144522229 ], [ 86.930663969136532, 24.867332510720722 ], [ 86.936248730373862, 24.846221965823652 ], [ 86.936996414405627, 24.836276974401045 ], [ 86.935249298331385, 24.827472598026915 ], [ 86.931220952160203, 24.819805056701085 ] ] ] } },
{ "type": "Feature", "properties": { "F_CODE_DES": "River/Stream", "HYC_DESCRI": "Perennial/Permanent", "NAM": "UNK", "ISO": "IND", "NAME_0": "India" }, "geometry": { "type": "MultiLineString", "coordinates": [ [ [ 86.914581391453126, 24.909276904503109 ], [ 86.909278807227793, 24.904167100285974 ], [ 86.907836926166524, 24.897249132992002 ], [ 86.909667958244327, 24.879888537254281 ], [ 86.908973761214838, 24.87461090103001 ], [ 86.905471780066023, 24.868000058749089 ], [ 86.874916148767582, 24.850444793003096 ], [ 86.865303041359084, 24.841693903631231 ], [ 86.854164136885743, 24.835527400369195 ], [ 86.831108025906005, 24.83147240519688 ], [ 86.827445961750385, 24.831693724206286 ], [ 86.823501531582764, 24.831943582216901 ], [ 86.805473387816676, 24.826416087982018 ], [ 86.791725149232462, 24.817806192616146 ], [ 86.781219394786035, 24.815639496524078 ], [ 86.773391770453401, 24.81630515455236 ], [ 86.768692096253687, 24.820472793729465 ], [ 86.761665264955099, 24.817972134623197 ], [ 86.75244149756314, 24.818916378663324 ], [ 86.742057837121891, 24.813360156427215 ], [ 86.714614846955726, 24.803499270008189 ], [ 86.713333048901262, 24.801721535932643 ], [ 86.709968659758289, 24.797111447736743 ], [ 86.708274841686318, 24.791221640486462 ], [ 86.703277681473963, 24.774110713759349 ], [ 86.705718994577708, 24.759445258136154 ] ] ] } },
{ "type": "Feature", "properties": { "F_CODE_DES": "River/Stream", "HYC_DESCRI": "Perennial/Permanent", "NAM": "UNK", "ISO": "IND", "NAME_0": "India" }, "geometry": { "type": "MultiLineString", "coordinates": [ [ [ 87.14875347181777, 24.9695626614966 ], [ 87.148055936374405, 24.967306143969012 ], [ 87.14806775855304, 24.967266928090449 ] ], [ [ 87.149343622630667, 24.936907099982879 ], [ 87.150443951475879, 24.931528064448653 ], [ 87.147850436765737, 24.924563702254748 ] ], [ [ 87.143794150140153, 24.91145011885753 ], [ 87.143386880175996, 24.907917049445324 ], [ 87.143669057187992, 24.906804973398067 ], [ 87.146888672324806, 24.892166166776008 ], [ 87.145164425251536, 24.884832399464365 ], [ 87.141914381113423, 24.879055047218863 ], [ 87.129753175596647, 24.87061128286005 ], [ 87.127281244491613, 24.867111191711317 ], [ 87.128250058532771, 24.862638506521257 ], [ 87.126747130468914, 24.860166575416216 ], [ 87.117639779237919, 24.856378232620553 ] ], [ [ 87.10213061095844, 24.84992695557764 ], [ 87.0968322091977, 24.847723003887435 ], [ 87.071388272116479, 24.842306074657248 ], [ 87.063392626776718, 24.833305327274768 ], [ 87.064697293832154, 24.827083636010386 ], [ 87.067024261931039, 24.815860815533483 ], [ 87.065475406865218, 24.811889736364733 ], [ 87.058975129589001, 24.806222949123928 ], [ 87.05794526854524, 24.803304599999915 ], [ 87.06105809867752, 24.794750270636406 ], [ 87.065719594875603, 24.790555982458173 ], [ 87.075500534291237, 24.786832871299964 ], [ 87.075859067306467, 24.784721363210238 ] ] ] } },
{ "type": "Feature", "properties": { "F_CODE_DES": "River/Stream", "HYC_DESCRI": "Perennial/Permanent", "NAM": "UNK", "ISO": "IND", "NAME_0": "India" }, "geometry": { "type": "MultiLineString", "coordinates": [ [ [ 86.931220952160203, 24.819805056701085 ], [ 86.923942561850922, 24.805889175109748 ], [ 86.917358368571129, 24.797250740742662 ], [ 86.909500126237205, 24.792055130521881 ], [ 86.907249514141569, 24.788110700354267 ], [ 86.908836358208987, 24.781305377065081 ], [ 86.907524131153238, 24.777750097914002 ] ] ] } },
{ "type": "Feature", "properties": { "F_CODE_DES": "River/Stream", "HYC_DESCRI": "Perennial/Permanent", "NAM": "UNK", "ISO": "IND", "NAME_0": "India" }, "geometry": { "type": "MultiLineString", "coordinates": [ [ [ 87.149600277173377, 24.874682791126148 ], [ 87.146972588328367, 24.872749250950903 ], [ 87.143488387223414, 24.868517525705368 ] ], [ [ 87.140765363321407, 24.865210285783458 ], [ 87.137664715932843, 24.861444404470511 ], [ 87.136974644664917, 24.860898294054305 ] ] ] } },
{ "type": "Feature", "properties": { "F_CODE_DES": "River/Stream", "HYC_DESCRI": "Perennial/Permanent", "NAM": "UNK", "ISO": "IND", "NAME_0": "India" }, "geometry": { "type": "MultiLineString", "coordinates": [ [ [ 87.084025729218681, 24.781296689623701 ], [ 87.083831843645271, 24.78188900908988 ], [ 87.078224213406969, 24.785694146251576 ], [ 87.075859067306467, 24.784721363210238 ] ] ] } },
{ "type": "Feature", "properties": { "F_CODE_DES": "River/Stream", "HYC_DESCRI": "Perennial/Permanent", "NAM": "UNK", "ISO": "IND", "NAME_0": "India" }, "geometry": { "type": "MultiLineString", "coordinates": [ [ [ 86.239753649776944, 24.952638609345726 ], [ 86.244140717963361, 24.945554700044703 ], [ 86.250167928219483, 24.939887912803897 ], [ 86.252693157326789, 24.932416931486426 ], [ 86.257637019536887, 24.928693820328213 ], [ 86.259780846627976, 24.92374995811813 ], [ 86.266281123904207, 24.917223031840773 ], [ 86.267417958952507, 24.910444168552715 ], [ 86.27786247739634, 24.904638277305999 ], [ 86.280441193505922, 24.899723143097134 ], [ 86.280113278491982, 24.883888155424238 ], [ 86.286308320755239, 24.876111939093796 ], [ 86.287666285812946, 24.868667606777457 ], [ 86.291252182965323, 24.865612043647612 ], [ 86.292915383036004, 24.853721675142342 ], [ 86.301055991381929, 24.847999510899186 ], [ 86.305084148553107, 24.845138617777614 ], [ 86.307525650656856, 24.835777258379814 ], [ 86.311721828835161, 24.829944529131957 ], [ 86.314887956969713, 24.821611329777845 ], [ 86.320892298224848, 24.814888032492142 ], [ 86.329780590602553, 24.798778616807589 ], [ 86.336471568886878, 24.792055130521881 ], [ 86.342163115128741, 24.78933334140622 ], [ 86.346641470319042, 24.785194430230341 ], [ 86.349502552440626, 24.774749722786503 ], [ 86.351944054544376, 24.772777507702695 ], [ 86.358665461829986, 24.772777507702695 ], [ 86.364219605066012, 24.767333929471377 ], [ 86.368774505259566, 24.765083317375741 ], [ 86.381690954808434, 24.764499685350938 ], [ 86.386413498009119, 24.762527470267131 ], [ 86.389892610156963, 24.761083510205772 ], [ 86.395027173375141, 24.76280586727896 ], [ 86.39844504952039, 24.761028322203423 ], [ 86.405357346814114, 24.748361541665162 ], [ 86.419219930403202, 24.74200055739486 ], [ 86.420639131463503, 24.73647306315997 ], [ 86.424636859633381, 24.732139670975826 ], [ 86.436447092135253, 24.726499532736156 ], [ 86.447585996608581, 24.715804967281699 ], [ 86.455253537934411, 24.710556059058653 ], [ 86.472137475651877, 24.698972626566423 ], [ 86.485305862211462, 24.683750187919564 ], [ 86.48564152622572, 24.683361036903026 ], [ 86.496414148683499, 24.675222318557179 ], [ 86.50419622401418, 24.667165815214823 ] ] ] } },
{ "type": "Feature", "properties": { "F_CODE_DES": "River/Stream", "HYC_DESCRI": "Perennial/Permanent", "NAM": "UNK", "ISO": "IND", "NAME_0": "India" }, "geometry": { "type": "MultiLineString", "coordinates": [ [ [ 86.629775956350585, 24.844917298768209 ], [ 86.626663126218304, 24.842916544683188 ], [ 86.625114460152489, 24.838111786479015 ], [ 86.626304593203074, 24.833000092261798 ], [ 86.630500771381378, 24.827999152049287 ], [ 86.642417977887789, 24.825082692925356 ], [ 86.644889908992837, 24.823305147849823 ], [ 86.648139953130936, 24.817916946620855 ], [ 86.652000467294997, 24.815889354534693 ], [ 86.652557450318653, 24.812723226400152 ], [ 86.644752505987, 24.802000121944481 ], [ 86.642608678895897, 24.794889374642317 ], [ 86.644691458984397, 24.788694332379066 ], [ 86.650192304218152, 24.781972925093449 ], [ 86.646553109063504, 24.771110527631858 ], [ 86.648635889152018, 24.76555638439584 ], [ 86.644195522963329, 24.757888843070013 ], [ 86.641525330849859, 24.748888095687537 ], [ 86.636054914617404, 24.744638430506953 ], [ 86.634330667544134, 24.743999421479799 ], [ 86.629249591328218, 24.742111122399557 ], [ 86.624191195113255, 24.742694943424365 ], [ 86.620163037942092, 24.74619484557309 ], [ 86.618308947863298, 24.745639752549501 ], [ 86.61794285484774, 24.742889424432629 ], [ 86.623168894069821, 24.734083158058414 ], [ 86.622779932053291, 24.730083539888454 ], [ 86.619804315926842, 24.724889819667752 ], [ 86.615081772726171, 24.728221889809348 ], [ 86.610946641550441, 24.728555663823528 ], [ 86.601524424150057, 24.724222271639384 ], [ 86.586586052515258, 24.713945396202682 ], [ 86.578941380190415, 24.711555491101123 ], [ 86.572418233913211, 24.705305071835518 ], [ 86.566696258670063, 24.692972254311446 ], [ 86.559364381358506, 24.684833535965598 ] ] ] } },
{ "type": "Feature", "properties": { "F_CODE_DES": "River/Stream", "HYC_DESCRI": "Perennial/Permanent", "NAM": "UNK", "ISO": "IND", "NAME_0": "India" }, "geometry": { "type": "MultiLineString", "coordinates": [ [ [ 86.919608980666766, 24.662056010997688 ], [ 86.916496339534504, 24.67080501036947 ], [ 86.91880799863273, 24.681304905815651 ], [ 86.913307153398975, 24.6937218283433 ], [ 86.918640166625593, 24.699888142605332 ], [ 86.919670027669355, 24.708084127953612 ], [ 86.909553613239467, 24.742639566422014 ], [ 86.91425328743918, 24.756195024998039 ], [ 86.907524131153238, 24.777750097914002 ] ] ] } },
{ "type": "Feature", "properties": { "F_CODE_DES": "River/Stream", "HYC_DESCRI": "Non-Perennial/Intermittent/Fluctuating", "NAM": "UNK", "ISO": "IND", "NAME_0": "India" }, "geometry": { "type": "MultiLineString", "coordinates": [ [ [ 86.700836179370214, 24.665027658123968 ], [ 86.704170139511888, 24.661750775984718 ], [ 86.707862821668812, 24.661193792961051 ], [ 86.714691202958974, 24.665416809140503 ], [ 86.724113420359359, 24.664054875082627 ], [ 86.731941233691998, 24.668861334286873 ], [ 86.738609342975352, 24.66883279528566 ], [ 86.744278020216242, 24.67138864239427 ], [ 86.754219042638667, 24.67169387740724 ], [ 86.76344299903063, 24.67138864239427 ], [ 86.768524264246565, 24.669389778309331 ], [ 86.772308422407363, 24.667917279246758 ], [ 86.790275519170862, 24.667110438212472 ], [ 86.794609100355018, 24.671806332412018 ], [ 86.803108241716174, 24.675971892589033 ], [ 86.805885407834182, 24.670166001342317 ], [ 86.810912997047836, 24.669361050308108 ], [ 86.815635729248513, 24.671749065409585 ], [ 86.820304785446922, 24.678388635691729 ], [ 86.825195349654749, 24.685361790988047 ], [ 86.828971947815234, 24.687555325081256 ], [ 86.835723784102143, 24.688360276115464 ], [ 86.839279252253235, 24.690776830218155 ], [ 86.843582215436072, 24.700138000615947 ], [ 86.850303622721697, 24.706443796883907 ], [ 86.855468803941193, 24.731193536935621 ], [ 86.86660770841452, 24.74961083171825 ], [ 86.871635486628179, 24.753639177889429 ], [ 86.877975491897587, 24.755750685979159 ], [ 86.882331942082715, 24.760889029197507 ], [ 86.887496934302192, 24.762611386270695 ], [ 86.893447788555065, 24.767250013467809 ], [ 86.899528485813462, 24.768528031522116 ], [ 86.900192253841666, 24.77016647259174 ], [ 86.902610697944439, 24.77602774084081 ], [ 86.907524131153238, 24.777750097914002 ] ] ] } },
{ "type": "Feature", "properties": { "F_CODE_DES": "River/Stream", "HYC_DESCRI": "Perennial/Permanent", "NAM": "UNK", "ISO": "IND", "NAME_0": "India" }, "geometry": { "type": "MultiLineString", "coordinates": [ [ [ 86.837249770166991, 24.618444448144455 ], [ 86.851860037787844, 24.63125033268863 ], [ 86.858802764082867, 24.631639483705165 ], [ 86.860946591173956, 24.633249196773569 ], [ 86.863281308273173, 24.639499616039174 ], [ 86.867942804471255, 24.640611692086431 ], [ 86.880996657025975, 24.638250325986085 ], [ 86.891113260455867, 24.642778388178503 ], [ 86.908195459181755, 24.64261055617137 ] ] ] } },
{ "type": "Feature", "properties": { "F_CODE_DES": "River/Stream", "HYC_DESCRI": "Non-Perennial/Intermittent/Fluctuating", "NAM": "UNK", "ISO": "IND", "NAME_0": "India" }, "geometry": { "type": "MultiLineString", "coordinates": [ [ [ 86.54894254291564, 24.611055303830462 ], [ 86.566581724665198, 24.614084217959171 ], [ 86.576499878086665, 24.619472419188138 ], [ 86.589332600631977, 24.623277745349842 ], [ 86.605308582310855, 24.624666139408838 ], [ 86.616218607774471, 24.631915990716916 ], [ 86.628112756279904, 24.629417410610742 ], [ 86.630332939374242, 24.628221418559917 ], [ 86.639190613750642, 24.623556142361672 ], [ 86.65977479362536, 24.624361093395876 ], [ 86.667137099938202, 24.629611891619007 ], [ 86.671752858134354, 24.629667268621358 ], [ 86.677276572369081, 24.627639676535196 ], [ 86.679946953482556, 24.626667082493867 ], [ 86.68780519581648, 24.621110860257762 ], [ 86.719390877158688, 24.620277370222343 ], [ 86.726722754470245, 24.613277376924884 ], [ 86.74547571326714, 24.609083088746651 ], [ 86.747391854465576, 24.604910797171119 ] ] ] } },
{ "type": "Feature", "properties": { "F_CODE_DES": "River/Stream", "HYC_DESCRI": "Perennial/Permanent", "NAM": "UNK", "ISO": "IND", "NAME_0": "India" }, "geometry": { "type": "MultiLineString", "coordinates": [ [ [ 86.837249770166991, 24.618444448144455 ], [ 86.825836248681981, 24.609971955784424 ], [ 86.813308761149642, 24.602583000470439 ], [ 86.808418196941815, 24.601249605413777 ], [ 86.803802298254837, 24.601607632006626 ] ] ] } },
{ "type": "Feature", "properties": { "F_CODE_DES": "River/Stream", "HYC_DESCRI": "Non-Perennial/Intermittent/Fluctuating", "NAM": "UNK", "ISO": "IND", "NAME_0": "India" }, "geometry": { "type": "MultiLineString", "coordinates": [ [ [ 87.075859067306467, 24.784721363210238 ], [ 87.079609326243983, 24.769181420103649 ] ], [ [ 87.079112712916498, 24.766692246392562 ], [ 87.078720149428051, 24.764749543361553 ], [ 87.069084173018581, 24.750528426757242 ], [ 87.070999121099945, 24.735471741117422 ], [ 87.06769558995957, 24.728611040825882 ], [ 87.072029171143726, 24.722139302550872 ], [ 87.066970774928762, 24.711555491101123 ], [ 87.064394091848257, 24.688799610882111 ] ], [ [ 87.060819143657511, 24.67939988226691 ], [ 87.06002804863374, 24.678638493702344 ], [ 87.049415509182779, 24.673750008494615 ], [ 87.04855348014614, 24.671916897416715 ], [ 87.046142596043694, 24.666889119203066 ], [ 87.044723583983398, 24.655750214729728 ], [ 87.036529488635196, 24.641889521140733 ], [ 87.035888589607964, 24.637916551971905 ], [ 87.040168683789844, 24.618749683157425 ], [ 87.039961814261645, 24.618451451604962 ] ] ] } },
{ "type": "Feature", "properties": { "F_CODE_DES": "River/Stream", "HYC_DESCRI": "Non-Perennial/Intermittent/Fluctuating", "NAM": "UNK", "ISO": "IND", "NAME_0": "India" }, "geometry": { "type": "MultiLineString", "coordinates": [ [ [ 86.470947342601306, 24.580583588535593 ], [ 86.495834296658856, 24.585945140763428 ], [ 86.517974891599692, 24.585443534742112 ], [ 86.519943326683347, 24.585805847757506 ], [ 86.527031015984534, 24.587055137810594 ], [ 86.53392025527728, 24.586000517765783 ], [ 86.54257966864526, 24.577499297404529 ], [ 86.556579655240171, 24.575555810321944 ], [ 86.569808899802339, 24.565444876892286 ], [ 86.570411961987247, 24.565209954058528 ] ] ] } },
{ "type": "Feature", "properties": { "F_CODE_DES": "River/Stream", "HYC_DESCRI": "Non-Perennial/Intermittent/Fluctuating", "NAM": "UNK", "ISO": "IND", "NAME_0": "India" }, "geometry": { "type": "MultiLineString", "coordinates": [ [ [ 86.739413113201124, 24.585100112408899 ], [ 86.743459287135465, 24.589275176335239 ] ], [ [ 86.744879796809101, 24.590740936036038 ], [ 86.749820199003139, 24.595838713669096 ] ] ] } },
{ "type": "Feature", "properties": { "F_CODE_DES": "River/Stream", "HYC_DESCRI": "Non-Perennial/Intermittent/Fluctuating", "NAM": "UNK", "ISO": "IND", "NAME_0": "India" }, "geometry": { "type": "MultiLineString", "coordinates": [ [ [ 86.958768347993285, 24.632532931055483 ], [ 86.955169710177884, 24.634221979814907 ], [ 86.954377653119394, 24.634041940939397 ] ], [ [ 86.942724495300894, 24.633772036541981 ], [ 86.942024192619286, 24.634471837825522 ], [ 86.944040113467423, 24.637823266017854 ] ] ] } },
{ "type": "Feature", "properties": { "F_CODE_DES": "River/Stream", "HYC_DESCRI": "Perennial/Permanent", "NAM": "UNK", "ISO": "IND", "NAME_0": "India" }, "geometry": { "type": "MultiLineString", "coordinates": [ [ [ 86.819977484134085, 24.573494297651841 ], [ 86.826278697700786, 24.580804907544998 ], [ 86.826583932713746, 24.58155637157693 ], [ 86.83491524206778, 24.600778617393765 ], [ 86.83805850120136, 24.615249592008695 ], [ 86.837249770166991, 24.618444448144455 ] ] ] } },
{ "type": "Feature", "properties": { "F_CODE_DES": "River/Stream", "HYC_DESCRI": "Perennial/Permanent", "NAM": "UNK", "ISO": "IND", "NAME_0": "India" }, "geometry": { "type": "MultiLineString", "coordinates": [ [ [ 86.603500419234024, 25.159139640120799 ], [ 86.591140763708808, 25.157638602057013 ], [ 86.587249820543477, 25.158805866106611 ], [ 86.584358309420594, 25.161861429236456 ] ] ] } },
{ "type": "Feature", "properties": { "F_CODE_DES": "River/Stream", "HYC_DESCRI": "Perennial/Permanent", "NAM": "UNK", "ISO": "IND", "NAME_0": "India" }, "geometry": { "type": "MultiLineString", "coordinates": [ [ [ 86.485053925200745, 25.149166109696981 ], [ 86.489051842370642, 25.153333748874083 ], [ 86.492553634519439, 25.156944216027505 ], [ 86.502525274943181, 25.162776945275361 ], [ 86.523941054853225, 25.189556167413318 ], [ 86.529746946099934, 25.195917151683624 ], [ 86.536163307372604, 25.200138088862985 ] ] ] } },
{ "type": "Feature", "properties": { "F_CODE_DES": "River/Stream", "HYC_DESCRI": "Perennial/Permanent", "NAM": "UNK", "ISO": "IND", "NAME_0": "India" }, "geometry": { "type": "MultiLineString", "coordinates": [ [ [ 86.422500592542605, 25.168638213524432 ], [ 86.424720775636956, 25.166665998440621 ], [ 86.434585631056152, 25.16361043531078 ], [ 86.434501715052576, 25.160667327185713 ], [ 86.429725684849629, 25.157222802039342 ], [ 86.433914114027615, 25.152027191818561 ], [ 86.437248263169295, 25.151721956805588 ], [ 86.447334248597883, 25.150777901765473 ], [ 86.459503203114991, 25.153333748874083 ], [ 86.468582196500805, 25.148639744674611 ], [ 86.474197386739419, 25.149944222730046 ], [ 86.485053925200745, 25.149166109696981 ] ] ] } },
{ "type": "Feature", "properties": { "F_CODE_DES": "River/Stream", "HYC_DESCRI": "Perennial/Permanent", "NAM": "UNK", "ISO": "IND", "NAME_0": "India" }, "geometry": { "type": "MultiLineString", "coordinates": [ [ [ 86.521667573756616, 25.135778483128085 ], [ 86.526802136974808, 25.143222815444425 ], [ 86.53330222525102, 25.143417296452689 ], [ 86.552169718052781, 25.163528409307293 ], [ 86.566780174673639, 25.162776945275361 ], [ 86.584358309420594, 25.161861429236456 ] ] ] } },
{ "type": "Feature", "properties": { "F_CODE_DES": "River/Stream", "HYC_DESCRI": "Perennial/Permanent", "NAM": "UNK", "ISO": "IND", "NAME_0": "India" }, "geometry": { "type": "MultiLineString", "coordinates": [ [ [ 86.485053925200745, 25.149166109696981 ], [ 86.493026701539549, 25.145944604560086 ], [ 86.493530197560943, 25.145750123551821 ], [ 86.495636035650435, 25.140388571323989 ], [ 86.499526978815766, 25.138778669255576 ], [ 86.503944476003483, 25.13927838527681 ], [ 86.50592047108745, 25.136472680157585 ], [ 86.504859992042398, 25.13383291704541 ], [ 86.504669102034285, 25.133333201024175 ], [ 86.505722021079023, 25.131195043933317 ] ] ] } },
{ "type": "Feature", "properties": { "F_CODE_DES": "River/Stream", "HYC_DESCRI": "Perennial/Permanent", "NAM": "UNK", "ISO": "IND", "NAME_0": "India" }, "geometry": { "type": "MultiLineString", "coordinates": [ [ [ 86.515441913492054, 25.130887918920266 ], [ 86.512474046365938, 25.132055371969876 ], [ 86.506530752113392, 25.131305608938014 ], [ 86.505722021079023, 25.131195043933317 ] ] ] } },
{ "type": "Feature", "properties": { "F_CODE_DES": "River/Stream", "HYC_DESCRI": "Perennial/Permanent", "NAM": "UNK", "ISO": "IND", "NAME_0": "India" }, "geometry": { "type": "MultiLineString", "coordinates": [ [ [ 86.327308659497518, 25.088750745129687 ], [ 86.333885103776979, 25.093055787312622 ], [ 86.356025698717815, 25.107528651927637 ], [ 86.380218455745862, 25.118249866383223 ], [ 86.385475112969246, 25.120582504482346 ], [ 86.397720423489588, 25.131805513959257 ], [ 86.397140571464959, 25.135194851103286 ], [ 86.392890906284364, 25.139360411280297 ], [ 86.378608742677457, 25.148222054656863 ] ] ] } },
{ "type": "Feature", "properties": { "F_CODE_DES": "River/Stream", "HYC_DESCRI": "Perennial/Permanent", "NAM": "UNK", "ISO": "IND", "NAME_0": "India" }, "geometry": { "type": "MultiLineString", "coordinates": [ [ [ 86.327308659497518, 25.088750745129687 ], [ 86.322082431275433, 25.092306213280771 ], [ 86.28514105670564, 25.108388979964197 ], [ 86.248863261164047, 25.118555101396193 ] ] ] } },
{ "type": "Feature", "properties": { "F_CODE_DES": "River/Stream", "HYC_DESCRI": "Perennial/Permanent", "NAM": "UNK", "ISO": "IND", "NAME_0": "India" }, "geometry": { "type": "MultiLineString", "coordinates": [ [ [ 86.327308659497518, 25.088750745129687 ], [ 86.31419375994021, 25.079584055740156 ], [ 86.305885319587148, 25.07377816449344 ], [ 86.301475571399763, 25.066944113203032 ], [ 86.297164859216579, 25.063278269047256 ], [ 86.29677589720005, 25.059249922876077 ], [ 86.29422005009144, 25.032110277722801 ], [ 86.287109302789275, 25.014804869987422 ], [ 86.268638521004377, 24.9999999323583 ], [ 86.259918249633813, 24.992999939060844 ], [ 86.257415700527474, 24.987943621845979 ], [ 86.253440841358568, 24.979889008503704 ], [ 86.24700161108494, 24.974611372279441 ], [ 86.240974400828819, 24.974138305259338 ], [ 86.231109545409623, 24.976554859362025 ], [ 86.230445777381419, 24.977832877416333 ] ] ] } },
{ "type": "Feature", "properties": { "F_CODE_DES": "River/Stream", "HYC_DESCRI": "Perennial/Permanent", "NAM": "UNK", "ISO": "IND", "NAME_0": "India" }, "geometry": { "type": "MultiLineString", "coordinates": [ [ [ 86.142723124653727, 25.233778011292486 ], [ 86.145248353761033, 25.239610740540343 ], [ 86.14883425091341, 25.242694842671398 ], [ 86.15374749512219, 25.243583709709171 ], [ 86.159500088366642, 25.242584277666701 ], [ 86.166336029657131, 25.239000270514399 ], [ 86.180557335261454, 25.226778017995027 ], [ 86.185165344457261, 25.226222924971438 ], [ 86.19361118781616, 25.22872169407762 ], [ 86.199165331052185, 25.228555752070569 ], [ 86.205329944314144, 25.232389428233478 ], [ 86.207885791422754, 25.232305512229914 ] ] ] } },
{ "type": "Feature", "properties": { "F_CODE_DES": "River/Stream", "HYC_DESCRI": "Perennial/Permanent", "NAM": "UNK", "ISO": "IND", "NAME_0": "India" }, "geometry": { "type": "MultiLineString", "coordinates": [ [ [ 86.207885791422754, 25.232305512229914 ], [ 86.208251884438312, 25.229778204122518 ], [ 86.20580301133424, 25.226472782982057 ], [ 86.190170253669947, 25.223110283839169 ], [ 86.179496856216389, 25.217082884583043 ], [ 86.177329971124308, 25.207861007191166 ], [ 86.172447155916814, 25.207582421179328 ], [ 86.163498005536525, 25.210805816316302 ], [ 86.157165560267444, 25.215194774502805 ] ] ] } },
{ "type": "Feature", "properties": { "F_CODE_DES": "River/Stream", "HYC_DESCRI": "Perennial/Permanent", "NAM": "UNK", "ISO": "IND", "NAME_0": "India" }, "geometry": { "type": "MultiLineString", "coordinates": [ [ [ 85.986892618031845, 25.194860452638721 ], [ 85.988807755113228, 25.19588861268241 ], [ 85.993614214317475, 25.20819478120535 ], [ 86.0096969810009, 25.217695244609061 ], [ 86.013168344148411, 25.217361470594881 ], [ 86.01713564331699, 25.211139590330486 ], [ 86.02055351946224, 25.209777845272619 ], [ 86.023193282574411, 25.218778592655099 ], [ 86.032974221990045, 25.219778024697568 ], [ 86.041999728373568, 25.212555011390634 ], [ 86.045166045508125, 25.216917131575997 ], [ 86.049774243703951, 25.218334253636215 ], [ 86.050804104747712, 25.21863929964918 ], [ 86.055885369963633, 25.217611328605496 ], [ 86.070503197584799, 25.21463968147922 ], [ 86.076141445824391, 25.213499066430749 ], [ 86.084114033163175, 25.215610574520475 ], [ 86.080108555992979, 25.221416465767192 ], [ 86.078414926920999, 25.222805048826199 ], [ 86.063194189274213, 25.235195133352704 ], [ 86.067222535445396, 25.238027487473062 ], [ 86.076080398821802, 25.23947144753442 ], [ 86.081664971059112, 25.239528714536856 ], [ 86.090972843454637, 25.233778011292486 ], [ 86.13055417013662, 25.230749097163773 ], [ 86.138862610489667, 25.222917503830978 ], [ 86.145362887765899, 25.222944341832118 ], [ 86.148918166916971, 25.224527405899387 ], [ 86.153053298092686, 25.223554622858053 ], [ 86.157165560267444, 25.215194774502805 ] ] ] } },
{ "type": "Feature", "properties": { "F_CODE_DES": "River/Stream", "HYC_DESCRI": "Perennial/Permanent", "NAM": "UNK", "ISO": "IND", "NAME_0": "India" }, "geometry": { "type": "MultiLineString", "coordinates": [ [ [ 85.935584974851579, 25.213666898437882 ], [ 85.940719538069771, 25.207971572195866 ], [ 85.941665672109977, 25.207332563168713 ], [ 85.948196378387493, 25.202917144981079 ], [ 85.955528255699051, 25.200387946873605 ], [ 85.957641653788855, 25.194000313602167 ], [ 85.965614241127639, 25.196527432709559 ], [ 85.971000741356534, 25.191083854478237 ], [ 85.975418049544245, 25.191165880481719 ], [ 85.986892618031845, 25.194860452638721 ] ] ] } },
{ "type": "Feature", "properties": { "F_CODE_DES": "River/Stream", "HYC_DESCRI": "Perennial/Permanent", "NAM": "UNK", "ISO": "IND", "NAME_0": "India" }, "geometry": { "type": "MultiLineString", "coordinates": [ [ [ 85.986892618031845, 25.194860452638721 ], [ 85.987892239074327, 25.189556167413318 ], [ 85.983497610887582, 25.183361125150064 ], [ 85.983413694884021, 25.180610608033184 ], [ 85.987197853044819, 25.17586141583137 ], [ 85.992775054281822, 25.176332403851386 ], [ 85.993835533326887, 25.172721936697961 ], [ 85.990890535201743, 25.167722697485523 ], [ 85.983642573893746, 25.166444868431228 ], [ 85.979385348712839, 25.156860300023936 ], [ 85.980613659765027, 25.15388865289766 ], [ 85.982803413858079, 25.148527100669824 ], [ 85.982559225847709, 25.147277810616739 ], [ 85.977943467651556, 25.148445074666341 ], [ 85.9773864846279, 25.145721395550602 ], [ 85.980224697748497, 25.140361733322848 ], [ 85.980857847775411, 25.135583813119815 ], [ 85.980972381780276, 25.134639758079697 ], [ 85.977638232638597, 25.125555094693652 ], [ 85.973136819447305, 25.113222088169572 ], [ 85.971031170357833, 25.107471384925201 ], [ 85.966308627157147, 25.10505483082251 ], [ 85.958389337820634, 25.103582331759938 ], [ 85.955749574708449, 25.101333609664383 ], [ 85.955055188678941, 25.100721438638367 ], [ 85.951751657538566, 25.091527911247699 ], [ 85.948196378387493, 25.089082629143789 ], [ 85.939781153029884, 25.086999849055282 ], [ 85.936553977892757, 25.08052829978028 ] ] ] } },
{ "type": "Feature", "properties": { "F_CODE_DES": "River/Stream", "HYC_DESCRI": "Perennial/Permanent", "NAM": "UNK", "ISO": "IND", "NAME_0": "India" }, "geometry": { "type": "MultiLineString", "coordinates": [ [ [ 86.230445777381419, 24.977832877416333 ], [ 86.228301950290316, 24.982973110634763 ], [ 86.22444143612627, 24.984971974719702 ], [ 86.216392492784237, 24.986278531775223 ], [ 86.213058532642563, 24.989749894922738 ], [ 86.211082537558596, 24.993610409086784 ], [ 86.211669949583552, 24.9999999323583 ], [ 86.212585465622453, 25.009805630774984 ], [ 86.209503253491476, 25.01413921195914 ], [ 86.204109193262269, 25.018722462153896 ], [ 86.182914732361624, 25.029054714592959 ], [ 86.177085783113924, 25.034082492806611 ], [ 86.169830261805615, 25.045917484309527 ], [ 86.165107718604929, 25.050056395485406 ], [ 86.151802118039527, 25.053806344644755 ], [ 86.148941035917943, 25.05791671681942 ], [ 86.148666418906274, 25.063777985068491 ], [ 86.148277267889739, 25.071861326411984 ], [ 86.145835954785994, 25.075305851558355 ], [ 86.140640344565213, 25.078638110699959 ], [ 86.132331904212151, 25.080139148763742 ], [ 86.128082239031571, 25.084472729947898 ], [ 86.12725063899623, 25.087667397083649 ], [ 86.130920452152182, 25.093055787312622 ], [ 86.141609158606386, 25.100360826623046 ], [ 86.143608022691325, 25.105138746826078 ], [ 86.142585721647876, 25.108777941980723 ], [ 86.139251761506202, 25.112888314155391 ], [ 86.128135726033847, 25.120388023474085 ], [ 86.112640371375377, 25.134555842076132 ], [ 86.109191877228838, 25.14183423238542 ], [ 86.10897055821944, 25.155971432986167 ], [ 86.107109097140338, 25.159860675151435 ], [ 86.106803862127364, 25.160472846177449 ], [ 86.104530381030756, 25.162582464267096 ], [ 86.102249150933815, 25.164693783356814 ], [ 86.102081318926679, 25.164833076362733 ], [ 86.099304152808671, 25.171667127653141 ], [ 86.099670434824233, 25.173528588732239 ], [ 86.100418118856012, 25.177333914893943 ], [ 86.103774947998659, 25.181083675053287 ], [ 86.106697077122831, 25.184333719191393 ], [ 86.113052391392884, 25.186805650296439 ], [ 86.115859986512191, 25.187889187342481 ], [ 86.122947675813379, 25.19844445979102 ], [ 86.127693088015036, 25.201278703911456 ], [ 86.130920452152182, 25.207500395175842 ], [ 86.134391815299693, 25.207416479172274 ], [ 86.141388028596992, 25.20172304293034 ], [ 86.144058220710448, 25.204584125051916 ], [ 86.141693074609947, 25.210777277315088 ], [ 86.146888684830728, 25.213388501426053 ], [ 86.157165560267444, 25.215194774502805 ] ] ] } },
{ "type": "Feature", "properties": { "F_CODE_DES": "River/Stream", "HYC_DESCRI": "Perennial/Permanent", "NAM": "UNK", "ISO": "IND", "NAME_0": "India" }, "geometry": { "type": "MultiLineString", "coordinates": [ [ [ 86.227752716266977, 24.973277977222779 ], [ 86.230445777381419, 24.977832877416333 ] ] ] } },
{ "type": "Feature", "properties": { "F_CODE_DES": "River/Stream", "HYC_DESCRI": "Perennial/Permanent", "NAM": "UNK", "ISO": "IND", "NAME_0": "India" }, "geometry": { "type": "MultiLineString", "coordinates": [ [ [ 85.935584974851579, 25.213666898437882 ], [ 85.928970352570488, 25.211250344335191 ], [ 85.926086401447947, 25.207527233176982 ], [ 85.926940870484259, 25.205165867076637 ], [ 85.930389364630798, 25.204860632063667 ], [ 85.932167098706344, 25.202499454963331 ], [ 85.922996440316638, 25.198110496776827 ], [ 85.917777961094885, 25.20202827794331 ], [ 85.909667970750263, 25.19527814265647 ], [ 85.893447801061001, 25.188554845370767 ], [ 85.890724121945254, 25.182500797113505 ], [ 85.88652794376695, 25.18238834210873 ], [ 85.883918798656069, 25.180139620013172 ], [ 85.879280171458959, 25.158945159112534 ], [ 85.870307963077693, 25.161083127203383 ], [ 85.847084020090804, 25.161693597229323 ], [ 85.842277560886572, 25.161832890235246 ], [ 85.83030705637789, 25.164888453365087 ], [ 85.821914700021267, 25.163833644320263 ], [ 85.811027543558623, 25.15633393500157 ], [ 85.809608531498327, 25.155889595982689 ], [ 85.797691324991916, 25.152221672826826 ], [ 85.788780163613239, 25.133888294047765 ], [ 85.783363423383065, 25.131694759954552 ], [ 85.779502909219019, 25.134138152058384 ], [ 85.774864282021895, 25.133611598036005 ], [ 85.764419574578056, 25.126499149733768 ], [ 85.763191263525869, 25.124416369645264 ], [ 85.763580414542403, 25.114694587232144 ], [ 85.761329613446762, 25.108638837974812 ], [ 85.759697031377385, 25.108055205950009 ], [ 85.755386319194201, 25.111944259115273 ], [ 85.752052359052527, 25.106695161892219 ], [ 85.750778120998376, 25.104694407807195 ], [ 85.746833879830774, 25.104778323810763 ], [ 85.742973365666728, 25.107639405932339 ], [ 85.739753750529914, 25.107721242935817 ], [ 85.732833893235863, 25.101972618691537 ], [ 85.711250281318684, 25.100833893643149 ], [ 85.689613371399247, 25.113000958160178 ], [ 85.686363138261129, 25.113082795163653 ], [ 85.679802002982314, 25.110500299053911 ], [ 85.67033385857998, 25.104194691785963 ], [ 85.658195522064176, 25.093749984342125 ], [ 85.652114824805778, 25.081499192821539 ], [ 85.651054345760713, 25.079361035730678 ], [ 85.647857599624871, 25.069444583309288 ], [ 85.645942651543493, 25.063444211054307 ], [ 85.642364503391448, 25.059944119905573 ], [ 85.635582049103235, 25.058000632822989 ], [ 85.632247899961556, 25.054916341691921 ], [ 85.62877653681403, 25.047611302381505 ], [ 85.627281168750486, 25.035610179871526 ], [ 85.62386329260525, 25.029582969615404 ], [ 85.615470936248627, 25.020276987219958 ], [ 85.612747257132881, 25.014444257972102 ], [ 85.614807168220423, 24.9999999323583 ], [ 85.615806600262886, 24.992833997053793 ], [ 85.614418017203889, 24.985250560731544 ], [ 85.605751043835596, 24.966054963915841 ] ] ] } },
{ "type": "Feature", "properties": { "F_CODE_DES": "River/Stream", "HYC_DESCRI": "Perennial/Permanent", "NAM": "UNK", "ISO": "IND", "NAME_0": "India" }, "geometry": { "type": "MultiLineString", "coordinates": [ [ [ 86.227752716266977, 24.973277977222779 ], [ 86.225051906152203, 24.968915857037413 ], [ 86.227165304242007, 24.963583032810799 ], [ 86.238029402703674, 24.956083323492106 ], [ 86.239753649776944, 24.952638609345726 ] ] ] } },
{ "type": "Feature", "properties": { "F_CODE_DES": "River/Stream", "HYC_DESCRI": "Non-Perennial/Intermittent/Fluctuating", "NAM": "UNK", "ISO": "IND", "NAME_0": "India" }, "geometry": { "type": "MultiLineString", "coordinates": [ [ [ 86.103973398007085, 24.846582388838968 ], [ 86.095413209643326, 24.853805591145907 ], [ 86.077445923879822, 24.861917471490614 ], [ 86.058944713093638, 24.862443836512981 ], [ 86.036857605155063, 24.858833369359559 ], [ 86.028053228780934, 24.858861908360772 ], [ 86.020278902450571, 24.86097152645042 ], [ 86.01713564331699, 24.86425010958974 ], [ 86.015472443246324, 24.869361803806953 ], [ 86.015609657252156, 24.880527546281435 ], [ 86.016250556279388, 24.892749798800807 ], [ 86.018333525367893, 24.90008356611245 ], [ 86.017524794333539, 24.90380478727058 ], [ 86.01594551026642, 24.911138554582219 ], [ 86.030197055872023, 24.94325060094679 ], [ 86.026084982697284, 24.951805119310308 ], [ 86.025779747684325, 24.956472474508644 ], [ 86.023750265598082, 24.958221480582964 ], [ 86.019142067402257, 24.958749735605412 ], [ 86.013336176155548, 24.964639731855705 ], [ 85.995109582381019, 24.974416702271167 ] ] ] } },
{ "type": "Feature", "properties": { "F_CODE_DES": "River/Stream", "HYC_DESCRI": "Non-Perennial/Intermittent/Fluctuating", "NAM": "UNK", "ISO": "IND", "NAME_0": "India" }, "geometry": { "type": "MultiLineString", "coordinates": [ [ [ 85.665191735361461, 24.834304759317241 ], [ 85.676834135856197, 24.836360890404613 ], [ 85.686691242275074, 24.841362019617129 ], [ 85.707336469152366, 24.859222331376088 ], [ 85.713447595412049, 24.869832980826978 ], [ 85.715553244501535, 24.87061128286005 ], [ 85.753135707098565, 24.919471753936332 ], [ 85.756027218221433, 24.9241657581358 ], [ 85.771667535886053, 24.949583046215885 ], [ 85.778579644179786, 24.955972758487405 ], [ 85.79005440166739, 24.960306150671549 ], [ 85.803916985256464, 24.974721937284137 ], [ 85.81030272852783, 24.978555613447046 ], [ 85.821609465008294, 24.992000507018375 ], [ 85.830917337403818, 24.9999999323583 ], [ 85.838500962726087, 25.006526858635659 ], [ 85.844306853972796, 25.014194399961482 ], [ 85.846862701081406, 25.016387934054695 ], [ 85.873107998196673, 25.038749659004935 ], [ 85.891357460972173, 25.044166588235122 ], [ 85.897445718230884, 25.053304738623439 ], [ 85.906219476603724, 25.059610345891393 ], [ 85.910362167779752, 25.066249916173533 ], [ 85.914390513950934, 25.068889679285707 ], [ 85.92958063359643, 25.073139155466286 ], [ 85.933670026770201, 25.077472736650435 ], [ 85.936553977892757, 25.08052829978028 ] ] ] } },
{ "type": "Feature", "properties": { "F_CODE_DES": "River/Stream", "HYC_DESCRI": "Non-Perennial/Intermittent/Fluctuating", "NAM": "UNK", "ISO": "IND", "NAME_0": "India" }, "geometry": { "type": "MultiLineString", "coordinates": [ [ [ 85.996948174459149, 24.784360940194922 ], [ 85.989334120135595, 24.785417639239824 ], [ 85.984252854919674, 24.792528197541984 ], [ 85.976722716599681, 24.795278525658855 ], [ 85.966140795150025, 24.796611731715508 ], [ 85.950141944470161, 24.808889361237235 ], [ 85.925834653437249, 24.82241628081205 ], [ 85.920417724207056, 24.826583919989147 ], [ 85.905693111581357, 24.850416254001882 ], [ 85.889915390910886, 24.852916724108137 ], [ 85.878303608417454, 24.854749646186026 ], [ 85.873802195226176, 24.858028418325354 ], [ 85.867500367958385, 24.863471996556676 ], [ 85.85991674263613, 24.879499386237743 ], [ 85.851722647287929, 24.883527732408922 ], [ 85.848610006155653, 24.887416785574185 ], [ 85.845642139029536, 24.896139135944836 ], [ 85.845390391018839, 24.938999234766136 ], [ 85.850166232221781, 24.957944784571207 ], [ 85.853057932344669, 24.969417652058738 ], [ 85.856193631477922, 24.972917554207463 ], [ 85.861335754696427, 24.974250760264113 ], [ 85.869163568029066, 24.980583205533208 ], [ 85.873580876216764, 24.98850060486965 ], [ 85.884025583660602, 24.998111633278061 ], [ 85.886085494748144, 24.9999999323583 ], [ 85.897193970220187, 25.010250158793873 ], [ 85.899749817328797, 25.017360717096032 ], [ 85.913948064932143, 25.026472029483209 ], [ 85.92494200639932, 25.037582394955336 ], [ 85.933303744754639, 25.038389235989619 ], [ 85.936386145885621, 25.040637958085178 ], [ 85.938667375982561, 25.046833000348428 ], [ 85.935752806858716, 25.06302841103664 ], [ 85.939025908997792, 25.072195100426171 ], [ 85.940086388042857, 25.075166747552444 ], [ 85.936553977892757, 25.08052829978028 ] ] ] } },
{ "type": "Feature", "properties": { "F_CODE_DES": "River/Stream", "HYC_DESCRI": "Perennial/Permanent", "NAM": "UNK", "ISO": "IND", "NAME_0": "India" }, "geometry": { "type": "MultiLineString", "coordinates": [ [ [ 85.722168055782618, 25.335361546609185 ], [ 85.7156982075077, 25.336360978651655 ], [ 85.710052399267781, 25.334194093559574 ], [ 85.711555516331657, 25.338167251728407 ], [ 85.70996848326422, 25.339694938793329 ], [ 85.704391471027222, 25.338556213744937 ], [ 85.701469341903049, 25.342027576892448 ], [ 85.701942408923159, 25.350666011259534 ], [ 85.700607312866424, 25.351972568315055 ], [ 85.689697287402808, 25.352443745335073 ], [ 85.682807859110042, 25.354528415423662 ], [ 85.678947533946001, 25.349750495220626 ], [ 85.674751355767697, 25.349445260207659 ], [ 85.670196455574143, 25.351888652311487 ], [ 85.668472208500873, 25.357000346528704 ], [ 85.662223868235344, 25.357778459561771 ], [ 85.659362786113775, 25.355333366457867 ], [ 85.659889151136142, 25.349388182205232 ], [ 85.658668589084272, 25.347528422126203 ], [ 85.651885945796053, 25.346445074080165 ], [ 85.649970997714675, 25.34394460397391 ], [ 85.649025052674475, 25.335945178633985 ], [ 85.644775387493894, 25.333944235548955 ], [ 85.642501906397285, 25.326805138245586 ], [ 85.643081758421928, 25.323833491119309 ], [ 85.645141669509457, 25.322750143073272 ], [ 85.639221244257868, 25.303028181235206 ], [ 85.637802043197567, 25.272028021917883 ], [ 85.624557489634753, 25.27108377787776 ], [ 85.61914056040456, 25.268278072758534 ], [ 85.614334101200313, 25.262695390521301 ], [ 85.611862170095279, 25.249666296967643 ], [ 85.609725903004502, 25.24802785589802 ], [ 85.602279680688071, 25.247777997887404 ], [ 85.594802840370349, 25.245639840796542 ], [ 85.586975027037724, 25.239499986535634 ], [ 85.581253051794576, 25.229778204122518 ], [ 85.577392537630516, 25.214195342460336 ], [ 85.575691159558218, 25.210861193318657 ], [ 85.570999234358837, 25.201694503929126 ], [ 85.565887540141631, 25.193582623584419 ], [ 85.561141938939969, 25.189888051427424 ], [ 85.556251563732161, 25.188528007369626 ], [ 85.553802501628084, 25.184583577202012 ], [ 85.553558313617714, 25.175582829819533 ], [ 85.553497266615111, 25.173805284743999 ], [ 85.549141005430002, 25.151527475797323 ], [ 85.546524111318803, 25.149917573728914 ], [ 85.543197711177442, 25.138584188247311 ], [ 85.536972050912894, 25.138610837248443 ], [ 85.533691388773477, 25.138610837248443 ], [ 85.5315551216827, 25.13697239617882 ], [ 85.53033455963083, 25.132860134004073 ], [ 85.527862628525796, 25.124416369645264 ], [ 85.522804232310847, 25.10719487791345 ] ] ] } },
{ "type": "Feature", "properties": { "F_CODE_DES": "River/Stream", "HYC_DESCRI": "Perennial/Permanent", "NAM": "UNK", "ISO": "IND", "NAME_0": "India" }, "geometry": { "type": "MultiLineString", "coordinates": [ [ [ 85.722168055782618, 25.335361546609185 ], [ 85.715057308480453, 25.331111881428598 ], [ 85.69947047781811, 25.33044433340023 ], [ 85.69525143063882, 25.328222260305807 ], [ 85.684585593185588, 25.305694593348512 ], [ 85.684417761178466, 25.300416957124245 ], [ 85.688110443335376, 25.29272276679729 ], [ 85.691970768499417, 25.274888915039455 ], [ 85.688972472372001, 25.267166185711282 ], [ 85.690025391416754, 25.256000443236807 ], [ 85.690719588446242, 25.248750780928738 ], [ 85.689445539392111, 25.236944139427024 ], [ 85.68519587421153, 25.233917304298402 ], [ 85.668808061515136, 25.222278683803832 ], [ 85.663917497307324, 25.213277747421344 ], [ 85.662918065264847, 25.211444825343456 ], [ 85.661025986184441, 25.202417428959848 ], [ 85.665389996369896, 25.193861020596252 ], [ 85.665496781374429, 25.18983267442507 ], [ 85.662750233257711, 25.182945325132398 ], [ 85.65327452885505, 25.176834198872712 ], [ 85.650581278740603, 25.172056278669679 ], [ 85.646637037573001, 25.155889595982689 ], [ 85.640197807299373, 25.141916258388903 ], [ 85.640830957326273, 25.124360992642909 ], [ 85.641197239341849, 25.114221520212041 ], [ 85.638420073223827, 25.106277471874467 ], [ 85.630584699890875, 25.10033417762191 ], [ 85.619224476408135, 25.099777194598246 ], [ 85.616142264277158, 25.097528472502688 ], [ 85.613807736177947, 25.089138006146143 ], [ 85.608612125957166, 25.085472161990367 ], [ 85.600692836620652, 25.084833152963213 ], [ 85.584167431918416, 25.073833541495794 ], [ 85.570610083342302, 25.046083426316578 ], [ 85.570526167338741, 25.044776869261057 ], [ 85.570137016322207, 25.038278670984923 ], [ 85.570915129355271, 25.032583155742898 ], [ 85.572250414412011, 25.022832834328565 ], [ 85.569999613316369, 25.017389256097246 ], [ 85.578750691688228, 25.008083273701796 ], [ 85.59036247418166, 24.9999999323583 ], [ 85.600082366594705, 24.99322125807025 ], [ 85.605003359803817, 24.987194047814128 ], [ 85.605529724826184, 24.981472072570977 ], [ 85.603363028734108, 24.971166658133058 ], [ 85.605751043835596, 24.966054963915841 ] ] ] } },
{ "type": "Feature", "properties": { "F_CODE_DES": "River/Stream", "HYC_DESCRI": "Perennial/Permanent", "NAM": "UNK", "ISO": "IND", "NAME_0": "India" }, "geometry": { "type": "MultiLineString", "coordinates": [ [ [ 85.155082792684865, 25.226610185987894 ], [ 85.159248352861866, 25.24488837676461 ], [ 85.162109434983449, 25.246444791830747 ], [ 85.16561122713226, 25.248361629912203 ] ] ] } },
{ "type": "Feature", "properties": { "F_CODE_DES": "River/Stream", "HYC_DESCRI": "Perennial/Permanent", "NAM": "MOHANA", "ISO": "IND", "NAME_0": "India" }, "geometry": { "type": "MultiLineString", "coordinates": [ [ [ 85.487968506830526, 25.445028234269365 ], [ 85.485725454735217, 25.447833939388595 ], [ 85.479194559457696, 25.447361061368497 ], [ 85.47072603609783, 25.443332715197318 ], [ 85.46769712196911, 25.443416631200883 ], [ 85.464080795815448, 25.447305684366146 ], [ 85.460136365647827, 25.447610919379116 ], [ 85.457557649538245, 25.446166959317758 ], [ 85.434471109557208, 25.452222897575098 ], [ 85.427002018239818, 25.450916340519576 ], [ 85.411026036560926, 25.462055244992914 ], [ 85.408836282467874, 25.458305295833561 ], [ 85.402610811203331, 25.459499397884308 ], [ 85.395553550903443, 25.465166185125113 ], [ 85.390441856686223, 25.465473121138153 ], [ 85.382225081337054, 25.46230510300353 ], [ 85.374305792000541, 25.462055244992914 ], [ 85.365585331629973, 25.464944866115708 ], [ 85.351722748040899, 25.469528116310467 ] ] ] } },
{ "type": "Feature", "properties": { "F_CODE_DES": "River/Stream", "HYC_DESCRI": "Perennial/Permanent", "NAM": "MOHANA", "ISO": "IND", "NAME_0": "India" }, "geometry": { "type": "MultiLineString", "coordinates": [ [ [ 85.530197156624993, 25.426277165472559 ], [ 85.524696311391239, 25.428749096577601 ], [ 85.519279571161064, 25.425916742457243 ], [ 85.506141613602779, 25.430250134641383 ], [ 85.500946003381998, 25.427194571511542 ], [ 85.49633024518586, 25.428361835561144 ], [ 85.493385247060715, 25.430973059672105 ], [ 85.487968506830526, 25.445028234269365 ] ] ] } },
{ "type": "Feature", "properties": { "F_CODE_DES": "River/Stream", "HYC_DESCRI": "Perennial/Permanent", "NAM": "UNK", "ISO": "IND", "NAME_0": "India" }, "geometry": { "type": "MultiLineString", "coordinates": [ [ [ 85.479415878467094, 25.341333379862952 ], [ 85.489051854876564, 25.345333187032921 ], [ 85.493362378059743, 25.349250779199394 ], [ 85.497024442215348, 25.35591699848267 ], [ 85.504691983541179, 25.355722517474405 ], [ 85.505302453567126, 25.361221283708069 ], [ 85.507469149659187, 25.363471895803706 ], [ 85.513275229905915, 25.363556000807279 ], [ 85.51496885897788, 25.366056470913534 ], [ 85.513969426935418, 25.371139437129532 ], [ 85.521415649251836, 25.372028304167301 ], [ 85.527610691515093, 25.384971591717317 ], [ 85.534225502796176, 25.389249795899115 ], [ 85.536003047871716, 25.39363856508561 ], [ 85.533500687765383, 25.412056048868244 ], [ 85.5294723415942, 25.417444250097212 ], [ 85.528694228561136, 25.422945095330967 ], [ 85.530197156624993, 25.426277165472559 ] ] ] } },
{ "type": "Feature", "properties": { "F_CODE_DES": "River/Stream", "HYC_DESCRI": "Perennial/Permanent", "NAM": "MOHANA", "ISO": "IND", "NAME_0": "India" }, "geometry": { "type": "MultiLineString", "coordinates": [ [ [ 85.16561122713226, 25.248361629912203 ], [ 85.170417875336511, 25.263666094562552 ], [ 85.173080507449654, 25.26783373373965 ], [ 85.176864665610466, 25.270276936843473 ], [ 85.189140405132108, 25.268972458788042 ], [ 85.192001298253672, 25.272693679946173 ], [ 85.192886385291288, 25.279638296241274 ], [ 85.200302178606421, 25.288360646611924 ], [ 85.208442597952342, 25.289667203667445 ], [ 85.215721177261628, 25.301111154153745 ], [ 85.214889577226288, 25.30491629131544 ], [ 85.223419147588757, 25.311500484595228 ], [ 85.22769168177031, 25.332527113488737 ], [ 85.225364713671425, 25.340805124840504 ], [ 85.227363577756364, 25.342805878925525 ], [ 85.228691113812772, 25.344110545980964 ], [ 85.244499263484528, 25.353277235370491 ], [ 85.251724166791547, 25.371889200161391 ], [ 85.2539139208846, 25.393611916084481 ], [ 85.25147241878085, 25.406528554633361 ], [ 85.253501900867093, 25.413028642909573 ], [ 85.260635328170224, 25.418777456153865 ], [ 85.261444059204578, 25.423194953341582 ], [ 85.259162829107638, 25.433195132766532 ], [ 85.26036071115854, 25.434415883818403 ], [ 85.264030524314492, 25.433082488761745 ], [ 85.26975249955764, 25.428943577585866 ], [ 85.276496964844242, 25.429832444623635 ], [ 85.277114805870497, 25.434360506816052 ], [ 85.27766422889384, 25.438249559981315 ], [ 85.29196926150172, 25.443639840210366 ], [ 85.292137093508856, 25.443750405215066 ], [ 85.293746995577266, 25.44477837625875 ], [ 85.297416619733198, 25.447111203357881 ], [ 85.3030242499715, 25.447833939388595 ], [ 85.30477911504606, 25.452638697592768 ], [ 85.309944107265551, 25.455055251695455 ], [ 85.312973021394257, 25.454778744683708 ], [ 85.315887401518097, 25.459361994878467 ], [ 85.328224188042341, 25.460361426920937 ], [ 85.332801768236862, 25.457500533799369 ], [ 85.334556633311436, 25.462333642004744 ], [ 85.351722748040899, 25.469528116310467 ] ] ] } },
{ "type": "Feature", "properties": { "F_CODE_DES": "River/Stream", "HYC_DESCRI": "Perennial/Permanent", "NAM": "UNK", "ISO": "IND", "NAME_0": "India" }, "geometry": { "type": "MultiLineString", "coordinates": [ [ [ 85.385444696473868, 25.243249935694983 ], [ 85.3949736988788, 25.243667625712735 ], [ 85.39669794595207, 25.247222904863811 ], [ 85.390136810673269, 25.262138407497634 ], [ 85.390724222698225, 25.266777034694748 ], [ 85.397857650001356, 25.264499584597971 ], [ 85.400024346093417, 25.267194724712496 ], [ 85.397918697003945, 25.27441603701936 ], [ 85.400802648126501, 25.27899928721412 ], [ 85.39741520098255, 25.281833720334568 ], [ 85.395942701919978, 25.287555695577716 ], [ 85.397247368975414, 25.292388992783103 ], [ 85.403808504254229, 25.294332479865691 ], [ 85.404861423298968, 25.298972997062883 ], [ 85.404441843281148, 25.301082615152531 ], [ 85.400360199107695, 25.30391685927297 ], [ 85.400001477092459, 25.307306196416995 ], [ 85.404418974280176, 25.307638080431101 ], [ 85.405387788321335, 25.309499730510211 ], [ 85.4034195422377, 25.313999253701411 ], [ 85.406890905385211, 25.321306183011913 ], [ 85.404274011274012, 25.328111695301107 ], [ 85.405441275323611, 25.331027965425029 ], [ 85.405525191327172, 25.331249284434435 ], [ 85.409416134492517, 25.333555273532426 ], [ 85.410003735517492, 25.333889047546613 ], [ 85.417221078824184, 25.3261394802173 ], [ 85.41864009088448, 25.326944431251505 ], [ 85.420112589947053, 25.337888665716569 ], [ 85.424972536153575, 25.337360410694124 ], [ 85.429000882324758, 25.340221492815701 ], [ 85.430335978381493, 25.346721581091916 ], [ 85.435447672598713, 25.346805497095481 ], [ 85.442443885895997, 25.355943647483798 ], [ 85.444778413995209, 25.356111479490934 ], [ 85.446418745064918, 25.348667147174591 ], [ 85.454025239388145, 25.354610441427148 ], [ 85.465331975868608, 25.352027945317406 ], [ 85.467109709944154, 25.349027570189911 ], [ 85.472778387185045, 25.352693603345692 ], [ 85.475753814311474, 25.358749352603027 ], [ 85.477584846389291, 25.357639355555857 ], [ 85.477638333391553, 25.351722710304436 ], [ 85.482864372613633, 25.35625077249685 ], [ 85.486251819757584, 25.352582849340987 ], [ 85.4813079575475, 25.348138892152143 ], [ 85.480781592525133, 25.347639176130912 ], [ 85.479415878467094, 25.341333379862952 ] ] ] } },
{ "type": "Feature", "properties": { "F_CODE_DES": "River/Stream", "HYC_DESCRI": "Perennial/Permanent", "NAM": "UNK", "ISO": "IND", "NAME_0": "India" }, "geometry": { "type": "MultiLineString", "coordinates": [ [ [ 85.487968506830526, 25.445028234269365 ], [ 85.484001207661947, 25.444278660237515 ], [ 85.481719977565007, 25.437805220962431 ], [ 85.474586550261876, 25.440721491086357 ], [ 85.470558204090693, 25.43763927895538 ], [ 85.463386598785945, 25.413944158948478 ], [ 85.45413977339301, 25.408027702697062 ], [ 85.451416094277263, 25.402194973449205 ], [ 85.449775763207569, 25.384916214714963 ], [ 85.444221430971538, 25.377666552406893 ], [ 85.438636858734228, 25.377582636403329 ], [ 85.437942472704719, 25.369361892053995 ], [ 85.43511200858444, 25.367527079976028 ], [ 85.425331069168806, 25.366472270931204 ], [ 85.42194362202487, 25.361694350728172 ], [ 85.418891838895178, 25.360500248677429 ], [ 85.418220510866647, 25.35822298758066 ], [ 85.41683192780765, 25.353582470383465 ], [ 85.410835335552832, 25.355194073451948 ], [ 85.408470189452316, 25.353582470383465 ], [ 85.399719300080463, 25.339195222772091 ], [ 85.399475112070078, 25.339111306768526 ], [ 85.385414078472579, 25.334472679571412 ], [ 85.382972765368834, 25.321861276035502 ], [ 85.379859935236553, 25.318111326876149 ], [ 85.373969938986264, 25.315305621756927 ], [ 85.368972778773923, 25.310556429555113 ], [ 85.366279528659476, 25.305555300342593 ], [ 85.367637682717188, 25.296443987955417 ], [ 85.35900113835018, 25.277416223146851 ], [ 85.360885657430259, 25.270221748841127 ], [ 85.36399848756254, 25.260749824438626 ], [ 85.367195044698377, 25.263305671547236 ], [ 85.370277445829359, 25.257110629283982 ], [ 85.380142301248554, 25.252666483095133 ], [ 85.385444696473868, 25.243249935694983 ] ] ] } },
{ "type": "Feature", "properties": { "F_CODE_DES": "River/Stream", "HYC_DESCRI": "Perennial/Permanent", "NAM": "UNK", "ISO": "IND", "NAME_0": "India" }, "geometry": { "type": "MultiLineString", "coordinates": [ [ [ 85.155082792684865, 25.226610185987894 ], [ 85.152336055568142, 25.228166601054035 ], [ 85.151557942535078, 25.233444237278302 ], [ 85.152114925558749, 25.246749837843709 ], [ 85.146308845312021, 25.255722046224975 ], [ 85.130081115622431, 25.265583121644013 ], [ 85.130973762660375, 25.268444014765585 ], [ 85.137916488955398, 25.290750551713479 ], [ 85.13600154087402, 25.297555875002665 ], [ 85.137336636930755, 25.303861671270624 ], [ 85.134529041811447, 25.312555293640052 ], [ 85.135307343844516, 25.315500291765197 ], [ 85.149971098467645, 25.335472111613882 ], [ 85.150581379493573, 25.335971827635117 ], [ 85.154502940660223, 25.339389892780364 ], [ 85.161750712968214, 25.341333379862952 ], [ 85.158920248847934, 25.348361912161621 ], [ 85.163970896062551, 25.373388348225099 ], [ 85.16278076301198, 25.381860651585122 ], [ 85.167053297193533, 25.385555223742116 ], [ 85.201942509676115, 25.396223140195438 ], [ 85.207885803928676, 25.400943793396038 ], [ 85.216079710276873, 25.403304970496375 ], [ 85.215080278234396, 25.40986062477495 ], [ 85.218307453371537, 25.416973073077187 ], [ 85.219222969410438, 25.421777642281356 ], [ 85.222053433530718, 25.436527202908124 ], [ 85.223998999613386, 25.439443662032055 ], [ 85.234413089055934, 25.44619360831889 ], [ 85.236419702141191, 25.452055065567968 ], [ 85.240196300301676, 25.454721477681275 ], [ 85.24719232459897, 25.455194544701378 ], [ 85.251274157772428, 25.468416229263219 ], [ 85.255111613935497, 25.473388630474517 ], [ 85.260970992184482, 25.475166364550059 ], [ 85.2742461637486, 25.47572126857364 ], [ 85.293998743587963, 25.483722772913659 ], [ 85.301170348892711, 25.484388430941941 ], [ 85.302887035965668, 25.484556262949074 ], [ 85.303085296974089, 25.484582911950206 ], [ 85.312553441376423, 25.482666073868753 ], [ 85.316970749564135, 25.479360652728293 ], [ 85.322135930783631, 25.475500138564243 ], [ 85.326530369970371, 25.474111555505239 ], [ 85.341613704611319, 25.473583300482787 ], [ 85.351722748040899, 25.469528116310467 ] ] ] } },
{ "type": "Feature", "properties": { "F_CODE_DES": "River/Stream", "HYC_DESCRI": "Perennial/Permanent", "NAM": "UNK", "ISO": "IND", "NAME_0": "India" }, "geometry": { "type": "MultiLineString", "coordinates": [ [ [ 85.196502711444964, 25.489666067166212 ], [ 85.193695116325657, 25.480444000774327 ], [ 85.195693980410596, 25.477443625646828 ], [ 85.192581150278315, 25.473499384479222 ], [ 85.184059139916187, 25.468194910253814 ], [ 85.188140784089626, 25.463443828051922 ], [ 85.18916327413308, 25.458999681863069 ], [ 85.182662996856848, 25.440750030087571 ], [ 85.186531071021221, 25.437723194958949 ], [ 85.185943658996266, 25.43288800775348 ], [ 85.181724611816975, 25.422000851290839 ], [ 85.176917963612723, 25.416389441052388 ], [ 85.175086931534921, 25.408611334721865 ], [ 85.16819769224216, 25.40305511248576 ], [ 85.165557929129989, 25.39869507130048 ], [ 85.15621943873316, 25.398056062273326 ], [ 85.154083171642384, 25.39619441219422 ], [ 85.152641290581116, 25.393472623078559 ], [ 85.155441325700096, 25.388584137870829 ], [ 85.15597525072279, 25.387695270833056 ], [ 85.148246851394376, 25.385972913759865 ], [ 85.146972613340225, 25.381360935563883 ], [ 85.141693087115883, 25.383361878648913 ], [ 85.131027249662637, 25.383443904652399 ], [ 85.126358004464223, 25.383472443653609 ], [ 85.121803293270673, 25.377666552406893 ], [ 85.110725435799935, 25.371139437129532 ], [ 85.105888358594385, 25.372917171205074 ], [ 85.102752659461146, 25.377416694396278 ], [ 85.10086058038074, 25.376611743362073 ], [ 85.095970205172918, 25.36741632597132 ], [ 85.095863420168385, 25.361944208738791 ], [ 85.09205620400661, 25.358638787598331 ], [ 85.090309087932354, 25.344333565990439 ], [ 85.09205620400661, 25.340917579845282 ], [ 85.089637759903837, 25.336944610676454 ], [ 85.090499788940463, 25.333555273532426 ], [ 85.089057907879194, 25.331666974452183 ], [ 85.083747952653553, 25.333694377538336 ], [ 85.081413235554336, 25.333110745513537 ], [ 85.077613768392879, 25.328971834337658 ], [ 85.0770798433702, 25.327833109289269 ], [ 85.074417022257038, 25.322055757043763 ], [ 85.078140322415265, 25.312471377636484 ], [ 85.073829610232082, 25.300027806107707 ], [ 85.073364292212304, 25.298639223048703 ], [ 85.067527782964291, 25.297500687000323 ], [ 85.057525713539263, 25.286945414551784 ], [ 85.056030345475719, 25.283166926391221 ], [ 85.054641762416708, 25.282777775374683 ], [ 85.050781248252662, 25.285804799503317 ], [ 85.045776339039989, 25.281694427328649 ], [ 85.03866578073783, 25.284360839441955 ], [ 85.036750832656452, 25.281888908336914 ], [ 85.037330684681095, 25.277639432156334 ], [ 85.033302338509912, 25.273916320998126 ], [ 85.029830975362401, 25.265333263633394 ], [ 85.02927399233873, 25.252472002086868 ], [ 85.024887113152317, 25.243055265686714 ], [ 85.024497962135783, 25.235027301345575 ], [ 85.024414046132208, 25.233360321274738 ], [ 85.021751414019064, 25.228555752070569 ], [ 85.014030385690972, 25.225334246933677 ], [ 85.0095291614997, 25.220306468720025 ], [ 85.005668647335639, 25.215999536537005 ], [ 84.999999970094763, 25.214082698455549 ], [ 84.997474740987457, 25.213222559419002 ], [ 84.994636527866845, 25.210306100295067 ], [ 84.993972759838641, 25.205499641090821 ], [ 84.993225075806862, 25.200222004866554 ] ] ] } },
{ "type": "Feature", "properties": { "F_CODE_DES": "River/Stream", "HYC_DESCRI": "Non-Perennial/Intermittent/Fluctuating", "NAM": "MOHANA", "ISO": "IND", "NAME_0": "India" }, "geometry": { "type": "MultiLineString", "coordinates": [ [ [ 85.120582542218798, 25.119249298425693 ], [ 85.137947106956702, 25.12797164879634 ], [ 85.141525255108746, 25.131471550945065 ], [ 85.145248366266955, 25.141527107372369 ], [ 85.146888697336664, 25.149665825718216 ], [ 85.147392193358058, 25.152055730819772 ], [ 85.15158081153605, 25.161472278219918 ], [ 85.154274061650497, 25.167528216477262 ], [ 85.150222846478343, 25.181749333081576 ], [ 85.152305626566843, 25.19016644843925 ], [ 85.154975818680313, 25.19558337766944 ], [ 85.16513816011215, 25.202972332983428 ], [ 85.167388961207806, 25.209054920241901 ], [ 85.165801928140354, 25.219638731691649 ], [ 85.162719716009377, 25.226222924971438 ], [ 85.166915894187696, 25.242082671645385 ], [ 85.167114344196136, 25.242834135677317 ], [ 85.16561122713226, 25.248361629912203 ] ] ] } },
{ "type": "Feature", "properties": { "F_CODE_DES": "River/Stream", "HYC_DESCRI": "Perennial/Permanent", "NAM": "UNK", "ISO": "IND", "NAME_0": "India" }, "geometry": { "type": "MultiLineString", "coordinates": [ [ [ 85.155082792684865, 25.226610185987894 ], [ 85.151863177548051, 25.21866613765032 ], [ 85.145195068264684, 25.211639495351729 ], [ 85.140502954065298, 25.200111439861857 ], [ 85.134086592792642, 25.194555217625748 ], [ 85.125640938433762, 25.190305741445172 ], [ 85.123001175321576, 25.187610601330643 ], [ 85.120780992227239, 25.181528014072171 ], [ 85.124557401387705, 25.17511184179952 ], [ 85.118751510140996, 25.15644450000627 ], [ 85.119003258151693, 25.154277803914198 ], [ 85.121193012244746, 25.134666407080829 ], [ 85.120582542218798, 25.119249298425693 ] ] ] } },
{ "type": "Feature", "properties": { "F_CODE_DES": "River/Stream", "HYC_DESCRI": "Non-Perennial/Intermittent/Fluctuating", "NAM": "UNK", "ISO": "IND", "NAME_0": "India" }, "geometry": { "type": "MultiLineString", "coordinates": [ [ [ 85.511444008828093, 25.259916334403208 ], [ 85.50705712964168, 25.2251395769254 ], [ 85.506637549623861, 25.22180561678373 ], [ 85.502609203452678, 25.211139590330486 ], [ 85.501167322391396, 25.201250164910242 ], [ 85.502670250455267, 25.191610408500612 ], [ 85.504303021524649, 25.181139052055642 ], [ 85.503753598501305, 25.176000519837284 ], [ 85.502975485468241, 25.169000715539834 ], [ 85.50022118835119, 25.144056305479843 ], [ 85.500663826370001, 25.141750316381852 ], [ 85.501915006423175, 25.135221500104418 ], [ 85.504058833514279, 25.124139862633513 ], [ 85.512138394857601, 25.114860529239195 ], [ 85.522804232310847, 25.10719487791345 ] ] ] } },
{ "type": "Feature", "properties": { "F_CODE_DES": "River/Stream", "HYC_DESCRI": "Non-Perennial/Intermittent/Fluctuating", "NAM": "UNK", "ISO": "IND", "NAME_0": "India" }, "geometry": { "type": "MultiLineString", "coordinates": [ [ [ 85.093696535076305, 25.008361859713634 ], [ 85.106414723616751, 25.016332557052344 ], [ 85.116920478063193, 25.028554998571721 ], [ 85.12197112527781, 25.036693527917564 ], [ 85.134780789822145, 25.066804820197113 ], [ 85.138694790988467, 25.073554955483957 ], [ 85.147857700377841, 25.089332487154408 ], [ 85.153083739599907, 25.103361201750545 ], [ 85.160110381898505, 25.115472700265208 ], [ 85.160835196929298, 25.116193735295852 ], [ 85.165580798130961, 25.121055571502449 ], [ 85.176307682586796, 25.131805513959257 ], [ 85.184082008917159, 25.137333008194144 ], [ 85.19697577846506, 25.141916258388903 ], [ 85.201026993637214, 25.145195030528235 ], [ 85.207138119896896, 25.150138892738319 ], [ 85.210281379030477, 25.154306342915412 ], [ 85.219642549428272, 25.166749914444189 ], [ 85.218612688384511, 25.171611750650786 ], [ 85.220558254467178, 25.176027357838425 ], [ 85.221641602513216, 25.176860847873844 ], [ 85.224586411638356, 25.17908292096827 ], [ 85.232444842972285, 25.177860279916313 ], [ 85.235359223096125, 25.183500229155975 ], [ 85.242111248383054, 25.183776925167734 ], [ 85.249420256693639, 25.188249610357797 ], [ 85.252136186809054, 25.196888044724879 ], [ 85.253723219876491, 25.201888984937391 ], [ 85.25583642896629, 25.203306106997609 ], [ 85.263275091282395, 25.203777284017633 ], [ 85.283859271157098, 25.201221436909023 ], [ 85.286918614287103, 25.203250918995266 ], [ 85.289718649406083, 25.209362045254949 ], [ 85.291832047495888, 25.213916756448498 ], [ 85.299552886823989, 25.224306086889982 ], [ 85.304946947053196, 25.234945275342085 ], [ 85.306610147123877, 25.254138982157706 ], [ 85.303665148998732, 25.274250095012309 ], [ 85.30766287716861, 25.287889469591903 ], [ 85.308029159184173, 25.289138759644988 ] ] ] } },
{ "type": "Feature", "properties": { "F_CODE_DES": "River/Stream", "HYC_DESCRI": "Perennial/Permanent", "NAM": "UNK", "ISO": "IND", "NAME_0": "India" }, "geometry": { "type": "MultiLineString", "coordinates": [ [ [ 85.14575186228835, 25.006639502640446 ], [ 85.142387473145391, 25.00227738245508 ], [ 85.137191862924595, 25.000944176398427 ], [ 85.131141594667497, 25.005027710571952 ], [ 85.132141026709974, 25.008194027706502 ], [ 85.145553601279929, 25.02563853944779 ], [ 85.154663023667027, 25.029027876591819 ], [ 85.161163300943244, 25.029722262621327 ], [ 85.16596976014749, 25.027721319536298 ], [ 85.172920235442845, 25.027360896520982 ], [ 85.180114709748565, 25.028694102577635 ], [ 85.185058571958649, 25.03174966570748 ], [ 85.195083699384668, 25.052000071567999 ], [ 85.200775056626512, 25.05716714278757 ], [ 85.206390435865131, 25.059583696890257 ], [ 85.214164762195495, 25.066278455174746 ], [ 85.222000135528447, 25.072999862460364 ], [ 85.234138472044265, 25.083444569904202 ], [ 85.241363564351275, 25.103137992741058 ], [ 85.242141677384353, 25.114305436215609 ], [ 85.252891619841151, 25.126943677752656 ], [ 85.261970613226964, 25.128665845825843 ], [ 85.266914286437029, 25.131082588928535 ], [ 85.268890470521015, 25.135471358115034 ], [ 85.282692007107499, 25.141082768353485 ], [ 85.294830343623303, 25.153055162862245 ], [ 85.300087000846673, 25.154083322905933 ], [ 85.306274483109604, 25.155332612959022 ], [ 85.308334394197146, 25.16288940028014 ], [ 85.311386177326824, 25.164277983339147 ], [ 85.325058059907803, 25.164611757353327 ], [ 85.327972440031644, 25.168777506530347 ], [ 85.32755286001381, 25.179332778978885 ], [ 85.337524500437553, 25.187778433337776 ], [ 85.343864505706961, 25.190360929447515 ], [ 85.359611419376108, 25.190000506432199 ], [ 85.3631668875272, 25.192888237554911 ], [ 85.362304669490555, 25.194999745644637 ], [ 85.357917790304143, 25.195749319676491 ], [ 85.358947840347909, 25.199527807837054 ], [ 85.364555281586206, 25.200861013893707 ], [ 85.361030620436424, 25.207000679154607 ], [ 85.36010735539719, 25.20858374322188 ], [ 85.360000570392657, 25.212165860374096 ], [ 85.361892649473049, 25.214027321453198 ], [ 85.368415795750252, 25.215139397500455 ], [ 85.372001692902629, 25.218444818640915 ], [ 85.372665460930833, 25.221610946775456 ], [ 85.372802674936665, 25.222221416801396 ], [ 85.36791985972917, 25.230362025147326 ], [ 85.369392358791742, 25.233278295271248 ], [ 85.373474191965201, 25.230443862150803 ], [ 85.37719730312341, 25.229917497128437 ], [ 85.378135688163283, 25.231388106190927 ], [ 85.376975984114011, 25.239221589523805 ], [ 85.378501970178846, 25.243833567719786 ], [ 85.385444696473868, 25.243249935694983 ] ] ] } },
{ "type": "Feature", "properties": { "F_CODE_DES": "River/Stream", "HYC_DESCRI": "Perennial/Permanent", "NAM": "UNK", "ISO": "IND", "NAME_0": "India" }, "geometry": { "type": "MultiLineString", "coordinates": [ [ [ 85.522804232310847, 25.10719487791345 ], [ 85.523330597333214, 25.101083751653768 ], [ 85.51633457303592, 25.075695002574896 ], [ 85.520195087199966, 25.064611475103909 ], [ 85.517501837085518, 25.060249354918547 ], [ 85.510475194786935, 25.057472188800531 ], [ 85.507858300675721, 25.054777237686011 ], [ 85.508193964689994, 25.050556111506641 ], [ 85.520500133212934, 25.038723010003803 ], [ 85.521942203274207, 25.037332536944717 ], [ 85.52400211436175, 25.027999905548135 ], [ 85.523307728332242, 25.020416280225874 ], [ 85.520530751214238, 25.012472231888303 ], [ 85.509414715741869, 25.004917145567255 ], [ 85.504913302550577, 24.9999999323583 ], [ 85.499420206317154, 24.994833050138737 ], [ 85.489974930915793, 24.988721923879055 ] ] ] } },
{ "type": "Feature", "properties": { "F_CODE_DES": "River/Stream", "HYC_DESCRI": "Perennial/Permanent", "NAM": "UNK", "ISO": "IND", "NAME_0": "India" }, "geometry": { "type": "MultiLineString", "coordinates": [ [ [ 85.479415878467094, 25.341333379862952 ], [ 85.472305320164935, 25.336250224646946 ], [ 85.464141842818037, 25.33433338656549 ], [ 85.461280760696454, 25.331638246450964 ], [ 85.461608864710399, 25.327194289262124 ], [ 85.459663298627731, 25.324499149147595 ], [ 85.454086286390734, 25.323778114116955 ], [ 85.448997461174486, 25.324972216167698 ], [ 85.446083081050645, 25.320167457963525 ], [ 85.445251481015305, 25.306888506399247 ], [ 85.439941336789659, 25.300249125117112 ], [ 85.436752339654149, 25.298778516054622 ], [ 85.43172456144049, 25.296443987955417 ], [ 85.43157959843434, 25.283556077407759 ], [ 85.436279272634039, 25.277334197143364 ], [ 85.432975741493664, 25.267278640716064 ], [ 85.437446536683652, 25.260416050424446 ], [ 85.435218793588973, 25.256250301247427 ], [ 85.439476018769881, 25.250223090991305 ], [ 85.437530452687213, 25.247888562892101 ], [ 85.437057574667122, 25.247333469868511 ], [ 85.428253198292978, 25.247528139876785 ], [ 85.42446904013218, 25.24488837676461 ], [ 85.424110318116931, 25.240249560567488 ], [ 85.42755881226347, 25.238889705509699 ], [ 85.428306496295249, 25.232749851248794 ], [ 85.427886916277416, 25.209972326280884 ], [ 85.425971968196038, 25.207695065184112 ], [ 85.420608525968134, 25.206527801134513 ], [ 85.420585656967162, 25.206472424132158 ], [ 85.416664095800513, 25.198389082788665 ], [ 85.413475098665003, 25.183916029173645 ], [ 85.409446752493821, 25.181055136052073 ], [ 85.40252689519977, 25.181638768076876 ], [ 85.400108262096992, 25.1780834889258 ], [ 85.40252689519977, 25.174028304753477 ], [ 85.397918697003945, 25.149639176717081 ], [ 85.396835348957907, 25.143972389476279 ], [ 85.399780347083052, 25.141166684357053 ], [ 85.403053260222137, 25.142778476425544 ], [ 85.405586238329775, 25.142278760404309 ], [ 85.40719595139818, 25.13338857802653 ], [ 85.403556756243532, 25.127332639769186 ], [ 85.400276094104129, 25.125722926700782 ], [ 85.38938912664149, 25.126611793738554 ], [ 85.385391209471607, 25.115528077267562 ], [ 85.387473989560107, 25.107221526914586 ], [ 85.381668098313398, 25.10675053889457 ], [ 85.379974280241413, 25.103834079770635 ], [ 85.383499130391201, 25.097610498506171 ], [ 85.376441870091313, 25.094194323361005 ], [ 85.334304885300739, 25.091110221229947 ], [ 85.323753392852367, 25.090333998196964 ], [ 85.318801970641957, 25.087055226057636 ], [ 85.310890241305756, 25.077749243662186 ], [ 85.300941469882986, 25.069084160293972 ], [ 85.297531153738078, 25.062833741028367 ], [ 85.296691804702405, 25.057777423813505 ], [ 85.294135957593795, 25.057222330789912 ], [ 85.288497898354208, 25.046138803318932 ], [ 85.289054881377879, 25.040861167094661 ], [ 85.28241739009583, 25.034666124831411 ], [ 85.281913705074416, 25.032916929757079 ], [ 85.28060903801898, 25.02838905656467 ], [ 85.272277917664951, 25.028360328563451 ], [ 85.270553670591681, 25.025028258421855 ], [ 85.271385270627022, 25.020555573231796 ], [ 85.262138445234086, 25.023332550349799 ], [ 85.261497546206854, 25.023527220358073 ], [ 85.260749862175089, 25.022193825301411 ], [ 85.257362415031139, 25.016221992047644 ], [ 85.259330661114774, 25.011554636849308 ], [ 85.25855254808171, 25.010833790818676 ], [ 85.252220102812615, 25.004943794568387 ], [ 85.251586952785715, 24.9999999323583 ], [ 85.250442557737088, 24.991277770987661 ], [ 85.238998418250773, 24.978639529450611 ], [ 85.236724937154165, 24.970666942111826 ], [ 85.233581489020594, 24.966083502917055 ], [ 85.228164748790405, 24.961778649734121 ], [ 85.221137917491816, 24.958972944614899 ], [ 85.218170239365705, 24.951860496312662 ] ] ] } },
{ "type": "Feature", "properties": { "F_CODE_DES": "River/Stream", "HYC_DESCRI": "Perennial/Permanent", "NAM": "UNK", "ISO": "IND", "NAME_0": "India" }, "geometry": { "type": "MultiLineString", "coordinates": [ [ [ 85.489974930915793, 24.988721923879055 ], [ 85.48472602269274, 24.983139052641814 ], [ 85.483947720659671, 24.979583773490738 ], [ 85.49011233392163, 24.968860669035067 ], [ 85.490669316945301, 24.964416522846218 ], [ 85.488052422834102, 24.953916627400034 ], [ 85.489051854876564, 24.945444135040006 ] ] ] } },
{ "type": "Feature", "properties": { "F_CODE_DES": "River/Stream", "HYC_DESCRI": "Perennial/Permanent", "NAM": "UNK", "ISO": "IND", "NAME_0": "India" }, "geometry": { "type": "MultiLineString", "coordinates": [ [ [ 85.489974930915793, 24.988721923879055 ], [ 85.488723750862619, 24.993583760085652 ], [ 85.486694268776375, 24.994916966142306 ], [ 85.481330826548472, 24.994194041111584 ], [ 85.475692767308885, 24.990943996973478 ], [ 85.459030148600817, 24.974666560281783 ], [ 85.442443885895997, 24.969165715048028 ], [ 85.431640645436929, 24.963916806824983 ], [ 85.427139232245651, 24.959999025658501 ], [ 85.42446904013218, 24.95522299545555 ], [ 85.423835701105261, 24.949333188205266 ], [ 85.427192719247913, 24.937000181681185 ], [ 85.425445603173671, 24.932832731504092 ], [ 85.414863492723995, 24.926111135218466 ] ] ] } },
{ "type": "Feature", "properties": { "F_CODE_DES": "River/Stream", "HYC_DESCRI": "Non-Perennial/Intermittent/Fluctuating", "NAM": "UNK", "ISO": "IND", "NAME_0": "India" }, "geometry": { "type": "MultiLineString", "coordinates": [ [ [ 85.218170239365705, 24.951860496312662 ], [ 85.222335799542719, 24.942693617923123 ], [ 85.216026223274596, 24.923000384086279 ], [ 85.207694913920562, 24.913888882699091 ], [ 85.20547491982623, 24.908027614450024 ], [ 85.207168548898196, 24.902500120215137 ], [ 85.213806229180264, 24.899416018084082 ], [ 85.229751592857838, 24.898639606051091 ], [ 85.243919411459885, 24.901056349153784 ], [ 85.253219534855091, 24.911638270603454 ], [ 85.265251086366362, 24.921054818003604 ], [ 85.274696361767724, 24.924861845165381 ], [ 85.276725843853967, 24.925666796199586 ], [ 85.321304330748291, 24.948944037188731 ], [ 85.337387097431716, 24.953443560379931 ], [ 85.352218684061967, 24.96258360076833 ], [ 85.362442072496407, 24.972278545180309 ], [ 85.376274038084176, 24.979139245471849 ] ] ] } },
{ "type": "Feature", "properties": { "F_CODE_DES": "River/Stream", "HYC_DESCRI": "Perennial/Permanent", "NAM": "UNK", "ISO": "IND", "NAME_0": "India" }, "geometry": { "type": "MultiLineString", "coordinates": [ [ [ 85.605751043835596, 24.966054963915841 ], [ 85.61183174109398, 24.952194270326842 ], [ 85.609947222013901, 24.943138145942015 ], [ 85.601554865657278, 24.91802779387497 ], [ 85.595970104419962, 24.893055033813777 ], [ 85.586219783005632, 24.876611655115031 ], [ 85.584693985940788, 24.871583876901383 ], [ 85.585525585976129, 24.868610339775024 ], [ 85.589805680158008, 24.864915767618026 ], [ 85.595748974410554, 24.862443836512981 ], [ 85.602027932677373, 24.855527948219098 ], [ 85.603225625728271, 24.852750782101086 ], [ 85.610473587036267, 24.835889902384601 ], [ 85.611389103075169, 24.829526839114205 ], [ 85.612968387142288, 24.818944917664538 ], [ 85.616081217274555, 24.814666713482737 ], [ 85.625968941694737, 24.805973091113309 ], [ 85.656196657979223, 24.788528390372015 ], [ 85.667198159446727, 24.785304995235037 ], [ 85.678024268906768, 24.784805279213806 ], [ 85.689529455395672, 24.790222208443993 ], [ 85.695304917641096, 24.79008291543807 ], [ 85.697914062751977, 24.788110700354267 ], [ 85.701225342892684, 24.779777501000154 ], [ 85.704391471027222, 24.77716627688919 ], [ 85.70827485419224, 24.776666560867959 ], [ 85.7084428579399, 24.776736451224593 ] ] ] } },
{ "type": "Feature", "properties": { "F_CODE_DES": "River/Stream", "HYC_DESCRI": "Perennial/Permanent", "NAM": "UNK", "ISO": "IND", "NAME_0": "India" }, "geometry": { "type": "MultiLineString", "coordinates": [ [ [ 85.196502711444964, 25.489666067166212 ], [ 85.185333188970318, 25.490110406185092 ], [ 85.178390462675296, 25.482027064841599 ] ] ] } },
{ "type": "Feature", "properties": { "F_CODE_DES": "River/Stream", "HYC_DESCRI": "Perennial/Permanent", "NAM": "UNK", "ISO": "IND", "NAME_0": "India" }, "geometry": { "type": "MultiLineString", "coordinates": [ [ [ 84.633666924527773, 25.450611105506606 ], [ 84.634475655562142, 25.455444402711993 ], [ 84.666557272925417, 25.521833490533133 ], [ 84.66921990503856, 25.537834231213072 ], [ 84.669975338070671, 25.540277434316891 ], [ 84.670555190095314, 25.542139084396005 ], [ 84.673057550201648, 25.550083132733576 ], [ 84.67322538220877, 25.550638225757169 ], [ 84.673469570219154, 25.550861434766652 ], [ 84.67516319929112, 25.552360582830357 ], [ 84.688499417857827, 25.564138496330848 ], [ 84.693138045054951, 25.568222030504373 ], [ 84.693778944082183, 25.569528587559894 ], [ 84.69799799126146, 25.578056267922271 ], [ 84.697944693259203, 25.586082531263337 ] ] ] } },
{ "type": "Feature", "properties": { "F_CODE_DES": "River/Stream", "HYC_DESCRI": "Perennial/Permanent", "NAM": "UNK", "ISO": "IND", "NAME_0": "India" }, "geometry": { "type": "MultiLineString", "coordinates": [ [ [ 84.721359337254185, 25.47461127152647 ], [ 84.711891192851837, 25.477945420668153 ], [ 84.706085112605123, 25.477416976645699 ], [ 84.647392294111029, 25.46155552897168 ], [ 84.637611354695395, 25.450111389485372 ], [ 84.633666924527773, 25.450611105506606 ] ] ] } },
{ "type": "Feature", "properties": { "F_CODE_DES": "River/Stream", "HYC_DESCRI": "Perennial/Permanent", "NAM": "UNK", "ISO": "IND", "NAME_0": "India" }, "geometry": { "type": "MultiLineString", "coordinates": [ [ [ 84.857940760058085, 25.439111778017953 ], [ 84.869834908563519, 25.439250882023863 ], [ 84.886306826263478, 25.439416824030914 ], [ 84.894722051621073, 25.441583709122995 ], [ 84.901527374910259, 25.445249553278771 ], [ 84.911857548349232, 25.459611852889083 ], [ 84.917579712592385, 25.465000243118059 ], [ 84.923690838852067, 25.468250287256168 ], [ 84.939109837507289, 25.471111369377745 ], [ 84.948280306896976, 25.475360845558324 ], [ 84.95280458908924, 25.479944284753092 ] ] ] } },
{ "type": "Feature", "properties": { "F_CODE_DES": "River/Stream", "HYC_DESCRI": "Perennial/Permanent", "NAM": "UNK", "ISO": "IND", "NAME_0": "India" }, "geometry": { "type": "MultiLineString", "coordinates": [ [ [ 84.697944693259203, 25.586082531263337 ], [ 84.68541720572685, 25.578611360945857 ], [ 84.682166972588746, 25.576665794863182 ], [ 84.681442346557944, 25.576555229858485 ], [ 84.681419288556967, 25.576555229858485 ], [ 84.679832444489534, 25.576305371847866 ], [ 84.679802015488249, 25.576305371847866 ], [ 84.673530617221743, 25.575332588806532 ], [ 84.655029217435541, 25.568277407506727 ], [ 84.650779741254965, 25.566667505438318 ], [ 84.646552945075356, 25.566223166419434 ], [ 84.638862534748554, 25.565389676384015 ], [ 84.637474140689562, 25.564777316357993 ], [ 84.624809250151372, 25.559305199125461 ], [ 84.624664287145222, 25.559249822123107 ], [ 84.622413675049586, 25.558277039081773 ], [ 84.62149815901067, 25.557861239064103 ], [ 84.611579816589199, 25.551500254793797 ], [ 84.600608744122994, 25.549165726694596 ], [ 84.600524828119433, 25.549083700691106 ], [ 84.592803988791346, 25.542333565404267 ], [ 84.592002817757304, 25.540277434316891 ], [ 84.590583805696994, 25.536666778163465 ], [ 84.591140788720665, 25.530111312884895 ], [ 84.58866885761563, 25.523721600613371 ], [ 84.586975039543645, 25.519416747430441 ], [ 84.576942352117314, 25.506916097899236 ], [ 84.573059157952301, 25.498111721525099 ], [ 84.557441709288653, 25.485277108979709 ], [ 84.552780213090571, 25.472694433445017 ], [ 84.554252712153144, 25.46486095011214 ], [ 84.547637900872047, 25.44849959741688 ], [ 84.550636385999468, 25.447610919379116 ], [ 84.550834647007889, 25.445693892297655 ], [ 84.543861302711562, 25.434833573836155 ], [ 84.542808572666829, 25.42788895754105 ] ] ] } },
{ "type": "Feature", "properties": { "F_CODE_DES": "River/Stream", "HYC_DESCRI": "Perennial/Permanent", "NAM": "UNK", "ISO": "IND", "NAME_0": "India" }, "geometry": { "type": "MultiLineString", "coordinates": [ [ [ 84.62735753725967, 25.426860797497358 ], [ 84.688079837840007, 25.440361068071041 ], [ 84.701309271402181, 25.439500740034482 ] ] ] } },
{ "type": "Feature", "properties": { "F_CODE_DES": "River/Stream", "HYC_DESCRI": "Perennial/Permanent", "NAM": "UNK", "ISO": "IND", "NAME_0": "India" }, "geometry": { "type": "MultiLineString", "coordinates": [ [ [ 84.857940760058085, 25.439111778017953 ], [ 84.86072548617642, 25.429361267603614 ], [ 84.868385278501918, 25.421916935287275 ], [ 84.868469194505479, 25.42183301928371 ], [ 84.878112730915277, 25.41741760109608 ], [ 84.906944304140438, 25.41811179812558 ], [ 84.912330615369328, 25.419500381184584 ], [ 84.926330601964253, 25.432111784720497 ], [ 84.936195457383448, 25.436332721899859 ], [ 84.938110405464826, 25.437610550954162 ], [ 84.947998129884994, 25.444139556231605 ], [ 84.955024772183577, 25.44694526135083 ], [ 84.963859577559006, 25.446556110334292 ], [ 84.970054619822264, 25.453193601616348 ], [ 84.971031182863754, 25.454221761660037 ], [ 84.990692097699224, 25.460805954939829 ], [ 84.999999970094763, 25.469110426292715 ], [ 85.008750859466616, 25.476917260624461 ], [ 85.010002228519795, 25.479415840730638 ], [ 85.014190657697782, 25.479972823754306 ], [ 85.01797481585858, 25.483278244894766 ] ] ] } },
{ "type": "Feature", "properties": { "F_CODE_DES": "River/Stream", "HYC_DESCRI": "Perennial/Permanent", "NAM": "UNK", "ISO": "IND", "NAME_0": "India" }, "geometry": { "type": "MultiLineString", "coordinates": [ [ [ 84.885276776219698, 25.275167501051293 ], [ 84.889190588386015, 25.284166358433691 ], [ 84.899581997827596, 25.291584041748898 ], [ 84.902946386970555, 25.296806300970815 ], [ 84.908775336218255, 25.298166345028605 ], [ 84.910003647270443, 25.301082615152531 ], [ 84.909111000232514, 25.302165963198568 ], [ 84.91564170651003, 25.303722378264705 ], [ 84.916641327552512, 25.306444167380366 ], [ 84.913108917402411, 25.314527508723859 ], [ 84.91855627563389, 25.318666419899738 ], [ 84.915412827500305, 25.323778114116955 ], [ 84.916252176535977, 25.329055750341226 ], [ 84.924110418869901, 25.328250799307021 ], [ 84.929031412079013, 25.330055182383695 ], [ 84.933998143290069, 25.334194093559574 ], [ 84.935249323343243, 25.337333761692989 ], [ 84.932861308241769, 25.345333187032921 ], [ 84.932220409214523, 25.347528422126203 ], [ 84.925613346933773, 25.352722142346906 ], [ 84.924308868878342, 25.35591699848267 ], [ 84.927948064032975, 25.363222037793086 ], [ 84.928413382052753, 25.364944394866278 ], [ 84.931777960195731, 25.377527259400978 ], [ 84.937973002458975, 25.383722301664228 ], [ 84.942108133634704, 25.395055687145831 ], [ 84.943946914712839, 25.400083465359479 ], [ 84.944580064739739, 25.4085274187183 ], [ 84.942169180637293, 25.414249393961448 ], [ 84.94316861267977, 25.416973073077187 ], [ 84.949470439947547, 25.418333117134985 ], [ 84.962196377488326, 25.416194960044123 ], [ 84.965698169637136, 25.416749864067704 ], [ 84.96974938480929, 25.420888964243591 ], [ 84.97902682820353, 25.419666323191635 ], [ 84.980720457275496, 25.422777263323834 ], [ 84.979194660210652, 25.426610939486743 ], [ 84.981552057310836, 25.428054899548101 ], [ 84.988052334587053, 25.428556505569418 ], [ 84.99391946183637, 25.430749850662622 ], [ 84.999999970094763, 25.428028061546961 ], [ 85.000831570130103, 25.427667638531645 ], [ 85.004806429299009, 25.429472021608319 ], [ 85.006057798352174, 25.431612068699259 ], [ 85.007972746433552, 25.434917489839719 ], [ 85.017997684859552, 25.445693892297655 ], [ 85.017776554850158, 25.455389025709639 ], [ 85.021080085990533, 25.467805948237284 ], [ 85.01797481585858, 25.483278244894766 ] ] ] } },
{ "type": "Feature", "properties": { "F_CODE_DES": "River/Stream", "HYC_DESCRI": "Perennial/Permanent", "NAM": "UNK", "ISO": "IND", "NAME_0": "India" }, "geometry": { "type": "MultiLineString", "coordinates": [ [ [ 84.666336142916023, 25.238056215474284 ], [ 84.669280952041163, 25.243749651716222 ], [ 84.671195900122541, 25.24747276287443 ], [ 84.674552918265192, 25.26452831259919 ], [ 84.683135975629924, 25.275333443058344 ], [ 84.704223651526021, 25.294389746868127 ], [ 84.72638711546783, 25.311721803604634 ], [ 84.74183654312435, 25.338249277731894 ], [ 84.742858844167785, 25.339500457785064 ], [ 84.748054454388566, 25.345750877050669 ], [ 84.766281048163094, 25.361444492717553 ], [ 84.780441306764814, 25.38230517960401 ], [ 84.789695692158077, 25.412332555879996 ], [ 84.795753520415502, 25.422361463306164 ], [ 84.81063840504801, 25.433889329796031 ], [ 84.821220326497681, 25.438554794994285 ], [ 84.822135842536582, 25.438943946010824 ], [ 84.831474332933425, 25.441110642102892 ], [ 84.848441997654447, 25.441000077098195 ], [ 84.857940760058085, 25.439111778017953 ] ] ] } },
{ "type": "Feature", "properties": { "F_CODE_DES": "River/Stream", "HYC_DESCRI": "Perennial/Permanent", "NAM": "UNK", "ISO": "IND", "NAME_0": "India" }, "geometry": { "type": "MultiLineString", "coordinates": [ [ [ 84.849693366707612, 25.272472360936767 ], [ 84.835418763101032, 25.277610704155116 ], [ 84.810775808053847, 25.278083771175218 ], [ 84.805748029840203, 25.278165797178701 ], [ 84.801582280663183, 25.279527731236577 ], [ 84.79636380144143, 25.284666074454925 ], [ 84.779975799745031, 25.278444383190539 ], [ 84.773719710479185, 25.278778157204727 ], [ 84.767524668215941, 25.281833720334568 ], [ 84.754913264680027, 25.278694241201158 ], [ 84.747947669384033, 25.278389006188188 ], [ 84.73999795104622, 25.275806510078446 ], [ 84.722030665282716, 25.264165810583787 ], [ 84.711776658846972, 25.257528319301734 ], [ 84.699607893329869, 25.243166019691422 ], [ 84.686859086788132, 25.243389039700897 ], [ 84.670028636072928, 25.236528339409357 ], [ 84.666336142916023, 25.238056215474284 ] ] ] } },
{ "type": "Feature", "properties": { "F_CODE_DES": "River/Stream", "HYC_DESCRI": "Perennial/Permanent", "NAM": "UNK", "ISO": "IND", "NAME_0": "India" }, "geometry": { "type": "MultiLineString", "coordinates": [ [ [ 84.88805394233772, 25.195528000667085 ], [ 84.88930512239088, 25.199527807837054 ], [ 84.899169977810075, 25.2050284640708 ], [ 84.899192846811047, 25.205055302071941 ], [ 84.903747558004596, 25.211694683354075 ], [ 84.907447800161833, 25.211610767350507 ], [ 84.911941464352793, 25.214695058481574 ], [ 84.91466514346854, 25.213388501426053 ], [ 84.918418872628052, 25.214582414476787 ], [ 84.914108349444874, 25.219083827668069 ], [ 84.915580659507441, 25.222444625810883 ], [ 84.920082072698719, 25.225721318950121 ], [ 84.917831460603082, 25.229166033096504 ], [ 84.915496743503866, 25.238916354510835 ], [ 84.910667415298661, 25.239639279541557 ], [ 84.908637933212418, 25.242639465669043 ], [ 84.912361233370632, 25.253334031123501 ], [ 84.917114205572602, 25.25788874231705 ], [ 84.925109850912378, 25.261722607479964 ], [ 84.932357812220374, 25.284389567443178 ], [ 84.934448152309201, 25.286277677523408 ], [ 84.93877417349303, 25.29016691968868 ], [ 84.939330967516682, 25.29416653785864 ], [ 84.944221531724509, 25.294916111890494 ], [ 84.948058987887578, 25.30033304112068 ], [ 84.948638839912221, 25.304971668317794 ], [ 84.944808943749464, 25.31033322054563 ], [ 84.949554355951122, 25.314443592720295 ], [ 84.955612184208547, 25.31497184774274 ], [ 84.962524481502271, 25.32327839809572 ], [ 84.968940653774922, 25.319360805929247 ], [ 84.970222451829386, 25.324193914134625 ], [ 84.975250230043045, 25.330638814408495 ], [ 84.974357583005116, 25.332332632480473 ], [ 84.970443770838799, 25.333250038519459 ], [ 84.972389147921461, 25.337028526680022 ], [ 84.981247011297867, 25.33875088375321 ], [ 84.983223006381834, 25.343555452957375 ], [ 84.982803426364001, 25.345861442055366 ], [ 84.98158267531214, 25.352666765344551 ], [ 84.987167436549456, 25.362472463761236 ], [ 84.986778285532921, 25.36608311991467 ], [ 84.991416912730031, 25.370111466085849 ], [ 84.992530878777373, 25.371084249127186 ], [ 84.996025110925856, 25.374139812257027 ], [ 84.998138509015661, 25.374500235272343 ], [ 84.999999970094763, 25.373500803229874 ], [ 85.003418035240003, 25.371665991151907 ], [ 85.009475674497423, 25.372388916182629 ], [ 85.011169492569394, 25.374889386288881 ], [ 85.010139442525627, 25.380806031540303 ], [ 85.012306138617703, 25.393861774095097 ], [ 85.017669769845625, 25.394167009108067 ], [ 85.020385699961025, 25.400667097384282 ], [ 85.024864244151345, 25.403304970496375 ], [ 85.027168343249258, 25.40305511248576 ], [ 85.028694140314087, 25.398582427295693 ], [ 85.030304042382497, 25.398332569285078 ], [ 85.033638002524171, 25.401445399417355 ], [ 85.038085928713187, 25.402194973449205 ], [ 85.044334457978707, 25.410722653811582 ], [ 85.045639125034157, 25.416833969071277 ], [ 85.060218774653706, 25.424554808399368 ], [ 85.064086848818079, 25.420249955216438 ], [ 85.071334810126061, 25.422637970317915 ], [ 85.074554425262875, 25.42227735830259 ], [ 85.079528716474258, 25.42172245427901 ], [ 85.080864001530998, 25.421583161273091 ], [ 85.087638895818898, 25.425193817426525 ], [ 85.099220249311031, 25.431333482687421 ], [ 85.10569765758629, 25.430583908655571 ], [ 85.106918408638165, 25.432222349725194 ], [ 85.103363129487079, 25.439500740034482 ], [ 85.104614309540253, 25.44219399014893 ], [ 85.111831652846945, 25.442888187178426 ], [ 85.117301880079395, 25.438778004003769 ], [ 85.122863772315739, 25.437610550954162 ], [ 85.125442488425321, 25.439250882023863 ], [ 85.127807634525823, 25.449750966470056 ], [ 85.130218518628268, 25.453695207637665 ], [ 85.137054459918758, 25.456943550775698 ], [ 85.142166154135978, 25.465694440147558 ], [ 85.145469685276353, 25.467527362225447 ], [ 85.149833695461808, 25.46775057123493 ], [ 85.151496895532475, 25.46783259723842 ], [ 85.160278402905647, 25.473972262499316 ], [ 85.173858620482719, 25.478527162692874 ], [ 85.175056502533621, 25.479444568731857 ], [ 85.178390462675296, 25.482027064841599 ] ] ] } },
{ "type": "Feature", "properties": { "F_CODE_DES": "River/Stream", "HYC_DESCRI": "Perennial/Permanent", "NAM": "UNK", "ISO": "IND", "NAME_0": "India" }, "geometry": { "type": "MultiLineString", "coordinates": [ [ [ 84.885276776219698, 25.275167501051293 ], [ 84.876831121860818, 25.281888908336914 ], [ 84.874191358748632, 25.278360278186966 ], [ 84.872024473656552, 25.284500132447874 ], [ 84.869750992559943, 25.286443619530459 ], [ 84.865333495372226, 25.286111924516366 ], [ 84.863197417281455, 25.284250274437255 ], [ 84.863166799280165, 25.272638302943818 ], [ 84.86072548617642, 25.267416043721902 ], [ 84.849693366707612, 25.272472360936767 ] ] ] } },
{ "type": "Feature", "properties": { "F_CODE_DES": "River/Stream", "HYC_DESCRI": "Perennial/Permanent", "NAM": "UNK", "ISO": "IND", "NAME_0": "India" }, "geometry": { "type": "MultiLineString", "coordinates": [ [ [ 84.885276776219698, 25.275167501051293 ], [ 84.892112717510187, 25.269777220822238 ], [ 84.892829972540667, 25.260889117444549 ], [ 84.891807482497214, 25.257305110292247 ], [ 84.886695788280008, 25.255945255234462 ], [ 84.882858332116939, 25.252000825066844 ], [ 84.882003863080627, 25.243999509726837 ], [ 84.87841796592825, 25.239833760549818 ], [ 84.878753629942508, 25.224637970904087 ], [ 84.874915984779435, 25.210111619286803 ], [ 84.874694854770027, 25.209304778252516 ], [ 84.875503585804395, 25.204221812036522 ], [ 84.877975516909444, 25.201000306899626 ], [ 84.881889329075761, 25.199861581851238 ], [ 84.88269806011013, 25.194805075636367 ], [ 84.88805394233772, 25.195528000667085 ] ] ] } },
{ "type": "Feature", "properties": { "F_CODE_DES": "River/Stream", "HYC_DESCRI": "Perennial/Permanent", "NAM": "UNK", "ISO": "IND", "NAME_0": "India" }, "geometry": { "type": "MultiLineString", "coordinates": [ [ [ 84.778808535695433, 25.131111127929749 ], [ 84.78744508006244, 25.13452711407491 ], [ 84.794303890353888, 25.140306545320502 ], [ 84.795974650424895, 25.162860861278926 ], [ 84.799941949593475, 25.164916992366301 ], [ 84.809913590017217, 25.164722511358036 ], [ 84.811691324092763, 25.171667127653141 ], [ 84.814781096224053, 25.175388348811268 ], [ 84.822280805542746, 25.178638392949377 ], [ 84.829864430865001, 25.185888244257455 ], [ 84.831108050917848, 25.19027701344395 ], [ 84.828331073799845, 25.199832853850019 ], [ 84.821777309521352, 25.207138082160448 ], [ 84.822280805542746, 25.209249590250174 ], [ 84.825302159671139, 25.209388694256084 ], [ 84.830558816894509, 25.205499641090821 ], [ 84.832862915992422, 25.205888792107359 ], [ 84.831306500926289, 25.212528173389494 ], [ 84.830474900890948, 25.216028264538224 ], [ 84.830108618875386, 25.217555951603146 ], [ 84.832389848972326, 25.225944527959609 ], [ 84.828857438822212, 25.233612069285435 ], [ 84.831970268954493, 25.2384166384896 ], [ 84.830696030900341, 25.242444984660779 ], [ 84.831886352950931, 25.244943564766956 ], [ 84.836303661138629, 25.245306066782359 ], [ 84.836807157160038, 25.246749837843709 ], [ 84.831832865948655, 25.251722428055018 ], [ 84.829414421845883, 25.25788874231705 ], [ 84.829719467858851, 25.261667230477613 ], [ 84.834693948070239, 25.266000811661762 ], [ 84.834358284055966, 25.271722786904913 ], [ 84.83650211114707, 25.273166746966275 ], [ 84.848747232667421, 25.261722607479964 ], [ 84.851524398785429, 25.261249540459865 ], [ 84.853668225876532, 25.262916520530698 ], [ 84.85305794485059, 25.266721657692393 ], [ 84.849693366707612, 25.272472360936767 ] ] ] } },
{ "type": "Feature", "properties": { "F_CODE_DES": "River/Stream", "HYC_DESCRI": "Perennial/Permanent", "NAM": "UNK", "ISO": "IND", "NAME_0": "India" }, "geometry": { "type": "MultiLineString", "coordinates": [ [ [ 84.894668564618797, 25.021028451251887 ], [ 84.901443458906698, 25.033777257793638 ], [ 84.909721281258456, 25.040805790092307 ], [ 84.911392230329454, 25.052360494583315 ], [ 84.91611477353014, 25.057333084794621 ], [ 84.917777973600806, 25.068500528269169 ], [ 84.921302823750594, 25.071388259391881 ], [ 84.934639042317301, 25.076194718596128 ], [ 84.94269554565966, 25.074138587508756 ], [ 84.951583838037365, 25.087472916075384 ], [ 84.953720105128141, 25.099666629593546 ], [ 84.956359868240312, 25.103416389752887 ], [ 84.966278021661779, 25.111249873085765 ], [ 84.96683500468545, 25.11405557820499 ], [ 84.969970703818689, 25.130388202899031 ], [ 84.969169532784647, 25.135471358115034 ], [ 84.96672065968059, 25.139305034277942 ], [ 84.974334714004144, 25.147167245612039 ], [ 84.965553206630972, 25.149055544692281 ], [ 84.96541599262514, 25.152416153835087 ], [ 84.96808618473861, 25.157028132031069 ], [ 84.967163108699381, 25.167165714461859 ], [ 84.969474767797621, 25.176834198872712 ], [ 84.965637122634547, 25.18197254209106 ], [ 84.970138535825825, 25.185472444239785 ], [ 84.968635607761954, 25.190139799438121 ], [ 84.975860511068973, 25.200971578898404 ], [ 84.981613104313425, 25.199611723840619 ], [ 84.984695505444407, 25.202278135953925 ], [ 84.986358705515087, 25.203721907015279 ], [ 84.98705290254459, 25.203361483999963 ], [ 84.993225075806862, 25.200222004866554 ] ] ] } },
{ "type": "Feature", "properties": { "F_CODE_DES": "River/Stream", "HYC_DESCRI": "Perennial/Permanent", "NAM": "UNK", "ISO": "IND", "NAME_0": "India" }, "geometry": { "type": "MultiLineString", "coordinates": [ [ [ 84.226470943224356, 25.652194923072724 ], [ 84.225723259192591, 25.649026904938104 ], [ 84.23069755040396, 25.639667435540382 ], [ 84.237335230686028, 25.633443854275917 ], [ 84.249305735194696, 25.626943576999693 ], [ 84.268524201011374, 25.621166224754187 ], [ 84.280418349516808, 25.62163929177429 ], [ 84.290473905944111, 25.624000468874627 ], [ 84.307113655651193, 25.63136107418741 ], [ 84.317024249072333, 25.638195125477814 ], [ 84.328857350575177, 25.649416055954639 ], [ 84.33344267977003, 25.657138785282811 ], [ 84.336219845888039, 25.668945237784513 ], [ 84.328869029953026, 25.694331926019878 ] ] ] } },
{ "type": "Feature", "properties": { "F_CODE_DES": "River/Stream", "HYC_DESCRI": "Perennial/Permanent", "NAM": "UNK", "ISO": "IND", "NAME_0": "India" }, "geometry": { "type": "MultiLineString", "coordinates": [ [ [ 84.22142029600974, 25.453582752632883 ], [ 84.227859526283368, 25.464027460076721 ], [ 84.235000702586817, 25.472055424417864 ], [ 84.240669190827703, 25.478416408688169 ], [ 84.263969489817825, 25.49497224239169 ], [ 84.272025993160184, 25.502445302709255 ], [ 84.286224429763521, 25.530527112902561 ], [ 84.287780844829669, 25.538333947234307 ], [ 84.285224997721059, 25.552305205828002 ], [ 84.286361643769354, 25.557666758055838 ], [ 84.2870025427966, 25.560722321185679 ], [ 84.288558957862733, 25.563528026304908 ], [ 84.29125220797718, 25.568332595509069 ], [ 84.291336123980741, 25.568471888514992 ], [ 84.292198153017381, 25.577528012899823 ], [ 84.296470687198934, 25.582332582103987 ], [ 84.303695590505953, 25.583471307152379 ], [ 84.305808988595757, 25.58577729625037 ], [ 84.306556672627522, 25.586610786285789 ], [ 84.307609591672275, 25.593139602563223 ] ] ] } },
{ "type": "Feature", "properties": { "F_CODE_DES": "River/Stream", "HYC_DESCRI": "Perennial/Permanent", "NAM": "UNK", "ISO": "IND", "NAME_0": "India" }, "geometry": { "type": "MultiLineString", "coordinates": [ [ [ 84.633666924527773, 25.450611105506606 ], [ 84.62735753725967, 25.426860797497358 ] ] ] } },
{ "type": "Feature", "properties": { "F_CODE_DES": "River/Stream", "HYC_DESCRI": "Perennial/Permanent", "NAM": "UNK", "ISO": "IND", "NAME_0": "India" }, "geometry": { "type": "MultiLineString", "coordinates": [ [ [ 84.351471012536123, 25.54938893570408 ], [ 84.365219062120332, 25.488388049111904 ], [ 84.310028035775034, 25.448667618424018 ], [ 84.300003097349034, 25.441444416117076 ], [ 84.24716946810392, 25.424694101405287 ] ] ] } },
{ "type": "Feature", "properties": { "F_CODE_DES": "River/Stream", "HYC_DESCRI": "Perennial/Permanent", "NAM": "UNK", "ISO": "IND", "NAME_0": "India" }, "geometry": { "type": "MultiLineString", "coordinates": [ [ [ 84.542808572666829, 25.42788895754105 ], [ 84.534942581332572, 25.418083259124366 ], [ 84.520942594737662, 25.404611527551896 ], [ 84.503913883014036, 25.40024940736653 ], [ 84.500831670883059, 25.397972146269762 ] ] ] } },
{ "type": "Feature", "properties": { "F_CODE_DES": "River/Stream", "HYC_DESCRI": "Perennial/Permanent", "NAM": "UNK", "ISO": "IND", "NAME_0": "India" }, "geometry": { "type": "MultiLineString", "coordinates": [ [ [ 84.478691075942223, 25.370027550082284 ], [ 84.484970034209042, 25.371000333123618 ], [ 84.488777250370816, 25.374305754264082 ], [ 84.497276391731987, 25.394443516119814 ] ] ] } },
{ "type": "Feature", "properties": { "F_CODE_DES": "River/Stream", "HYC_DESCRI": "Perennial/Permanent", "NAM": "UNK", "ISO": "IND", "NAME_0": "India" }, "geometry": { "type": "MultiLineString", "coordinates": [ [ [ 84.393669044329286, 25.306360251376802 ], [ 84.393165548307891, 25.3153897267605 ], [ 84.392303519271266, 25.330333768395533 ], [ 84.39138800323235, 25.346721581091916 ], [ 84.390808151207722, 25.347999599146227 ], [ 84.374443018512295, 25.383527820655964 ], [ 84.385780372994063, 25.406778412643977 ], [ 84.395919845424928, 25.413805054942568 ], [ 84.400108274602914, 25.414138828956752 ], [ 84.402053840685596, 25.418888021158565 ], [ 84.412780725141417, 25.444999695268155 ], [ 84.429031323831978, 25.469444200306903 ], [ 84.42810824779275, 25.493722952338604 ], [ 84.435386638102045, 25.522111887544966 ], [ 84.4420243183841, 25.537305787190618 ], [ 84.445358278525774, 25.544971438516363 ], [ 84.447639508622714, 25.55327798886934 ], [ 84.449638372707653, 25.560638405182114 ], [ 84.452140732813987, 25.569778445570513 ] ] ] } },
{ "type": "Feature", "properties": { "F_CODE_DES": "River/Stream", "HYC_DESCRI": "Perennial/Permanent", "NAM": "UNK", "ISO": "IND", "NAME_0": "India" }, "geometry": { "type": "MultiLineString", "coordinates": [ [ [ 84.345802335295232, 25.304361387291863 ], [ 84.366996796195878, 25.321361560014267 ] ] ] } },
{ "type": "Feature", "properties": { "F_CODE_DES": "River/Stream", "HYC_DESCRI": "Perennial/Permanent", "NAM": "UNK", "ISO": "IND", "NAME_0": "India" }, "geometry": { "type": "MultiLineString", "coordinates": [ [ [ 84.345802335295232, 25.304361387291863 ], [ 84.338638289990811, 25.318611231897393 ], [ 84.335639993863396, 25.345054601021083 ], [ 84.329277119593016, 25.353166670365795 ], [ 84.31555175000976, 25.377666552406893 ], [ 84.301551763414849, 25.412916187904798 ], [ 84.308692939718313, 25.419195146171614 ], [ 84.309585586756242, 25.419971558204608 ], [ 84.31566628401464, 25.422000851290839 ], [ 84.319251992167011, 25.427000090503277 ], [ 84.315834116021762, 25.431694094702745 ], [ 84.316886846066495, 25.437610550954162 ] ] ] } },
{ "type": "Feature", "properties": { "F_CODE_DES": "River/Stream", "HYC_DESCRI": "Perennial/Permanent", "NAM": "UNK", "ISO": "IND", "NAME_0": "India" }, "geometry": { "type": "MultiLineString", "coordinates": [ [ [ 84.316886846066495, 25.437610550954162 ], [ 84.303024262477422, 25.429361267603614 ], [ 84.295471255156457, 25.422945095330967 ], [ 84.287391693813134, 25.411861378859975 ], [ 84.286582962778766, 25.407028270654592 ], [ 84.28980257791558, 25.392610594041926 ], [ 84.295585600161317, 25.389360360903815 ], [ 84.301109314396044, 25.388221824855432 ], [ 84.304306060531886, 25.384582440700779 ], [ 84.305580109586032, 25.377611175404542 ], [ 84.30335992649168, 25.370445240100032 ], [ 84.295501684157756, 25.360027370657335 ], [ 84.288475041859172, 25.356111479490934 ], [ 84.290054325926278, 25.353555632382324 ], [ 84.295364470151924, 25.351999217316184 ], [ 84.288330078853008, 25.348499315167459 ], [ 84.287666310824804, 25.345583045043536 ], [ 84.274246176254522, 25.28772163758477 ] ] ] } },
{ "type": "Feature", "properties": { "F_CODE_DES": "River/Stream", "HYC_DESCRI": "Perennial/Permanent", "NAM": "UNK", "ISO": "IND", "NAME_0": "India" }, "geometry": { "type": "MultiLineString", "coordinates": [ [ [ 84.274246176254522, 25.28772163758477 ], [ 84.26738736596306, 25.29372219883976 ], [ 84.25421897940349, 25.309528269511421 ], [ 84.238220128723626, 25.33805460772362 ], [ 84.234748765576114, 25.351417475291463 ], [ 84.233001649501873, 25.385000319718536 ], [ 84.233863867538517, 25.394056255103358 ], [ 84.240081778802733, 25.401332944412577 ], [ 84.246887291091937, 25.409276992750151 ], [ 84.249389651198271, 25.41897193716213 ] ] ] } },
{ "type": "Feature", "properties": { "F_CODE_DES": "River/Stream", "HYC_DESCRI": "Perennial/Permanent", "NAM": "UNK", "ISO": "IND", "NAME_0": "India" }, "geometry": { "type": "MultiLineString", "coordinates": [ [ [ 84.284225376678577, 25.22150038177076 ], [ 84.290725653954809, 25.222444625810883 ], [ 84.296142583184988, 25.226804666996159 ], [ 84.299835265341912, 25.232778579250017 ], [ 84.299972479347744, 25.23299970925941 ], [ 84.312141433864852, 25.252639834094001 ], [ 84.342498804154857, 25.30166624717733 ], [ 84.345802335295232, 25.304361387291863 ] ] ] } },
{ "type": "Feature", "properties": { "F_CODE_DES": "River/Stream", "HYC_DESCRI": "Perennial/Permanent", "NAM": "UNK", "ISO": "IND", "NAME_0": "India" }, "geometry": { "type": "MultiLineString", "coordinates": [ [ [ 84.284225376678577, 25.22150038177076 ], [ 84.283416834644228, 25.226610185987894 ], [ 84.283363347641952, 25.226943960002078 ], [ 84.28177650357452, 25.237222725438865 ], [ 84.280891416536903, 25.242860784678449 ], [ 84.27532952430056, 25.256444971255696 ], [ 84.272781426192282, 25.283083010387656 ], [ 84.274246176254522, 25.28772163758477 ] ] ] } },
{ "type": "Feature", "properties": { "F_CODE_DES": "River/Stream", "HYC_DESCRI": "Perennial/Permanent", "NAM": "UNK", "ISO": "IND", "NAME_0": "India" }, "geometry": { "type": "MultiLineString", "coordinates": [ [ [ 84.393669044329286, 25.306360251376802 ], [ 84.393669044329286, 25.305999828361486 ], [ 84.394859366379876, 25.272167125923794 ], [ 84.420280434460111, 25.205249783080205 ], [ 84.421669017519122, 25.204610774053052 ] ] ] } },
{ "type": "Feature", "properties": { "F_CODE_DES": "River/Stream", "HYC_DESCRI": "Perennial/Permanent", "NAM": "UNK", "ISO": "IND", "NAME_0": "India" }, "geometry": { "type": "MultiLineString", "coordinates": [ [ [ 84.421669017519122, 25.204610774053052 ], [ 84.43321994200997, 25.202943793982215 ], [ 84.439888051293323, 25.212110483371745 ], [ 84.451835686801019, 25.242332529656004 ], [ 84.461441045209199, 25.258832986357174 ], [ 84.46199802823287, 25.287332486568232 ], [ 84.487892163333214, 25.294721630882229 ], [ 84.488441397356553, 25.295028755895281 ], [ 84.500808801882087, 25.301694786178544 ], [ 84.505691617089582, 25.302667569219885 ], [ 84.508529641210188, 25.305360819334332 ], [ 84.51369482242967, 25.331666974452183 ], [ 84.520500145718856, 25.346750309093139 ], [ 84.535278245346845, 25.35411072540591 ], [ 84.559974687396291, 25.381360935563883 ], [ 84.561111522444605, 25.391695078003025 ], [ 84.561691374469248, 25.392360736031311 ], [ 84.565887363647548, 25.397499079249663 ], [ 84.566413917669919, 25.401083086401961 ], [ 84.560836716432917, 25.409250343749019 ], [ 84.559555107378458, 25.411138453829253 ], [ 84.551528844037392, 25.422889718328612 ], [ 84.542808572666829, 25.42788895754105 ] ] ] } },
{ "type": "Feature", "properties": { "F_CODE_DES": "River/Stream", "HYC_DESCRI": "Perennial/Permanent", "NAM": "UNK", "ISO": "IND", "NAME_0": "India" }, "geometry": { "type": "MultiLineString", "coordinates": [ [ [ 84.421669017519122, 25.204610774053052 ], [ 84.421585101515561, 25.200387946873605 ] ] ] } },
{ "type": "Feature", "properties": { "F_CODE_DES": "River/Stream", "HYC_DESCRI": "Perennial/Permanent", "NAM": "UNK", "ISO": "IND", "NAME_0": "India" }, "geometry": { "type": "MultiLineString", "coordinates": [ [ [ 84.445747429542308, 25.17908292096827 ], [ 84.455612095961499, 25.190916022471104 ], [ 84.461196857198814, 25.197639508756815 ], [ 84.507194545153453, 25.225389434936019 ], [ 84.529029905081316, 25.273361227974537 ], [ 84.529586699104982, 25.27400023700169 ], [ 84.569862411816459, 25.318695147900961 ], [ 84.579834052240201, 25.341110170853465 ], [ 84.608779970470223, 25.376722308366773 ], [ 84.610557515545764, 25.378889004458841 ], [ 84.610809263556462, 25.379222778473025 ], [ 84.617835905855046, 25.392833803051413 ], [ 84.62735753725967, 25.426860797497358 ] ] ] } },
{ "type": "Feature", "properties": { "F_CODE_DES": "River/Stream", "HYC_DESCRI": "Perennial/Permanent", "NAM": "UNK", "ISO": "IND", "NAME_0": "India" }, "geometry": { "type": "MultiLineString", "coordinates": [ [ [ 84.445747429542308, 25.17908292096827 ], [ 84.443443330444396, 25.180721362037893 ], [ 84.424941930658207, 25.193777104592684 ], [ 84.421585101515561, 25.200387946873605 ] ] ] } },
{ "type": "Feature", "properties": { "F_CODE_DES": "River/Stream", "HYC_DESCRI": "Perennial/Permanent", "NAM": "UNK", "ISO": "IND", "NAME_0": "India" }, "geometry": { "type": "MultiLineString", "coordinates": [ [ [ 84.666336142916023, 25.238056215474284 ], [ 84.666137692907597, 25.237777629462443 ], [ 84.66394812781455, 25.234527585324336 ], [ 84.646057198054294, 25.221332549763627 ], [ 84.632553147480451, 25.198110496776827 ], [ 84.623748771106307, 25.186445227281123 ], [ 84.617385896835927, 25.181722684080441 ], [ 84.590835553707691, 25.164443925346198 ], [ 84.577392550136452, 25.15286068185398 ], [ 84.570831225857631, 25.1498890347277 ], [ 84.524055424869942, 25.128833677832972 ], [ 84.510055627275023, 25.124000569627594 ], [ 84.505218550069486, 25.1212215135095 ], [ 84.499725264836044, 25.118055385374959 ], [ 84.483276405137076, 25.106500680883954 ], [ 84.467971751486715, 25.093250268320887 ], [ 84.456252994988731, 25.086055794015166 ] ] ] } },
{ "type": "Feature", "properties": { "F_CODE_DES": "River/Stream", "HYC_DESCRI": "Perennial/Permanent", "NAM": "UNK", "ISO": "IND", "NAME_0": "India" }, "geometry": { "type": "MultiLineString", "coordinates": [ [ [ 84.456252994988731, 25.086055794015166 ], [ 84.454971385934272, 25.103582331759938 ], [ 84.48747258331538, 25.131332446939155 ], [ 84.501251250900893, 25.147777526637974 ], [ 84.51491538448154, 25.158971808113662 ], [ 84.518585197637478, 25.168193874505548 ], [ 84.523223824834602, 25.188583384371981 ], [ 84.52391821086411, 25.191528382497125 ], [ 84.523246693835574, 25.193861020596252 ] ] ] } },
{ "type": "Feature", "properties": { "F_CODE_DES": "River/Stream", "HYC_DESCRI": "Perennial/Permanent", "NAM": "UNK", "ISO": "IND", "NAME_0": "India" }, "geometry": { "type": "MultiLineString", "coordinates": [ [ [ 84.310752850805841, 25.084304897940761 ], [ 84.297691438250808, 25.092722013298442 ], [ 84.296142583184988, 25.096777008470752 ], [ 84.299804647340608, 25.107694593934688 ], [ 84.305221576570801, 25.112888314155391 ], [ 84.318336476128096, 25.118305243385578 ], [ 84.318527177136204, 25.118389159389142 ], [ 84.322997972326192, 25.121889061537868 ], [ 84.335136497842001, 25.152111107822126 ], [ 84.357025155772135, 25.183666171163029 ], [ 84.357635436798077, 25.183916029173645 ], [ 84.36008449890214, 25.185083482223256 ], [ 84.389556971154548, 25.186111453266939 ], [ 84.39469153437274, 25.187915836343613 ], [ 84.411613461091818, 25.199693749844105 ], [ 84.421585101515561, 25.200387946873605 ] ] ] } },
{ "type": "Feature", "properties": { "F_CODE_DES": "River/Stream", "HYC_DESCRI": "Perennial/Permanent", "NAM": "UNK", "ISO": "IND", "NAME_0": "India" }, "geometry": { "type": "MultiLineString", "coordinates": [ [ [ 84.445747429542308, 25.17908292096827 ], [ 84.435554470109167, 25.165527273392232 ], [ 84.423164385582666, 25.149055544692281 ], [ 84.4135590271745, 25.143499322456176 ], [ 84.387641834073165, 25.120471939477646 ], [ 84.352912893597392, 25.086416217030482 ], [ 84.331138580672118, 25.065000626120444 ], [ 84.317802362105397, 25.051889506563299 ] ] ] } },
{ "type": "Feature", "properties": { "F_CODE_DES": "River/Stream", "HYC_DESCRI": "Perennial/Permanent", "NAM": "UNK", "ISO": "IND", "NAME_0": "India" }, "geometry": { "type": "MultiLineString", "coordinates": [ [ [ 84.317802362105397, 25.051889506563299 ], [ 84.302475028454083, 25.075361228560709 ], [ 84.291473337986574, 25.082471786862868 ], [ 84.286720365784603, 25.088054658100106 ], [ 84.284500182690252, 25.09355550333386 ], [ 84.287025411797572, 25.119499156436312 ], [ 84.284469564688962, 25.131555466948633 ], [ 84.278694102443538, 25.144945172517616 ], [ 84.277473540391668, 25.155500444966151 ], [ 84.279808068490865, 25.165611189395797 ], [ 84.287025411797572, 25.197166441736712 ], [ 84.285636828738561, 25.209167564246687 ], [ 84.284225376678577, 25.22150038177076 ] ] ] } },
{ "type": "Feature", "properties": { "F_CODE_DES": "River/Stream", "HYC_DESCRI": "Perennial/Permanent", "NAM": "UNK", "ISO": "IND", "NAME_0": "India" }, "geometry": { "type": "MultiLineString", "coordinates": [ [ [ 83.772026093913141, 25.391500407994751 ], [ 83.777269961398616, 25.397856512361152 ] ], [ [ 83.789968638939868, 25.396045719024112 ], [ 83.791137774725286, 25.395721345174117 ], [ 83.799392937159155, 25.402837161910167 ] ], [ [ 83.808605542302217, 25.411672834518523 ], [ 83.810557668310338, 25.41560962196824 ] ], [ [ 83.801525911218036, 25.42431656679479 ], [ 83.800140412107837, 25.426250516471427 ], [ 83.800930541531017, 25.428991306809596 ] ], [ [ 83.844879628462465, 25.442010565425619 ], [ 83.845001265014162, 25.443666489211502 ], [ 83.842025837887718, 25.447721484383813 ], [ 83.84105683484654, 25.447889316390949 ], [ 83.837860088710698, 25.44838903241218 ], [ 83.832031328463017, 25.447000449353176 ], [ 83.821582191859562, 25.448269559591495 ] ], [ [ 83.816635405624808, 25.44892834799688 ], [ 83.814636145723824, 25.450555728504256 ], [ 83.81400299569691, 25.454166384657682 ], [ 83.815540871103849, 25.460284764426394 ] ], [ [ 83.838279100978994, 25.459824978478373 ], [ 83.83847036973664, 25.45980652289736 ], [ 83.845137728152451, 25.462609339058766 ] ], [ [ 83.877107850595095, 25.503454499991992 ], [ 83.877220096383269, 25.503665864761118 ], [ 83.87619779533982, 25.509306003000791 ], [ 83.87605283233367, 25.510026849031423 ], [ 83.875275414098994, 25.514305736648705 ] ] ] } },
{ "type": "Feature", "properties": { "F_CODE_DES": "River/Stream", "HYC_DESCRI": "Perennial/Permanent", "NAM": "UNK", "ISO": "IND", "NAME_0": "India" }, "geometry": { "type": "MultiLineString", "coordinates": [ [ [ 83.772026093913141, 25.391500407994751 ], [ 83.768903912522504, 25.389555049964731 ] ], [ [ 83.76221575667698, 25.396147797882506 ], [ 83.76655586668069, 25.397888230266197 ], [ 83.766900815180179, 25.398448794549921 ] ], [ [ 83.744278199200565, 25.403137644300319 ], [ 83.743863650499563, 25.405022630043884 ] ], [ [ 83.735477097074437, 25.405226003131414 ], [ 83.734564311941682, 25.400906247490649 ] ], [ [ 83.713949324138909, 25.390676668303318 ], [ 83.712249738373004, 25.383722301664228 ] ] ] } },
{ "type": "Feature", "properties": { "F_CODE_DES": "River/Stream", "HYC_DESCRI": "Perennial/Permanent", "NAM": "UNK", "ISO": "IND", "NAME_0": "India" }, "geometry": { "type": "MultiLineString", "coordinates": [ [ [ 83.772026093913141, 25.391500407994751 ], [ 83.779167081216599, 25.385944374758651 ], [ 83.779441887228273, 25.38363838566066 ], [ 83.779807980243831, 25.3804435295249 ], [ 83.778335481181259, 25.37624924134667 ], [ 83.781112647299267, 25.373666745236925 ], [ 83.7805862822769, 25.37072174711178 ] ] ] } },
{ "type": "Feature", "properties": { "F_CODE_DES": "River/Stream", "HYC_DESCRI": "Perennial/Permanent", "NAM": "UNK", "ISO": "IND", "NAME_0": "India" }, "geometry": { "type": "MultiLineString", "coordinates": [ [ [ 83.712249738373004, 25.383722301664228 ], [ 83.711214979787485, 25.383791744318682 ] ], [ [ 83.69588653447839, 25.389796698930798 ], [ 83.699470502829968, 25.384277394687818 ], [ 83.697609041750866, 25.382389095607575 ], [ 83.688768557575031, 25.381464409132754 ] ], [ [ 83.687157512550939, 25.380510168605362 ], [ 83.685943583255153, 25.379554662487131 ], [ 83.685447647234071, 25.376806224370334 ], [ 83.693557826578711, 25.373777310241625 ], [ 83.696052626684718, 25.370166843088199 ], [ 83.694389426614052, 25.367221844963055 ], [ 83.690180325675499, 25.366040543822784 ] ] ] } },
{ "type": "Feature", "properties": { "F_CODE_DES": "River/Stream", "HYC_DESCRI": "Perennial/Permanent", "NAM": "UNK", "ISO": "IND", "NAME_0": "India" }, "geometry": { "type": "MultiLineString", "coordinates": [ [ [ 83.7805862822769, 25.37072174711178 ], [ 83.786163294513898, 25.371305379136583 ], [ 83.794502163868245, 25.368667695024499 ], [ 83.801940826184349, 25.369861608075233 ], [ 83.80547323633445, 25.372360188181407 ], [ 83.812889029649583, 25.371639342150775 ], [ 83.812141345617803, 25.367834015989068 ], [ 83.81510921274392, 25.364639348853316 ], [ 83.8182524718775, 25.35636133750155 ], [ 83.832748394493478, 25.346277242073036 ], [ 83.836914143670498, 25.346221865070682 ], [ 83.843360933944453, 25.342361539906641 ], [ 83.844917349010586, 25.336639375663481 ], [ 83.854164174403522, 25.333583812533639 ], [ 83.858055117568867, 25.329305608351842 ], [ 83.863830579814291, 25.327777921286923 ], [ 83.87094113811645, 25.321138351004784 ], [ 83.875724728319724, 25.314111708706193 ], [ 83.883804289663061, 25.31138802959045 ], [ 83.886802585790463, 25.310388597547981 ], [ 83.895500177160059, 25.30247308821162 ], [ 83.897697491253439, 25.293806114843324 ] ] ] } },
{ "type": "Feature", "properties": { "F_CODE_DES": "River/Stream", "HYC_DESCRI": "Perennial/Permanent", "NAM": "UNK", "ISO": "IND", "NAME_0": "India" }, "geometry": { "type": "MultiLineString", "coordinates": [ [ [ 83.7805862822769, 25.37072174711178 ], [ 83.775253269050282, 25.370138115086981 ], [ 83.770111145831777, 25.367471702973674 ], [ 83.765357984629787, 25.359916616652626 ], [ 83.760444551421003, 25.356582656510955 ], [ 83.754165593154184, 25.355611763469696 ], [ 83.751335129033905, 25.352888084353957 ], [ 83.751525830042013, 25.349082947192262 ], [ 83.762107940491688, 25.341806446883055 ], [ 83.764831619607421, 25.337554891702389 ], [ 83.770584023851868, 25.334528056573767 ], [ 83.774169921004244, 25.323944056124006 ], [ 83.787551877572895, 25.301416389166715 ], [ 83.792945937802116, 25.285943903509228 ], [ 83.795913615928228, 25.284221735436045 ] ] ] } },
{ "type": "Feature", "properties": { "F_CODE_DES": "River/Stream", "HYC_DESCRI": "Perennial/Permanent", "NAM": "UNK", "ISO": "IND", "NAME_0": "India" }, "geometry": { "type": "MultiLineString", "coordinates": [ [ [ 83.797470030994361, 25.278917261210637 ], [ 83.798194846025169, 25.280611079282615 ], [ 83.795913615928228, 25.284221735436045 ] ] ] } },
{ "type": "Feature", "properties": { "F_CODE_DES": "River/Stream", "HYC_DESCRI": "Perennial/Permanent", "NAM": "UNK", "ISO": "IND", "NAME_0": "India" }, "geometry": { "type": "MultiLineString", "coordinates": [ [ [ 83.79419711785529, 25.275777782077228 ], [ 83.797470030994361, 25.278917261210637 ] ] ] } },
{ "type": "Feature", "properties": { "F_CODE_DES": "River/Stream", "HYC_DESCRI": "Perennial/Permanent", "NAM": "UNK", "ISO": "IND", "NAME_0": "India" }, "geometry": { "type": "MultiLineString", "coordinates": [ [ [ 83.795913615928228, 25.284221735436045 ], [ 83.792358336777141, 25.277915939168086 ], [ 83.79419711785529, 25.275777782077228 ] ] ] } },
{ "type": "Feature", "properties": { "F_CODE_DES": "River/Stream", "HYC_DESCRI": "Perennial/Permanent", "NAM": "UNK", "ISO": "IND", "NAME_0": "India" }, "geometry": { "type": "MultiLineString", "coordinates": [ [ [ 83.7805862822769, 25.37072174711178 ], [ 83.78044131927075, 25.358917184610156 ], [ 83.799919093098438, 25.338638239748423 ], [ 83.814140398702762, 25.32686051524794 ], [ 83.822807372071054, 25.315360998759278 ], [ 83.831054765421513, 25.307666808432323 ], [ 83.848808292175931, 25.299222855073502 ], [ 83.869277938045769, 25.279556270237791 ], [ 83.872169449168652, 25.276805942120916 ], [ 83.873443687222789, 25.268972458788042 ] ] ] } },
{ "type": "Feature", "properties": { "F_CODE_DES": "River/Stream", "HYC_DESCRI": "Perennial/Permanent", "NAM": "UNK", "ISO": "IND", "NAME_0": "India" }, "geometry": { "type": "MultiLineString", "coordinates": [ [ [ 83.873443687222789, 25.268972458788042 ], [ 83.797470030994361, 25.278917261210637 ] ] ] } },
{ "type": "Feature", "properties": { "F_CODE_DES": "River/Stream", "HYC_DESCRI": "Perennial/Permanent", "NAM": "UNK", "ISO": "IND", "NAME_0": "India" }, "geometry": { "type": "MultiLineString", "coordinates": [ [ [ 83.680448012800312, 25.3642898160222 ], [ 83.683135988135845, 25.357639355555857 ], [ 83.679580708984759, 25.353027377359876 ], [ 83.676918076871615, 25.344610262002199 ], [ 83.67852778994002, 25.341638614875919 ], [ 83.678024293918625, 25.340360596821611 ], [ 83.674331611761716, 25.34061045483223 ], [ 83.670585631602535, 25.338556213744937 ], [ 83.679802027994171, 25.332971641507626 ], [ 83.680473356022702, 25.331277823435649 ], [ 83.677192693883285, 25.327499335275085 ], [ 83.677391143891725, 25.325166697175963 ], [ 83.683197035138434, 25.324277830138193 ], [ 83.684555000196141, 25.322139673047332 ], [ 83.676864589869353, 25.320749199988246 ], [ 83.675224258799645, 25.317806280863188 ], [ 83.682586754112506, 25.314138357707321 ], [ 83.682998585130008, 25.310556429555113 ], [ 83.680305524015566, 25.303943697274111 ], [ 83.678695621947156, 25.300027806107707 ], [ 83.670219349586958, 25.289777768672142 ], [ 83.671585063644997, 25.286806121545865 ], [ 83.662635724264703, 25.273361227974537 ], [ 83.655746484971957, 25.262916520530698 ], [ 83.654220498907108, 25.26333421054845 ], [ 83.652496251833838, 25.263778738567339 ], [ 83.645668059543681, 25.273555708982801 ], [ 83.634971604089145, 25.27155495489778 ], [ 83.631225623929964, 25.270139722837641 ], [ 83.630447321896881, 25.263166378541314 ], [ 83.632247924973399, 25.257444403298166 ], [ 83.620193504461156, 25.258832986357174 ], [ 83.617774871358378, 25.251693700053796 ], [ 83.614753706230005, 25.25002860998304 ], [ 83.608024549944048, 25.250722807012536 ], [ 83.600891122640931, 25.254804640185991 ], [ 83.595748810422407, 25.250833561017245 ], [ 83.588775655126085, 25.251556486047967 ], [ 83.585052543967876, 25.248638136923951 ], [ 83.580528261775626, 25.239805221548608 ], [ 83.577247599636209, 25.237304751442352 ], [ 83.574722370528903, 25.238166780478984 ], [ 83.571662838398893, 25.24130625961239 ], [ 83.568084690246849, 25.245000831769389 ], [ 83.564109831077943, 25.244193990735102 ], [ 83.559280313872705, 25.247388846870862 ], [ 83.555114753695705, 25.246805214846063 ], [ 83.552001923563424, 25.239860598550958 ], [ 83.544830318258676, 25.242471633661914 ], [ 83.537361226941286, 25.237054893431733 ], [ 83.526641902485778, 25.232721312247584 ], [ 83.524055437375864, 25.229360514104769 ], [ 83.524665907401811, 25.221555758773114 ], [ 83.523719773361606, 25.219861940701136 ], [ 83.51852416314081, 25.210472042302118 ], [ 83.51827997513044, 25.209999164282024 ] ] ] } },
{ "type": "Feature", "properties": { "F_CODE_DES": "River/Stream", "HYC_DESCRI": "Perennial/Permanent", "NAM": "UNK", "ISO": "IND", "NAME_0": "India" }, "geometry": { "type": "MultiLineString", "coordinates": [ [ [ 83.666765139733641, 25.369753699185456 ], [ 83.666305537420655, 25.368555051019712 ], [ 83.666251750669588, 25.363552398605822 ] ], [ [ 83.657722867024603, 25.366188845625146 ], [ 83.657373189323906, 25.362618756186873 ] ], [ [ 83.649707917730623, 25.354300196855441 ], [ 83.654945313937901, 25.350305588244218 ], [ 83.654197629906136, 25.346944790101404 ], [ 83.653133251021984, 25.345783363927325 ] ], [ [ 83.651999304364097, 25.344546026971379 ], [ 83.649971022726533, 25.342332811905422 ], [ 83.648739635996122, 25.342437442496085 ] ], [ [ 83.634942071415665, 25.342503697406208 ], [ 83.634162873054777, 25.341222814858252 ], [ 83.638526883240218, 25.337194468687073 ], [ 83.635265901328211, 25.334936496487458 ] ], [ [ 83.633129904287387, 25.332874859734947 ], [ 83.631446753939358, 25.327972402295188 ], [ 83.628418028810657, 25.326305422224351 ], [ 83.627539136240713, 25.32680867865248 ] ], [ [ 83.596776197747744, 25.32678078795205 ], [ 83.594425164395417, 25.325480437014924 ] ], [ [ 83.590899584134704, 25.322043293912646 ], [ 83.58927915114748, 25.31422227371089 ], [ 83.586250237018774, 25.31341751167669 ], [ 83.585705971642142, 25.313737913301189 ] ], [ [ 83.581110105605575, 25.315864075139487 ], [ 83.579559258734449, 25.315584207768765 ], [ 83.57687472589808, 25.309847857534784 ] ], [ [ 83.574742058501016, 25.305290741690889 ], [ 83.574554349521762, 25.304889642314308 ], [ 83.574260318337238, 25.305062108139619 ] ], [ [ 83.571690610657043, 25.308969902949908 ], [ 83.571166902377826, 25.313360244674257 ], [ 83.570554735519963, 25.31382492518264 ] ], [ [ 83.562550952637537, 25.312581053185742 ], [ 83.560913084942101, 25.311138171579834 ], [ 83.560161259779818, 25.311692118311065 ] ], [ [ 83.549982194262938, 25.314027059715333 ], [ 83.553253103616598, 25.310138739537365 ], [ 83.553088878303768, 25.309471475176352 ] ], [ [ 83.539816947427553, 25.303276233652074 ], [ 83.538085852972074, 25.302055398193872 ], [ 83.536888159921176, 25.298694600051057 ], [ 83.535889393034182, 25.299035311342458 ] ], [ [ 83.525845902615814, 25.301828481293239 ], [ 83.526413023476053, 25.295833517929474 ], [ 83.524454309546854, 25.293701003675721 ] ], [ [ 83.498818542047857, 25.284313647633269 ], [ 83.497043589599741, 25.28116789782165 ] ], [ [ 83.491055801392335, 25.281991087149212 ], [ 83.490058871931211, 25.282861691378251 ], [ 83.485939725385478, 25.279478194230482 ] ], [ [ 83.481093547404697, 25.275068643797091 ], [ 83.479827918281032, 25.266216085610381 ] ], [ [ 83.47959578845358, 25.264592432388518 ], [ 83.479415903478952, 25.26333421054845 ], [ 83.477969536036042, 25.261640987733688 ] ], [ [ 83.474688872758747, 25.257800404944113 ], [ 83.474029592250062, 25.257028603280496 ], [ 83.46959425258548, 25.253871802945234 ] ], [ [ 83.450889272797752, 25.258877750263895 ], [ 83.447135836107236, 25.258527751344204 ], [ 83.44624437590403, 25.257910379207512 ] ], [ [ 83.438932829557331, 25.250293287677458 ], [ 83.438697741748669, 25.249277145951105 ], [ 83.437794538284237, 25.245424328540725 ] ], [ [ 83.42805763290545, 25.252572034716508 ], [ 83.42693741369709, 25.247516498726156 ] ], [ [ 83.419492426058227, 25.248398077391737 ], [ 83.416141848900551, 25.248296831517166 ] ], [ [ 83.412635779741933, 25.24597173085202 ], [ 83.412635774641188, 25.245971724810644 ], [ 83.409513632067444, 25.242229362879645 ] ], [ [ 83.407462464916904, 25.237805298839003 ], [ 83.407470782421711, 25.237777629462443 ], [ 83.409942713526746, 25.22930532610242 ], [ 83.409778681990971, 25.229069351069725 ] ], [ [ 83.408230293823678, 25.226841846787245 ], [ 83.406524648381506, 25.224388112893472 ], [ 83.404525784296567, 25.221527030771888 ], [ 83.404914935313101, 25.214138075457903 ], [ 83.396804755968461, 25.213777463442582 ], [ 83.396402366451426, 25.208946766454282 ] ], [ [ 83.395977201821168, 25.203842653618253 ], [ 83.395752025923727, 25.20113941090554 ], [ 83.392753540796306, 25.200527239879523 ], [ 83.392286981113955, 25.202317340247923 ] ], [ [ 83.387143326319858, 25.210715773118636 ], [ 83.383899982537699, 25.205026209387967 ] ], [ [ 83.380349920485301, 25.198799009295499 ], [ 83.380195624262669, 25.198528375794584 ], [ 83.37230676392744, 25.196888044724879 ], [ 83.371044280843037, 25.19741056608132 ] ] ] } },
{ "type": "Feature", "properties": { "F_CODE_DES": "River/Stream", "HYC_DESCRI": "Perennial/Permanent", "NAM": "UNK", "ISO": "IND", "NAME_0": "India" }, "geometry": { "type": "MultiLineString", "coordinates": [ [ [ 83.539665137039179, 25.173500049731029 ], [ 83.538253873979215, 25.175277783806571 ], [ 83.53511042584563, 25.17922202497418 ], [ 83.529556282609619, 25.180334101021437 ], [ 83.530777033661494, 25.186027537263371 ], [ 83.527809166535377, 25.19027701344395 ], [ 83.528305102556445, 25.194055501604513 ], [ 83.524413970391095, 25.197694696759157 ], [ 83.527496371522076, 25.203582803009368 ], [ 83.51827997513044, 25.209999164282024 ] ] ] } },
{ "type": "Feature", "properties": { "F_CODE_DES": "River/Stream", "HYC_DESCRI": "Perennial/Permanent", "NAM": "UNK", "ISO": "IND", "NAME_0": "India" }, "geometry": { "type": "MultiLineString", "coordinates": [ [ [ 83.539665137039179, 25.173500049731029 ], [ 83.546058629310863, 25.164556569350985 ], [ 83.546447780327398, 25.15674973501924 ], [ 83.551246679531332, 25.151638040802023 ], [ 83.552635262590343, 25.131584194949852 ] ] ] } },
{ "type": "Feature", "properties": { "F_CODE_DES": "River/Stream", "HYC_DESCRI": "Perennial/Permanent", "NAM": "UNK", "ISO": "IND", "NAME_0": "India" }, "geometry": { "type": "MultiLineString", "coordinates": [ [ [ 83.51827997513044, 25.209999164282024 ], [ 83.513862666942728, 25.208139404202996 ], [ 83.50852965371611, 25.20861058122302 ], [ 83.505889890603939, 25.200195355865421 ], [ 83.500999515396117, 25.199388514831135 ], [ 83.500167915360791, 25.197778612762725 ], [ 83.499862680347817, 25.197166441736712 ], [ 83.495552157164639, 25.188888619384954 ], [ 83.474304209261732, 25.173250191720413 ], [ 83.471916194160258, 25.167360384470129 ], [ 83.472190811171927, 25.147722338635631 ], [ 83.465858365902832, 25.142499890413706 ], [ 83.465751580898299, 25.131721408955684 ], [ 83.462692237768294, 25.126054810714887 ], [ 83.45947262263148, 25.122278212554406 ], [ 83.452140745319909, 25.113695155189674 ], [ 83.451469417291392, 25.113277465171926 ], [ 83.441864058883212, 25.107027045906321 ], [ 83.439277593773312, 25.103666247763506 ], [ 83.437110897681237, 25.095249132405829 ], [ 83.441474907866677, 25.091833146260669 ], [ 83.442390423905579, 25.089082629143789 ], [ 83.441970843887759, 25.08844380911664 ], [ 83.435333163605691, 25.078166933679938 ], [ 83.431724586452347, 25.065111191125144 ], [ 83.429359440351845, 25.06261053201888 ] ] ] } },
{ "type": "Feature", "properties": { "F_CODE_DES": "River/Stream", "HYC_DESCRI": "Perennial/Permanent", "NAM": "UNK", "ISO": "IND", "NAME_0": "India" }, "geometry": { "type": "MultiLineString", "coordinates": [ [ [ 83.79419711785529, 25.275777782077228 ], [ 83.79019164068508, 25.271194531882465 ], [ 83.79360970583032, 25.268611846772714 ], [ 83.79399866784685, 25.243917483723351 ], [ 83.80327611124109, 25.227138441010343 ], [ 83.80300149422942, 25.222499813813229 ], [ 83.807083138402859, 25.216333310551189 ], [ 83.808586066466731, 25.208723036227795 ], [ 83.810112052531579, 25.206388508128594 ], [ 83.812225261621379, 25.20319365199283 ], [ 83.821861238030849, 25.19588861268241 ], [ 83.832000710461713, 25.191139231480591 ], [ 83.847724944129894, 25.188222961356665 ], [ 83.850723240257309, 25.18586159525632 ], [ 83.853141873360087, 25.179471882984796 ], [ 83.861892762731941, 25.156389312003924 ], [ 83.869224640043512, 25.149749741721781 ], [ 83.871665953147243, 25.141916258388903 ], [ 83.871002185119039, 25.093999842352741 ], [ 83.879806561493183, 25.078277498684635 ], [ 83.884246738681853, 25.06577684915343 ] ] ] } },
{ "type": "Feature", "properties": { "F_CODE_DES": "River/Stream", "HYC_DESCRI": "Perennial/Permanent", "NAM": "UNK", "ISO": "IND", "NAME_0": "India" }, "geometry": { "type": "MultiLineString", "coordinates": [ [ [ 83.712249738373004, 25.383722301664228 ], [ 83.715972849531212, 25.346944790101404 ], [ 83.712806721396674, 25.32999999438135 ], [ 83.708000262192428, 25.304388036292991 ], [ 83.708862291229053, 25.299528090086476 ], [ 83.741249143605302, 25.270750003863576 ], [ 83.753608610130513, 25.259777041397289 ], [ 83.74119565660304, 25.191972721516009 ], [ 83.740890421590066, 25.190250364442818 ], [ 83.745277489776484, 25.171222599634248 ], [ 83.757309041287755, 25.153862003896528 ], [ 83.770057658829501, 25.135471358115034 ], [ 83.82402793412291, 25.116306379300639 ], [ 83.826919634245797, 25.090499940204015 ], [ 83.846031126057923, 25.071500714396663 ], [ 83.848419141159397, 25.069166186297458 ], [ 83.884246738681853, 25.06577684915343 ] ] ] } },
{ "type": "Feature", "properties": { "F_CODE_DES": "River/Stream", "HYC_DESCRI": "Perennial/Permanent", "NAM": "UNK", "ISO": "IND", "NAME_0": "India" }, "geometry": { "type": "MultiLineString", "coordinates": [ [ [ 83.873443687222789, 25.268972458788042 ], [ 83.884307785684456, 25.222944341832118 ], [ 83.886581455781069, 25.213306475422566 ], [ 83.916221571040595, 25.14955526071352 ], [ 83.932662870739264, 25.114166332209699 ], [ 83.912940908901192, 25.063972466076756 ], [ 83.913864173940425, 25.062250109003564 ] ] ] } },
{ "type": "Feature", "properties": { "F_CODE_DES": "River/Stream", "HYC_DESCRI": "Perennial/Permanent", "NAM": "UNK", "ISO": "IND", "NAME_0": "India" }, "geometry": { "type": "MultiLineString", "coordinates": [ [ [ 83.429359440351845, 25.06261053201888 ], [ 83.422889781076918, 25.061805769984684 ], [ 83.417167616833765, 25.06988911132818 ], [ 83.412055922616545, 25.066554962186494 ], [ 83.403503483253118, 25.067249348216002 ] ] ] } },
{ "type": "Feature", "properties": { "F_CODE_DES": "River/Stream", "HYC_DESCRI": "Perennial/Permanent", "NAM": "UNK", "ISO": "IND", "NAME_0": "India" }, "geometry": { "type": "MultiLineString", "coordinates": [ [ [ 83.552635262590343, 25.131584194949852 ], [ 83.558670032846777, 25.131526927947419 ], [ 83.566055208160606, 25.127639764782238 ], [ 83.570251386338924, 25.131195043933317 ], [ 83.574195816506531, 25.130306176895544 ], [ 83.575996419583049, 25.127777167788075 ], [ 83.575470054560682, 25.121639203527252 ], [ 83.583358725895906, 25.122417505560321 ], [ 83.587249669061237, 25.118165950379655 ], [ 83.592330934277172, 25.117471753350159 ], [ 83.598030040519347, 25.10727690391694 ], [ 83.600692672632491, 25.097778330513304 ], [ 83.615669222268906, 25.089389754156841 ], [ 83.621696432525027, 25.070972459374214 ], [ 83.625114497670268, 25.068721847278574 ], [ 83.627891474788285, 25.066888736200681 ], [ 83.629943825875486, 25.063083599038983 ], [ 83.627777129783425, 25.056972472779297 ], [ 83.630447321896881, 25.054695211682528 ], [ 83.633499105026573, 25.052055448570353 ], [ 83.633918685044407, 25.046777812346086 ], [ 83.630996744920239, 25.035417588863343 ] ] ] } },
{ "type": "Feature", "properties": { "F_CODE_DES": "River/Stream", "HYC_DESCRI": "Perennial/Permanent", "NAM": "UNK", "ISO": "IND", "NAME_0": "India" }, "geometry": { "type": "MultiLineString", "coordinates": [ [ [ 83.342088982047045, 25.178081312168342 ], [ 83.340686548664621, 25.180354398330074 ] ] ] } },
{ "type": "Feature", "properties": { "F_CODE_DES": "River/Stream", "HYC_DESCRI": "Perennial/Permanent", "NAM": "UNK", "ISO": "IND", "NAME_0": "India" }, "geometry": { "type": "MultiLineString", "coordinates": [ [ [ 83.68536373123051, 25.293638282836191 ], [ 83.68619533126585, 25.287082628557613 ], [ 83.683082501133569, 25.279527731236577 ], [ 83.684219336181883, 25.277194904137446 ], [ 83.687690699329394, 25.275472547064254 ], [ 83.688308729355654, 25.269971890830512 ], [ 83.69083395846296, 25.267194724712496 ], [ 83.698890650805325, 25.263305671547236 ], [ 83.710914642316268, 25.26063925943393 ], [ 83.719306998672891, 25.261611853475259 ], [ 83.723388642846345, 25.255666669222624 ], [ 83.733833350290183, 25.255777423227329 ], [ 83.741416975612438, 25.249361061954673 ], [ 83.743804990713912, 25.237916922468365 ], [ 83.742942772677281, 25.225889150957254 ], [ 83.738609380493131, 25.212861947403674 ], [ 83.737998910467198, 25.207111433159312 ], [ 83.736778348415328, 25.19558337766944 ], [ 83.736969049423436, 25.191528382497125 ], [ 83.73805239746946, 25.168971987538612 ], [ 83.740776076585206, 25.163444493303729 ], [ 83.75177757805271, 25.154472284922463 ], [ 83.75947573737983, 25.141082768353485 ], [ 83.770469678847007, 25.130193721890766 ], [ 83.790695136706475, 25.117721611360775 ], [ 83.806693987386325, 25.110389734049214 ], [ 83.809112620489103, 25.109277658001957 ], [ 83.809219405493636, 25.100639412634884 ], [ 83.81786350986097, 25.088916687136738 ], [ 83.821914725033125, 25.079166365722408 ], [ 83.834274380558327, 25.034276973814872 ], [ 83.832191411469822, 25.029611508616618 ], [ 83.83044429539558, 25.025667267449009 ], [ 83.831336942433509, 25.024194768386437 ] ] ] } },
{ "type": "Feature", "properties": { "F_CODE_DES": "River/Stream", "HYC_DESCRI": "Non-Perennial/Intermittent/Fluctuating", "NAM": "UNK", "ISO": "IND", "NAME_0": "India" }, "geometry": { "type": "MultiLineString", "coordinates": [ [ [ 83.440139811809942, 25.004110304532968 ], [ 83.442718527919524, 25.00972171477142 ], [ 83.439552399784986, 25.015249209006306 ], [ 83.443107678936059, 25.025554623444226 ], [ 83.451499846292677, 25.030111224637853 ], [ 83.453636113383453, 25.033916550799557 ], [ 83.451614380297542, 25.041305506113545 ], [ 83.448943999184067, 25.045278475282373 ], [ 83.445915274055366, 25.049804647474708 ], [ 83.431198032429975, 25.059638884892603 ], [ 83.429359440351845, 25.06261053201888 ] ] ] } },
{ "type": "Feature", "properties": { "F_CODE_DES": "River/Stream", "HYC_DESCRI": "Perennial/Permanent", "NAM": "UNK", "ISO": "IND", "NAME_0": "India" }, "geometry": { "type": "MultiLineString", "coordinates": [ [ [ 83.552635262590343, 25.131584194949852 ], [ 83.551414511538468, 25.125473068690166 ], [ 83.544418298241169, 25.120666420485911 ], [ 83.544525083245702, 25.108638837974812 ], [ 83.542861883175021, 25.105083558823733 ], [ 83.534416228816141, 25.096082622441244 ], [ 83.534332312812566, 25.087223058064765 ], [ 83.531692549700395, 25.079860751751916 ], [ 83.533943161796032, 25.073083967463941 ], [ 83.53219604572179, 25.063167515042551 ], [ 83.524803121407629, 25.064722040108606 ], [ 83.519996662203383, 25.069833734325826 ], [ 83.517387328092511, 25.063528127057872 ], [ 83.508140502699575, 25.064250863088585 ], [ 83.503692576510559, 25.060693693937427 ], [ 83.497802769260275, 25.050611488508991 ], [ 83.493888768093953, 25.047250690366177 ], [ 83.491027874972389, 25.044776869261057 ], [ 83.490806555962976, 25.043083240189087 ], [ 83.489585804911101, 25.034027115804257 ], [ 83.488998392886145, 25.029806178624892 ], [ 83.491638155998317, 25.014778220986294 ], [ 83.48828132685567, 25.00511162657552 ], [ 83.489829992921486, 24.9999999323583 ], [ 83.490081740932183, 24.999195170324104 ], [ 83.486030525760029, 24.989084236894449 ], [ 83.489891039924075, 24.981889762588729 ], [ 83.491500941992484, 24.98144523456984 ] ] ] } },
{ "type": "Feature", "properties": { "F_CODE_DES": "River/Stream", "HYC_DESCRI": "Perennial/Permanent", "NAM": "UNK", "ISO": "IND", "NAME_0": "India" }, "geometry": { "type": "MultiLineString", "coordinates": [ [ [ 83.991638244245365, 24.968416141016178 ], [ 83.934692352825493, 24.983083675639463 ], [ 83.929885893621247, 24.983917165674882 ], [ 83.856803937515707, 24.996639323215497 ], [ 83.851806588303347, 24.998472245293385 ], [ 83.850219744235915, 24.999055877318185 ], [ 83.848945695181769, 24.9999999323583 ], [ 83.84471889900216, 25.003139411491709 ], [ 83.831336942433509, 25.024194768386437 ] ] ] } },
{ "type": "Feature", "properties": { "F_CODE_DES": "River/Stream", "HYC_DESCRI": "Perennial/Permanent", "NAM": "UNK", "ISO": "IND", "NAME_0": "India" }, "geometry": { "type": "MultiLineString", "coordinates": [ [ [ 83.63155372794391, 25.023166608342748 ], [ 83.630806043912131, 25.019388120182185 ], [ 83.638336182232123, 25.008972140739566 ], [ 83.645057589517734, 25.009750442772642 ], [ 83.64755257862376, 25.007610395681702 ], [ 83.649276825697029, 24.9999999323583 ], [ 83.649559002709026, 24.998806019307565 ], [ 83.650413471745324, 24.994916966142306 ], [ 83.660415730170371, 24.978776932456448 ], [ 83.660385112169067, 24.976444294357329 ], [ 83.653579788879881, 24.969554866064566 ], [ 83.65105437077257, 24.951000168276103 ], [ 83.645835891550817, 24.941360411866469 ] ] ] } },
{ "type": "Feature", "properties": { "F_CODE_DES": "River/Stream", "HYC_DESCRI": "Perennial/Permanent", "NAM": "UNK", "ISO": "IND", "NAME_0": "India" }, "geometry": { "type": "MultiLineString", "coordinates": [ [ [ 83.539665137039179, 25.173500049731029 ], [ 83.540779103086521, 25.173833823745213 ], [ 83.544555701247006, 25.17491717179125 ], [ 83.558196965826681, 25.170360570597619 ], [ 83.562080348991699, 25.167165714461859 ], [ 83.565803460149908, 25.167972555496142 ], [ 83.566947855198535, 25.166889207450104 ], [ 83.566223229167747, 25.16394420932496 ], [ 83.572364784428729, 25.159583979139676 ], [ 83.574058602500699, 25.158388176088863 ], [ 83.578887930705918, 25.157749167061709 ], [ 83.584442073941943, 25.157028132031069 ], [ 83.588890000130945, 25.158250773083026 ], [ 83.59183499825609, 25.154222426911844 ], [ 83.600418055620821, 25.154138510908279 ], [ 83.603057818732992, 25.150972382773737 ], [ 83.605224703825073, 25.148389886663995 ], [ 83.61633299029711, 25.146804743596636 ], [ 83.623558082604134, 25.145778662553035 ], [ 83.630668640906293, 25.144750502509343 ], [ 83.631332408934497, 25.141361165365318 ], [ 83.636863683169551, 25.138778669255576 ], [ 83.64172362937606, 25.139360411280297 ], [ 83.647224474609814, 25.134445277071432 ], [ 83.656860262019279, 25.133583059034791 ], [ 83.660446159171656, 25.133249285020611 ], [ 83.667251671460861, 25.122861844579205 ], [ 83.673751759737073, 25.123193728593307 ], [ 83.675582791814875, 25.121500099521342 ], [ 83.674804678781811, 25.115583454269917 ], [ 83.677330096889122, 25.113666616188461 ], [ 83.685668966243483, 25.112749021149469 ], [ 83.696975702723947, 25.108388979964197 ], [ 83.702026349938578, 25.104749595809544 ], [ 83.707000641149946, 25.09669498246727 ], [ 83.71411138845211, 25.089860931176862 ], [ 83.727973972041198, 25.087165791062333 ], [ 83.736892693420188, 25.079055800717708 ], [ 83.734275799308989, 25.073804813494572 ], [ 83.73519131534789, 25.072111184422603 ], [ 83.742835987672734, 25.070972459374214 ], [ 83.745330787778755, 25.067777603238451 ], [ 83.747718802880229, 25.060943551948043 ], [ 83.749580452959336, 25.055694643724998 ], [ 83.749809331969061, 25.05541605771316 ], [ 83.75436404316261, 25.049943940480624 ], [ 83.758972241358435, 25.048416064415701 ], [ 83.759666438387939, 25.04855535742162 ], [ 83.768028176743258, 25.050027856484192 ], [ 83.774635239024022, 25.043832814220941 ], [ 83.779777551242532, 25.042888570180814 ], [ 83.782058781339472, 25.042472770163144 ], [ 83.788169907599169, 25.042861921179682 ], [ 83.7906112207029, 25.042999324185523 ], [ 83.793724050835181, 25.04138942211711 ], [ 83.794746351878629, 25.040861167094661 ], [ 83.796997152974271, 25.035972681886932 ], [ 83.797836313009924, 25.027944528545781 ], [ 83.803337158243679, 25.023860994372257 ], [ 83.802970876228116, 25.014804869987422 ], [ 83.807334886413557, 25.01158336485053 ], [ 83.80638894137337, 25.009527233763158 ], [ 83.80327611124109, 25.002777098476315 ], [ 83.804748610303662, 24.9999999323583 ], [ 83.805496294335427, 24.99855616129695 ], [ 83.805526723336726, 24.998527433295727 ], [ 83.81400299569691, 24.990612112959376 ], [ 83.808364936457338, 24.985610983746859 ], [ 83.809280452496239, 24.98349947565713 ], [ 83.813804545688484, 24.983861977672532 ], [ 83.820388738968276, 24.984416881696113 ], [ 83.814056482699186, 24.979000141465935 ], [ 83.814025864697882, 24.97605514334079 ], [ 83.811691336598685, 24.973554673234535 ], [ 83.811164782576313, 24.969554866064566 ], [ 83.81400299569691, 24.957916245569997 ], [ 83.812141345617803, 24.95624926549916 ], [ 83.804969740313055, 24.955694172475567 ], [ 83.802391024203473, 24.953805873395329 ], [ 83.801223760153874, 24.951915684315004 ], [ 83.805336022328618, 24.948083898152177 ], [ 83.805053656316616, 24.946388190080121 ], [ 83.7999725801007, 24.945388758037652 ], [ 83.797058010976855, 24.935722352626886 ], [ 83.794029285848154, 24.933027212512357 ], [ 83.789390469651025, 24.933694760540725 ], [ 83.788002075592033, 24.932443580487558 ], [ 83.784194859430244, 24.924694013158245 ], [ 83.776474020102157, 24.918638263900913 ], [ 83.767059362702085, 24.904611628304863 ], [ 83.764724645602882, 24.89497187189523 ], [ 83.763862616566243, 24.891361215741803 ], [ 83.764724645602882, 24.88691706955295 ], [ 83.759330774373666, 24.879999102258978 ], [ 83.758110023321791, 24.874944675044194 ], [ 83.758781351350322, 24.872638685946203 ], [ 83.763580250554242, 24.870471989854131 ], [ 83.760307337415171, 24.866916710703052 ], [ 83.762496902508218, 24.8573894092982 ], [ 83.761085450448235, 24.855083420200209 ], [ 83.755607663215457, 24.861473132471733 ], [ 83.752357430077339, 24.860889500446934 ], [ 83.735580466364425, 24.849666679970028 ], [ 83.731414717187405, 24.848444038918075 ], [ 83.724113457877138, 24.838193812482501 ], [ 83.72216789179447, 24.837028438432981 ], [ 83.719917279698834, 24.835695232376324 ], [ 83.718498267638537, 24.832971553260585 ], [ 83.720306430715368, 24.828945097089488 ], [ 83.727806140034062, 24.820638735736516 ], [ 83.728469908062266, 24.817472418601966 ], [ 83.726776089990295, 24.810943602324528 ], [ 83.72716524100683, 24.810028086285627 ], [ 83.730361987142672, 24.803083469990518 ] ] ] } },
{ "type": "Feature", "properties": { "F_CODE_DES": "River/Stream", "HYC_DESCRI": "Perennial/Permanent", "NAM": "UNK", "ISO": "IND", "NAME_0": "India" }, "geometry": { "type": "MultiLineString", "coordinates": [ [ [ 83.436500616655309, 24.897722200012105 ], [ 83.438026413720138, 24.909944452531477 ], [ 83.444557119997654, 24.915805909780556 ], [ 83.481445385565195, 24.927083918259804 ], [ 83.495445183160101, 24.938777915756731 ], [ 83.498748714300476, 24.944444702997536 ], [ 83.494804473132874, 24.964332606842653 ] ] ] } },
{ "type": "Feature", "properties": { "F_CODE_DES": "River/Stream", "HYC_DESCRI": "Perennial/Permanent", "NAM": "UNK", "ISO": "IND", "NAME_0": "India" }, "geometry": { "type": "MultiLineString", "coordinates": [ [ [ 83.343348859445214, 24.962592890857572 ], [ 83.343475379702284, 24.962638788770676 ], [ 83.345985807686475, 24.961129824116156 ] ], [ [ 83.351362331801923, 24.960519779580412 ], [ 83.352470457084522, 24.960472092678604 ], [ 83.356330782248563, 24.955360398461387 ], [ 83.357967530544798, 24.954480924299453 ] ], [ [ 83.36275491468227, 24.946782767668608 ], [ 83.363418660549755, 24.944749749010498 ], [ 83.363458470317184, 24.93857974796838 ] ], [ [ 83.363496905029606, 24.932622862738569 ], [ 83.363534272104047, 24.926831447639085 ] ], [ [ 83.363554936535252, 24.923628727042729 ], [ 83.363609361557849, 24.915193549754534 ], [ 83.363409286768373, 24.91384800139253 ] ], [ [ 83.359607477103239, 24.905883730979699 ], [ 83.356552101257961, 24.903249694246988 ], [ 83.356542241510041, 24.901333643728758 ] ], [ [ 83.359817564973397, 24.897226133805148 ], [ 83.360218530931874, 24.897033546435075 ] ], [ [ 83.362146579809149, 24.896116918938894 ], [ 83.365501440638255, 24.894527343876341 ], [ 83.367774921734863, 24.891111357731184 ], [ 83.366973639347279, 24.889859042569359 ] ], [ [ 83.365928074164202, 24.88822494059518 ], [ 83.365890591654789, 24.888166359606039 ], [ 83.360107380409048, 24.888860745635547 ], [ 83.35964206238927, 24.885915747510403 ], [ 83.366332835108764, 24.879994566601763 ] ], [ [ 83.368190295280016, 24.874155101575184 ], [ 83.363113425536781, 24.87130547988955 ], [ 83.358306966332535, 24.868610339775024 ], [ 83.358055319757412, 24.867849138060439 ] ] ] } },
{ "type": "Feature", "properties": { "F_CODE_DES": "River/Stream", "HYC_DESCRI": "Non-Perennial/Intermittent/Fluctuating", "NAM": "UNK", "ISO": "IND", "NAME_0": "India" }, "geometry": { "type": "MultiLineString", "coordinates": [ [ [ 83.937362733938969, 24.785083865225644 ], [ 83.925392229430301, 24.804445215048386 ], [ 83.921058648246145, 24.823278498848687 ], [ 83.915138222994557, 24.830083822137873 ], [ 83.912277140872988, 24.840888952597027 ], [ 83.906440820624979, 24.853834130147121 ], [ 83.906944316646374, 24.855943748236768 ], [ 83.897140508229768, 24.864915767618026 ], [ 83.897834705259271, 24.871723169907298 ], [ 83.898475604286503, 24.878194719182304 ], [ 83.895553664162335, 24.883722213417187 ], [ 83.892135599017095, 24.886499379535202 ], [ 83.885414191731471, 24.886999095556437 ], [ 83.883392269645555, 24.890832960719351 ], [ 83.883834907664365, 24.892805175803161 ], [ 83.884391701688017, 24.895471587916468 ], [ 83.869667089062304, 24.901332856165538 ], [ 83.868804871025674, 24.90513799332723 ], [ 83.877944911414062, 24.93036080039905 ], [ 83.873527603226364, 24.945611967047135 ], [ 83.868972703032796, 24.94966696221945 ], [ 83.869194022042208, 24.966333360927671 ], [ 83.8563919174982, 24.976833256373855 ], [ 83.85155484029265, 24.979000141465935 ], [ 83.849334657198298, 24.98536112573624 ], [ 83.839942868799213, 24.99222182602778 ], [ 83.839500419780407, 24.993999560103322 ], [ 83.838363584732093, 24.998500784294599 ], [ 83.837974622715564, 24.9999999323583 ], [ 83.826972932248069, 25.00841704771598 ], [ 83.82702641925033, 25.012193645876465 ], [ 83.827972364290531, 25.013694683940248 ], [ 83.829391565350832, 25.015972134037028 ], [ 83.828529347314202, 25.020639489235361 ], [ 83.831336942433509, 25.024194768386437 ] ] ] } },
{ "type": "Feature", "properties": { "F_CODE_DES": "River/Stream", "HYC_DESCRI": "Perennial/Permanent", "NAM": "UNK", "ISO": "IND", "NAME_0": "India" }, "geometry": { "type": "MultiLineString", "coordinates": [ [ [ 83.865524208886256, 24.770750104616543 ], [ 83.866943409946572, 24.772638403696785 ], [ 83.875305148301891, 24.774444487773533 ], [ 83.880722077532084, 24.783027734138269 ] ] ] } },
{ "type": "Feature", "properties": { "F_CODE_DES": "River/Stream", "HYC_DESCRI": "Perennial/Permanent", "NAM": "UNK", "ISO": "IND", "NAME_0": "India" }, "geometry": { "type": "MultiLineString", "coordinates": [ [ [ 83.841362069859514, 24.759445258136154 ], [ 83.845779378047226, 24.761083510205772 ], [ 83.85324865836462, 24.766889590452493 ] ] ] } },
{ "type": "Feature", "properties": { "F_CODE_DES": "River/Stream", "HYC_DESCRI": "Perennial/Permanent", "NAM": "UNK", "ISO": "IND", "NAME_0": "India" }, "geometry": { "type": "MultiLineString", "coordinates": [ [ [ 83.841362069859514, 24.759445258136154 ], [ 83.833808873538544, 24.76311110229193 ], [ 83.826721184237357, 24.769527463564586 ], [ 83.823722888109955, 24.769777321575205 ], [ 83.818305958879762, 24.762861244281311 ], [ 83.812835731647311, 24.766721758445364 ], [ 83.809112620489103, 24.766138126420561 ], [ 83.7999725801007, 24.773195197720447 ], [ 83.787277260561225, 24.773555809735768 ] ] ] } },
{ "type": "Feature", "properties": { "F_CODE_DES": "River/Stream", "HYC_DESCRI": "Perennial/Permanent", "NAM": "UNK", "ISO": "IND", "NAME_0": "India" }, "geometry": { "type": "MultiLineString", "coordinates": [ [ [ 83.877441415392667, 24.731166887934492 ], [ 83.871696382148542, 24.732276884981658 ], [ 83.857665966552332, 24.753334131876468 ], [ 83.850280791238504, 24.752582478844527 ], [ 83.845222395023555, 24.754972383946082 ], [ 83.841362069859514, 24.759445258136154 ] ] ] } },
{ "type": "Feature", "properties": { "F_CODE_DES": "River/Stream", "HYC_DESCRI": "Perennial/Permanent", "NAM": "UNK", "ISO": "IND", "NAME_0": "India" }, "geometry": { "type": "MultiLineString", "coordinates": [ [ [ 83.774414109014629, 24.761472661222307 ], [ 83.765747135646322, 24.751638423804408 ], [ 83.759002670359735, 24.730417313902638 ] ] ] } },
{ "type": "Feature", "properties": { "F_CODE_DES": "River/Stream", "HYC_DESCRI": "Perennial/Permanent", "NAM": "UNK", "ISO": "IND", "NAME_0": "India" }, "geometry": { "type": "MultiLineString", "coordinates": [ [ [ 83.755386344206059, 24.71966737144583 ], [ 83.75802610731823, 24.708889078987816 ] ] ] } },
{ "type": "Feature", "properties": { "F_CODE_DES": "River/Stream", "HYC_DESCRI": "Perennial/Permanent", "NAM": "UNK", "ISO": "IND", "NAME_0": "India" }, "geometry": { "type": "MultiLineString", "coordinates": [ [ [ 83.724250860882975, 24.794721542635187 ], [ 83.723304726842784, 24.793249043572615 ], [ 83.713584834429739, 24.791665979505346 ], [ 83.704719600053025, 24.784583960204401 ], [ 83.700553850876005, 24.783555989160718 ], [ 83.684112551177336, 24.761583415227015 ], [ 83.681694107074577, 24.75275031085166 ], [ 83.684997638214952, 24.741333009366492 ], [ 83.683364867145571, 24.737749191214199 ], [ 83.67216491566964, 24.729860330878971 ], [ 83.669334451549361, 24.723972413628768 ], [ 83.663558989303937, 24.722555102568542 ], [ 83.65569299796968, 24.723054818589777 ], [ 83.654220498907108, 24.715250063258118 ], [ 83.649833619720695, 24.714666431233319 ], [ 83.647697541629924, 24.709667192020881 ], [ 83.64483645950834, 24.702917056734041 ], [ 83.643081594433767, 24.692583103294908 ], [ 83.636886552170523, 24.686695186044709 ], [ 83.635391184106979, 24.685277874984479 ], [ 83.628669776821354, 24.683250471898326 ] ] ] } },
{ "type": "Feature", "properties": { "F_CODE_DES": "River/Stream", "HYC_DESCRI": "Perennial/Permanent", "NAM": "UNK", "ISO": "IND", "NAME_0": "India" }, "geometry": { "type": "MultiLineString", "coordinates": [ [ [ 83.757751490306561, 24.704889271817848 ], [ 83.7482757859039, 24.687471409077691 ], [ 83.742225706646806, 24.682056369847587 ], [ 83.738670427495734, 24.676195101598516 ], [ 83.735168446346918, 24.673276941474512 ], [ 83.729164105091769, 24.671638500404889 ], [ 83.723587092854771, 24.668111760255023 ], [ 83.706222528116882, 24.664304733093246 ], [ 83.696525504704823, 24.664832988115691 ], [ 83.674530061770142, 24.660583511935116 ], [ 83.672691280692007, 24.6602230889198 ], [ 83.66508478636878, 24.660499595931547 ], [ 83.656364514998216, 24.664194168088549 ], [ 83.653579788879881, 24.663778368070879 ], [ 83.64891810368178, 24.658555919848954 ] ] ] } },
{ "type": "Feature", "properties": { "F_CODE_DES": "River/Stream", "HYC_DESCRI": "Perennial/Permanent", "NAM": "UNK", "ISO": "IND", "NAME_0": "India" }, "geometry": { "type": "MultiLineString", "coordinates": [ [ [ 83.920333833215352, 24.67769424966222 ], [ 83.917053171075935, 24.675832788583122 ], [ 83.901580874418457, 24.673471422482777 ], [ 83.898246725276778, 24.667194354216036 ], [ 83.896026542182426, 24.656026910741488 ], [ 83.893669145082256, 24.652889321608157 ], [ 83.872253365172213, 24.63986211805458 ], [ 83.871665953147243, 24.631221793687416 ], [ 83.866691661935874, 24.622417417313283 ] ] ] } },
{ "type": "Feature", "properties": { "F_CODE_DES": "River/Stream", "HYC_DESCRI": "Perennial/Permanent", "NAM": "UNK", "ISO": "IND", "NAME_0": "India" }, "geometry": { "type": "MultiLineString", "coordinates": [ [ [ 83.77371972298512, 24.674333640519414 ], [ 83.789474574654605, 24.66105468895514 ], [ 83.797447161993389, 24.651695219557418 ], [ 83.798080501020308, 24.647888192395641 ], [ 83.796386682948324, 24.642833765180857 ], [ 83.801612911170409, 24.636028252891663 ], [ 83.806526155379188, 24.623750623369936 ], [ 83.805999790356822, 24.619527796190489 ], [ 83.802635212213858, 24.61638831705708 ], [ 83.800392160118534, 24.614305536968576 ], [ 83.792724618792718, 24.610805445819842 ] ] ] } },
{ "type": "Feature", "properties": { "F_CODE_DES": "River/Stream", "HYC_DESCRI": "Non-Perennial/Intermittent/Fluctuating", "NAM": "UNK", "ISO": "IND", "NAME_0": "India" }, "geometry": { "type": "MultiLineString", "coordinates": [ [ [ 83.603057818732992, 24.564722140861576 ], [ 83.584167456930274, 24.565526902895773 ], [ 83.563140828036765, 24.579860663504874 ], [ 83.55461125767431, 24.581638397580416 ], [ 83.547721829381544, 24.585082922726787 ], [ 83.524377400016306, 24.588798909279916 ] ] ] } },
{ "type": "Feature", "properties": { "F_CODE_DES": "River/Stream", "HYC_DESCRI": "Perennial/Permanent", "NAM": "UNK", "ISO": "IND", "NAME_0": "India" }, "geometry": { "type": "MultiLineString", "coordinates": [ [ [ 83.599304278573499, 24.638805419009678 ], [ 83.602081255691502, 24.63941570003561 ], [ 83.604110737777745, 24.63516622385503 ], [ 83.599693240590028, 24.632667454748848 ], [ 83.597114524480446, 24.628915804589425 ], [ 83.591529763243116, 24.604055310533003 ], [ 83.58916480614262, 24.599222202327624 ], [ 83.586196939016503, 24.580499672532028 ], [ 83.590080322181535, 24.578332976439956 ], [ 83.60669701388764, 24.578582834450572 ], [ 83.610107330032562, 24.57583420733377 ], [ 83.617279124337315, 24.576805100375029 ], [ 83.61888883740572, 24.575944961338479 ], [ 83.622665435566205, 24.565584169898209 ], [ 83.627471894770451, 24.561305965716407 ], [ 83.638641417245083, 24.556693987520426 ], [ 83.646278340569609, 24.553527859385884 ], [ 83.652389466829305, 24.544805509015237 ], [ 83.654808099932083, 24.523776990121647 ], [ 83.655136014946009, 24.520833881996584 ], [ 83.656619565512884, 24.51256816178951 ] ] ] } },
{ "type": "Feature", "properties": { "F_CODE_DES": "River/Stream", "HYC_DESCRI": "Perennial/Permanent", "NAM": "UNK", "ISO": "IND", "NAME_0": "India" }, "geometry": { "type": "MultiLineString", "coordinates": [ [ [ 83.971496513389454, 25.494722384381074 ], [ 83.957694976802969, 25.489610690163857 ], [ 83.949806305467746, 25.4743060365135 ], [ 83.932083207714626, 25.455722799723823 ], [ 83.930305473639081, 25.448583513420445 ], [ 83.926414530473735, 25.433000651758267 ], [ 83.92436217938652, 25.404111811530662 ], [ 83.928558357564839, 25.385528574740984 ], [ 83.938774185998952, 25.340415973823966 ] ] ] } },
{ "type": "Feature", "properties": { "F_CODE_DES": "River/Stream", "HYC_DESCRI": "Perennial/Permanent", "NAM": "UNK", "ISO": "IND", "NAME_0": "India" }, "geometry": { "type": "MultiLineString", "coordinates": [ [ [ 83.971496513389454, 25.494722384381074 ], [ 83.961113041948224, 25.500749594637195 ], [ 83.945610127289441, 25.505805911852057 ], [ 83.920585581226049, 25.505193740826044 ], [ 83.916778554064265, 25.505111714822561 ], [ 83.915336673002997, 25.502277281702113 ], [ 83.895919757177893, 25.46411137608029 ], [ 83.887275652810573, 25.447139742359091 ], [ 83.884002739671487, 25.440694842085222 ], [ 83.884803721705524, 25.437833759963645 ], [ 83.901107807398361, 25.380888057543793 ], [ 83.909225546743315, 25.352556200339855 ], [ 83.913139358909618, 25.349777144221761 ], [ 83.938774185998952, 25.340415973823966 ] ] ] } },
{ "type": "Feature", "properties": { "F_CODE_DES": "River/Stream", "HYC_DESCRI": "Perennial/Permanent", "NAM": "UNK", "ISO": "IND", "NAME_0": "India" }, "geometry": { "type": "MultiLineString", "coordinates": [ [ [ 83.996864283467431, 25.313055009661287 ], [ 83.996887152468403, 25.316223216795919 ], [ 83.991470412238229, 25.326415987229048 ], [ 83.984642030948066, 25.334110177556006 ], [ 83.982414287853402, 25.340665831834585 ], [ 83.981780948826483, 25.360332416670296 ], [ 83.982833867871221, 25.36897274103746 ], [ 83.992668105289127, 25.388889372883799 ], [ 83.990196174184078, 25.425249005428867 ], [ 83.992248525271293, 25.433361074773583 ], [ 83.994140604351699, 25.440805407089922 ], [ 83.994834990381207, 25.454111007655332 ], [ 83.994140604351699, 25.45738977979466 ], [ 83.991775458251198, 25.468721464276189 ], [ 83.987251365058938, 25.476165796592529 ], [ 83.990081829179218, 25.479278626724806 ], [ 83.995223952397737, 25.4813328678121 ] ] ] } },
{ "type": "Feature", "properties": { "F_CODE_DES": "River/Stream", "HYC_DESCRI": "Perennial/Permanent", "NAM": "UNK", "ISO": "IND", "NAME_0": "India" }, "geometry": { "type": "MultiLineString", "coordinates": [ [ [ 83.938774185998952, 25.340415973823966 ], [ 83.996864283467431, 25.313055009661287 ] ] ] } },
{ "type": "Feature", "properties": { "F_CODE_DES": "River/Stream", "HYC_DESCRI": "Perennial/Permanent", "NAM": "UNK", "ISO": "IND", "NAME_0": "India" }, "geometry": { "type": "MultiLineString", "coordinates": [ [ [ 83.90396888951993, 25.295000027894059 ], [ 83.903442335497559, 25.294889462889358 ], [ 83.897697491253439, 25.293806114843324 ] ] ] } },
{ "type": "Feature", "properties": { "F_CODE_DES": "River/Stream", "HYC_DESCRI": "Perennial/Permanent", "NAM": "UNK", "ISO": "IND", "NAME_0": "India" }, "geometry": { "type": "MultiLineString", "coordinates": [ [ [ 84.141975465633806, 25.400861767392556 ], [ 84.141136116598133, 25.391582433998238 ], [ 84.143142729683404, 25.38586045875509 ], [ 84.153808567136636, 25.371555237147199 ], [ 84.161468548462139, 25.315082601747449 ], [ 84.167892469735122, 25.280471786276692 ], [ 84.168167086746791, 25.278917261210637 ], [ 84.172973545951038, 25.253055634111668 ], [ 84.168693451769158, 25.228000659046984 ], [ 84.167808553731561, 25.222749671823848 ] ] ] } },
{ "type": "Feature", "properties": { "F_CODE_DES": "River/Stream", "HYC_DESCRI": "Perennial/Permanent", "NAM": "UNK", "ISO": "IND", "NAME_0": "India" }, "geometry": { "type": "MultiLineString", "coordinates": [ [ [ 84.167808553731561, 25.222749671823848 ], [ 84.164138740575609, 25.224916367915917 ], [ 84.162719728515313, 25.228471836067001 ], [ 84.145225509771905, 25.272832783952083 ], [ 84.143447964696378, 25.277334197143364 ], [ 84.103919936016666, 25.301721624179685 ], [ 84.092834518545601, 25.322471557061434 ], [ 84.075531000810301, 25.354888838438978 ], [ 84.055358840953105, 25.402639312468089 ], [ 84.057891819060742, 25.416139583041769 ], [ 84.042640652412658, 25.43733404394241 ], [ 84.031974814959426, 25.45213898157153 ] ] ] } },
{ "type": "Feature", "properties": { "F_CODE_DES": "River/Stream", "HYC_DESCRI": "Perennial/Permanent", "NAM": "UNK", "ISO": "IND", "NAME_0": "India" }, "geometry": { "type": "MultiLineString", "coordinates": [ [ [ 83.897697491253439, 25.293806114843324 ], [ 83.89480598013057, 25.285610129495041 ], [ 83.897499041244998, 25.279666835242487 ], [ 83.895362774154222, 25.275667217072527 ], [ 83.900802572385388, 25.266750385693616 ], [ 83.900276207363021, 25.263361048549591 ], [ 83.908332899705371, 25.258193977330016 ], [ 83.914444025965068, 25.248638136923951 ], [ 83.915001008988739, 25.238082864475416 ], [ 83.912139926867155, 25.22797212004577 ], [ 83.911834691854182, 25.226917311000946 ], [ 83.912696909890826, 25.223972312875802 ], [ 83.92275246631813, 25.219610192690439 ], [ 83.93022155763552, 25.216362038552411 ], [ 83.937667779951937, 25.217750621611415 ], [ 83.946220408315369, 25.216998968579475 ], [ 83.952918946600022, 25.214611142478006 ], [ 83.958053509818214, 25.206943601152183 ], [ 83.959053130860681, 25.20544426408847 ], [ 83.960113609905747, 25.198472998792234 ], [ 83.958168043823079, 25.193416681577368 ], [ 83.961364789958921, 25.188943807387297 ], [ 83.964363086086323, 25.187444659323592 ] ] ] } },
{ "type": "Feature", "properties": { "F_CODE_DES": "River/Stream", "HYC_DESCRI": "Perennial/Permanent", "NAM": "UNK", "ISO": "IND", "NAME_0": "India" }, "geometry": { "type": "MultiLineString", "coordinates": [ [ [ 83.971748261400151, 25.170665805610589 ], [ 83.973083546456891, 25.182056458094625 ], [ 83.964363086086323, 25.187444659323592 ] ] ] } },
{ "type": "Feature", "properties": { "F_CODE_DES": "River/Stream", "HYC_DESCRI": "Perennial/Permanent", "NAM": "UNK", "ISO": "IND", "NAME_0": "India" }, "geometry": { "type": "MultiLineString", "coordinates": [ [ [ 83.964363086086323, 25.187444659323592 ], [ 83.964691190100268, 25.180055704009604 ], [ 83.967163121205317, 25.17411033075696 ], [ 83.971748261400151, 25.170665805610589 ] ] ] } },
{ "type": "Feature", "properties": { "F_CODE_DES": "River/Stream", "HYC_DESCRI": "Perennial/Permanent", "NAM": "UNK", "ISO": "IND", "NAME_0": "India" }, "geometry": { "type": "MultiLineString", "coordinates": [ [ [ 84.249389651198271, 25.41897193716213 ], [ 84.240387013815706, 25.40811161870063 ], [ 84.222000148034383, 25.393806397092742 ], [ 84.221031144993205, 25.390027908932179 ], [ 84.226997308246723, 25.372833255201506 ], [ 84.226196326212687, 25.366306328924153 ], [ 84.219001851906967, 25.353332612372846 ], [ 84.219329766920907, 25.346555639084865 ], [ 84.225807175196152, 25.330415794399016 ], [ 84.224502508140716, 25.327083535257415 ], [ 84.219718917937442, 25.314887931739175 ], [ 84.219444300925772, 25.307722185434674 ], [ 84.219306897919935, 25.30391685927297 ], [ 84.220413114966931, 25.298139507027468 ], [ 84.22080226598348, 25.296083375940093 ], [ 84.23224640546978, 25.274610518027625 ], [ 84.233001649501873, 25.250305116994788 ], [ 84.238418578732066, 25.227638157031578 ], [ 84.241806025876016, 25.219667459692872 ], [ 84.242637625911343, 25.217666705607851 ], [ 84.250114466229064, 25.206582989136855 ], [ 84.250663700252403, 25.2043342670413 ], [ 84.250778234257268, 25.203806012018852 ], [ 84.252693182338646, 25.195972528685978 ], [ 84.250724747255006, 25.187665978332994 ], [ 84.249694886211245, 25.183361125150064 ], [ 84.237503062693165, 25.162221852251772 ], [ 84.219581514931605, 25.145805311554167 ], [ 84.202026438185612, 25.135499897116247 ] ] ] } },
{ "type": "Feature", "properties": { "F_CODE_DES": "River/Stream", "HYC_DESCRI": "Perennial/Permanent", "NAM": "UNK", "ISO": "IND", "NAME_0": "India" }, "geometry": { "type": "MultiLineString", "coordinates": [ [ [ 84.202026438185612, 25.135499897116247 ], [ 84.199165356064029, 25.150972382773737 ], [ 84.198913608053331, 25.152277049829177 ], [ 84.193969745843248, 25.178888250959993 ], [ 84.183387824393577, 25.211139590330486 ], [ 84.184753349451611, 25.223777831867537 ], [ 84.197723475002761, 25.221889532787294 ], [ 84.200531070122068, 25.223138822840383 ], [ 84.200996388141846, 25.224445379895904 ], [ 84.202468887204418, 25.228582401071701 ], [ 84.199363617072464, 25.236221403396314 ], [ 84.204139647275412, 25.241916729638334 ], [ 84.204803415303616, 25.242694842671398 ], [ 84.204307479282548, 25.254749263183641 ], [ 84.20602416635549, 25.260610531432707 ], [ 84.205169697319178, 25.26422307758622 ], [ 84.20310978623165, 25.265943544659329 ], [ 84.192192011767702, 25.265888167656975 ], [ 84.190139849680506, 25.26824953375732 ], [ 84.193389893818605, 25.28086093729323 ], [ 84.193054229804346, 25.288944278636727 ], [ 84.19288639779721, 25.292888708804341 ], [ 84.188026451590702, 25.321250995009571 ], [ 84.178413344182189, 25.34333413394797 ], [ 84.177780194155289, 25.35377695139173 ], [ 84.177696278151728, 25.355388554460212 ], [ 84.173309398965316, 25.35736076954402 ], [ 84.163833694562641, 25.387250931814172 ], [ 84.160141012405731, 25.388139798851945 ], [ 84.15860746634057, 25.394277574112763 ], [ 84.153083752105843, 25.398166627278027 ], [ 84.144775311752781, 25.40125091840909 ], [ 84.141975465633806, 25.400861767392556 ] ] ] } },
{ "type": "Feature", "properties": { "F_CODE_DES": "River/Stream", "HYC_DESCRI": "Perennial/Permanent", "NAM": "UNK", "ISO": "IND", "NAME_0": "India" }, "geometry": { "type": "MultiLineString", "coordinates": [ [ [ 83.996864283467431, 25.313055009661287 ], [ 84.031135465923754, 25.293193754817302 ], [ 84.045364331528404, 25.280916125295576 ], [ 84.075080802791177, 25.255250869204954 ], [ 84.075721701818409, 25.249332333953451 ], [ 84.076446516849217, 25.242750219673752 ], [ 84.078804102949391, 25.221305900762495 ], [ 84.088447639359188, 25.132860134004073 ] ] ] } },
{ "type": "Feature", "properties": { "F_CODE_DES": "River/Stream", "HYC_DESCRI": "Perennial/Permanent", "NAM": "UNK", "ISO": "IND", "NAME_0": "India" }, "geometry": { "type": "MultiLineString", "coordinates": [ [ [ 84.088447639359188, 25.132860134004073 ], [ 84.064163217327248, 25.150693985761905 ], [ 84.052528376832825, 25.162250580252994 ], [ 84.042304988398399, 25.17652707385966 ], [ 84.037139807178903, 25.186944943302358 ], [ 84.034919813084571, 25.208917706236072 ], [ 84.031585663942892, 25.217611328605496 ], [ 84.014274586207279, 25.233472776279513 ], [ 84.010559035049383, 25.236888951424682 ], [ 84.007415775915817, 25.241222343608825 ], [ 84.004859928807207, 25.244777622759905 ], [ 84.003364560743663, 25.251972286065634 ], [ 84.004692096800071, 25.264194538585009 ], [ 84.001975977684651, 25.267166185711282 ], [ 83.997329790487214, 25.268083591750269 ], [ 83.988975612132222, 25.266916327700667 ], [ 83.980445852769748, 25.270610899857665 ], [ 83.973335294467589, 25.277471600149205 ], [ 83.965972988154746, 25.28113933430506 ], [ 83.956275964742673, 25.28400041642664 ], [ 83.946525643328343, 25.284555509450229 ], [ 83.931999291711065, 25.290000977681629 ], [ 83.925331182427698, 25.294944839891713 ], [ 83.913719210934261, 25.294971488892845 ], [ 83.90396888951993, 25.295000027894059 ] ] ] } },
{ "type": "Feature", "properties": { "F_CODE_DES": "River/Stream", "HYC_DESCRI": "Perennial/Permanent", "NAM": "UNK", "ISO": "IND", "NAME_0": "India" }, "geometry": { "type": "MultiLineString", "coordinates": [ [ [ 84.128807079074221, 25.093471587330292 ], [ 84.137886072460034, 25.097583849505043 ], [ 84.15589134722515, 25.105749216852018 ], [ 84.175666796065485, 25.1111659570822 ], [ 84.180999809292103, 25.110889450070449 ], [ 84.193885829839687, 25.120000762457629 ], [ 84.200164788106505, 25.134695135082048 ], [ 84.202026438185612, 25.135499897116247 ] ] ] } },
{ "type": "Feature", "properties": { "F_CODE_DES": "River/Stream", "HYC_DESCRI": "Perennial/Permanent", "NAM": "UNK", "ISO": "IND", "NAME_0": "India" }, "geometry": { "type": "MultiLineString", "coordinates": [ [ [ 84.167808553731561, 25.222749671823848 ], [ 84.161247229452741, 25.17766768890813 ], [ 84.131752077199366, 25.117500292351373 ], [ 84.130470279144902, 25.107055584907535 ], [ 84.129943914122535, 25.102750731724601 ], [ 84.128807079074221, 25.093471587330292 ] ] ] } },
{ "type": "Feature", "properties": { "F_CODE_DES": "River/Stream", "HYC_DESCRI": "Perennial/Permanent", "NAM": "UNK", "ISO": "IND", "NAME_0": "India" }, "geometry": { "type": "MultiLineString", "coordinates": [ [ [ 84.449417053698241, 25.080249713768442 ], [ 84.456252994988731, 25.086055794015166 ] ] ] } },
{ "type": "Feature", "properties": { "F_CODE_DES": "River/Stream", "HYC_DESCRI": "Perennial/Permanent", "NAM": "UNK", "ISO": "IND", "NAME_0": "India" }, "geometry": { "type": "MultiLineString", "coordinates": [ [ [ 84.088447639359188, 25.132860134004073 ], [ 84.089889520420456, 25.121860522536657 ], [ 84.081336892057024, 25.093250268320887 ], [ 84.079391514974361, 25.072805381452103 ] ] ] } },
{ "type": "Feature", "properties": { "F_CODE_DES": "River/Stream", "HYC_DESCRI": "Perennial/Permanent", "NAM": "UNK", "ISO": "IND", "NAME_0": "India" }, "geometry": { "type": "MultiLineString", "coordinates": [ [ [ 84.079391514974361, 25.072805381452103 ], [ 84.061142052198861, 25.092277485279553 ], [ 84.04238890440196, 25.106666622891005 ], [ 84.032775796993462, 25.115861851281746 ], [ 84.018890344403417, 25.145166491527021 ], [ 84.002281212697625, 25.166276847424086 ], [ 83.996475132450897, 25.171861608661406 ], [ 83.994278007357536, 25.173973116751132 ], [ 83.978996222708147, 25.206249215122675 ], [ 83.95444493266487, 25.234916736340875 ], [ 83.946639988333203, 25.244028048728051 ], [ 83.928054861543444, 25.27400023700169 ], [ 83.923469532348591, 25.278028394172864 ], [ 83.920722984231887, 25.280445137275564 ], [ 83.912635862888223, 25.283277491395921 ], [ 83.906890829644098, 25.287138005559967 ], [ 83.90396888951993, 25.295000027894059 ] ] ] } },
{ "type": "Feature", "properties": { "F_CODE_DES": "River/Stream", "HYC_DESCRI": "Perennial/Permanent", "NAM": "UNK", "ISO": "IND", "NAME_0": "India" }, "geometry": { "type": "MultiLineString", "coordinates": [ [ [ 83.884246738681853, 25.06577684915343 ], [ 83.913864173940425, 25.062250109003564 ] ] ] } },
{ "type": "Feature", "properties": { "F_CODE_DES": "River/Stream", "HYC_DESCRI": "Perennial/Permanent", "NAM": "UNK", "ISO": "IND", "NAME_0": "India" }, "geometry": { "type": "MultiLineString", "coordinates": [ [ [ 84.415359441250999, 25.030750233665007 ], [ 84.433166455007694, 25.056999121780429 ], [ 84.446113522557866, 25.076084153591431 ] ] ] } },
{ "type": "Feature", "properties": { "F_CODE_DES": "River/Stream", "HYC_DESCRI": "Perennial/Permanent", "NAM": "UNK", "ISO": "IND", "NAME_0": "India" }, "geometry": { "type": "MultiLineString", "coordinates": [ [ [ 84.128807079074221, 25.093471587330292 ], [ 84.12825009605055, 25.089361215155627 ], [ 84.126724298985721, 25.07808301767637 ], [ 84.087722824328381, 25.029443676609489 ] ] ] } },
{ "type": "Feature", "properties": { "F_CODE_DES": "River/Stream", "HYC_DESCRI": "Perennial/Permanent", "NAM": "UNK", "ISO": "IND", "NAME_0": "India" }, "geometry": { "type": "MultiLineString", "coordinates": [ [ [ 84.087722824328381, 25.029443676609489 ], [ 84.077194200880982, 25.051750213557384 ], [ 84.077247687883258, 25.052221390577404 ], [ 84.078025800916322, 25.059638884892603 ], [ 84.079391514974361, 25.072805381452103 ] ] ] } },
{ "type": "Feature", "properties": { "F_CODE_DES": "River/Stream", "HYC_DESCRI": "Perennial/Permanent", "NAM": "UNK", "ISO": "IND", "NAME_0": "India" }, "geometry": { "type": "MultiLineString", "coordinates": [ [ [ 84.415359441250999, 25.030750233665007 ], [ 84.452697715837658, 25.022556327316813 ], [ 84.460357697163161, 25.02308269233918 ], [ 84.483558582149058, 25.037694849960111 ], [ 84.502723749963465, 25.046861728349651 ], [ 84.537170324427237, 25.069723169321126 ], [ 84.539329460518999, 25.071166940382476 ], [ 84.580108669251871, 25.083139334891236 ], [ 84.597747851001429, 25.084749236959645 ], [ 84.619194059912758, 25.090055412185126 ], [ 84.630447309390959, 25.096000596437761 ], [ 84.637031502670752, 25.101583467674999 ], [ 84.656913736515634, 25.12336156060044 ], [ 84.672859100193207, 25.140832910342869 ], [ 84.697197009227423, 25.151805872809156 ], [ 84.714332505955582, 25.151500637796183 ] ] ] } },
{ "type": "Feature", "properties": { "F_CODE_DES": "River/Stream", "HYC_DESCRI": "Perennial/Permanent", "NAM": "UNK", "ISO": "IND", "NAME_0": "India" }, "geometry": { "type": "MultiLineString", "coordinates": [ [ [ 84.087722824328381, 25.029443676609489 ], [ 84.087387160314123, 25.022888211330919 ], [ 84.093475417572833, 25.012472231888303 ] ] ] } },
{ "type": "Feature", "properties": { "F_CODE_DES": "River/Stream", "HYC_DESCRI": "Perennial/Permanent", "NAM": "UNK", "ISO": "IND", "NAME_0": "India" }, "geometry": { "type": "MultiLineString", "coordinates": [ [ [ 84.093475417572833, 25.012472231888303 ], [ 84.074912970784041, 25.009971572782035 ], [ 84.038169857222684, 25.008028085699451 ], [ 84.035003729088132, 25.007860253692321 ], [ 84.024169870627759, 25.0072785116676 ] ] ] } },
{ "type": "Feature", "properties": { "F_CODE_DES": "River/Stream", "HYC_DESCRI": "Perennial/Permanent", "NAM": "UNK", "ISO": "IND", "NAME_0": "India" }, "geometry": { "type": "MultiLineString", "coordinates": [ [ [ 83.971748261400151, 25.170665805610589 ], [ 83.980415423768463, 25.161472278219918 ], [ 83.985031181964601, 25.159111101119585 ], [ 83.990524278198023, 25.140666968335818 ], [ 84.001586826668117, 25.120889629495398 ], [ 84.005058378815633, 25.104194691785963 ], [ 83.996086170434367, 25.093526775332638 ], [ 83.994361923361097, 25.087862067091923 ], [ 83.994666969374066, 25.076444576606747 ], [ 83.992721592291403, 25.071193778383616 ], [ 83.994529755368234, 25.066749632194771 ], [ 84.002220165695036, 25.05972298989618 ], [ 84.002746530717403, 25.059249922876077 ], [ 84.024169870627759, 25.0072785116676 ] ] ] } },
{ "type": "Feature", "properties": { "F_CODE_DES": "River/Stream", "HYC_DESCRI": "Perennial/Permanent", "NAM": "UNK", "ISO": "IND", "NAME_0": "India" }, "geometry": { "type": "MultiLineString", "coordinates": [ [ [ 84.119468777677397, 25.002832475478669 ], [ 84.133613538278468, 25.031972874716963 ], [ 84.182914757373482, 25.045221397279946 ], [ 84.194831774879887, 25.066583690187716 ], [ 84.198524457036797, 25.078138394678724 ], [ 84.194251922855244, 25.086444945031701 ], [ 84.192611780785541, 25.088222490107238 ], [ 84.187446599566059, 25.093915926349176 ], [ 84.196914743968392, 25.10686110389927 ], [ 84.19799809201443, 25.115917228284101 ], [ 84.204917949308481, 25.127027593756225 ], [ 84.207969732438173, 25.129722544870745 ], [ 84.214027371695579, 25.131332446939155 ], [ 84.219718917937442, 25.139055176267327 ], [ 84.224830612154662, 25.140861449344079 ], [ 84.231803956450975, 25.140556403331118 ], [ 84.235305748599785, 25.14283366442789 ], [ 84.239692627786198, 25.155860867981467 ], [ 84.248695454168768, 25.16650005643357 ], [ 84.25763704454873, 25.184917540216205 ], [ 84.263359019791878, 25.196666725715474 ], [ 84.270668028102477, 25.20288841697986 ], [ 84.272163396166022, 25.208999543239546 ], [ 84.270858729110572, 25.213861379446143 ], [ 84.267669731975062, 25.216888403574778 ], [ 84.264358451834354, 25.218833969657453 ], [ 84.262832654769511, 25.219722836695222 ], [ 84.259162841613573, 25.221860804786076 ], [ 84.250335785238477, 25.219888778702277 ], [ 84.245719838042319, 25.222694483821499 ], [ 84.244026208970354, 25.230943767172047 ], [ 84.246055691056597, 25.241056401601774 ], [ 84.237525931694137, 25.257415864296952 ], [ 84.238525363736599, 25.262056381494148 ], [ 84.240913378838073, 25.265388451635744 ], [ 84.24419404097749, 25.2670841597078 ], [ 84.25566860946509, 25.273000804959221 ], [ 84.259803740640805, 25.276805942120916 ], [ 84.261558605715379, 25.278389006188188 ], [ 84.264030536820414, 25.286582912536382 ], [ 84.262252802744882, 25.291055597726441 ], [ 84.241584706866604, 25.304445303295424 ], [ 84.238861027750858, 25.308055959448858 ], [ 84.235107487591364, 25.319528637936379 ] ] ] } },
{ "type": "Feature", "properties": { "F_CODE_DES": "River/Stream", "HYC_DESCRI": "Perennial/Permanent", "NAM": "UNK", "ISO": "IND", "NAME_0": "India" }, "geometry": { "type": "MultiLineString", "coordinates": [ [ [ 84.093475417572833, 25.012472231888303 ], [ 84.119468777677397, 25.002832475478669 ] ] ] } },
{ "type": "Feature", "properties": { "F_CODE_DES": "River/Stream", "HYC_DESCRI": "Perennial/Permanent", "NAM": "UNK", "ISO": "IND", "NAME_0": "India" }, "geometry": { "type": "MultiLineString", "coordinates": [ [ [ 84.260917706688147, 24.990278149945183 ], [ 84.261413642709215, 24.991167016982956 ], [ 84.266357504919299, 24.9999999323583 ], [ 84.268775949022071, 25.004304974541242 ], [ 84.282669150612449, 25.015693737025195 ], [ 84.317802362105397, 25.051889506563299 ] ] ] } },
{ "type": "Feature", "properties": { "F_CODE_DES": "River/Stream", "HYC_DESCRI": "Perennial/Permanent", "NAM": "UNK", "ISO": "IND", "NAME_0": "India" }, "geometry": { "type": "MultiLineString", "coordinates": [ [ [ 84.270248448084644, 25.106277471874467 ], [ 84.270553683097617, 25.09813875352862 ], [ 84.268447845008126, 25.090639044209929 ], [ 84.271385283132958, 25.085750559002193 ], [ 84.275695806316122, 25.040916355097007 ], [ 84.258163409571097, 25.006360916628608 ], [ 84.257499641542893, 24.9999999323583 ], [ 84.257331809535756, 24.99855616129695 ], [ 84.26078030368231, 24.990612112959376 ], [ 84.260917706688147, 24.990278149945183 ] ] ] } },
{ "type": "Feature", "properties": { "F_CODE_DES": "River/Stream", "HYC_DESCRI": "Perennial/Permanent", "NAM": "UNK", "ISO": "IND", "NAME_0": "India" }, "geometry": { "type": "MultiLineString", "coordinates": [ [ [ 84.119468777677397, 25.002832475478669 ], [ 84.127052213999647, 24.9999999323583 ], [ 84.131195094175695, 24.998443517292163 ], [ 84.143333430691513, 24.990055129935705 ] ] ] } },
{ "type": "Feature", "properties": { "F_CODE_DES": "River/Stream", "HYC_DESCRI": "Perennial/Permanent", "NAM": "UNK", "ISO": "IND", "NAME_0": "India" }, "geometry": { "type": "MultiLineString", "coordinates": [ [ [ 84.28569787574115, 24.9785004254447 ], [ 84.285247866722031, 24.992666165046661 ], [ 84.289970409922716, 24.99766729425918 ], [ 84.298614514290037, 24.999721535346474 ], [ 84.29872129929457, 24.999750074347684 ] ] ] } },
{ "type": "Feature", "properties": { "F_CODE_DES": "River/Stream", "HYC_DESCRI": "Perennial/Permanent", "NAM": "UNK", "ISO": "IND", "NAME_0": "India" }, "geometry": { "type": "MultiLineString", "coordinates": [ [ [ 83.994331305359808, 24.978305755436431 ], [ 83.994888288383464, 24.979723066496653 ], [ 83.997390837489817, 24.986166076770445 ], [ 83.998413138533252, 24.98880583988262 ], [ 84.014030398196894, 24.9999999323583 ], [ 84.024169870627759, 25.0072785116676 ] ] ] } },
{ "type": "Feature", "properties": { "F_CODE_DES": "River/Stream", "HYC_DESCRI": "Perennial/Permanent", "NAM": "UNK", "ISO": "IND", "NAME_0": "India" }, "geometry": { "type": "MultiLineString", "coordinates": [ [ [ 83.994331305359808, 24.978305755436431 ], [ 83.959915159897321, 24.998306303286334 ], [ 83.95700077977348, 24.9999999323583 ], [ 83.945694043293003, 25.006584125638092 ], [ 83.930641137653339, 25.021943967290795 ], [ 83.913864173940425, 25.062250109003564 ] ] ] } },
{ "type": "Feature", "properties": { "F_CODE_DES": "River/Stream", "HYC_DESCRI": "Perennial/Permanent", "NAM": "UNK", "ISO": "IND", "NAME_0": "India" }, "geometry": { "type": "MultiLineString", "coordinates": [ [ [ 84.292137106014778, 24.977361700396312 ], [ 84.291580122991107, 24.984332965692548 ], [ 84.293747008083187, 24.98894494388853 ], [ 84.297752296253393, 24.992694893047883 ] ] ] } },
{ "type": "Feature", "properties": { "F_CODE_DES": "River/Stream", "HYC_DESCRI": "Perennial/Permanent", "NAM": "UNK", "ISO": "IND", "NAME_0": "India" }, "geometry": { "type": "MultiLineString", "coordinates": [ [ [ 83.994331305359808, 24.978305755436431 ], [ 83.991638244245365, 24.968416141016178 ] ] ] } },
{ "type": "Feature", "properties": { "F_CODE_DES": "River/Stream", "HYC_DESCRI": "Perennial/Permanent", "NAM": "UNK", "ISO": "IND", "NAME_0": "India" }, "geometry": { "type": "MultiLineString", "coordinates": [ [ [ 84.260917706688147, 24.990278149945183 ], [ 84.260864219685871, 24.987333340820047 ], [ 84.258247325574672, 24.983139052641814 ], [ 84.252609266335085, 24.979221271475332 ], [ 84.250305167237173, 24.979166083472986 ], [ 84.237556549695427, 24.978805471457662 ], [ 84.201835548177499, 24.974250760264113 ], [ 84.196723853960279, 24.971582458150728 ], [ 84.190551680698007, 24.96344373980488 ] ] ] } },
{ "type": "Feature", "properties": { "F_CODE_DES": "River/Stream", "HYC_DESCRI": "Perennial/Permanent", "NAM": "UNK", "ISO": "IND", "NAME_0": "India" }, "geometry": { "type": "MultiLineString", "coordinates": [ [ [ 84.143333430691513, 24.990055129935705 ], [ 84.178558307188354, 24.979000141465935 ], [ 84.183334337391315, 24.974945146293621 ], [ 84.190551680698007, 24.96344373980488 ] ] ] } },
{ "type": "Feature", "properties": { "F_CODE_DES": "River/Stream", "HYC_DESCRI": "Perennial/Permanent", "NAM": "UNK", "ISO": "IND", "NAME_0": "India" }, "geometry": { "type": "MultiLineString", "coordinates": [ [ [ 83.991638244245365, 24.968416141016178 ], [ 83.988693246120221, 24.958415961591228 ], [ 83.986747680037539, 24.951805119310308 ] ] ] } },
{ "type": "Feature", "properties": { "F_CODE_DES": "River/Stream", "HYC_DESCRI": "Perennial/Permanent", "NAM": "UNK", "ISO": "IND", "NAME_0": "India" }, "geometry": { "type": "MultiLineString", "coordinates": [ [ [ 84.225219763171197, 24.93361084453716 ], [ 84.223472647096955, 24.926860898250325 ], [ 84.217857267858335, 24.923778497119343 ], [ 84.209526147504306, 24.909555490514947 ] ] ] } },
{ "type": "Feature", "properties": { "F_CODE_DES": "River/Stream", "HYC_DESCRI": "Perennial/Permanent", "NAM": "UNK", "ISO": "IND", "NAME_0": "India" }, "geometry": { "type": "MultiLineString", "coordinates": [ [ [ 84.20919804349036, 24.862083413497665 ], [ 84.219581514931605, 24.877721841162206 ], [ 84.221275333003575, 24.880250850269675 ], [ 84.225692830191292, 24.88461108045496 ], [ 84.249527054204108, 24.908138368454729 ], [ 84.253387379368149, 24.916944445828936 ] ] ] } },
{ "type": "Feature", "properties": { "F_CODE_DES": "River/Stream", "HYC_DESCRI": "Perennial/Permanent", "NAM": "UNK", "ISO": "IND", "NAME_0": "India" }, "geometry": { "type": "MultiLineString", "coordinates": [ [ [ 84.206558280378189, 24.85725030529229 ], [ 84.211525011589245, 24.855861722233282 ], [ 84.212997510651817, 24.855472571216744 ] ] ] } },
{ "type": "Feature", "properties": { "F_CODE_DES": "River/Stream", "HYC_DESCRI": "Perennial/Permanent", "NAM": "UNK", "ISO": "IND", "NAME_0": "India" }, "geometry": { "type": "MultiLineString", "coordinates": [ [ [ 84.212997510651817, 24.855472571216744 ], [ 84.225250192172481, 24.855083420200209 ], [ 84.23455806456802, 24.858917285363127 ], [ 84.241470361861744, 24.861749639483484 ], [ 84.253082333355181, 24.866527559686517 ], [ 84.255531395459258, 24.867526991728987 ], [ 84.261108407696241, 24.869138783797478 ], [ 84.273803727235716, 24.869361803806953 ], [ 84.27847297243413, 24.87097170587537 ], [ 84.280830369534314, 24.873472175981622 ], [ 84.284080413672427, 24.887361597571839 ], [ 84.290275644935676, 24.898250644034562 ], [ 84.299919181345473, 24.930555281407315 ], [ 84.308860771725435, 24.960527469680954 ], [ 84.314163166950763, 24.978305755436431 ], [ 84.32958216560597, 24.987138670811774 ], [ 84.335357627851394, 24.998222387282766 ], [ 84.337692344950611, 24.9999999323583 ], [ 84.346611066329601, 25.006721528643929 ], [ 84.378723112694175, 25.014833408988636 ], [ 84.383079562879303, 25.015943595035814 ], [ 84.410331663037354, 25.022832834328565 ], [ 84.414802458227328, 25.029888204628378 ], [ 84.415359441250999, 25.030750233665007 ] ] ] } },
{ "type": "Feature", "properties": { "F_CODE_DES": "River/Stream", "HYC_DESCRI": "Non-Perennial/Intermittent/Fluctuating", "NAM": "UNK", "ISO": "IND", "NAME_0": "India" }, "geometry": { "type": "MultiLineString", "coordinates": [ [ [ 84.143333430691513, 24.990055129935705 ], [ 84.140609751575766, 24.979749715497789 ], [ 84.134498625316084, 24.973499296232184 ], [ 84.132553059233402, 24.967611378981978 ], [ 84.132469143229841, 24.962972562784856 ], [ 84.137802156456459, 24.949832904226501 ], [ 84.136863771416586, 24.948360405163928 ], [ 84.13108056017083, 24.948860121185163 ], [ 84.125114396917311, 24.951889035313876 ], [ 84.122558549808701, 24.950250594244253 ], [ 84.10630795111814, 24.947305596119104 ], [ 84.105857942099021, 24.946971822104921 ], [ 84.103027288978737, 24.944805126012852 ], [ 84.100585975874992, 24.939527489788581 ], [ 84.099914458846456, 24.938083718727228 ], [ 84.099136345813392, 24.934305230566665 ], [ 84.101112340897359, 24.927305237269209 ], [ 84.099914458846456, 24.924804767162954 ], [ 84.094802764629236, 24.922971656085057 ], [ 84.075363168803179, 24.921333404015442 ], [ 84.072082506663762, 24.919750150948161 ], [ 84.065719632393382, 24.916666048817106 ], [ 84.060890115188158, 24.914333410717983 ], [ 84.056663508008555, 24.909555490514947 ], [ 84.048309329653549, 24.892999656811426 ], [ 84.044052104472641, 24.887971878597774 ], [ 84.039169289265146, 24.885305466484468 ], [ 84.028274572802189, 24.88291745138299 ], [ 84.022193875543792, 24.878778540207112 ], [ 84.016555816304205, 24.872722601949768 ], [ 84.005638041840271, 24.854917478193158 ] ] ] } },
{ "type": "Feature", "properties": { "F_CODE_DES": "River/Stream", "HYC_DESCRI": "Perennial/Permanent", "NAM": "ARRAH CANAL", "ISO": "IND", "NAME_0": "India" }, "geometry": { "type": "MultiLineString", "coordinates": [ [ [ 84.139419618525196, 24.840723010589976 ], [ 84.135055608339755, 24.854166014161223 ], [ 84.134551923318341, 24.855667052225009 ], [ 84.13508603734104, 24.870277319845862 ], [ 84.13835913948013, 24.875778165079613 ], [ 84.14483635875537, 24.879777972249581 ], [ 84.161552464465714, 24.886304898526937 ], [ 84.163413925544816, 24.889749612673317 ], [ 84.17833717717896, 24.899166160073463 ], [ 84.180725003280429, 24.900667198137249 ], [ 84.181358342307348, 24.904806109313128 ], [ 84.183334337391315, 24.917388973847828 ], [ 84.185836697497649, 24.933250421521841 ], [ 84.187385552563455, 24.943195412944448 ], [ 84.190551680698007, 24.96344373980488 ] ] ] } },
{ "type": "Feature", "properties": { "F_CODE_DES": "River/Stream", "HYC_DESCRI": "Perennial/Permanent", "NAM": "UNK", "ISO": "IND", "NAME_0": "India" }, "geometry": { "type": "MultiLineString", "coordinates": [ [ [ 84.161941615482249, 24.815305722509891 ], [ 84.171218869876469, 24.830972689175645 ], [ 84.175224347046679, 24.834499429325511 ], [ 84.184753349451611, 24.83922197252619 ], [ 84.190666214702873, 24.847360690872037 ], [ 84.199081440060468, 24.852083234072719 ] ] ] } },
{ "type": "Feature", "properties": { "F_CODE_DES": "River/Stream", "HYC_DESCRI": "Perennial/Permanent", "NAM": "UNK", "ISO": "IND", "NAME_0": "India" }, "geometry": { "type": "MultiLineString", "coordinates": [ [ [ 84.143669094705771, 24.828388303065825 ], [ 84.150718606005327, 24.821527413774277 ], [ 84.161941615482249, 24.815305722509891 ] ] ] } },
{ "type": "Feature", "properties": { "F_CODE_DES": "River/Stream", "HYC_DESCRI": "Perennial/Permanent", "NAM": "UNK", "ISO": "IND", "NAME_0": "India" }, "geometry": { "type": "MultiLineString", "coordinates": [ [ [ 84.161941615482249, 24.815305722509891 ], [ 84.169746370813897, 24.813055110414254 ], [ 84.172584583934508, 24.814083081457937 ], [ 84.176971463120921, 24.815694873526429 ], [ 84.212997510651817, 24.855472571216744 ] ] ] } },
{ "type": "Feature", "properties": { "F_CODE_DES": "River/Stream", "HYC_DESCRI": "Perennial/Permanent", "NAM": "UNK", "ISO": "IND", "NAME_0": "India" }, "geometry": { "type": "MultiLineString", "coordinates": [ [ [ 84.158889832352557, 24.811916385365866 ], [ 84.161941615482249, 24.815305722509891 ] ] ] } },
{ "type": "Feature", "properties": { "F_CODE_DES": "River/Stream", "HYC_DESCRI": "Perennial/Permanent", "NAM": "UNK", "ISO": "IND", "NAME_0": "India" }, "geometry": { "type": "MultiLineString", "coordinates": [ [ [ 83.920333833215352, 24.67769424966222 ], [ 83.905197200572132, 24.685249335983265 ], [ 83.902999886478753, 24.692861500306741 ], [ 83.896942058221342, 24.704139697785997 ], [ 83.897636444250836, 24.705165778829596 ], [ 83.905281116575694, 24.705917431861536 ], [ 83.924110431375823, 24.715389167264032 ], [ 83.942642260163325, 24.720249113470551 ], [ 83.94889060042884, 24.720167087467065 ], [ 83.955306961701496, 24.717750533364374 ], [ 83.960609356926824, 24.718110956379689 ], [ 83.967613130224436, 24.722888876582722 ] ] ] } },
{ "type": "Feature", "properties": { "F_CODE_DES": "River/Stream", "HYC_DESCRI": "Perennial/Permanent", "NAM": "UNK", "ISO": "IND", "NAME_0": "India" }, "geometry": { "type": "MultiLineString", "coordinates": [ [ [ 83.934028584797289, 24.666973035206631 ], [ 83.928970377582345, 24.670194540343527 ], [ 83.926086426459804, 24.676555713613837 ], [ 83.923553448352166, 24.67869368170469 ], [ 83.920333833215352, 24.67769424966222 ] ] ] } },
{ "type": "Feature", "properties": { "F_CODE_DES": "River/Stream", "HYC_DESCRI": "Perennial/Permanent", "NAM": "UNK", "ISO": "IND", "NAME_0": "India" }, "geometry": { "type": "MultiLineString", "coordinates": [ [ [ 84.033836276038528, 24.660833369945735 ], [ 84.035614010114074, 24.656166014747399 ] ] ] } },
{ "type": "Feature", "properties": { "F_CODE_DES": "River/Stream", "HYC_DESCRI": "Perennial/Permanent", "NAM": "UNK", "ISO": "IND", "NAME_0": "India" }, "geometry": { "type": "MultiLineString", "coordinates": [ [ [ 83.98046872177072, 24.62438963239709 ], [ 83.978836139701343, 24.639804851052148 ], [ 83.977531472645907, 24.639667448046307 ], [ 83.963554355051969, 24.638250325986085 ], [ 83.960586487925852, 24.637945090973119 ], [ 83.95652771275337, 24.643472585208002 ], [ 83.955001915688541, 24.649833758478316 ], [ 83.950889653513784, 24.653472953632956 ], [ 83.950973569517359, 24.659360870883162 ], [ 83.9459457913037, 24.662166576002384 ] ] ] } },
{ "type": "Feature", "properties": { "F_CODE_DES": "River/Stream", "HYC_DESCRI": "Perennial/Permanent", "NAM": "UNK", "ISO": "IND", "NAME_0": "India" }, "geometry": { "type": "MultiLineString", "coordinates": [ [ [ 83.974891709533736, 24.590278532947572 ], [ 83.973710248754244, 24.589008892616381 ] ], [ [ 83.971669125226299, 24.586815427715116 ], [ 83.965972988154746, 24.580694153540293 ], [ 83.957701847516319, 24.568924898606841 ] ] ] } },
{ "type": "Feature", "properties": { "F_CODE_DES": "River/Stream", "HYC_DESCRI": "Perennial/Permanent", "NAM": "UNK", "ISO": "IND", "NAME_0": "India" }, "geometry": { "type": "MultiLineString", "coordinates": [ [ [ 83.951637337545563, 24.578332976439956 ], [ 83.951774551551395, 24.571805861162591 ], [ 83.949386536449907, 24.566749543947729 ], [ 83.945663425291698, 24.563444122807269 ], [ 83.93569178486797, 24.55974955065027 ] ] ] } },
{ "type": "Feature", "properties": { "F_CODE_DES": "River/Stream", "HYC_DESCRI": "Perennial/Permanent", "NAM": "UNK", "ISO": "IND", "NAME_0": "India" }, "geometry": { "type": "MultiLineString", "coordinates": [ [ [ 83.927307177511679, 24.553943659403554 ], [ 83.93019112863422, 24.545694376053007 ] ] ] } },
{ "type": "Feature", "properties": { "F_CODE_DES": "River/Stream", "HYC_DESCRI": "Perennial/Permanent", "NAM": "PUNPUN NADI", "ISO": "IND", "NAME_0": "India" }, "geometry": { "type": "MultiLineString", "coordinates": [ [ [ 84.566307132665386, 24.97277826120154 ], [ 84.558776805345389, 24.978610990449397 ], [ 84.553718598130445, 24.9793051874789 ], [ 84.545722952790683, 24.973972363252287 ], [ 84.534614477318627, 24.972665806196765 ], [ 84.528999287080026, 24.970443733102339 ], [ 84.515274106496776, 24.95483403343902 ], [ 84.503753611007227, 24.945749370052972 ], [ 84.458053598065248, 24.91630562580179 ], [ 84.455108599940104, 24.915582700771068 ], [ 84.441802999374701, 24.912361195634176 ], [ 84.436637818155205, 24.908000965448892 ], [ 84.429191595838788, 24.907083559409905 ], [ 84.424163817625129, 24.910110394538528 ], [ 84.416725155309038, 24.906639031391016 ], [ 84.410583411048052, 24.89997300110775 ], [ 84.401748605672623, 24.898221916033339 ], [ 84.391220171225228, 24.89122192273588 ], [ 84.388664324116618, 24.8914717807465 ], [ 84.384498574939599, 24.895221729905849 ], [ 84.383666974904258, 24.895971303937699 ], [ 84.378112831668247, 24.896055219941267 ], [ 84.374137972499327, 24.893167488818555 ], [ 84.364890958106386, 24.880222311268462 ], [ 84.358802889847681, 24.876527739111467 ], [ 84.354164073650566, 24.875749626078402 ], [ 84.348663417416816, 24.878360661189355 ], [ 84.345390315277726, 24.876943539129137 ], [ 84.344306967231688, 24.872472743939152 ], [ 84.342392019150324, 24.864749825610971 ], [ 84.338752823995677, 24.867555530730201 ], [ 84.331222496675679, 24.860889500446934 ], [ 84.324302639381628, 24.860805584443369 ], [ 84.317527745093727, 24.855194174204918 ], [ 84.309280351743269, 24.848362012914588 ] ] ] } },
{ "type": "Feature", "properties": { "F_CODE_DES": "River/Stream", "HYC_DESCRI": "Perennial/Permanent", "NAM": "UNK", "ISO": "IND", "NAME_0": "India" }, "geometry": { "type": "MultiLineString", "coordinates": [ [ [ 84.512695390387208, 24.824666892907686 ], [ 84.50855251021116, 24.814611525480395 ], [ 84.509612989256212, 24.797277389743797 ], [ 84.514167700449761, 24.794666354632842 ], [ 84.512443453376491, 24.788166077356621 ], [ 84.49942021882309, 24.771694159656661 ], [ 84.493614138576362, 24.770334304598876 ], [ 84.472969100699075, 24.754417479922502 ], [ 84.47064213260019, 24.753610638888219 ], [ 84.461669924218924, 24.755222241956702 ], [ 84.443443330444396, 24.744333195493979 ], [ 84.442192150391236, 24.741527490374757 ], [ 84.441192718348759, 24.739250229277985 ], [ 84.436920184167207, 24.729473069862514 ], [ 84.436584520152948, 24.721805528536688 ], [ 84.436531033150672, 24.720611615485954 ], [ 84.433441072019363, 24.716861666326604 ], [ 84.427169862752876, 24.702194131703322 ], [ 84.428581314812845, 24.691833529263057 ], [ 84.436531033150672, 24.68411061093488 ], [ 84.438636871240149, 24.674360289520546 ], [ 84.42955787785435, 24.65061187151138 ], [ 84.429420474848513, 24.650249558495986 ], [ 84.430915842912057, 24.644111594235156 ], [ 84.439613434281654, 24.62855538157411 ], [ 84.440391547314718, 24.622583359320334 ], [ 84.438194233221338, 24.615278320009914 ], [ 84.439056451257983, 24.61188879386588 ], [ 84.444305359481035, 24.608222949710104 ] ] ] } },
{ "type": "Feature", "properties": { "F_CODE_DES": "River/Stream", "HYC_DESCRI": "Perennial/Permanent", "NAM": "UNK", "ISO": "IND", "NAME_0": "India" }, "geometry": { "type": "MultiLineString", "coordinates": [ [ [ 84.309280351743269, 24.848362012914588 ], [ 84.298164316270899, 24.848333284913366 ], [ 84.294670084122416, 24.846056023816598 ], [ 84.288719229869542, 24.836639476416451 ], [ 84.28385928366302, 24.835861174383378 ], [ 84.275695806316122, 24.826888966002112 ], [ 84.274414008261658, 24.825471843941891 ], [ 84.252555779332809, 24.816499635560625 ], [ 84.245224091021257, 24.80669393714394 ], [ 84.238441447733038, 24.803194034995215 ], [ 84.234222400553747, 24.798833804809934 ], [ 84.229614202357936, 24.786861410301178 ], [ 84.217781100855092, 24.76555638439584 ], [ 84.214836102729947, 24.760278748171572 ], [ 84.206581149379161, 24.749416350709986 ], [ 84.200470023119479, 24.729249860853031 ], [ 84.195304841899983, 24.725110949677148 ] ] ] } },
{ "type": "Feature", "properties": { "F_CODE_DES": "River/Stream", "HYC_DESCRI": "Perennial/Permanent", "NAM": "UNK", "ISO": "IND", "NAME_0": "India" }, "geometry": { "type": "MultiLineString", "coordinates": [ [ [ 84.540000977547521, 24.780305945022612 ], [ 84.532890230245357, 24.75955582314085 ], [ 84.526886077990227, 24.747833286642713 ], [ 84.514472935462734, 24.739999803309836 ], [ 84.509475775250394, 24.732500093991142 ], [ 84.502418514950492, 24.714055961207379 ], [ 84.494583141617539, 24.702138943700973 ], [ 84.49285889454427, 24.696500695461381 ], [ 84.492362958523188, 24.694805176389334 ], [ 84.493637007577334, 24.689916691181601 ], [ 84.498169038769916, 24.685638486999803 ], [ 84.498970020803952, 24.679916322756647 ], [ 84.497306820733286, 24.668916711289228 ], [ 84.496330257691781, 24.662666292023623 ], [ 84.498474084782885, 24.653972669654195 ], [ 84.497642484747544, 24.634138063811342 ], [ 84.501304548903164, 24.621639304280215 ], [ 84.495582573660002, 24.611804877862312 ], [ 84.491836593500821, 24.600305550373662 ], [ 84.491386395481697, 24.599027721319359 ], [ 84.487419096313104, 24.595916781187164 ], [ 84.479309105968483, 24.592889757058533 ], [ 84.472969100699075, 24.587499665829483 ], [ 84.462776141265934, 24.573110528218031 ], [ 84.456191947986142, 24.567112045963132 ], [ 84.453414970868138, 24.560304643673859 ], [ 84.447471676615578, 24.54572291505422 ], [ 84.437835700206108, 24.535528254621006 ], [ 84.43750003619185, 24.529417128361324 ], [ 84.439720219286187, 24.525388782190142 ], [ 84.438278149224914, 24.522027984047327 ], [ 84.396415781446009, 24.50244531521518 ], [ 84.394279514355233, 24.499111166073497 ], [ 84.398307860526415, 24.491638105755939 ] ] ] } },
{ "type": "Feature", "properties": { "F_CODE_DES": "River/Stream", "HYC_DESCRI": "Non-Perennial/Intermittent/Fluctuating", "NAM": "UNK", "ISO": "IND", "NAME_0": "India" }, "geometry": { "type": "MultiLineString", "coordinates": [ [ [ 84.205917556687183, 24.54222468703335 ], [ 84.205085781315617, 24.553222624372914 ], [ 84.213974073693322, 24.573139256219253 ], [ 84.213913026690719, 24.574861613292441 ], [ 84.213836670687485, 24.579471512488336 ], [ 84.206108082359052, 24.599416683335889 ], [ 84.203361534242347, 24.612806388904872 ], [ 84.201225267151571, 24.623306284351052 ], [ 84.191719133747611, 24.635471269867992 ], [ 84.189331118646137, 24.641944898143088 ], [ 84.183334337391315, 24.658166957832428 ], [ 84.182525606356947, 24.665582751147554 ], [ 84.184280471431521, 24.67294505746041 ], [ 84.189720080662667, 24.681083586806245 ], [ 84.201469455161941, 24.69272239630083 ], [ 84.204139647275412, 24.70050050263135 ], [ 84.195304841899983, 24.725110949677148 ] ] ] } },
{ "type": "Feature", "properties": { "F_CODE_DES": "River/Stream", "HYC_DESCRI": "Perennial/Permanent", "NAM": "UNK", "ISO": "IND", "NAME_0": "India" }, "geometry": { "type": "MultiLineString", "coordinates": [ [ [ 84.131097626816072, 24.496309994186053 ], [ 84.126251231965611, 24.511278230590527 ], [ 84.12105562174483, 24.516834263826624 ], [ 84.120002702700091, 24.52338972910519 ], [ 84.124580471894618, 24.536832732676441 ], [ 84.122055053787307, 24.551221870287893 ], [ 84.122276372796705, 24.565139830879325 ], [ 84.12397000186867, 24.569749919075228 ], [ 84.134056176297278, 24.580165898517844 ], [ 84.129890427120259, 24.593526876085605 ], [ 84.134445138313808, 24.603776913521173 ], [ 84.134246877305387, 24.604555215554242 ], [ 84.133552491275879, 24.607360920673472 ], [ 84.132278442221732, 24.612388698887123 ], [ 84.130332876139065, 24.620082889214078 ], [ 84.131858862203913, 24.629139013598909 ], [ 84.134246877305387, 24.633111982767737 ], [ 84.140304516562793, 24.637888012970691 ], [ 84.157806484306533, 24.662750208027187 ], [ 84.16261294351078, 24.689277682154447 ], [ 84.166221709664129, 24.697860739519179 ], [ 84.175415048054788, 24.709777757025577 ], [ 84.189666782660396, 24.720750719491868 ], [ 84.195304841899983, 24.725110949677148 ] ] ] } },
{ "type": "Feature", "properties": { "F_CODE_DES": "River/Stream", "HYC_DESCRI": "Perennial/Permanent", "NAM": "UNK", "ISO": "IND", "NAME_0": "India" }, "geometry": { "type": "MultiLineString", "coordinates": [ [ [ 84.025642369690331, 24.6371116009377 ], [ 84.031555234941592, 24.631750048709865 ], [ 84.027809065782407, 24.627582598532772 ], [ 84.028029646130136, 24.627034614249038 ] ], [ [ 84.034201175712781, 24.624281912539345 ], [ 84.035835329123472, 24.624111235385261 ], [ 84.037768601119552, 24.619526815187172 ] ], [ [ 84.03835358016633, 24.619335583187702 ], [ 84.043586786452863, 24.618305155138536 ], [ 84.04946903370282, 24.612527802893034 ], [ 84.053833043888275, 24.611415915845782 ], [ 84.055862336974499, 24.608028468701839 ], [ 84.0516663477962, 24.604499838551892 ], [ 84.055252055948571, 24.597610410259129 ], [ 84.05791560265105, 24.592453068845348 ] ], [ [ 84.058138585378913, 24.592021314427125 ], [ 84.058609074091223, 24.591110321982917 ], [ 84.057113706027678, 24.584999006723223 ], [ 84.057816059896652, 24.584123043881213 ] ], [ [ 84.063266924449479, 24.583107466565671 ], [ 84.066558792429035, 24.58297160363707 ], [ 84.069030723534084, 24.579778637501388 ], [ 84.065475444383011, 24.57266618919915 ], [ 84.067718496478321, 24.569889023081139 ], [ 84.074302689758113, 24.567611761984367 ], [ 84.080329900014235, 24.565500253894641 ], [ 84.08166499607097, 24.562528606768364 ], [ 84.07997136699899, 24.557472289553502 ], [ 84.080276413011958, 24.551805502312696 ], [ 84.080329900014235, 24.550945363276142 ], [ 84.082748344117007, 24.543945369978687 ], [ 84.093582324824467, 24.532561223349472 ] ], [ [ 84.094185880469269, 24.53192701823642 ], [ 84.102470305955066, 24.523221897098061 ], [ 84.112502993381398, 24.516332657805307 ], [ 84.121581986767197, 24.507749600440579 ], [ 84.127197177005812, 24.49713895098969 ], [ 84.129303699503382, 24.496085735676676 ] ] ] } },
{ "type": "Feature", "properties": { "F_CODE_DES": "River/Stream", "HYC_DESCRI": "Non-Perennial/Intermittent/Fluctuating", "NAM": "UNK", "ISO": "IND", "NAME_0": "India" }, "geometry": { "type": "MultiLineString", "coordinates": [ [ [ 84.301878999888359, 24.541396926823655 ], [ 84.304611295544859, 24.548805316185202 ], [ 84.303749077508229, 24.551750125310342 ], [ 84.299000578424142, 24.55704983727961 ] ], [ [ 84.295827089561286, 24.5605679573098 ], [ 84.293556307075093, 24.563083699791953 ], [ 84.29360960507735, 24.566473036935978 ], [ 84.298111018268642, 24.57294458621098 ], [ 84.294609037119827, 24.596834187226147 ], [ 84.296890267216767, 24.607139601664066 ], [ 84.291725085997271, 24.614389452972141 ], [ 84.290641737951233, 24.618415909143245 ], [ 84.291999892008945, 24.627695053537551 ], [ 84.29675286421093, 24.659721293898478 ], [ 84.298499980285172, 24.671472558397838 ], [ 84.298080400267338, 24.678167316682323 ], [ 84.297416632239134, 24.689222305152093 ], [ 84.298469551283873, 24.696166921447201 ], [ 84.31091312281265, 24.707166721914625 ], [ 84.314003083943959, 24.712388981136542 ], [ 84.313308697914451, 24.725915900711357 ], [ 84.317169212078497, 24.734722167085572 ], [ 84.323974535367682, 24.740943858349954 ], [ 84.328002881538865, 24.758193889082978 ], [ 84.326416037471432, 24.774026797755781 ], [ 84.327392600512937, 24.788778248382634 ], [ 84.327278066508072, 24.78905494439439 ], [ 84.325058072413725, 24.794584328629355 ], [ 84.324058451371243, 24.797056259734397 ], [ 84.327308684509362, 24.80924978425255 ], [ 84.327224768505801, 24.817916946620855 ], [ 84.314247082954324, 24.841943761641851 ], [ 84.309280351743269, 24.848362012914588 ] ] ] } },
{ "type": "Feature", "properties": { "F_CODE_DES": "River/Stream", "HYC_DESCRI": "Perennial/Permanent", "NAM": "UNK", "ISO": "IND", "NAME_0": "India" }, "geometry": { "type": "MultiLineString", "coordinates": [ [ [ 84.566307132665386, 24.97277826120154 ], [ 84.57077792785536, 24.976278352350278 ], [ 84.576248155087825, 24.983999191678365 ], [ 84.585357577474909, 24.988056265850766 ], [ 84.58847040760719, 24.998306303286334 ], [ 84.58897409262859, 24.9999999323583 ], [ 84.591552808738172, 25.008638366725386 ], [ 84.60894780247736, 25.019750622197591 ], [ 84.611358686579806, 25.02477840041124 ], [ 84.610305767535067, 25.030471836653177 ], [ 84.611968967605748, 25.03194433571575 ], [ 84.617057792821981, 25.031221410685028 ], [ 84.620613071973068, 25.035999330888064 ], [ 84.615058928737042, 25.047277528367317 ], [ 84.615112226739313, 25.050249175493597 ], [ 84.61724849383009, 25.052305306580969 ], [ 84.621475290009698, 25.054361437668344 ], [ 84.626777685235027, 25.053832993645887 ], [ 84.63088994740977, 25.051666297553815 ], [ 84.633583008524212, 25.046749084344864 ], [ 84.63427739455372, 25.046916916351996 ], [ 84.636138855632822, 25.047332716369667 ], [ 84.639137340760229, 25.058889310860749 ], [ 84.645225598018953, 25.060916902946914 ], [ 84.66261284275781, 25.061222137959881 ], [ 84.659469583624229, 25.066360481178233 ], [ 84.661140532695242, 25.068445151266818 ], [ 84.669441224047972, 25.067028029206597 ], [ 84.673416083216878, 25.068639821275092 ], [ 84.675087032287891, 25.071777410408419 ], [ 84.67177575214717, 25.078582733697605 ], [ 84.674613965267781, 25.081916882839288 ], [ 84.682662908609814, 25.079027261716497 ], [ 84.687080405797531, 25.079805374749562 ], [ 84.692001399006642, 25.082666456871138 ], [ 84.695358228149288, 25.087667397083649 ], [ 84.694969266132759, 25.091472534245348 ], [ 84.703414920491653, 25.095750738427142 ], [ 84.707443266662835, 25.10074997763958 ], [ 84.711860574850547, 25.10044474262661 ], [ 84.716804437060631, 25.094249700363356 ], [ 84.718719574142014, 25.095083190398775 ], [ 84.719612032179938, 25.095472341415313 ], [ 84.716972269067753, 25.101638844677353 ], [ 84.722862265318042, 25.106582706887437 ], [ 84.719253499164694, 25.110445111051568 ], [ 84.720001183196473, 25.112777749150691 ], [ 84.722335900295676, 25.113555862183755 ], [ 84.729637159605943, 25.108360251962974 ], [ 84.730224571630899, 25.11405557820499 ], [ 84.728691025565738, 25.118944252412732 ], [ 84.720359716211703, 25.119304675428047 ], [ 84.71722420607847, 25.123582879609845 ], [ 84.719833351189337, 25.126277830724362 ], [ 84.727249144504469, 25.127195425763357 ], [ 84.730552675644844, 25.129472686860126 ], [ 84.7369994659188, 25.13758286620476 ], [ 84.745002671258888, 25.142915690431373 ], [ 84.751441901532516, 25.151889788812721 ], [ 84.756080717729631, 25.151777333807942 ], [ 84.756553595749736, 25.141445081368882 ], [ 84.759498593874881, 25.139473055285084 ], [ 84.763473453043787, 25.140054608309796 ], [ 84.766052169153369, 25.14344413445383 ], [ 84.768249483246734, 25.146278378574269 ], [ 84.771942165403658, 25.146223001571915 ], [ 84.775390659550197, 25.134750323084397 ], [ 84.778808535695433, 25.131111127929749 ] ] ] } },
{ "type": "Feature", "properties": { "F_CODE_DES": "River/Stream", "HYC_DESCRI": "Perennial/Permanent", "NAM": "UNK", "ISO": "IND", "NAME_0": "India" }, "geometry": { "type": "MultiLineString", "coordinates": [ [ [ 84.549613895956014, 24.890306406696979 ], [ 84.553169175107101, 24.895334184910627 ], [ 84.554969778183619, 24.915138172752179 ], [ 84.559722939385594, 24.921583262026058 ], [ 84.561279354451727, 24.941194469859418 ], [ 84.567779631727959, 24.953527476383499 ], [ 84.56786354773152, 24.958805112607767 ], [ 84.5622481684929, 24.966499302934722 ], [ 84.562530534504901, 24.9690285010422 ], [ 84.566307132665386, 24.97277826120154 ] ] ] } },
{ "type": "Feature", "properties": { "F_CODE_DES": "River/Stream", "HYC_DESCRI": "Perennial/Permanent", "NAM": "UNK", "ISO": "IND", "NAME_0": "India" }, "geometry": { "type": "MultiLineString", "coordinates": [ [ [ 84.512695390387208, 24.824666892907686 ], [ 84.510414160290267, 24.830610187160239 ], [ 84.509612989256212, 24.832750234251179 ], [ 84.509918224269185, 24.836750041421148 ], [ 84.512802175391741, 24.84219361965247 ], [ 84.521972644781428, 24.855972287237982 ], [ 84.522110047787265, 24.856166768246247 ], [ 84.528724670068357, 24.863222138546057 ], [ 84.532669100235964, 24.875415852064215 ], [ 84.549613895956014, 24.890306406696979 ] ] ] } },
{ "type": "Feature", "properties": { "F_CODE_DES": "River/Stream", "HYC_DESCRI": "Perennial/Permanent", "NAM": "UNK", "ISO": "IND", "NAME_0": "India" }, "geometry": { "type": "MultiLineString", "coordinates": [ [ [ 84.522781375815796, 24.820278123721188 ], [ 84.51797491661155, 24.823528356859306 ], [ 84.512695390387208, 24.824666892907686 ] ] ] } },
{ "type": "Feature", "properties": { "F_CODE_DES": "River/Stream", "HYC_DESCRI": "Perennial/Permanent", "NAM": "UNK", "ISO": "IND", "NAME_0": "India" }, "geometry": { "type": "MultiLineString", "coordinates": [ [ [ 84.540000977547521, 24.780305945022612 ], [ 84.541473476610093, 24.784500044200833 ], [ 84.539527910527426, 24.791721356507697 ], [ 84.522781375815796, 24.820278123721188 ] ] ] } },
{ "type": "Feature", "properties": { "F_CODE_DES": "River/Stream", "HYC_DESCRI": "Perennial/Permanent", "NAM": "UNK", "ISO": "IND", "NAME_0": "India" }, "geometry": { "type": "MultiLineString", "coordinates": [ [ [ 84.522781375815796, 24.820278123721188 ], [ 84.526252738963308, 24.821056425754264 ], [ 84.531280517176967, 24.8184452016433 ], [ 84.538055411464853, 24.810527802306858 ], [ 84.544914221756315, 24.807249030167533 ], [ 84.547668518873351, 24.794527061626923 ], [ 84.554138178148278, 24.782194055102842 ], [ 84.551719734045506, 24.765333175386356 ] ] ] } },
{ "type": "Feature", "properties": { "F_CODE_DES": "River/Stream", "HYC_DESCRI": "Perennial/Permanent", "NAM": "UNK", "ISO": "IND", "NAME_0": "India" }, "geometry": { "type": "MultiLineString", "coordinates": [ [ [ 84.551719734045506, 24.765333175386356 ], [ 84.54624931781305, 24.769861237578773 ], [ 84.542968655673633, 24.779417077984839 ], [ 84.540000977547521, 24.780305945022612 ] ] ] } },
{ "type": "Feature", "properties": { "F_CODE_DES": "River/Stream", "HYC_DESCRI": "Perennial/Permanent", "NAM": "UNK", "ISO": "IND", "NAME_0": "India" }, "geometry": { "type": "MultiLineString", "coordinates": [ [ [ 84.74855795040996, 24.724306187642952 ], [ 84.751693649543213, 24.730583255909689 ], [ 84.751831052549051, 24.731277452939189 ], [ 84.758140628817173, 24.760860490196293 ], [ 84.758361758826567, 24.781749716083961 ], [ 84.760055576898537, 24.786138485270456 ], [ 84.765525804131002, 24.792583385544326 ], [ 84.765831039143961, 24.801000500902006 ], [ 84.76613608515693, 24.809888793279704 ], [ 84.766502367172492, 24.811555773350541 ], [ 84.76869193226554, 24.821861187788461 ], [ 84.776336604590398, 24.832471837239353 ], [ 84.777359094633837, 24.836471644409318 ], [ 84.773498580469791, 24.844110457733922 ], [ 84.763862604060321, 24.863306054549621 ], [ 84.758331329825268, 24.864694637608629 ], [ 84.755386331700123, 24.868528313771538 ], [ 84.754913264680027, 24.877416606149239 ], [ 84.760024958897247, 24.879222879225992 ], [ 84.762191843989328, 24.883388439403006 ], [ 84.767417883211394, 24.924083732132313 ], [ 84.767807034227928, 24.927194672264509 ], [ 84.766029300152397, 24.931444148445088 ], [ 84.758224544820735, 24.933055940513579 ], [ 84.755500865705002, 24.936277445650475 ], [ 84.756080717729631, 24.952304835331542 ], [ 84.75622549173579, 24.952833090353991 ], [ 84.758110010815869, 24.960306150671549 ], [ 84.757026662769832, 24.963277797797829 ], [ 84.749946533468972, 24.967832508991378 ], [ 84.748168988393431, 24.971445055144891 ], [ 84.751441901532516, 24.983417449653643 ], [ 84.750419600489067, 24.9999999323583 ], [ 84.749053886431042, 25.021888779288446 ], [ 84.752052371558449, 25.031972874716963 ], [ 84.750831620506574, 25.039806358049837 ], [ 84.755249117694305, 25.050916723521965 ], [ 84.755058227686192, 25.063360295050742 ], [ 84.756690998755573, 25.073249909470992 ], [ 84.758003225811336, 25.081028015801515 ], [ 84.756889259763994, 25.084028201929005 ], [ 84.748024025387281, 25.090944279222896 ], [ 84.744941624256285, 25.09900097156526 ], [ 84.746192993309464, 25.103000589735217 ], [ 84.75355529962232, 25.110666241060965 ], [ 84.759330761867744, 25.121555287523684 ], [ 84.764747691097938, 25.125249859680682 ], [ 84.777137775624439, 25.129028347841246 ] ] ] } },
{ "type": "Feature", "properties": { "F_CODE_DES": "River/Stream", "HYC_DESCRI": "Perennial/Permanent", "NAM": "UNK", "ISO": "IND", "NAME_0": "India" }, "geometry": { "type": "MultiLineString", "coordinates": [ [ [ 84.551719734045506, 24.765333175386356 ], [ 84.545440586778682, 24.7527771488528 ], [ 84.548194883895718, 24.747667344635662 ], [ 84.550361579987793, 24.743638998464483 ], [ 84.549163886936896, 24.729944246882535 ], [ 84.555137610190741, 24.717166901339574 ], [ 84.562530534504901, 24.717666617360809 ], [ 84.576690604106616, 24.710889833072834 ], [ 84.585357577474909, 24.694084141358694 ], [ 84.598808330046495, 24.674444205524111 ], [ 84.608085584440715, 24.666860580201856 ], [ 84.618331841876127, 24.65847200384539 ], [ 84.629058915331967, 24.641834333138387 ], [ 84.629890515367308, 24.633138631768873 ], [ 84.630081216375402, 24.631055851680365 ], [ 84.630584712396796, 24.625972696464359 ], [ 84.625190652167589, 24.611499831849351 ], [ 84.621246410999973, 24.609056439745522 ], [ 84.610580384546736, 24.606916392654583 ], [ 84.593109223804319, 24.609527616765543 ] ] ] } },
{ "type": "Feature", "properties": { "F_CODE_DES": "River/Stream", "HYC_DESCRI": "Perennial/Permanent", "NAM": "UNK", "ISO": "IND", "NAME_0": "India" }, "geometry": { "type": "MultiLineString", "coordinates": [ [ [ 84.778968807702242, 24.606416676633344 ], [ 84.781669617817016, 24.623888026375774 ], [ 84.781196550796906, 24.634445188824394 ], [ 84.772613493432175, 24.653305121625827 ], [ 84.772392363422782, 24.653804837647062 ], [ 84.765808170142989, 24.659194928876111 ], [ 84.74588775829649, 24.666334215179486 ], [ 84.739753763035836, 24.670028598336476 ], [ 84.727996828536234, 24.681638679829835 ], [ 84.72025293120717, 24.697195081490889 ], [ 84.711196806822329, 24.702222859704541 ], [ 84.707695014673533, 24.704166346787126 ], [ 84.696388278193055, 24.714277280216784 ], [ 84.69210818401119, 24.719638832444616 ], [ 84.683502257645486, 24.737722353213059 ], [ 84.673774805232128, 24.748666776678132 ], [ 84.665107642863816, 24.764444308348583 ], [ 84.655082704437817, 24.770305576597654 ], [ 84.645889366047157, 24.784610798205541 ], [ 84.642639132909039, 24.794584328629355 ], [ 84.634002777542051, 24.801694886931514 ], [ 84.633163428506379, 24.802804883978681 ], [ 84.629363961344922, 24.807722097187636 ], [ 84.623443536093347, 24.815389638513459 ], [ 84.622413675049586, 24.817751004613804 ], [ 84.620361323962371, 24.822389631810918 ], [ 84.618583589886825, 24.826444626983232 ], [ 84.61516571374159, 24.840444613578146 ], [ 84.600669791125597, 24.85483356218959 ], [ 84.58897409262859, 24.858417569341889 ], [ 84.582778861365341, 24.861888932489403 ], [ 84.57041939484013, 24.878360661189355 ], [ 84.558944637352525, 24.883193958394742 ], [ 84.549613895956014, 24.890306406696979 ] ] ] } },
{ "type": "Feature", "properties": { "F_CODE_DES": "River/Stream", "HYC_DESCRI": "Perennial/Permanent", "NAM": "UNK", "ISO": "IND", "NAME_0": "India" }, "geometry": { "type": "MultiLineString", "coordinates": [ [ [ 84.740608232072148, 24.529472316363666 ], [ 84.75064091949848, 24.545749753055361 ], [ 84.757919309807761, 24.551721586309128 ], [ 84.771163863370575, 24.556972573532263 ], [ 84.780387819762538, 24.556583422515729 ], [ 84.784469652935996, 24.558916060614852 ], [ 84.796501204447267, 24.565776760906388 ], [ 84.797775253501413, 24.567806242992631 ], [ 84.800331100610009, 24.571832699163732 ], [ 84.800361718611313, 24.571971803169642 ], [ 84.804641812793193, 24.588638390877875 ], [ 84.809860292014946, 24.596137911196557 ], [ 84.820724579476618, 24.606472053635699 ], [ 84.819053630405605, 24.614721336986243 ] ] ] } },
{ "type": "Feature", "properties": { "F_CODE_DES": "River/Stream", "HYC_DESCRI": "Non-Perennial/Intermittent/Fluctuating", "NAM": "UNK", "ISO": "IND", "NAME_0": "India" }, "geometry": { "type": "MultiLineString", "coordinates": [ [ [ 84.740608232072148, 24.529472316363666 ], [ 84.753753749630761, 24.529443777362452 ], [ 84.785751261990455, 24.538555089749629 ], [ 84.793914739337353, 24.541694568883038 ], [ 84.794136058346766, 24.541778484886606 ], [ 84.80258171270566, 24.548778478184062 ], [ 84.812469437125827, 24.563278180800218 ], [ 84.822608909556692, 24.578167034432902 ], [ 84.835807725117562, 24.590139428941661 ], [ 84.838668807239145, 24.59516720715531 ], [ 84.836250363136372, 24.600277011372448 ], [ 84.834610032066664, 24.601388898419696 ], [ 84.828193670794008, 24.605749128604977 ], [ 84.827613818769365, 24.606138279621518 ], [ 84.825248672668863, 24.613138272918974 ], [ 84.822051926533021, 24.615528178020533 ], [ 84.819053630405605, 24.614721336986243 ] ] ] } },
{ "type": "Feature", "properties": { "F_CODE_DES": "River/Stream", "HYC_DESCRI": "Perennial/Permanent", "NAM": "UNK", "ISO": "IND", "NAME_0": "India" }, "geometry": { "type": "MultiLineString", "coordinates": [ [ [ 84.740608232072148, 24.529472316363666 ], [ 84.718719574142014, 24.518917043915131 ], [ 84.680862494533301, 24.505861301360341 ], [ 84.656135623482555, 24.502082813199777 ], [ 84.650192329230009, 24.505777385356772 ], [ 84.643081581927845, 24.506111159370956 ], [ 84.628806978321251, 24.495195463907102 ] ] ] } },
{ "type": "Feature", "properties": { "F_CODE_DES": "River/Stream", "HYC_DESCRI": "Perennial/Permanent", "NAM": "UNK", "ISO": "IND", "NAME_0": "India" }, "geometry": { "type": "MultiLineString", "coordinates": [ [ [ 84.599723846085396, 24.470582937861217 ], [ 84.604530305289643, 24.481277503315674 ], [ 84.610664300550297, 24.487916884597809 ], [ 84.625503447180876, 24.492082633774828 ], [ 84.628806978321251, 24.495195463907102 ] ] ] } },
{ "type": "Feature", "properties": { "F_CODE_DES": "River/Stream", "HYC_DESCRI": "Perennial/Permanent", "NAM": "UNK", "ISO": "IND", "NAME_0": "India" }, "geometry": { "type": "MultiLineString", "coordinates": [ [ [ 84.628806978321251, 24.495195463907102 ], [ 84.630081216375402, 24.490304899699282 ], [ 84.627693201273928, 24.486360469531668 ], [ 84.617584157844348, 24.477249157144492 ], [ 84.6118621826012, 24.468055818753829 ], [ 84.610389683538628, 24.462804831530693 ], [ 84.612586997632008, 24.457916346322961 ], [ 84.635475087604618, 24.439166978526224 ], [ 84.641670318867867, 24.42808345105524 ], [ 84.647109928099027, 24.423360907854558 ], [ 84.654640255419011, 24.42047317673185 ], [ 84.67516319929112, 24.421167373761349 ], [ 84.67518818427861, 24.421154313265443 ] ] ] } },
{ "type": "Feature", "properties": { "F_CODE_DES": "River/Stream", "HYC_DESCRI": "Perennial/Permanent", "NAM": "UNK", "ISO": "IND", "NAME_0": "India" }, "geometry": { "type": "MultiLineString", "coordinates": [ [ [ 84.863723782303822, 24.94352729695855 ], [ 84.86808023248895, 24.95252804434103 ], [ 84.874946602780739, 24.95913888662195 ], [ 84.891052238465122, 24.965389305887555 ], [ 84.892555166528993, 24.970193875091724 ], [ 84.888137858341281, 24.9994163003335 ], [ 84.888336119349702, 24.9999999323583 ], [ 84.894668564618797, 25.021028451251887 ] ] ] } },
{ "type": "Feature", "properties": { "F_CODE_DES": "River/Stream", "HYC_DESCRI": "Perennial/Permanent", "NAM": "MOHANA", "ISO": "IND", "NAME_0": "India" }, "geometry": { "type": "MultiLineString", "coordinates": [ [ [ 85.050750819251363, 24.937055558683539 ], [ 85.057746843548657, 24.949167246198215 ], [ 85.079498287472973, 24.969554866064566 ], [ 85.08266441560751, 24.974388163269953 ], [ 85.089996292919068, 24.979944196506054 ], [ 85.093719404077277, 24.9999999323583 ], [ 85.093696535076305, 25.008361859713634 ] ] ] } },
{ "type": "Feature", "properties": { "F_CODE_DES": "River/Stream", "HYC_DESCRI": "Perennial/Permanent", "NAM": "MOHANA", "ISO": "IND", "NAME_0": "India" }, "geometry": { "type": "MultiLineString", "coordinates": [ [ [ 85.050750819251363, 24.937055558683539 ], [ 85.03583531661755, 24.895166352903495 ], [ 85.03355408652061, 24.877695003161065 ], [ 85.021888817024902, 24.85427865816601 ], [ 85.019554099925699, 24.844610173755157 ], [ 85.019111650906893, 24.83491711934326 ], [ 85.021614011013227, 24.815860815533483 ], [ 85.021835330022625, 24.814193646462634 ], [ 85.01452632171204, 24.789638576419193 ], [ 85.015693585761639, 24.751832904812673 ], [ 85.013221654656604, 24.735416364115068 ] ] ] } },
{ "type": "Feature", "properties": { "F_CODE_DES": "River/Stream", "HYC_DESCRI": "Perennial/Permanent", "NAM": "MOHANA", "ISO": "IND", "NAME_0": "India" }, "geometry": { "type": "MultiLineString", "coordinates": [ [ [ 85.013221654656604, 24.735416364115068 ], [ 85.016807551808981, 24.701805169686793 ], [ 85.016113354779478, 24.693166735319707 ], [ 85.018058731862155, 24.68700023205767 ], [ 85.023834194107579, 24.678443823694074 ], [ 85.032890318492406, 24.670665717363548 ], [ 85.040641775821797, 24.66650015718654 ], [ 85.048751766166419, 24.65808304182886 ], [ 85.042999361921972, 24.650388662501896 ], [ 85.042663508907708, 24.645334235287113 ], [ 85.046218788058781, 24.640417022078161 ], [ 85.061943021726975, 24.632499622741719 ], [ 85.066001985899447, 24.628194769558785 ], [ 85.068832450019727, 24.621166237260113 ], [ 85.066192686907556, 24.608554833724206 ], [ 85.068359382999631, 24.601972530444495 ], [ 85.068748534016166, 24.601417626420918 ], [ 85.072364860169841, 24.596195178198993 ], [ 85.086975127790694, 24.581333162567446 ], [ 85.093139741052653, 24.578443541444656 ], [ 85.104888926551922, 24.578416892443521 ], [ 85.109863217763291, 24.574306520268856 ], [ 85.111579904836248, 24.568777136033887 ], [ 85.1021117604339, 24.549999229235937 ], [ 85.103858876508141, 24.54658324309078 ], [ 85.121055609238908, 24.533138349519451 ], [ 85.123191876329685, 24.527166327265675 ], [ 85.117942779106627, 24.519472136938717 ], [ 85.117637544093654, 24.516332657805307 ], [ 85.120475757214265, 24.510360635551535 ], [ 85.121139525242469, 24.509805731527955 ], [ 85.124557401387705, 24.50688927240402 ], [ 85.12660975247492, 24.497554751007357 ], [ 85.136055027876296, 24.479000053218897 ], [ 85.1402512060546, 24.454027104157692 ], [ 85.136085456877581, 24.443138057694973 ], [ 85.133613525772546, 24.42819401605994 ], [ 85.128944469574137, 24.425777461957249 ], [ 85.11685943106059, 24.412527049394185 ], [ 85.109413208744172, 24.409526863266695 ], [ 85.10633080761319, 24.406000123116833 ], [ 85.105667039584986, 24.400222770871327 ], [ 85.105468778576565, 24.398416497794571 ], [ 85.107780437674791, 24.389499666415659 ], [ 85.104698225543814, 24.385778445257529 ], [ 85.104681715445096, 24.385439585397268 ] ], [ [ 85.104446917538993, 24.38062049939424 ], [ 85.104245373152139, 24.376483921901844 ] ], [ [ 85.100003550668347, 24.373102651975383 ], [ 85.098263791466835, 24.372962691778394 ] ], [ [ 85.091283624878116, 24.37240115114108 ], [ 85.090774594952137, 24.372360200687332 ], [ 85.090691257380087, 24.372257952270843 ] ] ] } },
{ "type": "Feature", "properties": { "F_CODE_DES": "River/Stream", "HYC_DESCRI": "Perennial/Permanent", "NAM": "UNK", "ISO": "IND", "NAME_0": "India" }, "geometry": { "type": "MultiLineString", "coordinates": [ [ [ 84.993225075806862, 25.200222004866554 ], [ 84.994529742862312, 25.195972528685978 ], [ 84.998970109051001, 25.197971392770917 ], [ 84.999999970094763, 25.197610780755593 ], [ 85.000808701129131, 25.197305734742628 ], [ 84.999999970094763, 25.194723049632881 ], [ 84.999305773065259, 25.192499086538376 ], [ 84.999999970094763, 25.190526871454566 ], [ 85.000831570130103, 25.188222961356665 ], [ 85.007385334408596, 25.18238834210873 ], [ 85.009582459501956, 25.176860847873844 ], [ 85.006858780386224, 25.150333373746584 ], [ 85.000778272127832, 25.139055176267327 ], [ 85.001892049175154, 25.13627819914932 ], [ 85.008003175434851, 25.131082588928535 ], [ 85.004219017274039, 25.109222469999615 ], [ 85.004363980280203, 25.101888702687972 ], [ 85.00394440026237, 25.097194698488504 ], [ 85.00536341232268, 25.092611259293733 ], [ 85.006301797362553, 25.089527157162678 ], [ 85.006164583356721, 25.074138587508756 ], [ 85.005859348343748, 25.073415662478034 ], [ 85.00394440026237, 25.068889679285707 ] ] ] } },
{ "type": "Feature", "properties": { "F_CODE_DES": "River/Stream", "HYC_DESCRI": "Perennial/Permanent", "NAM": "MOHANA", "ISO": "IND", "NAME_0": "India" }, "geometry": { "type": "MultiLineString", "coordinates": [ [ [ 85.093696535076305, 25.008361859713634 ], [ 85.084083616667812, 25.021444251269557 ], [ 85.084167532671387, 25.025028258421855 ], [ 85.086997996791666, 25.027721319536298 ], [ 85.098197948267597, 25.030860987669712 ], [ 85.099502615323033, 25.036306455901112 ], [ 85.097579918241323, 25.052610352593931 ], [ 85.099693316331141, 25.0622767580047 ], [ 85.104972842555483, 25.069778357323472 ], [ 85.105941845596661, 25.079195093723627 ], [ 85.10710910964626, 25.090194705191045 ], [ 85.117996266108904, 25.109167092997261 ], [ 85.120445328212966, 25.118694394402112 ], [ 85.120582542218798, 25.119249298425693 ] ] ] } },
{ "type": "Feature", "properties": { "F_CODE_DES": "River/Stream", "HYC_DESCRI": "Perennial/Permanent", "NAM": "UNK", "ISO": "IND", "NAME_0": "India" }, "geometry": { "type": "MultiLineString", "coordinates": [ [ [ 85.00394440026237, 25.068889679285707 ], [ 85.005111664311983, 25.058944687863104 ], [ 85.00941462749482, 25.045778191303604 ], [ 85.008804346468892, 25.040082865061589 ], [ 85.003334119236442, 25.033445373779536 ], [ 85.002082750183263, 25.029472404610708 ], [ 85.002197284188128, 25.015306476008739 ], [ 85.005111664311983, 25.011249590836346 ], [ 85.01086425755642, 25.010084216786822 ], [ 85.012885990642332, 25.007083841659327 ], [ 85.014221275699086, 24.9999999323583 ], [ 85.015335052746408, 24.994138664109233 ], [ 85.017364534832652, 24.991416874993575 ], [ 85.03438568655595, 24.968416141016178 ], [ 85.038055499711888, 24.967082934959524 ], [ 85.042892387917433, 24.95972251864675 ], [ 85.048111056139192, 24.94322206194558 ], [ 85.050750819251363, 24.937055558683539 ] ] ] } },
{ "type": "Feature", "properties": { "F_CODE_DES": "River/Stream", "HYC_DESCRI": "Perennial/Permanent", "NAM": "UNK", "ISO": "IND", "NAME_0": "India" }, "geometry": { "type": "MultiLineString", "coordinates": [ [ [ 84.88805394233772, 25.195528000667085 ], [ 84.890640218447615, 25.186611169288174 ], [ 84.886390742267039, 25.173194814718059 ], [ 84.892440821524133, 25.164833076362733 ], [ 84.893470682567894, 25.15974992114673 ], [ 84.891502436484259, 25.153444313878779 ], [ 84.89205941950793, 25.147527668627355 ], [ 84.89197531450435, 25.147193894613174 ], [ 84.891281117474847, 25.143972389476279 ], [ 84.882804845114663, 25.138639376249657 ], [ 84.881080598041393, 25.134666407080829 ], [ 84.882362396095857, 25.119443968433966 ], [ 84.876525886847844, 25.108139121953577 ], [ 84.874664236768737, 25.098054837525055 ], [ 84.875892547820925, 25.090416024200451 ], [ 84.881248430048515, 25.082082824846339 ], [ 84.881195132046258, 25.079416223733023 ], [ 84.881057729040421, 25.073638871487521 ], [ 84.886169423257641, 25.063638692062572 ], [ 84.887054510295243, 25.052221390577404 ], [ 84.885246347218413, 25.043806165219806 ], [ 84.879448015972017, 25.033582776785373 ], [ 84.881141645043982, 25.026166983470247 ], [ 84.876831121860818, 25.020526845230574 ], [ 84.874969471781711, 25.010221430792654 ], [ 84.869247496538549, 24.9999999323583 ], [ 84.867973258484412, 24.997693943260309 ], [ 84.863807698307397, 24.958999593616031 ], [ 84.8635559502967, 24.956611578514554 ], [ 84.863723782303822, 24.94352729695855 ] ] ] } },
{ "type": "Feature", "properties": { "F_CODE_DES": "River/Stream", "HYC_DESCRI": "Non-Perennial/Intermittent/Fluctuating", "NAM": "UNK", "ISO": "IND", "NAME_0": "India" }, "geometry": { "type": "MultiLineString", "coordinates": [ [ [ 84.799110349558134, 24.900222859118365 ], [ 84.798637471538044, 24.91124911958692 ], [ 84.797447149487468, 24.939721970796846 ], [ 84.800857465632376, 24.947055738108489 ], [ 84.805809076842792, 24.950971629274889 ], [ 84.807357742908607, 24.957916245569997 ], [ 84.806335441865158, 24.963611571812013 ], [ 84.800582848620706, 24.976194436346709 ], [ 84.800247184606448, 24.9999999323583 ], [ 84.800224315605476, 25.001527808423226 ], [ 84.794441293359739, 25.01216699687533 ], [ 84.794113189345794, 25.021165854257728 ], [ 84.793891870336381, 25.028028444549349 ], [ 84.796524073448239, 25.042749466174904 ], [ 84.79491417137983, 25.04425050423869 ], [ 84.791419939231346, 25.043056402187947 ], [ 84.789611776154501, 25.04455573925166 ], [ 84.788559046109768, 25.058944687863104 ], [ 84.793220542307864, 25.081861505836933 ], [ 84.798080488514373, 25.09169385325475 ], [ 84.797447149487468, 25.094028381353954 ], [ 84.791496295234595, 25.097722953510953 ], [ 84.780891504783952, 25.11016652503973 ], [ 84.780746541777788, 25.114194871210913 ], [ 84.785110551963228, 25.123167079592175 ], [ 84.784721400946694, 25.1265564167362 ], [ 84.77894593870127, 25.127305990768058 ], [ 84.778274610672739, 25.127916271793989 ], [ 84.777137775624439, 25.129028347841246 ] ] ] } },
{ "type": "Feature", "properties": { "F_CODE_DES": "River/Stream", "HYC_DESCRI": "Perennial/Permanent", "NAM": "UNK", "ISO": "IND", "NAME_0": "India" }, "geometry": { "type": "MultiLineString", "coordinates": [ [ [ 84.867248443453605, 24.885833721506913 ], [ 84.869224627537577, 24.886888530551737 ], [ 84.870307975583614, 24.887472162576536 ], [ 84.888358988350674, 24.919416376933981 ], [ 84.894805967624634, 24.92774957628809 ], [ 84.898330628774417, 24.930194858391999 ], [ 84.911582931337563, 24.932888108506447 ], [ 84.913330047411804, 24.938554706747244 ], [ 84.908859252221816, 24.944972958019981 ], [ 84.911972082354097, 24.959278179627869 ], [ 84.911781381345989, 24.97088807212122 ], [ 84.906860388136877, 24.987443905824748 ], [ 84.907669119171246, 24.990917158972337 ], [ 84.908668551213708, 24.995222012155267 ], [ 84.90844723220431, 24.9999999323583 ], [ 84.908363316200749, 25.002387947459781 ], [ 84.898750397792256, 25.017583926105516 ], [ 84.894668564618797, 25.021028451251887 ] ] ] } },
{ "type": "Feature", "properties": { "F_CODE_DES": "River/Stream", "HYC_DESCRI": "Perennial/Permanent", "NAM": "UNK", "ISO": "IND", "NAME_0": "India" }, "geometry": { "type": "MultiLineString", "coordinates": [ [ [ 84.863723782303822, 24.94352729695855 ], [ 84.868385278501918, 24.895111164901152 ], [ 84.86736297745847, 24.886806504548254 ], [ 84.867248443453605, 24.885833721506913 ] ] ] } },
{ "type": "Feature", "properties": { "F_CODE_DES": "River/Stream", "HYC_DESCRI": "Perennial/Permanent", "NAM": "UNK", "ISO": "IND", "NAME_0": "India" }, "geometry": { "type": "MultiLineString", "coordinates": [ [ [ 84.843025257424259, 24.735834054132816 ], [ 84.852996897848001, 24.747667344635662 ], [ 84.857803357052248, 24.756444883008655 ], [ 84.860359204160858, 24.76652708843709 ], [ 84.857444824037003, 24.780500426030876 ], [ 84.863136370278866, 24.807388323173448 ], [ 84.864280765327493, 24.812805252403635 ], [ 84.868583728510345, 24.833055469264153 ], [ 84.866302498413404, 24.845333098785879 ], [ 84.869667076556382, 24.855722429227363 ], [ 84.870307975583614, 24.857721293312302 ], [ 84.866416843418264, 24.869611661817572 ], [ 84.868469194505479, 24.878639247201193 ], [ 84.867248443453605, 24.885833721506913 ] ] ] } },
{ "type": "Feature", "properties": { "F_CODE_DES": "River/Stream", "HYC_DESCRI": "Perennial/Permanent", "NAM": "UNK", "ISO": "IND", "NAME_0": "India" }, "geometry": { "type": "MultiLineString", "coordinates": [ [ [ 84.867248443453605, 24.885833721506913 ], [ 84.85939020111968, 24.876277881100847 ], [ 84.853080813851562, 24.87386132699816 ], [ 84.84952553470049, 24.869304725804533 ], [ 84.84708403259674, 24.863222138546057 ], [ 84.85089105975851, 24.857444786300555 ], [ 84.849746664709883, 24.848611870925204 ], [ 84.841308570351316, 24.843694657716256 ], [ 84.844390782482293, 24.82572170195251 ], [ 84.842391918397354, 24.814193646462634 ], [ 84.841362057353592, 24.808195164207739 ], [ 84.840919419334782, 24.80552856309442 ], [ 84.840805074329921, 24.790527254456954 ], [ 84.836135829131507, 24.777944578922266 ], [ 84.837997479210614, 24.774110713759349 ], [ 84.845390403524775, 24.759000730117265 ], [ 84.846191385558811, 24.753084273865852 ], [ 84.843025257424259, 24.735834054132816 ] ] ] } },
{ "type": "Feature", "properties": { "F_CODE_DES": "River/Stream", "HYC_DESCRI": "Perennial/Permanent", "NAM": "UNK", "ISO": "IND", "NAME_0": "India" }, "geometry": { "type": "MultiLineString", "coordinates": [ [ [ 84.843025257424259, 24.735834054132816 ], [ 84.833885217035871, 24.710472143055085 ], [ 84.829612682854304, 24.69344513233154 ], [ 84.827392499759966, 24.688444192119029 ], [ 84.820053062448082, 24.679721841748382 ], [ 84.817336943332663, 24.671112135382522 ], [ 84.818473778380977, 24.650417390503115 ], [ 84.812500055127117, 24.63152702870039 ], [ 84.814140386196826, 24.62180524628727 ], [ 84.817886366356007, 24.616416856058294 ], [ 84.819053630405605, 24.614721336986243 ] ] ] } },
{ "type": "Feature", "properties": { "F_CODE_DES": "River/Stream", "HYC_DESCRI": "Perennial/Permanent", "NAM": "UNK", "ISO": "IND", "NAME_0": "India" }, "geometry": { "type": "MultiLineString", "coordinates": [ [ [ 85.407447888408882, 24.842472016664299 ], [ 85.400276094104129, 24.83461188433029 ], [ 85.393249451805531, 24.822555573817969 ], [ 85.392692657781865, 24.818971566665667 ], [ 85.394805866871664, 24.812360724384746 ], [ 85.401031527136226, 24.8029441769846 ], [ 85.397552414988382, 24.794361119619872 ], [ 85.40122222814432, 24.784778630212671 ], [ 85.392753515784463, 24.771055150629508 ], [ 85.392364553767933, 24.76600072341472 ], [ 85.395530681902471, 24.754304835917715 ], [ 85.390388558683966, 24.726083732718486 ], [ 85.389526340647322, 24.721305812515453 ], [ 85.371887158897763, 24.701471395672609 ], [ 85.366775464680543, 24.700750360641969 ], [ 85.366027780648778, 24.698000032525094 ], [ 85.371170092867288, 24.683332497901812 ], [ 85.364303533575494, 24.669776850325778 ], [ 85.3626632025058, 24.660110444915013 ], [ 85.358833306343044, 24.655111394702583 ], [ 85.361419771452958, 24.647666873386235 ], [ 85.359085054353741, 24.638860796012029 ], [ 85.353805528129399, 24.631389625694549 ], [ 85.344085635716354, 24.62191581129197 ], [ 85.342392006644388, 24.619083457171609 ], [ 85.340469309562693, 24.615861952034713 ], [ 85.340309226555888, 24.610389645802172 ], [ 85.347969018881386, 24.594804705139907 ], [ 85.354698175167329, 24.587888627846013 ], [ 85.371696457889655, 24.576528593363278 ], [ 85.389610256650883, 24.574222604265287 ], [ 85.400802648126501, 24.570806429120122 ], [ 85.427803000273855, 24.57036020010116 ], [ 85.43386082853128, 24.57297142421212 ], [ 85.437690724694022, 24.577943825423418 ] ] ] } },
{ "type": "Feature", "properties": { "F_CODE_DES": "River/Stream", "HYC_DESCRI": "Perennial/Permanent", "NAM": "UNK", "ISO": "IND", "NAME_0": "India" }, "geometry": { "type": "MultiLineString", "coordinates": [ [ [ 85.00394440026237, 25.068889679285707 ], [ 84.999999970094763, 25.066305104175878 ], [ 84.9943084238529, 25.062555344016538 ], [ 84.975418062050167, 25.063083599038983 ], [ 84.974609331015813, 25.063110437040123 ], [ 84.969528254799897, 25.063249541046034 ], [ 84.961303730450396, 25.058555536846569 ], [ 84.957420347285378, 25.050417007500727 ], [ 84.954834071175469, 25.048778566431103 ], [ 84.949996993969933, 25.049722621471222 ], [ 84.944503708736491, 25.043056402187947 ], [ 84.938720686490754, 25.023750240367548 ], [ 84.931304893175621, 25.013971379952004 ], [ 84.929748478109488, 25.007055302658113 ], [ 84.931304893175621, 24.9999999323583 ], [ 84.934112488294929, 24.987054754808209 ], [ 84.934974706331573, 24.983083675639463 ], [ 84.940803466579254, 24.974750476285351 ], [ 84.951446624031533, 24.96483421286397 ], [ 84.949279738939452, 24.961082373704535 ], [ 84.961196945445863, 24.946277625075425 ], [ 84.963111893527241, 24.939887912803897 ], [ 84.959114165357349, 24.926666228242055 ], [ 84.949943506967657, 24.91083331956925 ], [ 84.940719550575693, 24.902555497217492 ], [ 84.936584419399978, 24.893999088853896 ], [ 84.936668335403539, 24.88722230456592 ], [ 84.939636202529655, 24.878055615176393 ], [ 84.942253096640854, 24.870027461835242 ], [ 84.945220963766971, 24.838945465514442 ], [ 84.945030262758877, 24.837554992455352 ], [ 84.943000780672634, 24.823360524852173 ], [ 84.936058054377611, 24.812305536382404 ], [ 84.935668903361076, 24.808305729212435 ], [ 84.935111920337405, 24.802415921962151 ], [ 84.935279752344528, 24.800388329875993 ], [ 84.937614469443744, 24.771139066633072 ], [ 84.933113056252466, 24.754833279940172 ], [ 84.932052577207401, 24.750972765776122 ], [ 84.930946360160391, 24.742416357412527 ], [ 84.930641125147417, 24.740028342311049 ], [ 84.931503343184062, 24.717027608333655 ], [ 84.933280888259588, 24.714250631215648 ], [ 84.937835599453138, 24.711416198095204 ], [ 84.943336444686892, 24.710443415053867 ], [ 84.946502761821449, 24.707445118926458 ], [ 84.951721241043202, 24.683916129926615 ], [ 84.948165961892116, 24.651056210530264 ], [ 84.943748464704399, 24.639333674032123 ], [ 84.94316861267977, 24.638334241989654 ], [ 84.933196972256027, 24.62180524628727 ], [ 84.931335511176925, 24.611917521867099 ], [ 84.928192063043355, 24.605667102601494 ], [ 84.918281469622201, 24.59572211117889 ], [ 84.913391094414393, 24.584638583707907 ], [ 84.913024812398831, 24.578750666457704 ], [ 84.918113637615079, 24.56936076805869 ], [ 84.917724675598549, 24.562389313762445 ], [ 84.898277330772146, 24.5492781942053 ] ] ] } },
{ "type": "Feature", "properties": { "F_CODE_DES": "River/Stream", "HYC_DESCRI": "Non-Perennial/Intermittent/Fluctuating", "NAM": "UNK", "ISO": "IND", "NAME_0": "India" }, "geometry": { "type": "MultiLineString", "coordinates": [ [ [ 85.222084051532022, 24.482416228364063 ], [ 85.226806594732693, 24.48694429055648 ], [ 85.225974994697353, 24.489500137665086 ], [ 85.209136983981836, 24.507165968415777 ], [ 85.206497220869664, 24.51230620163421 ], [ 85.203002988721181, 24.527778687291697 ], [ 85.200080859597008, 24.531860331465143 ], [ 85.191917382250111, 24.536888109678792 ], [ 85.19094081920862, 24.538055373728398 ], [ 85.186996389040999, 24.542694000925508 ], [ 85.184219411922996, 24.56005478566324 ], [ 85.179862961737868, 24.569415956061036 ], [ 85.166664146176998, 24.585750659755163 ], [ 85.164253262074553, 24.587778062841316 ], [ 85.154693641668317, 24.59572211117889 ], [ 85.146141013304884, 24.604833612566075 ], [ 85.138305639971932, 24.613166811920188 ], [ 85.125862068443155, 24.622917133334518 ], [ 85.123474053341681, 24.628444627569401 ], [ 85.126083387452553, 24.64086155009705 ], [ 85.125831639441856, 24.649084184446462 ], [ 85.110443069787934, 24.679805757751947 ], [ 85.103691044501019, 24.686695186044709 ], [ 85.096641533201449, 24.687221551067076 ], [ 85.091697670991365, 24.68758386408247 ], [ 85.083030697623073, 24.691972822268973 ], [ 85.078308154422388, 24.696722014470787 ], [ 85.0712508941225, 24.710166908042115 ], [ 85.070968717110503, 24.716917043328955 ], [ 85.077308722379925, 24.739999803309836 ], [ 85.082138050585144, 24.748138521655683 ], [ 85.094947904129484, 24.75294498085993 ], [ 85.108695953713692, 24.766582465439441 ], [ 85.112083400857642, 24.772638403696785 ], [ 85.10977930175973, 24.781749716083961 ], [ 85.110191321777236, 24.785833439257495 ], [ 85.110664388797346, 24.790611359460527 ], [ 85.105079627560016, 24.797889749769816 ], [ 85.097389217233228, 24.813028272413113 ], [ 85.094558753112949, 24.81986043370344 ], [ 85.094665538117482, 24.824499060900557 ], [ 85.104110624518839, 24.832944904259453 ], [ 85.113693302926052, 24.846471823834268 ], [ 85.124557401387705, 24.854473139174274 ], [ 85.128669663562462, 24.862388648510638 ], [ 85.128364617549494, 24.868305293762059 ], [ 85.130058246621459, 24.871444772895469 ], [ 85.136138943879857, 24.874471608024091 ], [ 85.141746574118145, 24.885334005485682 ], [ 85.147613512367457, 24.888860745635547 ], [ 85.153945957636552, 24.892694421798453 ], [ 85.155693073710793, 24.897498991002621 ], [ 85.155441325700096, 24.905721625352033 ], [ 85.158638071835938, 24.913055392663672 ], [ 85.171302773374109, 24.928832924334124 ], [ 85.185195974964486, 24.928943678338833 ], [ 85.201637274663156, 24.93936154778153 ], [ 85.213554292169547, 24.95197295131744 ], [ 85.218170239365705, 24.951860496312662 ] ] ] } },
{ "type": "Feature", "properties": { "F_CODE_DES": "River/Stream", "HYC_DESCRI": "Non-Perennial/Intermittent/Fluctuating", "NAM": "UNK", "ISO": "IND", "NAME_0": "India" }, "geometry": { "type": "MultiLineString", "coordinates": [ [ [ 85.282935668853924, 24.516374471676933 ], [ 85.282913137116893, 24.51650048981244 ], [ 85.271553102634158, 24.522666993074481 ], [ 85.266250518408825, 24.531444531447477 ], [ 85.250389070734812, 24.533056323515964 ], [ 85.243141109426816, 24.537860892720133 ], [ 85.240028468294554, 24.542778105929084 ], [ 85.237556537189505, 24.562471339765928 ], [ 85.234863287075058, 24.565471714893427 ], [ 85.22914131183191, 24.567083317961909 ], [ 85.225364713671425, 24.572027180171997 ], [ 85.224746683645165, 24.575611187324295 ], [ 85.226860081734969, 24.585277592735061 ], [ 85.222557118552118, 24.597610410259129 ], [ 85.225280797667864, 24.604110687535353 ], [ 85.229553142849412, 24.609277758754924 ], [ 85.234695455067921, 24.612138840876504 ], [ 85.240364132308812, 24.62508382942659 ], [ 85.250946053758483, 24.633499054784188 ], [ 85.251998972803221, 24.63811103298017 ], [ 85.24816888764046, 24.650028239486581 ], [ 85.248748739665103, 24.651971726569165 ], [ 85.24891657167224, 24.652526819592754 ], [ 85.258056612060642, 24.657388655799352 ], [ 85.259307792113802, 24.661167143959915 ], [ 85.252555766826887, 24.67713934563864 ], [ 85.245361292521167, 24.684473112950283 ], [ 85.245224078515335, 24.687221551067076 ], [ 85.249694873705309, 24.691139143233549 ], [ 85.250503604739677, 24.694723150385848 ], [ 85.247947757631067, 24.702999082737527 ], [ 85.25375364887779, 24.71341714118023 ], [ 85.267303437453577, 24.727693634786899 ], [ 85.269973818567053, 24.732694574999407 ], [ 85.268554617506737, 24.74074937734169 ], [ 85.274169996745357, 24.760084078163302 ], [ 85.279747008982355, 24.77933316198127 ], [ 85.294670071616494, 24.792083669523095 ], [ 85.303306615983487, 24.804750450061356 ], [ 85.307418878158245, 24.819221424676286 ], [ 85.319885318687994, 24.836471644409318 ], [ 85.319168063657514, 24.852111773073929 ], [ 85.320442112711646, 24.857360870296986 ], [ 85.325027441906499, 24.864000251579121 ], [ 85.331527719182731, 24.869638499818713 ], [ 85.333084134248864, 24.87100024487658 ], [ 85.355140624186134, 24.882944100384123 ], [ 85.369163479782017, 24.888749991630839 ], [ 85.378250033168143, 24.890638290711081 ], [ 85.382469269347439, 24.893499372832657 ], [ 85.388473421602583, 24.909416197509032 ], [ 85.392555254776028, 24.914388598720329 ], [ 85.414863492723995, 24.926111135218466 ] ] ] } },
{ "type": "Feature", "properties": { "F_CODE_DES": "River/Stream", "HYC_DESCRI": "Perennial/Permanent", "NAM": "UNK", "ISO": "IND", "NAME_0": "India" }, "geometry": { "type": "MultiLineString", "coordinates": [ [ [ 84.599723846085396, 24.470582937861217 ], [ 84.603973322265972, 24.465249924634598 ], [ 84.606780917385279, 24.455499603220265 ], [ 84.604362473282507, 24.449638334971198 ], [ 84.599914547093505, 24.446527394838999 ], [ 84.593635588826686, 24.444749849763465 ], [ 84.58611301050702, 24.436222169401088 ], [ 84.583808911409108, 24.413055493416643 ], [ 84.574828626416604, 24.409133728721596 ] ], [ [ 84.566631460906464, 24.391947847254567 ], [ 84.564941418607347, 24.391027542480586 ], [ 84.558250440323022, 24.390722307467612 ], [ 84.549697811959589, 24.378000338927006 ], [ 84.543914789713838, 24.377361329899852 ], [ 84.537719747450595, 24.376722320872695 ], [ 84.5372668384977, 24.37618884638491 ] ] ] } },
{ "type": "Feature", "properties": { "F_CODE_DES": "River/Stream", "HYC_DESCRI": "Non-Perennial/Intermittent/Fluctuating", "NAM": "UNK", "ISO": "IND", "NAME_0": "India" }, "geometry": { "type": "MultiLineString", "coordinates": [ [ [ 84.324352627373955, 24.419156115355516 ], [ 84.329330417595273, 24.420028648712957 ], [ 84.33195893924146, 24.420495471616245 ] ], [ [ 84.332340572853269, 24.420563249376769 ], [ 84.33433532680796, 24.42091751575073 ], [ 84.344970735259892, 24.420833599747166 ], [ 84.366111709158261, 24.420639118738901 ], [ 84.375274618547635, 24.418582987651526 ], [ 84.380142124754471, 24.419361100684593 ], [ 84.386169524010597, 24.42263798282384 ], [ 84.410835348058754, 24.423528739861695 ], [ 84.419830236440987, 24.425277745936015 ], [ 84.435417256103335, 24.420166051718798 ], [ 84.43958281628035, 24.420944164751866 ], [ 84.443389843442134, 24.428277932063505 ], [ 84.448524406660312, 24.431972504220504 ], [ 84.456581099002676, 24.436500566412917 ], [ 84.462448037251988, 24.439777448552167 ], [ 84.466468823422844, 24.442028060647804 ], [ 84.47272491268869, 24.444026924732746 ], [ 84.488052435340023, 24.43913843952501 ], [ 84.49624634168822, 24.434360519321977 ], [ 84.501052800892467, 24.434139200312572 ], [ 84.515586901510076, 24.433416275281854 ], [ 84.521835241775591, 24.43522254835861 ], [ 84.531280517176967, 24.443944898729256 ], [ 84.537307727433074, 24.449499041965275 ], [ 84.541030838591297, 24.45113937303498 ], [ 84.553642242127196, 24.448389044918109 ], [ 84.557807991304216, 24.449361827959446 ], [ 84.579940837244735, 24.458610543352464 ], [ 84.586051963504417, 24.462638889523642 ], [ 84.594139084848081, 24.467945064749124 ], [ 84.598968413053299, 24.468915957790379 ], [ 84.599723846085396, 24.470582937861217 ] ] ] } },
{ "type": "Feature", "properties": { "F_CODE_DES": "River/Stream", "HYC_DESCRI": "Perennial/Permanent", "NAM": "UNK", "ISO": "IND", "NAME_0": "India" }, "geometry": { "type": "MultiLineString", "coordinates": [ [ [ 84.52980144261781, 24.376438685637023 ], [ 84.528030473038854, 24.376028123843199 ], [ 84.518142748618686, 24.365028323375771 ], [ 84.506805394136919, 24.361610447230532 ], [ 84.495109506639906, 24.352750693854045 ], [ 84.488891595375677, 24.351804748813848 ], [ 84.48191825107935, 24.348333385666336 ], [ 84.449554456704092, 24.340833676347643 ], [ 84.437332204184713, 24.339555658293335 ], [ 84.42502313564195, 24.335976681367463 ] ] ] } },
{ "type": "Feature", "properties": { "F_CODE_DES": "River/Stream", "HYC_DESCRI": "Perennial/Permanent", "NAM": "UNK", "ISO": "IND", "NAME_0": "India" }, "geometry": { "type": "MultiLineString", "coordinates": [ [ [ 84.863386726212056, 24.455812538816662 ], [ 84.870163012577464, 24.459083610372566 ], [ 84.872802775689635, 24.464527188603881 ], [ 84.873748720729836, 24.485389765490417 ], [ 84.877082869871515, 24.489555325667432 ], [ 84.881279048049819, 24.491805937763068 ], [ 84.904914822054209, 24.497667395012144 ], [ 84.907775904175779, 24.500165975118321 ], [ 84.911499015333987, 24.50344474725765 ], [ 84.918441741629024, 24.514694216735684 ], [ 84.921523953759987, 24.528305052314067 ], [ 84.923332305836837, 24.536333016655206 ], [ 84.929107579082256, 24.546361924081374 ], [ 84.934082059293644, 24.552360595336282 ], [ 84.948196390893415, 24.563693980817884 ], [ 84.977668674145818, 24.581666936581627 ], [ 84.980056689247292, 24.584777876713826 ], [ 84.982917771368861, 24.598667109304035 ], [ 84.986053470502114, 24.603860829524738 ], [ 84.998306341022783, 24.614805252989811 ], [ 84.999999970094763, 24.618110674130271 ], [ 85.004112232269506, 24.626083450469068 ], [ 85.004585299289602, 24.645694658302428 ], [ 84.999999970094763, 24.659276954879594 ], [ 84.995109594886941, 24.673750008494615 ], [ 84.995697006911911, 24.691804801261835 ], [ 84.996803223958921, 24.706417147882775 ], [ 84.999999970094763, 24.711526952099909 ], [ 85.010749723551555, 24.728721605830579 ], [ 85.013221654656604, 24.735416364115068 ] ] ] } },
{ "type": "Feature", "properties": { "F_CODE_DES": "River/Stream", "HYC_DESCRI": "Perennial/Permanent", "NAM": "UNK", "ISO": "IND", "NAME_0": "India" }, "geometry": { "type": "MultiLineString", "coordinates": [ [ [ 84.505668559088605, 24.268194169260894 ], [ 84.505999218524394, 24.269860401161736 ] ], [ [ 84.50654586073604, 24.272614995747102 ], [ 84.506919928141784, 24.274499965528854 ], [ 84.510511374767461, 24.280550831843239 ] ], [ [ 84.510683680687023, 24.280841132714482 ], [ 84.511873247260908, 24.282845313497546 ] ], [ [ 84.512413679087103, 24.283755832592838 ], [ 84.515724115515908, 24.289333253159178 ], [ 84.515034102700724, 24.290698858199214 ] ], [ [ 84.510517638459589, 24.303632959194125 ], [ 84.510498076293828, 24.303749039771766 ], [ 84.510760969509334, 24.305908435374988 ] ], [ [ 84.511935787735339, 24.315558350862119 ], [ 84.512138407363537, 24.317222661344314 ], [ 84.520751893729553, 24.321721995535512 ], [ 84.521399707129973, 24.323047783631392 ] ], [ [ 84.529034236808073, 24.334801939326926 ], [ 84.529100275758665, 24.343224361520864 ] ], [ [ 84.535191205350301, 24.359600989852446 ], [ 84.535985298170388, 24.362542340446776 ] ] ] } },
{ "type": "Feature", "properties": { "F_CODE_DES": "River/Stream", "HYC_DESCRI": "Perennial/Permanent", "NAM": "UNK", "ISO": "IND", "NAME_0": "India" }, "geometry": { "type": "MultiLineString", "coordinates": [ [ [ 84.514747552474404, 24.262971910038978 ], [ 84.513107221404709, 24.261749268987025 ], [ 84.508781389220886, 24.262666675026008 ], [ 84.505668559088605, 24.268194169260894 ] ] ] } },
{ "type": "Feature", "properties": { "F_CODE_DES": "River/Stream", "HYC_DESCRI": "Perennial/Permanent", "NAM": "UNK", "ISO": "IND", "NAME_0": "India" }, "geometry": { "type": "MultiLineString", "coordinates": [ [ [ 84.505668559088605, 24.268194169260894 ], [ 84.504277899718119, 24.267979961854344 ] ] ] } },
{ "type": "Feature", "properties": { "F_CODE_DES": "River/Stream", "HYC_DESCRI": "Perennial/Permanent", "NAM": "UNK", "ISO": "IND", "NAME_0": "India" }, "geometry": { "type": "MultiLineString", "coordinates": [ [ [ 84.514747552474404, 24.262971910038978 ], [ 84.518647495956941, 24.266271589594158 ] ] ] } },
{ "type": "Feature", "properties": { "F_CODE_DES": "River/Stream", "HYC_DESCRI": "Perennial/Permanent", "NAM": "UNK", "ISO": "IND", "NAME_0": "India" }, "geometry": { "type": "MultiLineString", "coordinates": [ [ [ 84.514747552474404, 24.262971910038978 ], [ 84.518166361737073, 24.259728925934308 ] ] ] } },
{ "type": "Feature", "properties": { "F_CODE_DES": "River/Stream", "HYC_DESCRI": "Perennial/Permanent", "NAM": "UNK", "ISO": "IND", "NAME_0": "India" }, "geometry": { "type": "MultiLineString", "coordinates": [ [ [ 85.453941323384569, 24.885278628483327 ], [ 85.459053017601789, 24.902471581213923 ], [ 85.460807882676363, 24.914249494714419 ], [ 85.464111413816738, 24.917139115837209 ], [ 85.475692767308885, 24.918138547879678 ] ] ] } },
{ "type": "Feature", "properties": { "F_CODE_DES": "River/Stream", "HYC_DESCRI": "Perennial/Permanent", "NAM": "UNK", "ISO": "IND", "NAME_0": "India" }, "geometry": { "type": "MultiLineString", "coordinates": [ [ [ 85.489051854876564, 24.945444135040006 ], [ 85.487609784815291, 24.937694567710693 ], [ 85.476112347326719, 24.924444155147629 ], [ 85.474830549272241, 24.919834066951729 ], [ 85.475692767308885, 24.918138547879678 ] ] ] } },
{ "type": "Feature", "properties": { "F_CODE_DES": "River/Stream", "HYC_DESCRI": "Perennial/Permanent", "NAM": "UNK", "ISO": "IND", "NAME_0": "India" }, "geometry": { "type": "MultiLineString", "coordinates": [ [ [ 85.453941323384569, 24.885278628483327 ], [ 85.446304400060058, 24.884195280437289 ], [ 85.439552374773129, 24.874860759040629 ], [ 85.415412915747353, 24.863388080553108 ], [ 85.4122772166141, 24.858417569341889 ], [ 85.410774288550229, 24.84577743780476 ], [ 85.407447888408882, 24.842472016664299 ] ] ] } },
{ "type": "Feature", "properties": { "F_CODE_DES": "River/Stream", "HYC_DESCRI": "Perennial/Permanent", "NAM": "UNK", "ISO": "IND", "NAME_0": "India" }, "geometry": { "type": "MultiLineString", "coordinates": [ [ [ 85.414863492723995, 24.926111135218466 ], [ 85.409141517480847, 24.904083184282406 ], [ 85.406776371380346, 24.901582714176154 ], [ 85.403053260222137, 24.901056349153784 ], [ 85.402030959178688, 24.897693661010891 ], [ 85.406997690389744, 24.876693681118518 ], [ 85.407447888408882, 24.842472016664299 ] ] ] } },
{ "type": "Feature", "properties": { "F_CODE_DES": "River/Stream", "HYC_DESCRI": "Perennial/Permanent", "NAM": "UNK", "ISO": "IND", "NAME_0": "India" }, "geometry": { "type": "MultiLineString", "coordinates": [ [ [ 85.455329906443581, 24.819833784702308 ], [ 85.462943960767134, 24.826610568990283 ], [ 85.472526639174347, 24.8466396558414 ], [ 85.472251833162659, 24.861415865469301 ], [ 85.478332530421056, 24.880056369261411 ], [ 85.472526639174347, 24.895610880922384 ], [ 85.472221404161374, 24.9015273371738 ], [ 85.477668762392852, 24.914054824706142 ], [ 85.475692767308885, 24.918138547879678 ] ] ] } },
{ "type": "Feature", "properties": { "F_CODE_DES": "River/Stream", "HYC_DESCRI": "Non-Perennial/Intermittent/Fluctuating", "NAM": "UNK", "ISO": "IND", "NAME_0": "India" }, "geometry": { "type": "MultiLineString", "coordinates": [ [ [ 85.453941323384569, 24.885278628483327 ], [ 85.453140341350533, 24.880666650287345 ], [ 85.46133424769873, 24.843526825709123 ], [ 85.455329906443581, 24.819833784702308 ] ] ] } },
{ "type": "Feature", "properties": { "F_CODE_DES": "River/Stream", "HYC_DESCRI": "Perennial/Permanent", "NAM": "UNK", "ISO": "IND", "NAME_0": "India" }, "geometry": { "type": "MultiLineString", "coordinates": [ [ [ 85.455329906443581, 24.819833784702308 ], [ 85.453224257354108, 24.810167379291542 ], [ 85.447471664109656, 24.802917527983467 ], [ 85.447364879105123, 24.799110500821691 ], [ 85.451774627292508, 24.791833811512475 ], [ 85.451057372262028, 24.774333922768832 ], [ 85.441970818875902, 24.763555441310814 ], [ 85.440391534808796, 24.756221862999176 ], [ 85.441307050847698, 24.748167060656897 ], [ 85.448555012155694, 24.726278213726751 ], [ 85.44813543213786, 24.71994406745759 ], [ 85.440307618805221, 24.704500120801313 ], [ 85.440391534808796, 24.702194131703322 ], [ 85.440414403809768, 24.700277293621866 ] ] ] } },
{ "type": "Feature", "properties": { "F_CODE_DES": "River/Stream", "HYC_DESCRI": "Non-Perennial/Intermittent/Fluctuating", "NAM": "UNK", "ISO": "IND", "NAME_0": "India" }, "geometry": { "type": "MultiLineString", "coordinates": [ [ [ 86.178192189160953, 24.613500585934368 ], [ 86.153968814131602, 24.620555956234181 ], [ 86.135498032346703, 24.634166791812561 ], [ 86.12433625887239, 24.637861174969551 ], [ 86.118178852031363, 24.645398729106351 ] ], [ [ 86.039436908352727, 24.739528627366699 ], [ 86.038917516242591, 24.740777916342903 ], [ 86.042579580398211, 24.746360787580141 ], [ 86.04822538863813, 24.749360973707631 ], [ 86.056304949981467, 24.756526909012141 ], [ 86.058891226091362, 24.764473036349806 ], [ 86.058776881086501, 24.765138694378091 ], [ 86.058197789888723, 24.768552565196373 ] ], [ [ 86.058478621686717, 24.771433825076731 ], [ 86.060913148177278, 24.776666560867959 ], [ 86.071441582624672, 24.787776926340079 ], [ 86.072585977673313, 24.800611538885477 ], [ 86.07783507489637, 24.805749882103825 ], [ 86.086585964268224, 24.811416669344631 ], [ 86.092193594506512, 24.813360156427215 ], [ 86.096107406672829, 24.813028272413113 ], [ 86.097808784745126, 24.814666713482737 ], [ 86.102775515956182, 24.811582611351682 ], [ 86.108718810208742, 24.816472986559496 ], [ 86.11380763542499, 24.809583747266743 ], [ 86.129386906087007, 24.805334082086155 ], [ 86.13858024447768, 24.797889749769816 ], [ 86.148551884901408, 24.798026963775648 ], [ 86.150642413990241, 24.79874988880637 ], [ 86.164001501557919, 24.803472432007048 ], [ 86.169746345802054, 24.803304599999915 ], [ 86.174529936005328, 24.800638187886609 ], [ 86.177528421132735, 24.800556161883122 ], [ 86.183113182370064, 24.808639503226615 ], [ 86.187972939576568, 24.80891601023837 ], [ 86.197746318991875, 24.803972337028291 ], [ 86.199859528081674, 24.804777099062488 ], [ 86.205474907320294, 24.813667281440267 ], [ 86.214080833685998, 24.815111241501626 ], [ 86.215362631740476, 24.818027511625552 ], [ 86.208663904455818, 24.83175080220871 ], [ 86.216056828769965, 24.838054708476591 ], [ 86.225334083164199, 24.859111766371392 ], [ 86.22844691329648, 24.863666477564941 ], [ 86.231445398423887, 24.868028597750303 ] ] ] } },
{ "type": "Feature", "properties": { "F_CODE_DES": "River/Stream", "HYC_DESCRI": "Non-Perennial/Intermittent/Fluctuating", "NAM": "UNK", "ISO": "IND", "NAME_0": "India" }, "geometry": { "type": "MultiLineString", "coordinates": [ [ [ 85.591636712235811, 24.605472621593229 ], [ 85.57519522353715, 24.610500399806881 ], [ 85.547721804369687, 24.626388496482029 ], [ 85.544975256252982, 24.626443873484384 ], [ 85.529777576607174, 24.635665939876269 ], [ 85.528053329533904, 24.640777634093482 ], [ 85.527275027500821, 24.645666119301215 ], [ 85.532974322743016, 24.658193606833557 ], [ 85.532669087730042, 24.6805553317838 ], [ 85.536392198888251, 24.695333431411782 ], [ 85.537635818941098, 24.700277293621866 ], [ 85.536720302902197, 24.708528466972492 ], [ 85.539276150010807, 24.716693834319472 ], [ 85.55486298067315, 24.744611781505817 ], [ 85.571304280371805, 24.769750672574073 ], [ 85.571586646383807, 24.787250561317713 ], [ 85.575363244544292, 24.798360737789832 ], [ 85.575805693563083, 24.805084224075539 ], [ 85.572608947427241, 24.812305536382404 ], [ 85.567779619222023, 24.823223121846333 ], [ 85.566917401185393, 24.837861928468399 ], [ 85.56669608217598, 24.841611877627749 ], [ 85.562721223007074, 24.863471996556676 ], [ 85.559524476871232, 24.872612036945071 ], [ 85.55549613070005, 24.877361229146885 ], [ 85.541473464104172, 24.880666650287345 ], [ 85.536697433901224, 24.883083393390041 ], [ 85.535224934838652, 24.888416217616655 ], [ 85.536582899896359, 24.895139703902366 ], [ 85.535774168861991, 24.899804980100612 ], [ 85.53072352164736, 24.900749224140736 ], [ 85.524719180392211, 24.908722000479528 ], [ 85.520164469198662, 24.912000583618852 ], [ 85.516609190047589, 24.912611053644792 ], [ 85.514663623964921, 24.912971476660108 ], [ 85.505668546582683, 24.921833120036673 ], [ 85.499946571339521, 24.924305051141719 ], [ 85.49208076900527, 24.924694013158245 ], [ 85.489196817882728, 24.928361936314111 ], [ 85.489692753903796, 24.930444716402619 ], [ 85.496971144213092, 24.933444902530105 ], [ 85.489051854876564, 24.945444135040006 ] ] ] } },
{ "type": "Feature", "properties": { "F_CODE_DES": "River/Stream", "HYC_DESCRI": "Perennial/Permanent", "NAM": "UNK", "ISO": "IND", "NAME_0": "India" }, "geometry": { "type": "MultiLineString", "coordinates": [ [ [ 85.440414403809768, 24.700277293621866 ], [ 85.461418163702291, 24.682472169865253 ], [ 85.479553281472931, 24.671916897416715 ], [ 85.488357468847056, 24.66433327209446 ], [ 85.499473504319425, 24.649278665454727 ], [ 85.509109480728895, 24.639778202051012 ], [ 85.517692538093627, 24.633638347790104 ], [ 85.519668533177594, 24.629583352617793 ], [ 85.51889042014453, 24.610834173821061 ], [ 85.522613531302738, 24.607250166668763 ], [ 85.523612963345215, 24.606277383627429 ], [ 85.528915358570529, 24.606166818622729 ], [ 85.53202818870281, 24.60205644644806 ], [ 85.535667383857444, 24.592277586032516 ], [ 85.53910831800367, 24.592193670028955 ], [ 85.542968832167716, 24.597805080267406 ], [ 85.562767504848381, 24.590680051417227 ] ] ] } },
{ "type": "Feature", "properties": { "F_CODE_DES": "River/Stream", "HYC_DESCRI": "Perennial/Permanent", "NAM": "UNK", "ISO": "IND", "NAME_0": "India" }, "geometry": { "type": "MultiLineString", "coordinates": [ [ [ 85.510720989950272, 24.53179549234919 ], [ 85.50577850474086, 24.541574197603403 ] ], [ [ 85.503505000217089, 24.545040393249099 ], [ 85.502281099438733, 24.546222631075455 ], [ 85.501517318484687, 24.546275676213405 ] ], [ [ 85.492524539281447, 24.551301340785546 ], [ 85.495864927166082, 24.563693980817884 ], [ 85.494392428103509, 24.568777136033887 ], [ 85.492141816007873, 24.569889023081139 ], [ 85.489250115884985, 24.566583601940678 ], [ 85.486724886777679, 24.566444308934756 ], [ 85.485641538731642, 24.568582466025617 ], [ 85.488555918855496, 24.573999395255804 ], [ 85.494224596096373, 24.578277599437602 ], [ 85.495193410137546, 24.580804907544998 ], [ 85.490890446954694, 24.591249425988828 ], [ 85.491638130986473, 24.60113904040908 ], [ 85.489669884902824, 24.604999554573126 ], [ 85.485778752737474, 24.606138279621518 ], [ 85.484001207661947, 24.6089171467396 ], [ 85.485137853710242, 24.616500772061862 ], [ 85.483169607626607, 24.61969373819754 ], [ 85.473335181208697, 24.623306284351052 ], [ 85.468246544992468, 24.631471651698035 ], [ 85.46483603984754, 24.632389057737019 ], [ 85.461585995709427, 24.640054709062763 ], [ 85.45633689848637, 24.642305321158403 ], [ 85.452552740325572, 24.647443853376757 ], [ 85.451164157266561, 24.654861536691968 ], [ 85.448280395144025, 24.660861908946945 ], [ 85.446357698062315, 24.664888365118045 ], [ 85.441085731838285, 24.690361030200485 ], [ 85.440414403809768, 24.700277293621866 ] ] ] } },
{ "type": "Feature", "properties": { "F_CODE_DES": "River/Stream", "HYC_DESCRI": "Perennial/Permanent", "NAM": "UNK", "ISO": "IND", "NAME_0": "India" }, "geometry": { "type": "MultiLineString", "coordinates": [ [ [ 86.239753649776944, 24.952638609345726 ], [ 86.238586385727345, 24.945722532051832 ], [ 86.239608686770779, 24.942083336897191 ], [ 86.244277931969194, 24.936666407667005 ], [ 86.242530815894952, 24.926389721230304 ], [ 86.236251857628133, 24.918750718905692 ], [ 86.235137891580806, 24.91413874070971 ], [ 86.238418553720209, 24.902000404193902 ], [ 86.233276430501704, 24.893722581842145 ], [ 86.234695442562, 24.888389568615523 ] ] ] } },
{ "type": "Feature", "properties": { "F_CODE_DES": "River/Stream", "HYC_DESCRI": "Perennial/Permanent", "NAM": "UNK", "ISO": "IND", "NAME_0": "India" }, "geometry": { "type": "MultiLineString", "coordinates": [ [ [ 86.243225012924455, 24.874000620004075 ], [ 86.238304208715348, 24.879222879225992 ], [ 86.234695442562, 24.888389568615523 ] ] ] } },
{ "type": "Feature", "properties": { "F_CODE_DES": "River/Stream", "HYC_DESCRI": "Perennial/Permanent", "NAM": "UNK", "ISO": "IND", "NAME_0": "India" }, "geometry": { "type": "MultiLineString", "coordinates": [ [ [ 86.234695442562, 24.888389568615523 ], [ 86.22785950127151, 24.87847141519406 ], [ 86.231445398423887, 24.868028597750303 ] ] ] } },
{ "type": "Feature", "properties": { "F_CODE_DES": "River/Stream", "HYC_DESCRI": "Perennial/Permanent", "NAM": "UNK", "ISO": "IND", "NAME_0": "India" }, "geometry": { "type": "MultiLineString", "coordinates": [ [ [ 86.283165061621673, 24.820028265710572 ], [ 86.28333289362881, 24.838193812482501 ], [ 86.277030877361, 24.849361444957061 ], [ 86.267440827953479, 24.859556105390272 ], [ 86.26288611675993, 24.861583697476433 ], [ 86.257362402525217, 24.861972848492968 ], [ 86.243225012924455, 24.874000620004075 ] ] ] } },
{ "type": "Feature", "properties": { "F_CODE_DES": "River/Stream", "HYC_DESCRI": "Perennial/Permanent", "NAM": "UNK", "ISO": "IND", "NAME_0": "India" }, "geometry": { "type": "MultiLineString", "coordinates": [ [ [ 86.243225012924455, 24.874000620004075 ], [ 86.242164533879389, 24.870666470862396 ], [ 86.247779913118009, 24.865638692648744 ], [ 86.250526461234728, 24.858360302339456 ], [ 86.255027685426001, 24.854639081181325 ], [ 86.260749849669153, 24.853221959121107 ], [ 86.263420041782624, 24.843416260704423 ], [ 86.269554226043297, 24.834388675320803 ], [ 86.283165061621673, 24.820028265710572 ] ] ] } },
{ "type": "Feature", "properties": { "F_CODE_DES": "River/Stream", "HYC_DESCRI": "Non-Perennial/Intermittent/Fluctuating", "NAM": "UNK", "ISO": "IND", "NAME_0": "India" }, "geometry": { "type": "MultiLineString", "coordinates": [ [ [ 86.219139040900941, 24.715110770252203 ], [ 86.220108043942119, 24.729860330878971 ], [ 86.22286215205915, 24.735916080136302 ], [ 86.231941145444964, 24.74449913750103 ], [ 86.234275862544166, 24.751388565793793 ], [ 86.23308554049359, 24.757333750046428 ], [ 86.235191378583067, 24.764249827340322 ], [ 86.238891620740318, 24.770889208622457 ], [ 86.244857783993837, 24.776638021866745 ], [ 86.246414199059984, 24.781221461061513 ], [ 86.241386420846325, 24.789833057427455 ], [ 86.240692223816822, 24.795972911688363 ], [ 86.244110099962072, 24.8076954481865 ], [ 86.233779926523098, 24.822778782827456 ], [ 86.231803931439131, 24.828945097089488 ], [ 86.231086676408651, 24.831306463189829 ], [ 86.230667096390818, 24.846305881827213 ], [ 86.233253561500732, 24.854028611155385 ], [ 86.231445398423887, 24.868028597750303 ] ] ] } },
{ "type": "Feature", "properties": { "F_CODE_DES": "River/Stream", "HYC_DESCRI": "Perennial/Permanent", "NAM": "UNK", "ISO": "IND", "NAME_0": "India" }, "geometry": { "type": "MultiLineString", "coordinates": [ [ [ 86.283165061621673, 24.820028265710572 ], [ 86.291641144981853, 24.80480582706371 ], [ 86.300193773345285, 24.772666942697995 ], [ 86.299552874318053, 24.767610625483133 ], [ 86.292030295998387, 24.757694173061743 ], [ 86.294944676122242, 24.748750692681696 ], [ 86.291305480967594, 24.737667165210716 ], [ 86.301803675413709, 24.71497147724628 ], [ 86.305725047580339, 24.702167482702187 ], [ 86.309471216739524, 24.689832775178036 ], [ 86.319610689170389, 24.683195094895972 ], [ 86.322441153290669, 24.67824934268581 ], [ 86.322944649312063, 24.666639261192451 ], [ 86.328804027561063, 24.656333846754528 ], [ 86.328666624555211, 24.646194374323663 ], [ 86.331886239692025, 24.639554993041529 ], [ 86.331947286694628, 24.634916365844415 ], [ 86.321334747243654, 24.61580468503228 ], [ 86.320083567190494, 24.606361299630993 ], [ 86.31710814006405, 24.600749889392539 ], [ 86.318443236120785, 24.592666548049046 ], [ 86.316917439055942, 24.58872230688144 ], [ 86.318359320117224, 24.588054569853064 ], [ 86.321914599268297, 24.586444856784663 ], [ 86.322080770104108, 24.586172286543611 ] ], [ [ 86.322890913377449, 24.58484340746438 ], [ 86.323219266323733, 24.584304809693723 ], [ 86.319580071169099, 24.579334298482507 ], [ 86.317840026539002, 24.577916694955231 ] ], [ [ 86.314579317328608, 24.57526021546148 ], [ 86.312838487879134, 24.573841972546735 ] ], [ [ 86.311430285169578, 24.572694718566208 ], [ 86.309112494724289, 24.570806429120122 ], [ 86.306553058788054, 24.569746099547526 ] ] ] } },
{ "type": "Feature", "properties": { "F_CODE_DES": "River/Stream", "HYC_DESCRI": "Perennial/Permanent", "NAM": "UNK", "ISO": "IND", "NAME_0": "India" }, "geometry": { "type": "MultiLineString", "coordinates": [ [ [ 86.335082985827881, 24.52336119010398 ], [ 86.343559258188066, 24.528165759308145 ], [ 86.357307496772279, 24.532388775487597 ], [ 86.369247383279657, 24.531194673436858 ], [ 86.379112238698852, 24.529417128361324 ], [ 86.385917750988057, 24.526445481235044 ], [ 86.407333341898081, 24.512916482660142 ], [ 86.412864616133135, 24.512971859662493 ], [ 86.418525733373698, 24.516166715798256 ], [ 86.42172247950954, 24.515638271775799 ], [ 86.422531210543909, 24.512027804622377 ], [ 86.424751204638241, 24.51005558953857 ], [ 86.449386599685099, 24.509500496514981 ], [ 86.458526640073501, 24.50688927240402 ], [ 86.459503203114991, 24.506805356400456 ], [ 86.478279030912859, 24.504804602315435 ], [ 86.486251807251648, 24.496110979946007 ], [ 86.49858084477556, 24.493389190830349 ], [ 86.502931685936176, 24.495440497118789 ] ] ] } },
{ "type": "Feature", "properties": { "F_CODE_DES": "River/Stream", "HYC_DESCRI": "Perennial/Permanent", "NAM": "UNK", "ISO": "IND", "NAME_0": "India" }, "geometry": { "type": "MultiLineString", "coordinates": [ [ [ 86.311111358809228, 24.471750201910819 ], [ 86.316330027030986, 24.46947294081405 ], [ 86.326614462468015, 24.460527381433916 ], [ 86.336555484890454, 24.455554980222619 ], [ 86.346017783810979, 24.447726409603316 ] ], [ [ 86.355194210957194, 24.436539944386993 ], [ 86.360956863171879, 24.429286082448769 ] ], [ [ 86.368131868057873, 24.421350934298765 ], [ 86.372054978398964, 24.417749497616107 ], [ 86.372550011323057, 24.417503413043434 ] ], [ [ 86.39834099526837, 24.400852607900998 ], [ 86.401439081595157, 24.398308086739707 ] ], [ [ 86.40222267919971, 24.397664502127654 ], [ 86.40441896177424, 24.395860650685961 ], [ 86.408058156928888, 24.387750660341336 ], [ 86.409164373975898, 24.386638584294079 ], [ 86.411613436079961, 24.384250569192602 ], [ 86.418535656711882, 24.380187542460643 ] ], [ [ 86.419162221451856, 24.380002644715635 ], [ 86.424114793342326, 24.379651833854449 ] ], [ [ 86.42547931543433, 24.379555179190817 ], [ 86.42939002083537, 24.379278167981305 ], [ 86.430244648048458, 24.37891534289934 ] ], [ [ 86.443347459835365, 24.370350167701037 ], [ 86.444915804495125, 24.369916997583509 ], [ 86.448502297452279, 24.369931823016138 ] ], [ [ 86.452429085777368, 24.370788025016303 ], [ 86.454696743910745, 24.372583409696816 ], [ 86.456268865569427, 24.372393380770934 ] ] ] } },
{ "type": "Feature", "properties": { "F_CODE_DES": "River/Stream", "HYC_DESCRI": "Perennial/Permanent", "NAM": "UNK", "ISO": "IND", "NAME_0": "India" }, "geometry": { "type": "MultiLineString", "coordinates": [ [ [ 84.778808535695433, 25.131111127929749 ], [ 84.777137775624439, 25.129028347841246 ] ] ] } },
{ "type": "Feature", "properties": { "F_CODE_DES": "River/Stream", "HYC_DESCRI": "Non-Perennial/Intermittent/Fluctuating", "NAM": "UNK", "ISO": "IND", "NAME_0": "India" }, "geometry": { "type": "MultiLineString", "coordinates": [ [ [ 84.704414352534116, 27.015556309007504 ], [ 84.704223651526021, 27.020694652225853 ], [ 84.704055819518885, 27.024805024400521 ], [ 84.704049393518616, 27.024995725408623 ] ] ] } },
{ "type": "Feature", "properties": { "F_CODE_DES": "River/Stream", "HYC_DESCRI": "Perennial/Permanent", "NAM": "UNK", "ISO": "IND", "NAME_0": "India" }, "geometry": { "type": "MultiLineString", "coordinates": [ [ [ 84.805809076842792, 26.975277005295872 ], [ 84.808608922961767, 26.983888601661814 ], [ 84.805915861847339, 26.98986062391559 ], [ 84.807662977921581, 26.993638923076144 ], [ 84.810585107045753, 26.999915991342881 ], [ 84.813613832174454, 27.006389619617973 ], [ 84.81283571914139, 27.013805412933102 ], [ 84.814308218203962, 27.01652720204876 ], [ 84.819443495831422, 27.020260770516661 ] ] ] } },
{ "type": "Feature", "properties": { "F_CODE_DES": "River/Stream", "HYC_DESCRI": "Perennial/Permanent", "NAM": "UNK", "ISO": "IND", "NAME_0": "India" }, "geometry": { "type": "MultiLineString", "coordinates": [ [ [ 84.805809076842792, 26.975277005295872 ], [ 84.803001481723484, 26.975973092325454 ] ] ] } },
{ "type": "Feature", "properties": { "F_CODE_DES": "River/Stream", "HYC_DESCRI": "Perennial/Permanent", "NAM": "UNK", "ISO": "IND", "NAME_0": "India" }, "geometry": { "type": "MultiLineString", "coordinates": [ [ [ 84.5046919960471, 27.213111969402448 ], [ 84.502418514950492, 27.20597268309907 ], [ 84.504303034030571, 27.181638743065022 ], [ 84.502891581970601, 27.170888989608223 ], [ 84.487693713324774, 27.16650003142172 ], [ 84.483612069151334, 27.162527062252892 ], [ 84.488197398346188, 27.155916219971967 ], [ 84.489280746392225, 27.151472073783118 ], [ 84.488723763368554, 27.146194437558847 ], [ 84.492057723510229, 27.135555249106748 ], [ 84.489807111414592, 27.130332989884835 ], [ 84.491417013483002, 27.127971623784489 ], [ 84.49749752174138, 27.125749550690063 ], [ 84.498496953783857, 27.115804748267468 ], [ 84.501251250900893, 27.112388573122303 ], [ 84.501640401917427, 27.108583435960604 ], [ 84.499946583845457, 27.105972211849643 ], [ 84.498252954773491, 27.103361176738687 ], [ 84.500778183880797, 27.100360801611192 ], [ 84.505058278062677, 27.101554903661935 ], [ 84.507141058151177, 27.099416746571073 ], [ 84.507774397178096, 27.096082597429394 ], [ 84.509246896240668, 27.088388407102435 ], [ 84.515167321492243, 27.089137981134286 ], [ 84.515304535498075, 27.083639214900622 ], [ 84.514137271448476, 27.080888697783742 ], [ 84.509109493234817, 27.069166161285604 ], [ 84.509529073252651, 27.066194514159328 ], [ 84.513000436400162, 27.062749800012945 ], [ 84.513778738433231, 27.055139525689555 ], [ 84.517112698574905, 27.056138957732024 ], [ 84.518974348654027, 27.054416600658836 ], [ 84.515335153499379, 27.050693489500624 ], [ 84.519836377690652, 27.039832982039115 ], [ 84.512664772385904, 27.035083789837305 ], [ 84.51152793733759, 27.029527756601205 ], [ 84.510833740308087, 27.026250874461958 ], [ 84.514640767469871, 27.014999325983837 ], [ 84.51836387862808, 27.015556309007504 ], [ 84.522415093800234, 27.016138051032222 ], [ 84.524444575886477, 27.015333099998017 ], [ 84.525222688919541, 27.015028053985056 ], [ 84.537025361421087, 27.003221601483354 ], [ 84.553611813125912, 26.996805240210694 ], [ 84.562469487502312, 26.991388310980504 ], [ 84.570526179844663, 26.981945114579226 ], [ 84.580276501258993, 26.964027346817829 ], [ 84.580474762267428, 26.962360366746992 ], [ 84.576614437103387, 26.957777116552229 ] ] ] } },
{ "type": "Feature", "properties": { "F_CODE_DES": "River/Stream", "HYC_DESCRI": "Perennial/Permanent", "NAM": "UNK", "ISO": "IND", "NAME_0": "India" }, "geometry": { "type": "MultiLineString", "coordinates": [ [ [ 84.415557891259439, 27.012556122880014 ], [ 84.42185971852723, 26.996610570202421 ], [ 84.427307076758709, 26.997999153261429 ], [ 84.429664662858883, 26.99861151328745 ], [ 84.435081403089072, 26.997472788239062 ], [ 84.443443330444396, 26.991832649999388 ], [ 84.452110303812688, 26.989389446895565 ], [ 84.462135242238702, 26.983304969637011 ], [ 84.468696566517508, 26.981306105552072 ], [ 84.4728851846955, 26.96622277091112 ], [ 84.476913530866682, 26.96763800297126 ], [ 84.480110088002519, 26.974361489256967 ], [ 84.482696553112433, 26.974527431264018 ], [ 84.486831684288148, 26.969388899045661 ], [ 84.488166780344883, 26.964916213855599 ], [ 84.483497535146469, 26.955694147463717 ], [ 84.487503012316679, 26.955223159443705 ], [ 84.492027294508929, 26.957695090548746 ], [ 84.492446874526763, 26.961750085721057 ], [ 84.493469175570198, 26.971805642148361 ], [ 84.497276391731987, 26.973667103227463 ], [ 84.501998934932672, 26.973583187223895 ], [ 84.50433346303187, 26.972055500158977 ], [ 84.504913315056513, 26.965499845880402 ], [ 84.510971143313938, 26.962222963741151 ], [ 84.512580856382328, 26.960082916650215 ], [ 84.51152793733759, 26.954610799417679 ], [ 84.514335721456902, 26.953721932379906 ], [ 84.522224392792126, 26.959722493634899 ], [ 84.53028108513449, 26.961999943731676 ], [ 84.531471218185061, 26.962333717745857 ], [ 84.539222675514452, 26.961555415712787 ], [ 84.543914789713838, 26.959194238612447 ], [ 84.548332286901555, 26.956972165518025 ], [ 84.555168228192045, 26.957056081521593 ], [ 84.558746376344089, 26.960388151663182 ], [ 84.569168025786951, 26.961471499709219 ], [ 84.576614437103387, 26.957777116552229 ] ] ] } },
{ "type": "Feature", "properties": { "F_CODE_DES": "River/Stream", "HYC_DESCRI": "Perennial/Permanent", "NAM": "UNK", "ISO": "IND", "NAME_0": "India" }, "geometry": { "type": "MultiLineString", "coordinates": [ [ [ 84.542777954665539, 27.182056433082771 ], [ 84.535247816345546, 27.171833044648338 ], [ 84.533637914277136, 27.161722111218683 ], [ 84.529083203083587, 27.158416690078223 ], [ 84.533226083259635, 27.153694146877541 ], [ 84.533279381261906, 27.143554674446676 ], [ 84.531806882199334, 27.140832885331015 ], [ 84.521469148760033, 27.132972752997006 ], [ 84.528503351058944, 27.117639560345438 ], [ 84.530334383136761, 27.115943852273379 ], [ 84.533226083259635, 27.118415783378424 ], [ 84.53652961440001, 27.117721586348921 ], [ 84.543502769696332, 27.112333385119953 ], [ 84.54483030575274, 27.109556219001945 ], [ 84.543556256698608, 27.104722921796558 ], [ 84.548614463913552, 27.09788887050615 ], [ 84.549415634947593, 27.091304866226366 ], [ 84.544639604744646, 27.087583456068231 ], [ 84.54211418663732, 27.083471382893492 ], [ 84.541946354630198, 27.083194686881733 ], [ 84.541862438626623, 27.07813836966687 ], [ 84.544082621720975, 27.07197186640483 ], [ 84.549026483931058, 27.07125083137419 ], [ 84.550582898997192, 27.066804795185263 ], [ 84.550552280995902, 27.066667581179431 ], [ 84.549529979952453, 27.061111358943322 ], [ 84.552001911057502, 27.056417543743862 ], [ 84.549529979952453, 27.050556275494795 ], [ 84.551330583028971, 27.046722410331878 ], [ 84.565750149641715, 27.048360851401505 ], [ 84.572525043929602, 27.04488948825399 ], [ 84.575447173053774, 27.038278645973069 ], [ 84.577529953142289, 27.024499978387556 ], [ 84.588279706599081, 27.02011102020105 ], [ 84.590225272681764, 27.011417397831622 ], [ 84.586997908544618, 27.003860421510495 ], [ 84.587638807571849, 27.000694293375957 ], [ 84.593277055811441, 26.999527029326352 ], [ 84.594390832858778, 26.992361094021845 ], [ 84.594947815882449, 26.988944918876676 ], [ 84.600501959118461, 26.984611526692532 ], [ 84.599639930081835, 26.976610211352526 ], [ 84.607666004422896, 26.977945307409257 ], [ 84.61552424675682, 26.970193850079866 ], [ 84.615837041770106, 26.968360928001978 ], [ 84.61677542680998, 26.962583575756476 ], [ 84.6291657003365, 26.957721739549875 ], [ 84.630836460407494, 26.946916609090721 ], [ 84.637168905676589, 26.945528026031717 ], [ 84.642112767886672, 26.923694556103925 ], [ 84.646530076074384, 26.921722341020114 ], [ 84.654640255419011, 26.926221864211321 ], [ 84.658164916568794, 26.926361157217237 ], [ 84.664916941855722, 26.921611776015418 ], [ 84.66541287787679, 26.913944234689595 ], [ 84.678169244418854, 26.902778681215125 ], [ 84.685279802721013, 26.893999063842038 ], [ 84.688552904860103, 26.893722556830291 ], [ 84.692001399006642, 26.878665871190471 ], [ 84.695724510164851, 26.876916865116151 ] ] ] } },
{ "type": "Feature", "properties": { "F_CODE_DES": "River/Stream", "HYC_DESCRI": "Perennial/Permanent", "NAM": "UNK", "ISO": "IND", "NAME_0": "India" }, "geometry": { "type": "MultiLineString", "coordinates": [ [ [ 84.576614437103387, 26.957777116552229 ], [ 84.586860694538785, 26.952110329311424 ], [ 84.593330353813712, 26.945444110028149 ], [ 84.601974458181033, 26.930500068393115 ], [ 84.603141722230632, 26.929305966342376 ], [ 84.606109589356748, 26.926221864211321 ], [ 84.613334681663773, 26.922721773062584 ], [ 84.620223920956533, 26.913944234689595 ], [ 84.627029433245724, 26.91275032163886 ], [ 84.629806599363732, 26.910165746529032 ], [ 84.633529710521941, 26.896999438969537 ], [ 84.636306687639944, 26.894638072869196 ], [ 84.642669750910343, 26.894750527873974 ], [ 84.644279463978748, 26.892805150791304 ], [ 84.638748189743694, 26.887416760562331 ], [ 84.648277192148626, 26.881750162321534 ], [ 84.644386248983281, 26.876750923109096 ], [ 84.647193844102588, 26.874805357026421 ], [ 84.64955899020309, 26.874971299033476 ], [ 84.651336724278636, 26.876443798096048 ], [ 84.655525153456622, 26.879943889244778 ], [ 84.674613965267781, 26.879612005230676 ], [ 84.676414568344299, 26.877250639130331 ], [ 84.67566688431252, 26.874526960014592 ], [ 84.678192113419826, 26.872138944913114 ], [ 84.682334993595873, 26.877138184125553 ], [ 84.691444415982971, 26.874444934011105 ], [ 84.695724510164851, 26.876916865116151 ] ] ] } },
{ "type": "Feature", "properties": { "F_CODE_DES": "River/Stream", "HYC_DESCRI": "Perennial/Permanent", "NAM": "UNK", "ISO": "IND", "NAME_0": "India" }, "geometry": { "type": "MultiLineString", "coordinates": [ [ [ 84.903209634217845, 26.970059505581855 ], [ 84.902030870931654, 26.967750457976038 ], [ 84.901107794892425, 26.958278722573546 ], [ 84.90322119298223, 26.948083873140327 ], [ 84.902389592946903, 26.945194252017533 ], [ 84.902336105944627, 26.945028310010482 ], [ 84.901946954928093, 26.94366637595261 ], [ 84.896331764689478, 26.935972185625651 ], [ 84.895973231674233, 26.930889219409654 ], [ 84.901359542903123, 26.919389702920995 ], [ 84.905975301099261, 26.895444913903482 ], [ 84.90291595796927, 26.885555299483229 ], [ 84.90188590792549, 26.882194501340415 ], [ 84.903358406988062, 26.875194508042959 ], [ 84.901863038924517, 26.872110405911904 ], [ 84.89988704384055, 26.8680839497408 ], [ 84.890525873442755, 26.860221927406712 ], [ 84.892776485538391, 26.855333253198971 ], [ 84.883804277157125, 26.844305102730342 ], [ 84.881805413072186, 26.839056005507288 ], [ 84.88671865728098, 26.828193608045702 ], [ 84.891387902479394, 26.826194743960759 ], [ 84.896446298694343, 26.811527209337477 ], [ 84.901916525926794, 26.803388679991635 ], [ 84.907775904175779, 26.802444435951511 ], [ 84.908470101205282, 26.793138453556061 ], [ 84.906501855121647, 26.788084026341281 ], [ 84.908531148207871, 26.785083840213787 ], [ 84.917831460603082, 26.780889552035557 ] ] ] } },
{ "type": "Feature", "properties": { "F_CODE_DES": "River/Stream", "HYC_DESCRI": "Perennial/Permanent", "NAM": "UNK", "ISO": "IND", "NAME_0": "India" }, "geometry": { "type": "MultiLineString", "coordinates": [ [ [ 84.951248174023092, 26.840055437549758 ], [ 84.954635621167043, 26.852666841085664 ], [ 84.953308085110635, 26.855832969220209 ], [ 84.946830676835376, 26.861665698468066 ], [ 84.946914592838951, 26.864833905602694 ], [ 84.956558318248753, 26.874389557008755 ], [ 84.963081275525937, 26.871276915876486 ], [ 84.965774525640384, 26.875249885045314 ], [ 84.965164244614442, 26.879917051243638 ], [ 84.968719523765529, 26.899499909075793 ], [ 84.965614253633575, 26.907583250419286 ], [ 84.968055755737325, 26.912111312611707 ], [ 84.970077100035184, 26.915866398361182 ] ] ] } },
{ "type": "Feature", "properties": { "F_CODE_DES": "River/Stream", "HYC_DESCRI": "Perennial/Permanent", "NAM": "UNK", "ISO": "IND", "NAME_0": "India" }, "geometry": { "type": "MultiLineString", "coordinates": [ [ [ 85.050010695219925, 26.886464389521862 ], [ 85.047996522134326, 26.886499354523348 ], [ 85.049163786183925, 26.884000774417174 ], [ 85.049480739197392, 26.883329446388643 ] ], [ [ 85.031249042422658, 26.85832984832631 ], [ 85.029698260320373, 26.856119051108681 ] ], [ [ 85.028066780172011, 26.853786012596888 ], [ 85.026664658227844, 26.851777974047895 ], [ 85.022392313046296, 26.845582931784641 ], [ 85.021530095009666, 26.844360290732688 ], [ 85.022781464062831, 26.837778176452986 ], [ 85.019859334938658, 26.834888366330187 ], [ 85.022834762065102, 26.830389032138992 ], [ 85.022415182047268, 26.820917107736491 ] ] ] } },
{ "type": "Feature", "properties": { "F_CODE_DES": "River/Stream", "HYC_DESCRI": "Perennial/Permanent", "NAM": "UNK", "ISO": "IND", "NAME_0": "India" }, "geometry": { "type": "MultiLineString", "coordinates": [ [ [ 84.999832138087626, 26.826999694994967 ], [ 84.999999970094763, 26.826944317992613 ], [ 85.022415182047268, 26.820917107736491 ] ] ] } },
{ "type": "Feature", "properties": { "F_CODE_DES": "River/Stream", "HYC_DESCRI": "Perennial/Permanent", "NAM": "UNK", "ISO": "IND", "NAME_0": "India" }, "geometry": { "type": "MultiLineString", "coordinates": [ [ [ 84.951248174023092, 26.840055437549758 ], [ 84.949470439947547, 26.834167520299555 ], [ 84.945388795774107, 26.830862099159091 ], [ 84.938331535474219, 26.831417003182672 ], [ 84.935668903361076, 26.828083043041001 ], [ 84.934860172326708, 26.823472954845101 ], [ 84.936775120408072, 26.815389613501605 ], [ 84.939941437542629, 26.809833580265504 ], [ 84.939475930522846, 26.79969410783464 ], [ 84.929916310116624, 26.793777462583215 ], [ 84.924224763874761, 26.792388879524211 ], [ 84.920135559700995, 26.788473177357815 ], [ 84.917831460603082, 26.780889552035557 ] ] ] } },
{ "type": "Feature", "properties": { "F_CODE_DES": "River/Stream", "HYC_DESCRI": "Perennial/Permanent", "NAM": "UNK", "ISO": "IND", "NAME_0": "India" }, "geometry": { "type": "MultiLineString", "coordinates": [ [ [ 85.174008233788115, 26.869209755919183 ], [ 85.178695697688269, 26.859500892376072 ], [ 85.164054812066112, 26.830862099159091 ], [ 85.15830221882166, 26.827388846011502 ], [ 85.146888697336664, 26.807638156172214 ], [ 85.14135742310161, 26.798027127763802 ], [ 85.141303936099334, 26.797945101760316 ], [ 85.135780410864626, 26.792999349550151 ], [ 85.132698009733645, 26.782472616102829 ], [ 85.13191989670058, 26.7797774759883 ], [ 85.13561257885749, 26.767860458481898 ], [ 85.133003244746604, 26.761693955219858 ] ] ] } },
{ "type": "Feature", "properties": { "F_CODE_DES": "River/Stream", "HYC_DESCRI": "Perennial/Permanent", "NAM": "UNK", "ISO": "IND", "NAME_0": "India" }, "geometry": { "type": "MultiLineString", "coordinates": [ [ [ 85.022415182047268, 26.820917107736491 ], [ 85.098968501300334, 26.801055852892503 ], [ 85.133003244746604, 26.761693955219858 ] ] ] } },
{ "type": "Feature", "properties": { "F_CODE_DES": "River/Stream", "HYC_DESCRI": "Perennial/Permanent", "NAM": "UNK", "ISO": "IND", "NAME_0": "India" }, "geometry": { "type": "MultiLineString", "coordinates": [ [ [ 84.929885881115325, 26.7534161328681 ], [ 84.932639989232356, 26.76055523017147 ], [ 84.931999279205129, 26.763082538278866 ], [ 84.927528295015136, 26.762750654264764 ], [ 84.923248200833257, 26.771083853618872 ], [ 84.918891939648148, 26.775167387792401 ], [ 84.917831460603082, 26.780889552035557 ] ] ] } },
{ "type": "Feature", "properties": { "F_CODE_DES": "River/Stream", "HYC_DESCRI": "Perennial/Permanent", "NAM": "UNK", "ISO": "IND", "NAME_0": "India" }, "geometry": { "type": "MultiLineString", "coordinates": [ [ [ 84.929885881115325, 26.7534161328681 ], [ 84.91014105027628, 26.753805094884626 ], [ 84.906669687128769, 26.756194999986185 ], [ 84.908416803203011, 26.760583958172688 ], [ 84.905502234079165, 26.765722301391037 ], [ 84.903419453990665, 26.767860458481898 ], [ 84.890830919455723, 26.773389842716863 ], [ 84.887138426298819, 26.785722660240936 ], [ 84.883750979154868, 26.791471473485224 ], [ 84.878440834929222, 26.79580505466938 ], [ 84.871192873621226, 26.798276985774422 ], [ 84.858276424072344, 26.809499806251324 ], [ 84.851165865770199, 26.826973045993832 ], [ 84.845558235531897, 26.828750591069365 ], [ 84.84244540539963, 26.827333469009147 ], [ 84.84072115832636, 26.824861537904106 ], [ 84.84024809130625, 26.824222528876952 ], [ 84.831642164940547, 26.827333469009147 ], [ 84.816108632280461, 26.828666675065801 ], [ 84.812690756135225, 26.83252718922985 ], [ 84.803337145737757, 26.835889877372743 ], [ 84.800781298629147, 26.847139346850781 ], [ 84.802497796702085, 26.850055616974707 ], [ 84.795585688408366, 26.856527355249717 ], [ 84.792472858276085, 26.864610696593211 ], [ 84.79235832427122, 26.870306022835226 ], [ 84.791809090247881, 26.870695173851765 ], [ 84.788414083103618, 26.873138376955588 ], [ 84.787246630054, 26.874000594992225 ], [ 84.785278383970365, 26.880167098254262 ], [ 84.792305026268949, 26.888889259624904 ], [ 84.793136626304289, 26.894805904876328 ], [ 84.791473426233622, 26.903694197254026 ], [ 84.793052710300728, 26.911500842585763 ], [ 84.790557910194707, 26.916221684786372 ], [ 84.789665263156778, 26.917888664857209 ], [ 84.790916443209952, 26.921249463000024 ], [ 84.795471154403501, 26.924749365148749 ], [ 84.79636380144143, 26.932971999498157 ], [ 84.805778458841502, 26.942943639921893 ], [ 84.802329964694948, 26.947250383104908 ], [ 84.806030206852199, 26.963443714793026 ], [ 84.808441090954645, 26.966998993944106 ], [ 84.803001481723484, 26.975973092325454 ] ] ] } },
{ "type": "Feature", "properties": { "F_CODE_DES": "River/Stream", "HYC_DESCRI": "Perennial/Permanent", "NAM": "UNK", "ISO": "IND", "NAME_0": "India" }, "geometry": { "type": "MultiLineString", "coordinates": [ [ [ 84.93660728840095, 26.730054786875378 ], [ 84.940750168576997, 26.735250397096163 ], [ 84.940834084580558, 26.739250204266131 ], [ 84.938362153475524, 26.743749538457326 ], [ 84.931358380177898, 26.746610620578906 ], [ 84.928863580071891, 26.74983401571588 ], [ 84.929885881115325, 26.7534161328681 ] ] ] } },
{ "type": "Feature", "properties": { "F_CODE_DES": "River/Stream", "HYC_DESCRI": "Perennial/Permanent", "NAM": "UNK", "ISO": "IND", "NAME_0": "India" }, "geometry": { "type": "MultiLineString", "coordinates": [ [ [ 84.93660728840095, 26.730054786875378 ], [ 84.92771918502325, 26.731472097935608 ], [ 84.922027638781401, 26.729694363860062 ], [ 84.916496364546347, 26.73466676507136 ], [ 84.910835247305783, 26.733917191039509 ], [ 84.908416803203011, 26.730388560889565 ], [ 84.909751899259746, 26.726749365734918 ], [ 84.906387321116782, 26.724721962648765 ], [ 84.902526806952721, 26.730277995884865 ], [ 84.893806535582172, 26.729610447856501 ], [ 84.887664791321185, 26.737749166202349 ], [ 84.885330263221974, 26.7386399232402 ], [ 84.883697492152592, 26.729360589845882 ], [ 84.881805413072186, 26.728776957821083 ], [ 84.878196646918838, 26.735195209093817 ], [ 84.865219150367366, 26.734361719058398 ], [ 84.863639866300261, 26.73694421516814 ], [ 84.865608301383915, 26.740693975327481 ], [ 84.864723214346299, 26.742195202391276 ], [ 84.859970053144323, 26.741027749341669 ], [ 84.856857223012042, 26.738111479217743 ], [ 84.860664439173831, 26.730667146901403 ], [ 84.857833786053533, 26.730083514876601 ], [ 84.854225208900189, 26.732973135999394 ], [ 84.845390403524775, 26.740028317299199 ], [ 84.843498324444369, 26.739860485292063 ], [ 84.84224695539119, 26.737333366184679 ], [ 84.843307434436255, 26.731611201941519 ], [ 84.839668239281607, 26.727249081756156 ], [ 84.835746678114972, 26.730499314894271 ], [ 84.832862915992422, 26.737083508174059 ], [ 84.829528766850743, 26.736305206140987 ], [ 84.823524425595593, 26.731138134921416 ], [ 84.819778445436413, 26.7307777119061 ], [ 84.81819160136898, 26.733360208015842 ], [ 84.825447122677303, 26.742721567413646 ], [ 84.827919053782338, 26.747749345627295 ], [ 84.826553339724299, 26.749666183708747 ], [ 84.817558262342061, 26.74666599758126 ], [ 84.809280439990303, 26.75569528396495 ], [ 84.805694542837927, 26.76316645428243 ], [ 84.79747001848844, 26.7641658863249 ], [ 84.784553568939558, 26.775388706801806 ], [ 84.781112634793345, 26.778417620930515 ], [ 84.774192777499294, 26.775138848791187 ], [ 84.771942165403658, 26.768861780524446 ], [ 84.768386886252571, 26.767639139472493 ], [ 84.765419019126455, 26.771083853618872 ], [ 84.766029300152397, 26.777833988905712 ], [ 84.764000007066159, 26.781888984078027 ], [ 84.760024958897247, 26.785139028216136 ], [ 84.7563857637426, 26.788139403343635 ], [ 84.751220771523123, 26.788444449356597 ], [ 84.749084504432332, 26.787834168330662 ], [ 84.740776064079284, 26.785472802230316 ], [ 84.73758706694376, 26.789556525403853 ], [ 84.736389184892857, 26.798860617799221 ], [ 84.730918957660407, 26.806360327117915 ], [ 84.733665505777125, 26.813694094429557 ], [ 84.731414704681484, 26.81880578864677 ], [ 84.727722211524565, 26.822471632802547 ], [ 84.725082448412394, 26.830333655136638 ], [ 84.726333628465568, 26.833471244269965 ], [ 84.73244475472525, 26.832944879247599 ], [ 84.734443618810189, 26.838611666488404 ], [ 84.735252349844558, 26.839471805524955 ], [ 84.737808196953168, 26.842138217638261 ], [ 84.731330788677909, 26.847333827859046 ], [ 84.727584808518728, 26.848249343897947 ], [ 84.720664951224677, 26.844139160723291 ], [ 84.720085099200034, 26.848806326921618 ], [ 84.722083963284973, 26.854694433171829 ], [ 84.721000615238935, 26.858499570333521 ], [ 84.717056185071328, 26.861944284479904 ], [ 84.707275434655699, 26.866361592667612 ], [ 84.70283506846701, 26.878055590164536 ], [ 84.695724510164851, 26.876916865116151 ] ] ] } },
{ "type": "Feature", "properties": { "F_CODE_DES": "River/Stream", "HYC_DESCRI": "Perennial/Permanent", "NAM": "UNK", "ISO": "IND", "NAME_0": "India" }, "geometry": { "type": "MultiLineString", "coordinates": [ [ [ 85.022415182047268, 26.820917107736491 ], [ 85.019668633930564, 26.807416837162812 ], [ 85.020500233965905, 26.802972879973968 ], [ 85.024169858121837, 26.799304956818105 ], [ 85.01880641589392, 26.791999728507676 ], [ 85.007774296425126, 26.784000303167744 ], [ 85.003890913260108, 26.778360353928079 ], [ 85.004112232269506, 26.749416325698132 ], [ 84.999999970094763, 26.743333738439659 ], [ 84.996803223958921, 26.738582656237764 ], [ 84.990417480687555, 26.737443931189375 ], [ 84.983611968398364, 26.728694931817593 ], [ 84.981277440299166, 26.719249656416224 ], [ 84.975082398035909, 26.714666406221465 ], [ 84.974334714004144, 26.714082774196665 ], [ 84.970802303854029, 26.704444907787114 ] ] ] } },
{ "type": "Feature", "properties": { "F_CODE_DES": "River/Stream", "HYC_DESCRI": "Perennial/Permanent", "NAM": "UNK", "ISO": "IND", "NAME_0": "India" }, "geometry": { "type": "MultiLineString", "coordinates": [ [ [ 84.93660728840095, 26.730054786875378 ], [ 84.941497852608762, 26.728250592798712 ], [ 84.946113610804915, 26.733249643011142 ], [ 84.955718969213081, 26.732833842993472 ], [ 84.957801749301581, 26.731111485920284 ], [ 84.959030060353783, 26.722638993560253 ], [ 84.963912875561277, 26.720527674470535 ], [ 84.968330372748994, 26.718639375390293 ], [ 84.968444906753859, 26.713583058175431 ], [ 84.964446989583962, 26.714277255204927 ], [ 84.962776229512968, 26.712833484143577 ], [ 84.961692881466931, 26.706527687875621 ], [ 84.963973922563866, 26.704166321775276 ], [ 84.970802303854029, 26.704444907787114 ] ] ] } },
{ "type": "Feature", "properties": { "F_CODE_DES": "River/Stream", "HYC_DESCRI": "Perennial/Permanent", "NAM": "UNK", "ISO": "IND", "NAME_0": "India" }, "geometry": { "type": "MultiLineString", "coordinates": [ [ [ 85.133003244746604, 26.761693955219858 ], [ 85.138862622995603, 26.756666177006206 ], [ 85.144722001244588, 26.753889010888194 ], [ 85.169525228298582, 26.742166474390054 ], [ 85.219581691425674, 26.712722730138871 ], [ 85.221275320497654, 26.711360985081004 ], [ 85.224418579631219, 26.708833676973612 ], [ 85.226448061717463, 26.705000000810699 ], [ 85.226280229710326, 26.698055195515586 ] ] ] } },
{ "type": "Feature", "properties": { "F_CODE_DES": "River/Stream", "HYC_DESCRI": "Perennial/Permanent", "NAM": "UNK", "ISO": "IND", "NAME_0": "India" }, "geometry": { "type": "MultiLineString", "coordinates": [ [ [ 84.597335830983923, 26.697139679476685 ], [ 84.605224691319151, 26.691944069255904 ], [ 84.609664868507835, 26.691444353234665 ], [ 84.613525382671881, 26.696027792429433 ], [ 84.626419152219782, 26.694528644365732 ], [ 84.634918293580952, 26.695444160404634 ], [ 84.638420085729763, 26.694333974357455 ], [ 84.640083285800429, 26.684999452960795 ], [ 84.642639132909039, 26.683055965878211 ], [ 84.65086365725854, 26.683555681899442 ], [ 84.658752517593769, 26.688888506126055 ], [ 84.657890299557124, 26.693555861324391 ], [ 84.652641202334067, 26.690055770175661 ], [ 84.651557854288029, 26.693666426329091 ], [ 84.65455633941545, 26.713277823162457 ], [ 84.664329529830752, 26.719028526406831 ], [ 84.677276597380924, 26.72033319346227 ], [ 84.680335940510929, 26.720638239475235 ], [ 84.682388291598144, 26.72777752577861 ], [ 84.70185850542552, 26.737361905185892 ], [ 84.707031246645329, 26.736860299164576 ], [ 84.714332505955582, 26.726804742737272 ], [ 84.712387128872919, 26.723249463586193 ], [ 84.707862846680669, 26.721416541508304 ], [ 84.704002332516609, 26.716417302295866 ], [ 84.686164889758629, 26.706806273887459 ], [ 84.680946410536876, 26.694221519352681 ], [ 84.683914277662993, 26.689945205170961 ], [ 84.700302090359372, 26.676776818611383 ], [ 84.704055819518885, 26.676055972580752 ], [ 84.707641527671257, 26.67874903369519 ], [ 84.704940717556482, 26.684722945949048 ], [ 84.708358782701737, 26.690555486196892 ], [ 84.713890056936776, 26.695972415427082 ], [ 84.72186283327558, 26.695388783402279 ], [ 84.732475372726554, 26.707471931915741 ], [ 84.739829930039079, 26.710916457062115 ], [ 84.741447392107801, 26.71100037306568 ], [ 84.746192993309464, 26.711221692075085 ], [ 84.74919128943688, 26.709054995983013 ], [ 84.749389739445306, 26.706722168883882 ], [ 84.741111728093543, 26.694000200343275 ], [ 84.74246969315125, 26.691444353234665 ], [ 84.760696475925783, 26.696388215444749 ], [ 84.770690985350484, 26.702972408724541 ], [ 84.775329612547594, 26.699277836567543 ], [ 84.785804748992732, 26.694665858371561 ], [ 84.787803613077671, 26.692222655267742 ], [ 84.789001495128574, 26.690805344207511 ], [ 84.792167623263111, 26.674888519531141 ], [ 84.790191628179144, 26.6711387593718 ], [ 84.787582483068277, 26.670110788328117 ], [ 84.776107725580658, 26.671167298373014 ] ] ] } },
{ "type": "Feature", "properties": { "F_CODE_DES": "River/Stream", "HYC_DESCRI": "Perennial/Permanent", "NAM": "UNK", "ISO": "IND", "NAME_0": "India" }, "geometry": { "type": "MultiLineString", "coordinates": [ [ [ 84.861137317193922, 26.669805553315143 ], [ 84.869888395565795, 26.682111721838083 ], [ 84.868720942516177, 26.684722945949048 ], [ 84.867225574452632, 26.688055016090637 ], [ 84.868698073515205, 26.689971854172093 ], [ 84.870109525575188, 26.69180496524999 ], [ 84.87574777381478, 26.69149973023702 ] ] ] } },
{ "type": "Feature", "properties": { "F_CODE_DES": "River/Stream", "HYC_DESCRI": "Perennial/Permanent", "NAM": "UNK", "ISO": "IND", "NAME_0": "India" }, "geometry": { "type": "MultiLineString", "coordinates": [ [ [ 84.970802303854029, 26.704444907787114 ], [ 84.977691732146795, 26.698388969529773 ], [ 84.984443757433709, 26.69549934840698 ], [ 84.989860497663898, 26.695833122421163 ], [ 84.991302567725171, 26.697277082482522 ], [ 84.991165164719334, 26.701084109644299 ], [ 84.994781490873009, 26.704389530784759 ], [ 84.998664874038028, 26.699443778574594 ], [ 84.999999970094763, 26.698944062553359 ], [ 85.004943832304846, 26.697000575470774 ], [ 85.007003743392374, 26.694221519352681 ], [ 85.006919827388813, 26.69063940220046 ], [ 85.00405874526723, 26.689193741139029 ], [ 85.002555817203373, 26.685861670997433 ], [ 85.0036697832507, 26.682887944871069 ], [ 85.00941462749482, 26.678112103668127 ], [ 85.006721566380392, 26.673721255481539 ], [ 85.00878147746792, 26.668500886259704 ], [ 85.009391758493848, 26.666915932192353 ], [ 85.015586800757106, 26.661500892962245 ], [ 85.019805847936397, 26.660999286940932 ], [ 85.024360748129951, 26.664917068107414 ], [ 85.026947024239846, 26.664667210096795 ], [ 85.030609088395465, 26.661193767949193 ], [ 85.031196500420421, 26.656139340734413 ], [ 85.029220505336454, 26.652778542591598 ], [ 85.022781464062831, 26.648471799408586 ], [ 85.023170426079361, 26.645305671274045 ], [ 85.026695276229148, 26.643028221177268 ], [ 85.032668999482993, 26.639194545014359 ], [ 85.036499084645754, 26.642084166137153 ], [ 85.039276061763758, 26.641166760098166 ] ] ] } },
{ "type": "Feature", "properties": { "F_CODE_DES": "River/Stream", "HYC_DESCRI": "Perennial/Permanent", "NAM": "UNK", "ISO": "IND", "NAME_0": "India" }, "geometry": { "type": "MultiLineString", "coordinates": [ [ [ 85.133003244746604, 26.761693955219858 ], [ 85.133003244746604, 26.749526890702832 ], [ 85.140945403084103, 26.747472838615543 ], [ 85.141586302111335, 26.74469378249745 ], [ 85.13938898801797, 26.741361712355857 ], [ 85.14072427307471, 26.739026995256644 ], [ 85.14902496442744, 26.741806051374738 ], [ 85.150802698502986, 26.737112047175273 ], [ 85.149055393428725, 26.733778087033599 ], [ 85.144279552225782, 26.730277995884865 ], [ 85.142913838167757, 26.723972388616914 ], [ 85.144859404250425, 26.7074450939146 ], [ 85.143585166196274, 26.703887924763443 ], [ 85.133392395763153, 26.700305996611235 ], [ 85.13305673174888, 26.696721989458936 ], [ 85.134864894825725, 26.693500484322037 ], [ 85.129669095604925, 26.692972229299592 ], [ 85.125747723438295, 26.686500491024582 ], [ 85.112609954880014, 26.687416007063483 ], [ 85.110778733802206, 26.684473087938429 ], [ 85.108528121706556, 26.680833892783784 ], [ 85.1079407096816, 26.679916297744793 ], [ 85.102470482449149, 26.677694413650375 ], [ 85.100753795376193, 26.673721255481539 ], [ 85.101776096419641, 26.668193761246656 ], [ 85.095252950142452, 26.660722779929181 ], [ 85.094192471097386, 26.656749810760353 ], [ 85.095916718170656, 26.650999107515982 ], [ 85.093360871062046, 26.642610531159519 ], [ 85.074912958278119, 26.637916526960051 ], [ 85.069053580029134, 26.638444970982505 ], [ 85.051635717288974, 26.646417558321296 ], [ 85.047386241108399, 26.646278454315382 ], [ 85.039276061763758, 26.641166760098166 ] ] ] } },
{ "type": "Feature", "properties": { "F_CODE_DES": "River/Stream", "HYC_DESCRI": "Perennial/Permanent", "NAM": "UNK", "ISO": "IND", "NAME_0": "India" }, "geometry": { "type": "MultiLineString", "coordinates": [ [ [ 85.039276061763758, 26.641166760098166 ], [ 85.040412896812072, 26.639667423034453 ], [ 85.035469034601988, 26.629222904590623 ], [ 85.038169844716748, 26.624305691381672 ], [ 85.030914323408439, 26.62572281344189 ], [ 85.027275128253791, 26.621778572274284 ], [ 85.039581296776731, 26.61538886000276 ], [ 85.048278888146328, 26.615222917995709 ], [ 85.048919598173555, 26.613306079914253 ], [ 85.043251109932683, 26.602443682452666 ], [ 85.048080438137887, 26.588611527864881 ], [ 85.045364319022468, 26.583583749651229 ], [ 85.045280403018907, 26.579584131481269 ], [ 85.048751766166419, 26.571695271146041 ], [ 85.051940952301948, 26.564443529837884 ], [ 85.050163218226402, 26.558971412605352 ] ] ] } },
{ "type": "Feature", "properties": { "F_CODE_DES": "River/Stream", "HYC_DESCRI": "Perennial/Permanent", "NAM": "UNK", "ISO": "IND", "NAME_0": "India" }, "geometry": { "type": "MultiLineString", "coordinates": [ [ [ 85.01327514165888, 26.529722149362431 ], [ 85.017524806839461, 26.531110732421439 ], [ 85.027084427245683, 26.546972369095464 ], [ 85.032806402488845, 26.550666752252454 ], [ 85.043441810940777, 26.55319406035985 ], [ 85.050163218226402, 26.558971412605352 ] ] ] } },
{ "type": "Feature", "properties": { "F_CODE_DES": "River/Stream", "HYC_DESCRI": "Perennial/Permanent", "NAM": "UNK", "ISO": "IND", "NAME_0": "India" }, "geometry": { "type": "MultiLineString", "coordinates": [ [ [ 85.114051835941282, 26.505277644323684 ], [ 85.114196798947447, 26.501054817144237 ], [ 85.117385796082957, 26.498222274023874 ], [ 85.121391273253167, 26.497722558002636 ] ] ] } },
{ "type": "Feature", "properties": { "F_CODE_DES": "River/Stream", "HYC_DESCRI": "Perennial/Permanent", "NAM": "UNK", "ISO": "IND", "NAME_0": "India" }, "geometry": { "type": "MultiLineString", "coordinates": [ [ [ 85.121391273253167, 26.497722558002636 ], [ 85.121635461263551, 26.489471384652013 ], [ 85.119468765171476, 26.48741714356472 ], [ 85.112502980875476, 26.490083744678032 ], [ 85.111724867842412, 26.496666047957742 ], [ 85.109222318736059, 26.499889443094716 ], [ 85.10427864552598, 26.499555669080536 ], [ 85.098777800292225, 26.495250626897594 ], [ 85.096695020203725, 26.496110954934153 ], [ 85.097190767224788, 26.506471557374418 ], [ 85.094169602096414, 26.507999433439345 ], [ 85.090225171928793, 26.500055385101767 ] ] ] } },
{ "type": "Feature", "properties": { "F_CODE_DES": "River/Stream", "HYC_DESCRI": "Perennial/Permanent", "NAM": "UNK", "ISO": "IND", "NAME_0": "India" }, "geometry": { "type": "MultiLineString", "coordinates": [ [ [ 88.165779021621603, 26.407527974169902 ], [ 88.163635194530514, 26.42011064970459 ], [ 88.169670153786953, 26.427444417016233 ], [ 88.1697769387915, 26.429777055115359 ], [ 88.167358305688722, 26.432638137236935 ], [ 88.170585669825869, 26.444973033761094 ], [ 88.175109952018119, 26.450277318986494 ], [ 88.170890715838823, 26.454889297182476 ], [ 88.172142084892002, 26.460556084423281 ], [ 88.177002031098525, 26.463499003548339 ], [ 88.17858131516563, 26.467027633698287 ], [ 88.178024332141959, 26.469583480806893 ], [ 88.171669017871892, 26.469223057791577 ], [ 88.171363782858933, 26.472415834927254 ], [ 88.173667881956831, 26.476333616093733 ], [ 88.178497399162069, 26.478666254192859 ], [ 88.182746875342644, 26.478916112203475 ], [ 88.184974618437309, 26.480917055288504 ], [ 88.178253211151684, 26.495805719921183 ], [ 88.181053246270665, 26.499916092095852 ], [ 88.1891632366153, 26.506555473377986 ], [ 88.19725035795895, 26.513166504658912 ], [ 88.196891824943719, 26.515277823748633 ], [ 88.193885779815972, 26.516056125781706 ], [ 88.194168145827973, 26.52111055299649 ], [ 88.201362620133693, 26.524194655127545 ], [ 88.208831711451097, 26.523222061086216 ], [ 88.210113509505561, 26.525278003173582 ], [ 88.209053030460495, 26.531473234436842 ], [ 88.212819107860383, 26.534049968857534 ] ], [ [ 88.215712450319145, 26.537449113186746 ], [ 88.216640340512313, 26.540390091553519 ] ], [ [ 88.223993821420748, 26.546947587768926 ], [ 88.226806557214914, 26.547193499104857 ], [ 88.228858908302129, 26.550472271244189 ], [ 88.234001220520653, 26.549612132207635 ], [ 88.234997918967281, 26.550851819110292 ] ] ] } },
{ "type": "Feature", "properties": { "F_CODE_DES": "River/Stream", "HYC_DESCRI": "Perennial/Permanent", "NAM": "UNK", "ISO": "IND", "NAME_0": "India" }, "geometry": { "type": "MultiLineString", "coordinates": [ [ [ 88.23403165831445, 26.445853166449851 ], [ 88.228141842271654, 26.440971336591048 ], [ 88.219833401918592, 26.439638130534394 ], [ 88.213584872653072, 26.440971336591048 ], [ 88.206695633360326, 26.435361816352675 ], [ 88.199447672052329, 26.422555931808503 ], [ 88.194747997852616, 26.418111785619651 ], [ 88.183975186394832, 26.414138816450823 ], [ 88.173690750957803, 26.406139391110898 ], [ 88.165779021621603, 26.407527974169902 ] ] ] } },
{ "type": "Feature", "properties": { "F_CODE_DES": "River/Stream", "HYC_DESCRI": "Perennial/Permanent", "NAM": "UNK", "ISO": "IND", "NAME_0": "India" }, "geometry": { "type": "MultiLineString", "coordinates": [ [ [ 87.775712165701108, 26.449336384960976 ], [ 87.776242170607858, 26.450431245720136 ] ], [ [ 87.776397856432695, 26.450482388204044 ], [ 87.782081600316744, 26.44963830995934 ], [ 87.787436208080479, 26.459029657890945 ] ], [ [ 87.786626871954809, 26.464120201371824 ], [ 87.789399647216285, 26.46575559215432 ] ], [ [ 87.756278941220287, 26.397611710748521 ], [ 87.763218201067218, 26.409598861147661 ] ], [ [ 87.76451314681816, 26.411835801371478 ], [ 87.765251149601553, 26.413110656407135 ], [ 87.766029451634623, 26.413805042436643 ], [ 87.766113987064216, 26.413882623413567 ] ], [ [ 87.767250082550689, 26.414925256048814 ], [ 87.769691515790242, 26.417165840579454 ], [ 87.77541349103339, 26.419056029659778 ], [ 87.777862553137453, 26.426139749960793 ], [ 87.77643258106059, 26.433100416865464 ] ], [ [ 87.776535738055131, 26.438140256205511 ], [ 87.777969338142, 26.441999496634736 ], [ 87.776039106478535, 26.445737142763246 ] ], [ [ 87.775087407023321, 26.447579986734592 ], [ 87.775016780016529, 26.447716746877688 ] ] ] } },
{ "type": "Feature", "properties": { "F_CODE_DES": "River/Stream", "HYC_DESCRI": "Perennial/Permanent", "NAM": "UNK", "ISO": "IND", "NAME_0": "India" }, "geometry": { "type": "MultiLineString", "coordinates": [ [ [ 87.752249083049037, 26.40833084620402 ], [ 87.753440917099681, 26.40216642194207 ], [ 87.756278941220287, 26.397611710748521 ] ] ] } },
{ "type": "Feature", "properties": { "F_CODE_DES": "River/Stream", "HYC_DESCRI": "Perennial/Permanent", "NAM": "UNK", "ISO": "IND", "NAME_0": "India" }, "geometry": { "type": "MultiLineString", "coordinates": [ [ [ 88.158058182293516, 26.386083655258645 ], [ 88.159027185334693, 26.391111433472297 ], [ 88.15789035028638, 26.395833976672975 ], [ 88.151832522028968, 26.401361470907865 ], [ 88.151802093027669, 26.405195147070771 ], [ 88.15333563909283, 26.406194768113249 ], [ 88.156913787244889, 26.408555945213585 ], [ 88.165779021621603, 26.407527974169902 ] ] ] } },
{ "type": "Feature", "properties": { "F_CODE_DES": "River/Stream", "HYC_DESCRI": "Perennial/Permanent", "NAM": "UNK", "ISO": "IND", "NAME_0": "India" }, "geometry": { "type": "MultiLineString", "coordinates": [ [ [ 88.096848993603359, 26.454540663902538 ], [ 88.097137431704752, 26.454471607164727 ], [ 88.098788346774896, 26.449997031974586 ] ], [ [ 88.088996823358812, 26.425744237647841 ], [ 88.088996823358812, 26.424804653904062 ], [ 88.087498555887535, 26.424147255943119 ] ], [ [ 88.06827629332598, 26.406108123448742 ], [ 88.077941834889046, 26.397361663737897 ], [ 88.074752837753536, 26.394332938609189 ], [ 88.062362753227035, 26.395276993649308 ], [ 88.057334975013376, 26.389778227415643 ], [ 88.053642292856466, 26.385723043243324 ], [ 88.032943767976903, 26.375804889821858 ] ] ] } },
{ "type": "Feature", "properties": { "F_CODE_DES": "River/Stream", "HYC_DESCRI": "Perennial/Permanent", "NAM": "UNK", "ISO": "IND", "NAME_0": "India" }, "geometry": { "type": "MultiLineString", "coordinates": [ [ [ 88.031956577168032, 26.377129724770917 ], [ 88.032943767976903, 26.375804889821858 ] ] ] } },
{ "type": "Feature", "properties": { "F_CODE_DES": "River/Stream", "HYC_DESCRI": "Perennial/Permanent", "NAM": "UNK", "ISO": "IND", "NAME_0": "India" }, "geometry": { "type": "MultiLineString", "coordinates": [ [ [ 87.93334964674473, 26.410771403307727 ], [ 87.93080910863678, 26.406333872119163 ], [ 87.935859755851396, 26.404193825028223 ], [ 87.938446031961305, 26.399444632826409 ], [ 87.94422149420673, 26.397943405762614 ], [ 87.945304842252767, 26.395999918680026 ], [ 87.927223211484403, 26.381944744082766 ], [ 87.93289188872528, 26.369028105533886 ], [ 87.945777909272863, 26.3684730125103 ], [ 87.944724990228124, 26.361555045216328 ], [ 87.950531070474838, 26.356027550981437 ], [ 87.947525025347105, 26.352777506843331 ], [ 87.939415035002483, 26.3543605709106 ], [ 87.937751834931802, 26.35361099687875 ], [ 87.937332065913964, 26.350221659734721 ], [ 87.941864097106546, 26.342638034412467 ], [ 87.937858619936335, 26.33774954920473 ], [ 87.938224712951893, 26.335611392113876 ], [ 87.940940832067312, 26.333415968020581 ], [ 87.944084091200892, 26.330917387914404 ], [ 87.944641074224549, 26.327943850788049 ], [ 87.944274981208991, 26.327362108763328 ], [ 87.941055366072177, 26.322389518552022 ], [ 87.949752768441769, 26.308694766970078 ], [ 87.9767761785901, 26.278610312691665 ], [ 87.978279106653972, 26.27136046138359 ], [ 87.981308020782677, 26.266361222171152 ] ] ] } },
{ "type": "Feature", "properties": { "F_CODE_DES": "River/Stream", "HYC_DESCRI": "Perennial/Permanent", "NAM": "UNK", "ISO": "IND", "NAME_0": "India" }, "geometry": { "type": "MultiLineString", "coordinates": [ [ [ 88.032943767976903, 26.375804889821858 ], [ 88.030715952226842, 26.370599220693819 ] ], [ [ 88.030599460697616, 26.368378659158285 ], [ 88.031639100921453, 26.364444666339118 ], [ 88.03516395107124, 26.359861416144355 ], [ 88.032806364971051, 26.355304625950719 ], [ 88.035056977066702, 26.353527080875182 ], [ 88.041694657348756, 26.354499863916523 ], [ 88.044280933458666, 26.350166282732371 ], [ 88.040336692291049, 26.342082941388874 ], [ 88.041336124333526, 26.340026810301502 ], [ 88.043083240407768, 26.336471531150423 ], [ 88.041862489355893, 26.335250780098548 ], [ 88.033859284015804, 26.335166864094983 ], [ 88.030746453883523, 26.333610449028846 ], [ 88.024887075634538, 26.324556403644102 ], [ 88.01616661526397, 26.319221500417399 ], [ 88.014526284194261, 26.310194104033791 ], [ 88.005500777810738, 26.303388591744596 ], [ 88.006751957863898, 26.282417339853442 ], [ 88.005889928827273, 26.280277292762502 ], [ 88.005416861807163, 26.279083190711759 ], [ 87.998001068492044, 26.276445317599666 ], [ 87.988388150083551, 26.276222297590188 ], [ 87.986556929005729, 26.272472348430838 ], [ 87.992080643240456, 26.265916883152272 ], [ 87.990608144177884, 26.264694242100315 ], [ 87.981308020782677, 26.266361222171152 ] ] ] } },
{ "type": "Feature", "properties": { "F_CODE_DES": "River/Stream", "HYC_DESCRI": "Perennial/Permanent", "NAM": "UNK", "ISO": "IND", "NAME_0": "India" }, "geometry": { "type": "MultiLineString", "coordinates": [ [ [ 87.957054216752041, 26.221916169282501 ], [ 87.990470930172052, 26.226028431457248 ], [ 88.007385296890817, 26.240304925063914 ], [ 88.022277741523652, 26.25658425175569 ], [ 88.042503388383125, 26.289138747139063 ], [ 88.052139364792595, 26.294221902355066 ], [ 88.05458067789634, 26.300333028614752 ], [ 88.058609024067522, 26.31044396204441 ] ] ] } },
{ "type": "Feature", "properties": { "F_CODE_DES": "River/Stream", "HYC_DESCRI": "Perennial/Permanent", "NAM": "UNK", "ISO": "IND", "NAME_0": "India" }, "geometry": { "type": "MultiLineString", "coordinates": [ [ [ 87.981308020782677, 26.266361222171152 ], [ 87.978691126671478, 26.261194150951582 ], [ 87.983970652895835, 26.245306054276433 ], [ 87.969024721260709, 26.236860210917534 ], [ 87.962669406990656, 26.227193805506769 ], [ 87.957054216752041, 26.221916169282501 ] ] ] } },
{ "type": "Feature", "properties": { "F_CODE_DES": "River/Stream", "HYC_DESCRI": "Perennial/Permanent", "NAM": "UNK", "ISO": "IND", "NAME_0": "India" }, "geometry": { "type": "MultiLineString", "coordinates": [ [ [ 87.957054216752041, 26.221916169282501 ], [ 87.95224756854779, 26.220861360237677 ], [ 87.941413899087422, 26.210111606780877 ], [ 87.944969178238495, 26.202138830442081 ] ] ] } },
{ "type": "Feature", "properties": { "F_CODE_DES": "River/Stream", "HYC_DESCRI": "Perennial/Permanent", "NAM": "UNK", "ISO": "IND", "NAME_0": "India" }, "geometry": { "type": "MultiLineString", "coordinates": [ [ [ 87.957054216752041, 26.221916169282501 ], [ 87.953086917583448, 26.214056036948492 ], [ 87.95066828448067, 26.203166990485769 ], [ 87.947525025347105, 26.201610575419632 ], [ 87.944969178238495, 26.202138830442081 ] ] ] } },
{ "type": "Feature", "properties": { "F_CODE_DES": "River/Stream", "HYC_DESCRI": "Perennial/Permanent", "NAM": "UNK", "ISO": "IND", "NAME_0": "India" }, "geometry": { "type": "MultiLineString", "coordinates": [ [ [ 88.287596661455041, 26.35841098360542 ], [ 88.285583480712589, 26.357889201060548 ], [ 88.275863588299543, 26.368888812527967 ], [ 88.276252739316092, 26.37627795684196 ], [ 88.275135287894713, 26.377377350362423 ] ], [ [ 88.273768654619943, 26.378157849188852 ], [ 88.271469149112818, 26.378583945939951 ], [ 88.264968871836587, 26.37591734482664 ], [ 88.263391192846186, 26.376843385715521 ] ], [ [ 88.240640570794454, 26.376244607588887 ], [ 88.239417960750828, 26.376194040838396 ], [ 88.23480220255469, 26.373945318742841 ], [ 88.234611501546581, 26.373861402739273 ], [ 88.226364108196108, 26.364721362350878 ], [ 88.218780482873854, 26.358917172104231 ], [ 88.216163588762655, 26.354166089902339 ], [ 88.215499820734451, 26.354110712899985 ], [ 88.203445400222208, 26.353027364853951 ], [ 88.194809044855205, 26.344944023510457 ], [ 88.192001260735893, 26.345083316516373 ], [ 88.1891632366153, 26.348806427674585 ], [ 88.189224283617889, 26.354722883926001 ], [ 88.18663781850799, 26.354389109911814 ], [ 88.177719097128985, 26.345501006534121 ], [ 88.175109952018119, 26.346721568585991 ], [ 88.165359441603783, 26.351305007780759 ], [ 88.162528977483504, 26.34655562657894 ], [ 88.162361145476368, 26.345501006534121 ], [ 88.161499116439742, 26.3402785583122 ], [ 88.154808138155417, 26.34225077339601 ], [ 88.152778656069174, 26.339582471282622 ], [ 88.156112616210848, 26.331611584943907 ], [ 88.1545562011447, 26.329166491840006 ], [ 88.147781306856814, 26.325222061672388 ], [ 88.145225459748204, 26.321111689497723 ], [ 88.143913232692441, 26.305084299816656 ], [ 88.142829884646403, 26.302583640710388 ], [ 88.142059331613666, 26.302110762690297 ], [ 88.136528057378612, 26.298639210542774 ], [ 88.142417864628896, 26.294805534379869 ], [ 88.13333131124277, 26.291166339225221 ], [ 88.129524284081, 26.281610498819155 ], [ 88.126357966946443, 26.279416964725943 ], [ 88.121917789757759, 26.279193944716468 ], [ 88.117057843551251, 26.285110400967881 ], [ 88.097969031740078, 26.28783408008362 ], [ 88.094833332606839, 26.285862053999821 ], [ 88.088386542332884, 26.274694421525261 ], [ 88.089164655365948, 26.271499565389501 ], [ 88.094497668592567, 26.266416599173503 ], [ 88.091941821483971, 26.262306226998838 ], [ 88.086113061236276, 26.258111938820605 ], [ 88.066863977418308, 26.248777417423945 ], [ 88.064941469336603, 26.252027461562051 ], [ 88.063835063289588, 26.25188835755614 ], [ 88.062583883236428, 26.251722415549089 ], [ 88.053085309832795, 26.24472242225163 ], [ 88.046470687551704, 26.24838826640741 ], [ 88.040107813281324, 26.247804634382607 ], [ 88.040946973316991, 26.254749250677712 ], [ 88.036499047127975, 26.255138401694246 ], [ 88.022918640550884, 26.232471441731036 ], [ 88.023223875563858, 26.224832628406432 ], [ 88.018890294379702, 26.227138428504418 ], [ 88.016197233265274, 26.220693528230548 ], [ 88.016639682284065, 26.210945096816296 ], [ 88.01530458622733, 26.2078341566841 ], [ 88.013168319136554, 26.207082692652165 ], [ 88.010223321011409, 26.209110284738326 ], [ 88.004753093778959, 26.207221985658087 ], [ 87.999191201542615, 26.20872302372187 ], [ 87.9950560703669, 26.205943967603776 ], [ 87.991447493213556, 26.199556334332343 ], [ 87.993446357298495, 26.195278130150541 ], [ 87.993774461312427, 26.194583933121045 ], [ 87.99250022325829, 26.192751011043157 ], [ 87.988502495088412, 26.192054735013567 ], [ 87.97819519065041, 26.196945110221378 ], [ 87.976448074576169, 26.194471289116258 ], [ 87.978279106653972, 26.189332945897906 ], [ 87.975776746547638, 26.186056063758659 ], [ 87.962585490987081, 26.184694318700792 ], [ 87.955863894701451, 26.181388897560332 ], [ 87.954582285646993, 26.17933276647296 ] ] ] } },
{ "type": "Feature", "properties": { "F_CODE_DES": "River/Stream", "HYC_DESCRI": "Perennial/Permanent", "NAM": "UNK", "ISO": "IND", "NAME_0": "India" }, "geometry": { "type": "MultiLineString", "coordinates": [ [ [ 87.944969178238495, 26.202138830442081 ], [ 87.94713587433057, 26.189582803908522 ], [ 87.954582285646993, 26.17933276647296 ] ] ] } },
{ "type": "Feature", "properties": { "F_CODE_DES": "River/Stream", "HYC_DESCRI": "Perennial/Permanent", "NAM": "UNK", "ISO": "IND", "NAME_0": "India" }, "geometry": { "type": "MultiLineString", "coordinates": [ [ [ 87.937309196912992, 26.161861416730531 ], [ 87.945251544250496, 26.16619499791468 ], [ 87.949668852438208, 26.170444474095259 ], [ 87.954582285646993, 26.17933276647296 ] ] ] } },
{ "type": "Feature", "properties": { "F_CODE_DES": "River/Stream", "HYC_DESCRI": "Perennial/Permanent", "NAM": "UNK", "ISO": "IND", "NAME_0": "India" }, "geometry": { "type": "MultiLineString", "coordinates": [ [ [ 87.937309196912992, 26.161861416730531 ], [ 87.930358910617642, 26.159195004617224 ], [ 87.919136090140739, 26.150611947252493 ] ] ] } },
{ "type": "Feature", "properties": { "F_CODE_DES": "River/Stream", "HYC_DESCRI": "Perennial/Permanent", "NAM": "UNK", "ISO": "IND", "NAME_0": "India" }, "geometry": { "type": "MultiLineString", "coordinates": [ [ [ 87.919136090140739, 26.150611947252493 ], [ 87.92944339457874, 26.15013888023239 ], [ 87.934753349804382, 26.153528217376419 ], [ 87.937858619936335, 26.159082360612437 ], [ 87.937309196912992, 26.161861416730531 ] ] ] } },
{ "type": "Feature", "properties": { "F_CODE_DES": "River/Stream", "HYC_DESCRI": "Perennial/Permanent", "NAM": "UNK", "ISO": "IND", "NAME_0": "India" }, "geometry": { "type": "MultiLineString", "coordinates": [ [ [ 87.833343505495066, 26.437084173425866 ], [ 87.829193065318705, 26.433971343293589 ], [ 87.824752888130021, 26.433944694292457 ], [ 87.81947317290566, 26.436500541401067 ], [ 87.816719064788629, 26.433221769261735 ], [ 87.819694491915072, 26.42697134999613 ], [ 87.818336526857365, 26.423000270827384 ], [ 87.811721715576269, 26.422445366803803 ], [ 87.808776906451129, 26.420028623701107 ], [ 87.813583365655376, 26.39888953980282 ], [ 87.81783303083597, 26.390054734427395 ], [ 87.813140916636584, 26.385583939237414 ], [ 87.811447098564599, 26.383972147168919 ], [ 87.811469967565571, 26.380167010007224 ], [ 87.815445015734483, 26.375139231793575 ], [ 87.81483454570855, 26.372417442677914 ], [ 87.809059083463126, 26.36947244455277 ], [ 87.807029790376887, 26.365972542404045 ], [ 87.808197054426486, 26.361694338222243 ], [ 87.804885774285779, 26.356111466985006 ], [ 87.805000308290644, 26.354999579937758 ], [ 87.805694505320147, 26.349111473687547 ], [ 87.819305340898524, 26.348972369681636 ], [ 87.819747978917334, 26.344305014483304 ], [ 87.815330481729617, 26.335193702096124 ], [ 87.81739039281716, 26.334054977047735 ], [ 87.826530433205548, 26.334304835058354 ], [ 87.826888966220793, 26.332166677967493 ], [ 87.816665577786353, 26.315055940240391 ], [ 87.81408686167677, 26.305639203840233 ], [ 87.807746856407363, 26.296167279437732 ], [ 87.80850228943946, 26.292554922284229 ], [ 87.816696195787657, 26.292223038270127 ], [ 87.820251474938729, 26.288694408120179 ], [ 87.821418738988342, 26.278917248704708 ], [ 87.819999726928032, 26.274305270508727 ], [ 87.815887464753288, 26.270361029341121 ], [ 87.815582229740315, 26.270055794328151 ], [ 87.815917893754587, 26.267305466211276 ], [ 87.817192131808724, 26.266221929165233 ], [ 87.819053592887826, 26.264638865097965 ], [ 87.81955727790924, 26.260389388917385 ], [ 87.816474876778258, 26.250360481491214 ], [ 87.807945306415789, 26.248805956425159 ], [ 87.806579592357764, 26.244861526257544 ], [ 87.807807903409952, 26.240999311093422 ], [ 87.812553315611609, 26.237638512950607 ], [ 87.81216435359508, 26.227388475515042 ], [ 87.81180563157983, 26.218000467116106 ], [ 87.816413829775655, 26.216527968053533 ], [ 87.81700143080063, 26.214195329954411 ], [ 87.815139780721523, 26.209833209769045 ], [ 87.81700143080063, 26.205110477568358 ], [ 87.821830759005849, 26.203416848496389 ], [ 87.822914107051886, 26.201471282413713 ], [ 87.818946807883293, 26.187276814810531 ], [ 87.823333687069706, 26.181804697578002 ], [ 87.81983189492091, 26.177084044377402 ], [ 87.823692409084956, 26.174804704280543 ], [ 87.824058502100513, 26.172666547189685 ], [ 87.822219910022383, 26.170972918117712 ], [ 87.818168694850229, 26.167222968958363 ], [ 87.816055296760425, 26.163917547817903 ], [ 87.812332185602216, 26.158138305572319 ], [ 87.808692990447568, 26.151332793283125 ], [ 87.809524590482908, 26.148971616182791 ] ] ] } },
{ "type": "Feature", "properties": { "F_CODE_DES": "River/Stream", "HYC_DESCRI": "Perennial/Permanent", "NAM": "UNK", "ISO": "IND", "NAME_0": "India" }, "geometry": { "type": "MultiLineString", "coordinates": [ [ [ 87.884780802680851, 26.395971379678816 ], [ 87.880111746482442, 26.396804869714234 ], [ 87.875968866306394, 26.393999164595009 ], [ 87.88092047751681, 26.38913921838849 ], [ 87.882667593591052, 26.382528376107565 ], [ 87.880836561513235, 26.378583945939951 ], [ 87.864440999816523, 26.369943621572791 ], [ 87.863609399781183, 26.36766617147601 ], [ 87.866218544892064, 26.363555988301353 ], [ 87.870086619056437, 26.346666380583645 ], [ 87.880531326500275, 26.344972562511668 ], [ 87.882308871575802, 26.342805866419596 ], [ 87.876808215342066, 26.340473228320473 ], [ 87.873054486182554, 26.340639170327524 ], [ 87.871276941107013, 26.338167239222482 ], [ 87.875831652300562, 26.330999413917894 ], [ 87.879859998471744, 26.331472480937997 ], [ 87.883224576614722, 26.32838818980693 ], [ 87.877334580364433, 26.323555081601555 ], [ 87.882751509594613, 26.319084097411562 ], [ 87.88300325760531, 26.314945186235683 ], [ 87.883247445615694, 26.311027594069209 ], [ 87.883247445615694, 26.310832924060936 ], [ 87.881721459550846, 26.307945192938224 ], [ 87.877525281372527, 26.307972030939364 ], [ 87.874664388250963, 26.308000569940578 ], [ 87.873390150196812, 26.305334157827271 ], [ 87.871276941107013, 26.300972037641905 ], [ 87.87372581421107, 26.293666809331476 ], [ 87.873664767208481, 26.288165964097722 ], [ 87.867469724945224, 26.267723156229025 ], [ 87.87055212607622, 26.245195300271725 ], [ 87.867500342946528, 26.230722435656716 ], [ 87.862419077730607, 26.227333098512688 ], [ 87.859947146625572, 26.21561056201455 ], [ 87.854057339375288, 26.210555945799758 ], [ 87.85277554132081, 26.202472604456265 ], [ 87.852668756316277, 26.201723030424411 ], [ 87.848052998120139, 26.198110673270911 ], [ 87.844497718969052, 26.197221806233138 ], [ 87.842193619871139, 26.193721715084404 ], [ 87.843528715927874, 26.178222580425782 ], [ 87.848831111153203, 26.172082915164882 ], [ 87.847778381108469, 26.169389665050435 ], [ 87.839775175768381, 26.173721356234509 ], [ 87.836135791613728, 26.166055704908764 ], [ 87.833724907511282, 26.164833063856808 ], [ 87.828445381286926, 26.162137923742279 ], [ 87.826362601198426, 26.158000902566481 ], [ 87.819862323922194, 26.154666942424807 ], [ 87.822914107051886, 26.150304822239441 ], [ 87.816886896795765, 26.146333743070695 ], [ 87.813835113666073, 26.14624982706713 ], [ 87.809524590482908, 26.148971616182791 ] ] ] } },
{ "type": "Feature", "properties": { "F_CODE_DES": "River/Stream", "HYC_DESCRI": "Perennial/Permanent", "NAM": "UNK", "ISO": "IND", "NAME_0": "India" }, "geometry": { "type": "MultiLineString", "coordinates": [ [ [ 87.919136090140739, 26.150611947252493 ], [ 87.913558888903751, 26.146360392071827 ], [ 87.910163881759473, 26.139528230781501 ] ] ] } },
{ "type": "Feature", "properties": { "F_CODE_DES": "River/Stream", "HYC_DESCRI": "Perennial/Permanent", "NAM": "UNK", "ISO": "IND", "NAME_0": "India" }, "geometry": { "type": "MultiLineString", "coordinates": [ [ [ 87.910163881759473, 26.139528230781501 ], [ 87.912361195852853, 26.131834040454542 ], [ 87.910636948779583, 26.125555082187724 ], [ 87.909889264747804, 26.124389708138203 ], [ 87.908836345703065, 26.122667351065012 ], [ 87.901222291379511, 26.119806268943435 ] ] ] } },
{ "type": "Feature", "properties": { "F_CODE_DES": "River/Stream", "HYC_DESCRI": "Perennial/Permanent", "NAM": "UNK", "ISO": "IND", "NAME_0": "India" }, "geometry": { "type": "MultiLineString", "coordinates": [ [ [ 87.901222291379511, 26.119806268943435 ], [ 87.904998700539991, 26.128139468297547 ], [ 87.910163881759473, 26.139528230781501 ] ] ] } },
{ "type": "Feature", "properties": { "F_CODE_DES": "River/Stream", "HYC_DESCRI": "Perennial/Permanent", "NAM": "UNK", "ISO": "IND", "NAME_0": "India" }, "geometry": { "type": "MultiLineString", "coordinates": [ [ [ 84.00472252580137, 25.599666528840579 ], [ 84.007972758939488, 25.599193650820482 ], [ 84.016891480318478, 25.603527043004625 ], [ 84.036066454244917, 25.617925543706459 ] ] ] } },
{ "type": "Feature", "properties": { "F_CODE_DES": "River/Stream", "HYC_DESCRI": "Perennial/Permanent", "NAM": "MAIN WESTERN CANAL", "ISO": "IND", "NAME_0": "India" }, "geometry": { "type": "MultiLineString", "coordinates": [ [ [ 83.94433588923529, 25.561138121203349 ], [ 83.948448151410034, 25.556444117003885 ], [ 83.949165406440514, 25.555500061963766 ], [ 83.95141601853615, 25.552610440840972 ] ] ] } },
{ "type": "Feature", "properties": { "F_CODE_DES": "River/Stream", "HYC_DESCRI": "Perennial/Permanent", "NAM": "UNK", "ISO": "IND", "NAME_0": "India" }, "geometry": { "type": "MultiLineString", "coordinates": [ [ [ 83.960250823911579, 25.536888097172866 ], [ 83.95727539678515, 25.539028144263806 ], [ 83.955780028721605, 25.54252823541254 ], [ 83.95141601853615, 25.552610440840972 ] ] ] } },
{ "type": "Feature", "properties": { "F_CODE_DES": "River/Stream", "HYC_DESCRI": "Perennial/Permanent", "NAM": "UNK", "ISO": "IND", "NAME_0": "India" }, "geometry": { "type": "MultiLineString", "coordinates": [ [ [ 83.960250823911579, 25.536888097172866 ], [ 83.962829540021161, 25.537889419215418 ], [ 83.994720456376342, 25.536193900143367 ], [ 83.997001686473283, 25.536083146138662 ], [ 84.025581322687742, 25.534583998074957 ] ] ] } },
{ "type": "Feature", "properties": { "F_CODE_DES": "River/Stream", "HYC_DESCRI": "Perennial/Permanent", "NAM": "UNK", "ISO": "IND", "NAME_0": "India" }, "geometry": { "type": "MultiLineString", "coordinates": [ [ [ 83.960250823911579, 25.536888097172866 ], [ 83.969863931320077, 25.530750321912048 ], [ 83.974777175528871, 25.527610842778639 ], [ 83.976524291603113, 25.519777359445762 ], [ 83.979698168737983, 25.515722364273451 ] ] ] } },
{ "type": "Feature", "properties": { "F_CODE_DES": "River/Stream", "HYC_DESCRI": "Perennial/Permanent", "NAM": "UNK", "ISO": "IND", "NAME_0": "India" }, "geometry": { "type": "MultiLineString", "coordinates": [ [ [ 83.95141601853615, 25.552610440840972 ], [ 83.961471574963454, 25.55627817499683 ], [ 83.969276519295121, 25.564222412334413 ], [ 83.976058973583335, 25.567499105473654 ], [ 83.98302456887933, 25.567417079470168 ], [ 83.985832163998637, 25.567388540468954 ], [ 83.986251744016471, 25.56699938945242 ], [ 83.994552624369206, 25.559473031132594 ], [ 84.020835910486085, 25.541944414387729 ], [ 84.053947388893135, 25.519832547448107 ], [ 84.062057568237762, 25.51058383205509 ], [ 84.067192131455954, 25.50469402480481 ], [ 84.0699158105717, 25.499166530569923 ] ] ] } },
{ "type": "Feature", "properties": { "F_CODE_DES": "River/Stream", "HYC_DESCRI": "Perennial/Permanent", "NAM": "UNK", "ISO": "IND", "NAME_0": "India" }, "geometry": { "type": "MultiLineString", "coordinates": [ [ [ 83.979698168737983, 25.515722364273451 ], [ 83.977386509639743, 25.500360443620657 ], [ 83.971496513389454, 25.494722384381074 ] ] ] } },
{ "type": "Feature", "properties": { "F_CODE_DES": "River/Stream", "HYC_DESCRI": "Perennial/Permanent", "NAM": "UNK", "ISO": "IND", "NAME_0": "India" }, "geometry": { "type": "MultiLineString", "coordinates": [ [ [ 84.0699158105717, 25.499166530569923 ], [ 84.024391189637171, 25.487499182074131 ], [ 84.014473036215705, 25.488277484107204 ], [ 84.00814059094661, 25.488777200128439 ] ] ] } },
{ "type": "Feature", "properties": { "F_CODE_DES": "River/Stream", "HYC_DESCRI": "Perennial/Permanent", "NAM": "UNK", "ISO": "IND", "NAME_0": "India" }, "geometry": { "type": "MultiLineString", "coordinates": [ [ [ 83.995223952397737, 25.4813328678121 ], [ 83.996170086437942, 25.497583466502654 ], [ 83.991416925235953, 25.505666807846147 ], [ 83.979698168737983, 25.515722364273451 ] ] ] } },
{ "type": "Feature", "properties": { "F_CODE_DES": "River/Stream", "HYC_DESCRI": "Perennial/Permanent", "NAM": "UNK", "ISO": "IND", "NAME_0": "India" }, "geometry": { "type": "MultiLineString", "coordinates": [ [ [ 84.22142029600974, 25.453582752632883 ], [ 84.213363603667375, 25.457500533799369 ], [ 84.196807769963854, 25.469972644329356 ], [ 84.195663374915213, 25.470832783365907 ], [ 84.184448303438643, 25.493360450323202 ], [ 84.167442271715984, 25.519361559428091 ], [ 84.167442271715984, 25.534555459073744 ], [ 84.171249298877768, 25.552249828825651 ], [ 84.175720283067761, 25.556194258993266 ], [ 84.179054243209436, 25.557167042034603 ], [ 84.180641087276868, 25.557611381053484 ], [ 84.191108663721678, 25.557888077065243 ], [ 84.202026438185612, 25.55624963599562 ] ] ] } },
{ "type": "Feature", "properties": { "F_CODE_DES": "River/Stream", "HYC_DESCRI": "Perennial/Permanent", "NAM": "UNK", "ISO": "IND", "NAME_0": "India" }, "geometry": { "type": "MultiLineString", "coordinates": [ [ [ 84.22142029600974, 25.453582752632883 ], [ 84.231498721438015, 25.445194176276416 ], [ 84.24716946810392, 25.424694101405287 ] ] ] } },
{ "type": "Feature", "properties": { "F_CODE_DES": "River/Stream", "HYC_DESCRI": "Perennial/Permanent", "NAM": "UNK", "ISO": "IND", "NAME_0": "India" }, "geometry": { "type": "MultiLineString", "coordinates": [ [ [ 84.249389651198271, 25.41897193716213 ], [ 84.24716946810392, 25.424694101405287 ] ] ] } },
{ "type": "Feature", "properties": { "F_CODE_DES": "River/Stream", "HYC_DESCRI": "Perennial/Permanent", "NAM": "UNK", "ISO": "IND", "NAME_0": "India" }, "geometry": { "type": "MultiLineString", "coordinates": [ [ [ 84.141975465633806, 25.400861767392556 ], [ 84.138915933503796, 25.412305906878863 ], [ 84.136413573397448, 25.41527755400514 ], [ 84.126663251983118, 25.41627698604761 ], [ 84.102417007952809, 25.439611494039188 ], [ 84.098114044769957, 25.46311194403782 ], [ 84.096443095698945, 25.472194717423783 ], [ 84.078475998935446, 25.482999847882937 ], [ 84.07033539058952, 25.498361579535718 ], [ 84.0699158105717, 25.499166530569923 ] ] ] } },
{ "type": "Feature", "properties": { "F_CODE_DES": "River/Stream", "HYC_DESCRI": "Perennial/Permanent", "NAM": "UNK", "ISO": "IND", "NAME_0": "India" }, "geometry": { "type": "MultiLineString", "coordinates": [ [ [ 84.141975465633806, 25.400861767392556 ], [ 84.124526984892341, 25.398555778294565 ], [ 84.113830529437806, 25.412639680893044 ], [ 84.103919936016666, 25.416360902051174 ], [ 84.089057920385116, 25.418249201131417 ], [ 84.083862310164335, 25.426776881493794 ], [ 84.080413816017796, 25.429332728602404 ], [ 84.072555573683871, 25.43177801070631 ], [ 84.06397251631914, 25.432306265728759 ], [ 84.061248837203394, 25.437194750936492 ], [ 84.056663508008555, 25.441055265100537 ], [ 84.055137710943711, 25.447833939388595 ], [ 84.039558440281681, 25.460916519944526 ], [ 84.03602603013158, 25.461194916956355 ], [ 84.030029248876758, 25.461666093976376 ], [ 84.02555845368677, 25.463777602066102 ], [ 84.019416898425789, 25.466667223188896 ], [ 84.016693030310037, 25.470916699369475 ], [ 84.014137183201427, 25.472221366424915 ], [ 84.011917189107095, 25.477750750659879 ], [ 84.003082194731661, 25.47786131566458 ], [ 83.995223952397737, 25.4813328678121 ] ] ] } },
{ "type": "Feature", "properties": { "F_CODE_DES": "River/Stream", "HYC_DESCRI": "Perennial/Permanent", "NAM": "UNK", "ISO": "IND", "NAME_0": "India" }, "geometry": { "type": "MultiLineString", "coordinates": [ [ [ 83.86291506377539, 27.43897246000018 ], [ 83.852447487330579, 27.434028597790096 ], [ 83.838737539381157, 27.43354901161856 ] ] ] } },
{ "type": "Feature", "properties": { "F_CODE_DES": "River/Stream", "HYC_DESCRI": "Perennial/Permanent", "NAM": "UNK", "ISO": "IND", "NAME_0": "India" }, "geometry": { "type": "MultiLineString", "coordinates": [ [ [ 83.873336713218251, 27.355417257449581 ], [ 83.880279628513279, 27.362083476732856 ], [ 83.884445188690293, 27.371334082125948 ], [ 83.883331222642951, 27.377889547404518 ], [ 83.881973257585244, 27.38066671352253 ], [ 83.878974961457843, 27.386806567783438 ] ] ] } },
{ "type": "Feature", "properties": { "F_CODE_DES": "River/Stream", "HYC_DESCRI": "Perennial/Permanent", "NAM": "UNK", "ISO": "IND", "NAME_0": "India" }, "geometry": { "type": "MultiLineString", "coordinates": [ [ [ 83.873336713218251, 27.355417257449581 ], [ 83.868589204250327, 27.352094188680624 ] ] ] } },
{ "type": "Feature", "properties": { "F_CODE_DES": "River/Stream", "HYC_DESCRI": "Perennial/Permanent", "NAM": "UNK", "ISO": "IND", "NAME_0": "India" }, "geometry": { "type": "MultiLineString", "coordinates": [ [ [ 83.871696382148542, 27.341054957839269 ], [ 83.874809212280823, 27.342082928882949 ], [ 83.876274151343068, 27.34755523511549 ], [ 83.873336713218251, 27.355417257449581 ] ] ] } },
{ "type": "Feature", "properties": { "F_CODE_DES": "River/Stream", "HYC_DESCRI": "Perennial/Permanent", "NAM": "UNK", "ISO": "IND", "NAME_0": "India" }, "geometry": { "type": "MultiLineString", "coordinates": [ [ [ 83.913581807928423, 27.326610632225467 ], [ 83.918556288139811, 27.328027754285689 ], [ 83.923057512331084, 27.327554687265586 ], [ 83.93119812067701, 27.319860496938627 ], [ 83.934417735813824, 27.312860503641168 ], [ 83.936164851888066, 27.303112072226916 ], [ 83.935806318872835, 27.295722927912927 ], [ 83.93313593775936, 27.290056140672121 ], [ 83.91874698914792, 27.277555491140916 ], [ 83.915863038025364, 27.273137993953199 ], [ 83.914108361950795, 27.265777577640424 ], [ 83.915031437990024, 27.264917438603874 ] ] ] } },
{ "type": "Feature", "properties": { "F_CODE_DES": "River/Stream", "HYC_DESCRI": "Perennial/Permanent", "NAM": "UNK", "ISO": "IND", "NAME_0": "India" }, "geometry": { "type": "MultiLineString", "coordinates": [ [ [ 83.904280379939991, 27.266601601475152 ], [ 83.906303417619142, 27.265222484616835 ], [ 83.915031437990024, 27.264917438603874 ] ] ] } },
{ "type": "Feature", "properties": { "F_CODE_DES": "River/Stream", "HYC_DESCRI": "Perennial/Permanent", "NAM": "UNK", "ISO": "IND", "NAME_0": "India" }, "geometry": { "type": "MultiLineString", "coordinates": [ [ [ 84.043418954445741, 27.27113912986826 ], [ 84.04286197142207, 27.250028584971183 ] ] ] } },
{ "type": "Feature", "properties": { "F_CODE_DES": "River/Stream", "HYC_DESCRI": "Perennial/Permanent", "NAM": "UNK", "ISO": "IND", "NAME_0": "India" }, "geometry": { "type": "MultiLineString", "coordinates": [ [ [ 83.950141969482019, 27.241693495616992 ], [ 83.93985753404499, 27.250249903980588 ], [ 83.928306609554141, 27.251443817031323 ], [ 83.915031437990024, 27.264917438603874 ] ] ] } },
{ "type": "Feature", "properties": { "F_CODE_DES": "River/Stream", "HYC_DESCRI": "Perennial/Permanent", "NAM": "UNK", "ISO": "IND", "NAME_0": "India" }, "geometry": { "type": "MultiLineString", "coordinates": [ [ [ 83.934753399828097, 27.240388828561553 ], [ 83.950141969482019, 27.241693495616992 ] ] ] } },
{ "type": "Feature", "properties": { "F_CODE_DES": "River/Stream", "HYC_DESCRI": "Perennial/Permanent", "NAM": "UNK", "ISO": "IND", "NAME_0": "India" }, "geometry": { "type": "MultiLineString", "coordinates": [ [ [ 84.458557094086643, 27.233278270259397 ], [ 84.460914680186832, 27.244443823733867 ], [ 84.457443317039321, 27.248306227897995 ], [ 84.448417621655778, 27.258388433326431 ] ] ] } },
{ "type": "Feature", "properties": { "F_CODE_DES": "River/Stream", "HYC_DESCRI": "Perennial/Permanent", "NAM": "UNK", "ISO": "IND", "NAME_0": "India" }, "geometry": { "type": "MultiLineString", "coordinates": [ [ [ 84.462196289241291, 27.226249737960725 ], [ 84.458557094086643, 27.233278270259397 ] ] ] } },
{ "type": "Feature", "properties": { "F_CODE_DES": "River/Stream", "HYC_DESCRI": "Perennial/Permanent", "NAM": "UNK", "ISO": "IND", "NAME_0": "India" }, "geometry": { "type": "MultiLineString", "coordinates": [ [ [ 84.512413024375206, 27.24552736077991 ], [ 84.506080579106111, 27.23505600433494 ], [ 84.507530209167712, 27.224472003885182 ], [ 84.502418514950492, 27.217166964574762 ] ] ] } },
{ "type": "Feature", "properties": { "F_CODE_DES": "River/Stream", "HYC_DESCRI": "Perennial/Permanent", "NAM": "UNK", "ISO": "IND", "NAME_0": "India" }, "geometry": { "type": "MultiLineString", "coordinates": [ [ [ 84.5046919960471, 27.213111969402448 ], [ 84.502418514950492, 27.217166964574762 ] ] ] } },
{ "type": "Feature", "properties": { "F_CODE_DES": "River/Stream", "HYC_DESCRI": "Perennial/Permanent", "NAM": "UNK", "ISO": "IND", "NAME_0": "India" }, "geometry": { "type": "MultiLineString", "coordinates": [ [ [ 83.987915133087157, 27.211860600349272 ], [ 83.982414287853402, 27.222473139800243 ], [ 83.977836518658876, 27.227556295016246 ], [ 83.972190899418962, 27.233804635281764 ], [ 83.960693272930385, 27.236917465414038 ], [ 83.955306961701496, 27.241416988605245 ], [ 83.950141969482019, 27.241693495616992 ] ] ] } },
{ "type": "Feature", "properties": { "F_CODE_DES": "River/Stream", "HYC_DESCRI": "Perennial/Permanent", "NAM": "UNK", "ISO": "IND", "NAME_0": "India" }, "geometry": { "type": "MultiLineString", "coordinates": [ [ [ 84.542777954665539, 27.182056433082771 ], [ 84.554000775142441, 27.18736071830817 ], [ 84.559944069394987, 27.201416081905442 ] ] ] } },
{ "type": "Feature", "properties": { "F_CODE_DES": "River/Stream", "HYC_DESCRI": "Perennial/Permanent", "NAM": "UNK", "ISO": "IND", "NAME_0": "India" }, "geometry": { "type": "MultiLineString", "coordinates": [ [ [ 84.369552643304488, 27.172777099688453 ], [ 84.367248544206575, 27.189083075381362 ], [ 84.360526947920945, 27.194889155628086 ], [ 84.356025723729672, 27.195360143648102 ], [ 84.355140636692056, 27.196861181711888 ], [ 84.357307521784136, 27.200000849845303 ], [ 84.35544587170503, 27.201915797926677 ], [ 84.349334745445347, 27.202861742966874 ], [ 84.34491724825763, 27.206943576140326 ], [ 84.33347329777132, 27.213443664416545 ], [ 84.327194150504496, 27.219249744663266 ], [ 84.322471607303825, 27.231027658163761 ], [ 84.32155609126491, 27.233278270259397 ], [ 84.320358209214007, 27.245750380789389 ], [ 84.319503740177709, 27.246749812831858 ], [ 84.317359913086605, 27.249195094935768 ], [ 84.313835062936818, 27.250305091982938 ], [ 84.310997038816211, 27.262388240496399 ], [ 84.31322478191089, 27.268888517772623 ], [ 84.310974169815239, 27.274833702025255 ], [ 84.311805769850579, 27.293861466833825 ], [ 84.310585018798704, 27.305055559309508 ], [ 84.303306628489423, 27.318832336894936 ], [ 84.303054880478726, 27.319333942916252 ], [ 84.302970964475151, 27.320249647955166 ], [ 84.302665729462191, 27.323778089105105 ], [ 84.305389408577923, 27.330917375408479 ], [ 84.31263736988592, 27.339471893771996 ], [ 84.313194352909591, 27.343471511941956 ], [ 84.303749077508229, 27.357360933532174 ], [ 84.291420039984317, 27.36958318605155 ], [ 84.289169238888661, 27.374889361277027 ] ] ] } },
{ "type": "Feature", "properties": { "F_CODE_DES": "River/Stream", "HYC_DESCRI": "Perennial/Permanent", "NAM": "UNK", "ISO": "IND", "NAME_0": "India" }, "geometry": { "type": "MultiLineString", "coordinates": [ [ [ 84.345497100282259, 27.162361120245837 ], [ 84.343414320193759, 27.163665787301277 ], [ 84.338752823995677, 27.166889182438254 ], [ 84.335418674853997, 27.170528377592898 ], [ 84.330306980636777, 27.176082520828913 ], [ 84.329055800583603, 27.177444454886789 ], [ 84.324386555385189, 27.182527610102795 ], [ 84.319580096180943, 27.18977746141087 ], [ 84.311805769850579, 27.191165855469869 ], [ 84.30883034272415, 27.195861749669415 ] ] ] } },
{ "type": "Feature", "properties": { "F_CODE_DES": "River/Stream", "HYC_DESCRI": "Perennial/Permanent", "NAM": "UNK", "ISO": "IND", "NAME_0": "India" }, "geometry": { "type": "MultiLineString", "coordinates": [ [ [ 84.005363424828602, 27.101360233653661 ], [ 84.002794150257955, 27.100160129197082 ] ], [ [ 83.999572074710201, 27.098655102343013 ], [ 83.998566094079607, 27.098185210237357 ] ], [ [ 83.998128896865182, 27.097980996047312 ], [ 83.996086170434367, 27.097026841469518 ], [ 83.987378266035492, 27.089251973238131 ] ], [ [ 83.98709690357795, 27.089107507775189 ], [ 83.986016168229924, 27.089074134045312 ] ], [ [ 83.985399893483418, 27.08905510312626 ], [ 83.984462445038176, 27.089026154178448 ] ], [ [ 83.976496411358283, 27.088780158471238 ], [ 83.972831798446194, 27.088666993114273 ], [ 83.967128843863506, 27.08638122630045 ] ], [ [ 83.966779398656868, 27.086241167275784 ], [ 83.959526008880786, 27.083333979887655 ], [ 83.954361016661295, 27.083833695908886 ], [ 83.948997574433392, 27.088527700108354 ], [ 83.948608423416843, 27.093610855324357 ], [ 83.95058441850081, 27.099500662574641 ], [ 83.946664435239072, 27.104349454971043 ] ] ] } },
{ "type": "Feature", "properties": { "F_CODE_DES": "River/Stream", "HYC_DESCRI": "Perennial/Permanent", "NAM": "UNK", "ISO": "IND", "NAME_0": "India" }, "geometry": { "type": "MultiLineString", "coordinates": [ [ [ 84.139137252513194, 27.074054646493337 ], [ 84.125724866943244, 27.076778325609077 ], [ 84.114303596457916, 27.085166901965543 ], [ 84.109863230269227, 27.086694778030466 ], [ 84.102722242965768, 27.084667185944305 ], [ 84.101028424893798, 27.084194118924202 ], [ 84.100997995892499, 27.084194118924202 ], [ 84.099891589845484, 27.083860344910022 ], [ 84.096000646680139, 27.086471569020979 ], [ 84.08799744134005, 27.091833121248818 ], [ 84.08080296703433, 27.100166320602927 ], [ 84.062751765267265, 27.121110923492949 ], [ 84.059944170147958, 27.121778471521317 ], [ 84.054946820935598, 27.119748989435074 ], [ 84.051193280776104, 27.120832526481117 ], [ 84.049140929688889, 27.125110541662909 ], [ 84.050224277734927, 27.128000351785708 ], [ 84.054306110908371, 27.138971235251908 ], [ 84.052002011810458, 27.141111282342848 ], [ 84.048026963641547, 27.140750859327532 ], [ 84.042053240387702, 27.140193876303861 ], [ 84.041809052377317, 27.153722685878755 ], [ 84.037330697187016, 27.154611552916528 ], [ 84.030166651882595, 27.149000142678076 ], [ 84.027114868752903, 27.149250000688692 ], [ 84.023696992607668, 27.158388151077013 ], [ 84.023780908611229, 27.163444468291871 ], [ 84.004753143802674, 27.168333142499613 ], [ 84.001251162653858, 27.172805827689675 ], [ 83.99961083158415, 27.187610576318789 ] ] ] } },
{ "type": "Feature", "properties": { "F_CODE_DES": "River/Stream", "HYC_DESCRI": "Perennial/Permanent", "NAM": "UNK", "ISO": "IND", "NAME_0": "India" }, "geometry": { "type": "MultiLineString", "coordinates": [ [ [ 84.462196289241291, 27.226249737960725 ], [ 84.465942458400477, 27.223110258827319 ], [ 84.469169633537618, 27.196138445681171 ], [ 84.468635519514919, 27.193832456583181 ], [ 84.461555390214059, 27.193305902560809 ], [ 84.46125034420109, 27.190139774426264 ], [ 84.463974023316837, 27.183971381164145 ], [ 84.454864411929734, 27.176721529856071 ], [ 84.454307617906068, 27.172944931695589 ], [ 84.456336910992306, 27.167833237478369 ], [ 84.454246570903479, 27.157943812058129 ], [ 84.454887469930711, 27.154333155904695 ], [ 84.459114077110314, 27.15363876987519 ], [ 84.457107464025043, 27.148389861652142 ], [ 84.46125034420109, 27.142389300397156 ], [ 84.465057371362875, 27.142972932421955 ], [ 84.46833047350195, 27.130443554889531 ], [ 84.467582789470185, 27.127944974783354 ], [ 84.462081944236431, 27.125278562670047 ], [ 84.462448037251988, 27.124055921618094 ], [ 84.463470527295442, 27.120277433457531 ], [ 84.464302127330782, 27.1172504093289 ], [ 84.464302127330782, 27.11722187032769 ], [ 84.458419880080811, 27.109777538011347 ], [ 84.45700067902051, 27.107973154934669 ], [ 84.456558230001704, 27.107416171911005 ], [ 84.458358833078222, 27.103582306748088 ], [ 84.456802418012089, 27.096195241434181 ], [ 84.452972332849328, 27.093526750320784 ], [ 84.44953158770312, 27.074361771506389 ], [ 84.433082539004133, 27.06552696613096 ] ] ] } },
{ "type": "Feature", "properties": { "F_CODE_DES": "River/Stream", "HYC_DESCRI": "Perennial/Permanent", "NAM": "UNK", "ISO": "IND", "NAME_0": "India" }, "geometry": { "type": "MultiLineString", "coordinates": [ [ [ 84.345497100282259, 27.162361120245837 ], [ 84.346557579327325, 27.159526876125398 ], [ 84.34774771237791, 27.156278532987365 ], [ 84.350669841502082, 27.148332594649709 ], [ 84.380554144771978, 27.118528427383207 ], [ 84.387641834073165, 27.105943672848433 ], [ 84.404220536777657, 27.097026841469518 ], [ 84.410614029049356, 27.086166334008013 ], [ 84.419029254406951, 27.082000773830998 ], [ 84.42527778367247, 27.076639221603166 ], [ 84.432083106961656, 27.066972816192401 ], [ 84.433082539004133, 27.06552696613096 ] ] ] } },
{ "type": "Feature", "properties": { "F_CODE_DES": "River/Stream", "HYC_DESCRI": "Perennial/Permanent", "NAM": "UNK", "ISO": "IND", "NAME_0": "India" }, "geometry": { "type": "MultiLineString", "coordinates": [ [ [ 84.331642076693512, 27.03855515298482 ], [ 84.326805188487967, 27.043916705212652 ], [ 84.324859622405299, 27.053443817617499 ], [ 84.319084160159875, 27.061138196944462 ], [ 84.312774583891752, 27.064193760074307 ], [ 84.313194352909591, 27.073278423460351 ], [ 84.305778559594458, 27.08097261378731 ], [ 84.305389408577923, 27.085222278967894 ], [ 84.307083037649889, 27.088361758101303 ], [ 84.312614500884948, 27.093334159312601 ], [ 84.308723368719598, 27.100389529612414 ], [ 84.309860203767911, 27.111139283069214 ], [ 84.303443842495255, 27.120721772476415 ] ] ] } },
{ "type": "Feature", "properties": { "F_CODE_DES": "River/Stream", "HYC_DESCRI": "Perennial/Permanent", "NAM": "UNK", "ISO": "IND", "NAME_0": "India" }, "geometry": { "type": "MultiLineString", "coordinates": [ [ [ 84.281692587570959, 27.119361917418626 ], [ 84.278526270436402, 27.113500649169559 ], [ 84.28058618152393, 27.109666784006642 ], [ 84.272193825167307, 27.102611602706837 ], [ 84.271698078146244, 27.100500094617111 ], [ 84.276557835352762, 27.095556232407027 ], [ 84.273666324229879, 27.092861092292498 ], [ 84.279914853495413, 27.085166901965543 ], [ 84.278419485431868, 27.080528274768426 ], [ 84.279304572469471, 27.078193746669221 ], [ 84.284416266686691, 27.07411191349577 ], [ 84.285026547712619, 27.068611068262015 ], [ 84.280777071532043, 27.067832955228951 ], [ 84.279975900498002, 27.049028399429869 ], [ 84.283668582654926, 27.045194534266955 ], [ 84.288612444865009, 27.044694818245716 ], [ 84.291946405006684, 27.046112129305946 ], [ 84.303222712485848, 27.044471798236238 ], [ 84.313697848930985, 27.036083221879775 ], [ 84.32030491121175, 27.035972656875074 ], [ 84.326637356480845, 27.035888740871513 ], [ 84.331642076693512, 27.03855515298482 ] ] ] } },
{ "type": "Feature", "properties": { "F_CODE_DES": "River/Stream", "HYC_DESCRI": "Perennial/Permanent", "NAM": "UNK", "ISO": "IND", "NAME_0": "India" }, "geometry": { "type": "MultiLineString", "coordinates": [ [ [ 84.647796722521264, 27.044078181321186 ], [ 84.646308946064991, 27.03847312698133 ], [ 84.644142060972911, 27.030361246636623 ] ] ] } },
{ "type": "Feature", "properties": { "F_CODE_DES": "River/Stream", "HYC_DESCRI": "Perennial/Permanent", "NAM": "UNK", "ISO": "IND", "NAME_0": "India" }, "geometry": { "type": "MultiLineString", "coordinates": [ [ [ 84.088195891348491, 27.031415866681442 ], [ 84.093917866591639, 27.034944496831386 ], [ 84.099334795821832, 27.03527827084557 ], [ 84.103774973010502, 27.032054875708596 ], [ 84.107223467157041, 27.026945071491458 ] ] ] } },
{ "type": "Feature", "properties": { "F_CODE_DES": "River/Stream", "HYC_DESCRI": "Perennial/Permanent", "NAM": "UNK", "ISO": "IND", "NAME_0": "India" }, "geometry": { "type": "MultiLineString", "coordinates": [ [ [ 84.134498625316084, 27.02341644134151 ], [ 84.129447978101453, 27.031305301676742 ], [ 84.116996846572363, 27.034639450818425 ], [ 84.112358030375233, 27.037639636945912 ], [ 84.108444218208916, 27.044027270217349 ], [ 84.096389797696688, 27.041666093117016 ], [ 84.087554992321259, 27.049612031454672 ], [ 84.087112354302448, 27.052139339562068 ] ] ] } },
{ "type": "Feature", "properties": { "F_CODE_DES": "River/Stream", "HYC_DESCRI": "Perennial/Permanent", "NAM": "UNK", "ISO": "IND", "NAME_0": "India" }, "geometry": { "type": "MultiLineString", "coordinates": [ [ [ 84.433082539004133, 27.06552696613096 ], [ 84.428695659817706, 27.057556079792242 ], [ 84.422248869543765, 27.053222687608102 ], [ 84.421470567510681, 27.050277689482954 ], [ 84.42394249861573, 27.044332505230322 ], [ 84.422332785547326, 27.033582751773523 ], [ 84.424392696634854, 27.029945446618957 ], [ 84.416946474318436, 27.023305876336813 ], [ 84.410331663037354, 27.023000641323843 ], [ 84.409362848996182, 27.021110452243519 ], [ 84.415557891259439, 27.012556122880014 ] ] ] } },
{ "type": "Feature", "properties": { "F_CODE_DES": "River/Stream", "HYC_DESCRI": "Perennial/Permanent", "NAM": "UNK", "ISO": "IND", "NAME_0": "India" }, "geometry": { "type": "MultiLineString", "coordinates": [ [ [ 84.221969530033078, 27.009111408733631 ], [ 84.215889021774686, 27.011943762853992 ], [ 84.207359262412226, 27.009721689759566 ], [ 84.200920032138598, 27.018278098123162 ], [ 84.193420322819904, 27.020915971235258 ], [ 84.188858051626028, 27.02522271441827 ], [ 84.188110367594263, 27.028165822543333 ], [ 84.189613295658134, 27.032583319731053 ], [ 84.183975236418547, 27.04830547439915 ], [ 84.184806836453888, 27.055889099721409 ], [ 84.183670001405574, 27.058444946830015 ], [ 84.169136089787969, 27.063722583054286 ], [ 84.164497462590859, 27.067361778208927 ], [ 84.155998321229688, 27.068111352240781 ] ] ] } },
{ "type": "Feature", "properties": { "F_CODE_DES": "River/Stream", "HYC_DESCRI": "Perennial/Permanent", "NAM": "UNK", "ISO": "IND", "NAME_0": "India" }, "geometry": { "type": "MultiLineString", "coordinates": [ [ [ 84.415557891259439, 27.012556122880014 ], [ 84.40872194996895, 27.01266668788471 ], [ 84.40794364793588, 27.012056406858779 ], [ 84.403472852745892, 27.008527776708831 ], [ 84.397224512480378, 27.014528337963821 ], [ 84.366416944171235, 27.031917661702764 ], [ 84.365135146116771, 27.038249917971847 ], [ 84.350723328504344, 27.037416427936428 ], [ 84.342971871174953, 27.038389210977765 ], [ 84.340194705056945, 27.04202840613241 ], [ 84.331642076693512, 27.03855515298482 ] ] ] } },
{ "type": "Feature", "properties": { "F_CODE_DES": "River/Stream", "HYC_DESCRI": "Perennial/Permanent", "NAM": "UNK", "ISO": "IND", "NAME_0": "India" }, "geometry": { "type": "MultiLineString", "coordinates": [ [ [ 84.214301988707248, 26.989360718894346 ], [ 84.22338873109338, 26.982665960609857 ], [ 84.228332593303463, 26.9690838530327 ], [ 84.231330889430879, 26.966083477905201 ], [ 84.235557496610483, 26.964971590857953 ] ] ] } },
{ "type": "Feature", "properties": { "F_CODE_DES": "River/Stream", "HYC_DESCRI": "Perennial/Permanent", "NAM": "UNK", "ISO": "IND", "NAME_0": "India" }, "geometry": { "type": "MultiLineString", "coordinates": [ [ [ 84.227058355249326, 27.003334056488129 ], [ 84.234413101561856, 26.993917509087982 ], [ 84.233863867538517, 26.988639872863715 ], [ 84.235000702586817, 26.986944164791659 ], [ 84.243637057953819, 26.981332754553208 ], [ 84.246612485080249, 26.977056440371488 ], [ 84.246360737069551, 26.962694140761172 ], [ 84.24419404097749, 26.960193670654917 ] ] ] } },
{ "type": "Feature", "properties": { "F_CODE_DES": "River/Stream", "HYC_DESCRI": "Perennial/Permanent", "NAM": "UNK", "ISO": "IND", "NAME_0": "India" }, "geometry": { "type": "MultiLineString", "coordinates": [ [ [ 84.055274924949543, 26.90402797126821 ], [ 84.054390026911946, 26.907443957413371 ], [ 84.060913173189135, 26.917499513840671 ], [ 84.060279834162216, 26.921499321010639 ], [ 84.053802425886971, 26.930471340391897 ], [ 84.044467186032051, 26.933401384420755 ] ], [ [ 84.044515334816822, 26.939871797326486 ], [ 84.044303852483338, 26.9403057668098 ], [ 84.043100002519679, 26.93999712993935 ] ], [ [ 84.04147810825387, 26.939581317017879 ], [ 84.04142805252414, 26.939568483986985 ] ], [ [ 84.040661962930287, 26.939372077871717 ], [ 84.036499097151676, 26.938304823724771 ], [ 84.033973679044365, 26.942333169895953 ], [ 84.038568556142479, 26.94552568382537 ] ], [ [ 84.043694256509312, 26.949087012990361 ], [ 84.049941660642418, 26.953427700301841 ] ], [ [ 84.053659944088594, 26.973031472632567 ], [ 84.053802425886971, 26.973554648222681 ], [ 84.053286519277961, 26.974235808199928 ] ], [ [ 84.050858942542746, 26.977440977672149 ], [ 84.047805833632154, 26.981472047559123 ], [ 84.050193848733628, 26.983749308655895 ], [ 84.050684074928199, 26.983855908586385 ] ], [ [ 84.05430270322563, 26.984642781114317 ], [ 84.056579592004979, 26.985137891714899 ], [ 84.057304407035787, 26.987249399804625 ], [ 84.053642342880167, 26.99386024208555 ], [ 84.050445596744325, 26.999584107328779 ], [ 84.042556736409097, 27.00836183470178 ], [ 84.04238890440196, 27.011749281845727 ], [ 84.043605799995049, 27.014094707186139 ] ], [ [ 84.044746038131947, 27.016292384156586 ], [ 84.047721917628579, 27.022028047282515 ], [ 84.048553517663919, 27.029417002596503 ] ] ] } },
{ "type": "Feature", "properties": { "F_CODE_DES": "River/Stream", "HYC_DESCRI": "Perennial/Permanent", "NAM": "UNK", "ISO": "IND", "NAME_0": "India" }, "geometry": { "type": "MultiLineString", "coordinates": [ [ [ 84.053765593417239, 26.903809893784253 ], [ 84.055274924949543, 26.90402797126821 ] ] ] } },
{ "type": "Feature", "properties": { "F_CODE_DES": "River/Stream", "HYC_DESCRI": "Perennial/Permanent", "NAM": "UNK", "ISO": "IND", "NAME_0": "India" }, "geometry": { "type": "MultiLineString", "coordinates": [ [ [ 84.221000715991906, 26.913833669684895 ], [ 84.223861609113484, 26.889305059642574 ], [ 84.226196326212687, 26.873416962967426 ], [ 84.224901538851256, 26.868662839433892 ] ], [ [ 84.255665639140275, 26.827235918461373 ], [ 84.26102449169268, 26.820304936710478 ], [ 84.264747602850889, 26.817943570610133 ], [ 84.278831505449375, 26.815416262502737 ], [ 84.284889144706781, 26.812360699372896 ] ] ] } },
{ "type": "Feature", "properties": { "F_CODE_DES": "River/Stream", "HYC_DESCRI": "Perennial/Permanent", "NAM": "UNK", "ISO": "IND", "NAME_0": "India" }, "geometry": { "type": "MultiLineString", "coordinates": [ [ [ 84.260582042673875, 26.848638494914486 ], [ 84.25933067362071, 26.844638876744526 ], [ 84.261390773708243, 26.839944872545058 ], [ 84.26625053091476, 26.835861149371524 ], [ 84.275642319313846, 26.834249546303042 ] ] ] } },
{ "type": "Feature", "properties": { "F_CODE_DES": "River/Stream", "HYC_DESCRI": "Perennial/Permanent", "NAM": "UNK", "ISO": "IND", "NAME_0": "India" }, "geometry": { "type": "MultiLineString", "coordinates": [ [ [ 84.272331228173144, 26.912250605617622 ], [ 84.274665756272356, 26.912000747607006 ], [ 84.280891416536903, 26.90472216829771 ], [ 84.285804660745697, 26.902749953213903 ], [ 84.289390557898074, 26.892360622772415 ], [ 84.294807487128253, 26.892694396786602 ], [ 84.302169793441109, 26.882028559333364 ], [ 84.308418322706643, 26.876443798096048 ], [ 84.311470105836321, 26.875972810076032 ], [ 84.316749632060663, 26.88138955030621 ], [ 84.318801794147873, 26.878610683188128 ], [ 84.318496748134905, 26.875444366053578 ], [ 84.321609578267186, 26.876888326114937 ], [ 84.322639439310947, 26.882139124338064 ], [ 84.325973588452626, 26.883777565407687 ], [ 84.33041376564131, 26.882888887369923 ], [ 84.335746778867929, 26.877306016132685 ], [ 84.336364808894203, 26.873083188953238 ], [ 84.333503726772619, 26.857471410289833 ], [ 84.324333257382932, 26.846221940811795 ], [ 84.321640007268485, 26.840555153570989 ], [ 84.326194718462034, 26.832250682218103 ] ] ] } },
{ "type": "Feature", "properties": { "F_CODE_DES": "River/Stream", "HYC_DESCRI": "Perennial/Permanent", "NAM": "UNK", "ISO": "IND", "NAME_0": "India" }, "geometry": { "type": "MultiLineString", "coordinates": [ [ [ 84.284889144706781, 26.812360699372896 ], [ 84.290107812928554, 26.815027300486207 ] ] ] } },
{ "type": "Feature", "properties": { "F_CODE_DES": "River/Stream", "HYC_DESCRI": "Perennial/Permanent", "NAM": "UNK", "ISO": "IND", "NAME_0": "India" }, "geometry": { "type": "MultiLineString", "coordinates": [ [ [ 84.284889144706781, 26.812360699372896 ], [ 84.292808623043314, 26.807582779169863 ], [ 84.30080407938307, 26.794805433626898 ], [ 84.319747928188079, 26.776555970851405 ], [ 84.326309252466899, 26.774360735758123 ], [ 84.331085282669846, 26.765832866395737 ], [ 84.338775692996649, 26.761278155202188 ] ] ] } },
{ "type": "Feature", "properties": { "F_CODE_DES": "River/Stream", "HYC_DESCRI": "Perennial/Permanent", "NAM": "UNK", "ISO": "IND", "NAME_0": "India" }, "geometry": { "type": "MultiLineString", "coordinates": [ [ [ 84.055274924949543, 26.90402797126821 ], [ 84.056965590164452, 26.901347187909057 ] ], [ [ 84.058939624263829, 26.898217084020164 ], [ 84.059306697881965, 26.897635038066653 ] ], [ [ 84.060429547158563, 26.895854605353541 ], [ 84.060775770183298, 26.89530562089756 ], [ 84.060867499294105, 26.894947654015517 ] ], [ [ 84.061540090965266, 26.892322908814013 ], [ 84.063003513277962, 26.886611998528135 ], [ 84.064384119511061, 26.886747325870985 ] ], [ [ 84.068141612098842, 26.887115636165035 ], [ 84.068664630518526, 26.887166902551712 ], [ 84.076141281836243, 26.883277849386452 ], [ 84.08055877902396, 26.878778515195258 ], [ 84.085723960243442, 26.878723138192903 ], [ 84.087397664302273, 26.880044250284726 ] ], [ [ 84.088699806812826, 26.881072076086355 ], [ 84.090721120455797, 26.882667568360517 ], [ 84.093559333576408, 26.882833510367568 ], [ 84.099609412833502, 26.878528657184638 ], [ 84.102668755963506, 26.879138938210573 ], [ 84.105890829737021, 26.883230726078757 ] ], [ [ 84.111064571936893, 26.898711302945618 ], [ 84.112197947368429, 26.899499909075793 ], [ 84.116093124169879, 26.895022870538178 ] ], [ [ 84.116932378772503, 26.894058248034405 ], [ 84.119834870692955, 26.890722181702792 ], [ 84.122903298611504, 26.890307847056981 ] ], [ [ 84.129081660564466, 26.891943352493648 ], [ 84.130218531134204, 26.892278596768932 ], [ 84.133415277270046, 26.886304873515083 ], [ 84.139030467508661, 26.885194687467909 ], [ 84.145416210780013, 26.887222279554067 ], [ 84.147529608869817, 26.886554731525699 ], [ 84.147056541849722, 26.884500490438406 ], [ 84.146825012119166, 26.883521994610579 ] ], [ [ 84.146426226753633, 26.880197315255035 ], [ 84.147361776862695, 26.87555512005828 ], [ 84.145756981588463, 26.873440236852584 ] ], [ [ 84.143348932259528, 26.870266783412109 ], [ 84.142303380647732, 26.868888900775008 ], [ 84.140777583582903, 26.862361974497652 ], [ 84.146385213821191, 26.845806140794128 ], [ 84.14639395165473, 26.845551613774909 ] ], [ [ 84.240836695047207, 26.736920900657069 ], [ 84.253776530384684, 26.729999598873036 ], [ 84.258499073585369, 26.730556581896703 ], [ 84.262963100931501, 26.73377520360367 ] ], [ [ 84.267245169174942, 26.738764087952163 ], [ 84.269752512063576, 26.742027370384143 ], [ 84.274497924265219, 26.744916991506937 ], [ 84.277548551886611, 26.741943185439354 ] ] ] } },
{ "type": "Feature", "properties": { "F_CODE_DES": "River/Stream", "HYC_DESCRI": "Perennial/Permanent", "NAM": "UNK", "ISO": "IND", "NAME_0": "India" }, "geometry": { "type": "MultiLineString", "coordinates": [ [ [ 84.385360792976243, 26.688528083110739 ], [ 84.386253440014173, 26.685777754993872 ], [ 84.383613676901987, 26.68263808686045 ], [ 84.375808732570334, 26.679388042722344 ], [ 84.374002757021813, 26.676155678534709 ] ] ] } },
{ "type": "Feature", "properties": { "F_CODE_DES": "River/Stream", "HYC_DESCRI": "Perennial/Permanent", "NAM": "UNK", "ISO": "IND", "NAME_0": "India" }, "geometry": { "type": "MultiLineString", "coordinates": [ [ [ 84.095252962648374, 27.434194539797147 ], [ 84.095970217678854, 27.435888357869125 ], [ 84.090637204452236, 27.44227788114064 ], [ 84.089996305424989, 27.446527546321228 ], [ 84.093940735592611, 27.455778151714323 ], [ 84.092331022524206, 27.458528479831195 ], [ 84.08858485336502, 27.460500694915005 ], [ 84.09313956455857, 27.464221916073132 ], [ 84.09703069672392, 27.47136120237651 ], [ 84.102058474937564, 27.473417333463885 ], [ 84.121025003743526, 27.49111170321579 ], [ 84.141387864608831, 27.504999234805929 ] ] ] } },
{ "type": "Feature", "properties": { "F_CODE_DES": "River/Stream", "HYC_DESCRI": "Perennial/Permanent", "NAM": "UNK", "ISO": "IND", "NAME_0": "India" }, "geometry": { "type": "MultiLineString", "coordinates": [ [ [ 84.15785978230879, 27.415193612989718 ], [ 84.158058232317231, 27.425556105430065 ], [ 84.161415061459877, 27.428667045562261 ], [ 84.159248365367802, 27.440750194075726 ], [ 84.161003041442356, 27.445777972289374 ], [ 84.172027600910837, 27.455139142687166 ], [ 84.181579661316746, 27.459861685887848 ] ] ] } },
{ "type": "Feature", "properties": { "F_CODE_DES": "River/Stream", "HYC_DESCRI": "Perennial/Permanent", "NAM": "UNK", "ISO": "IND", "NAME_0": "India" }, "geometry": { "type": "MultiLineString", "coordinates": [ [ [ 84.195472673907119, 27.386583358773954 ], [ 84.20519256632015, 27.388555573857762 ], [ 84.214553925717951, 27.396444245192981 ], [ 84.217887885859625, 27.397027877217784 ], [ 84.22897330333069, 27.408721874714708 ], [ 84.235168534593953, 27.411167156818621 ], [ 84.246475271074431, 27.42177780626951 ], [ 84.251586965291636, 27.42952737359882 ], [ 84.249359222196972, 27.438222885968329 ], [ 84.251923007305919, 27.441663820114549 ] ] ] } },
{ "type": "Feature", "properties": { "F_CODE_DES": "River/Stream", "HYC_DESCRI": "Perennial/Permanent", "NAM": "UNK", "ISO": "IND", "NAME_0": "India" }, "geometry": { "type": "MultiLineString", "coordinates": [ [ [ 84.11736293958792, 27.382778221612256 ], [ 84.120391853716626, 27.380832655529581 ], [ 84.129859998118974, 27.367834179977223 ] ] ] } },
{ "type": "Feature", "properties": { "F_CODE_DES": "River/Stream", "HYC_DESCRI": "Perennial/Permanent", "NAM": "UNK", "ISO": "IND", "NAME_0": "India" }, "geometry": { "type": "MultiLineString", "coordinates": [ [ [ 84.153640735129514, 27.388416280851843 ], [ 84.150253287985564, 27.385084210710247 ], [ 84.149635257959304, 27.382749493611037 ], [ 84.147224373856844, 27.373306297209758 ], [ 84.143669094705771, 27.372722665184959 ], [ 84.140998902592301, 27.368528377006726 ], [ 84.145362912777742, 27.360860835680899 ] ] ] } },
{ "type": "Feature", "properties": { "F_CODE_DES": "River/Stream", "HYC_DESCRI": "Perennial/Permanent", "NAM": "UNK", "ISO": "IND", "NAME_0": "India" }, "geometry": { "type": "MultiLineString", "coordinates": [ [ [ 84.616683950806106, 27.334947233579726 ], [ 84.613471264664199, 27.337039823926972 ] ] ] } },
{ "type": "Feature", "properties": { "F_CODE_DES": "River/Stream", "HYC_DESCRI": "Perennial/Permanent", "NAM": "UNK", "ISO": "IND", "NAME_0": "India" }, "geometry": { "type": "MultiLineString", "coordinates": [ [ [ 84.611084069568136, 27.330722894400218 ], [ 84.614997881734453, 27.33352859951944 ], [ 84.616027742778215, 27.334249445550071 ], [ 84.616683950806106, 27.334710038569646 ] ] ] } },
{ "type": "Feature", "properties": { "F_CODE_DES": "River/Stream", "HYC_DESCRI": "Perennial/Permanent", "NAM": "UNK", "ISO": "IND", "NAME_0": "India" }, "geometry": { "type": "MultiLineString", "coordinates": [ [ [ 84.044219936479777, 27.366416868917 ], [ 84.045112583517707, 27.362388522745817 ], [ 84.049057013685314, 27.357471498536874 ], [ 84.045669566541378, 27.352888059342103 ], [ 84.051246578778361, 27.34625056806005 ], [ 84.045440687531652, 27.338722319740143 ], [ 84.036857630166921, 27.33333392951117 ], [ 84.029167219840119, 27.326250020210146 ] ] ] } },
{ "type": "Feature", "properties": { "F_CODE_DES": "River/Stream", "HYC_DESCRI": "Perennial/Permanent", "NAM": "UNK", "ISO": "IND", "NAME_0": "India" }, "geometry": { "type": "MultiLineString", "coordinates": [ [ [ 84.183998105419519, 27.37933350746588 ], [ 84.179473823227255, 27.37708289537024 ], [ 84.178001324164683, 27.374111248243963 ], [ 84.177497828143288, 27.373083088200275 ], [ 84.17688754711736, 27.365278332868616 ], [ 84.182052539336837, 27.350000328219394 ], [ 84.179305991220133, 27.34094420383456 ], [ 84.189666782660396, 27.324972191155844 ] ] ] } },
{ "type": "Feature", "properties": { "F_CODE_DES": "River/Stream", "HYC_DESCRI": "Perennial/Permanent", "NAM": "UNK", "ISO": "IND", "NAME_0": "India" }, "geometry": { "type": "MultiLineString", "coordinates": [ [ [ 84.189666782660396, 27.324972191155844 ], [ 84.183051971379314, 27.325056107159412 ], [ 84.177192782130334, 27.327249452252616 ], [ 84.168334918753928, 27.335193689590199 ], [ 84.15958402938206, 27.334472654559558 ] ] ] } },
{ "type": "Feature", "properties": { "F_CODE_DES": "River/Stream", "HYC_DESCRI": "Perennial/Permanent", "NAM": "UNK", "ISO": "IND", "NAME_0": "India" }, "geometry": { "type": "MultiLineString", "coordinates": [ [ [ 84.196777340962555, 27.32508275616054 ], [ 84.19461064487048, 27.323833466107455 ], [ 84.189666782660396, 27.324972191155844 ] ] ] } },
{ "type": "Feature", "properties": { "F_CODE_DES": "River/Stream", "HYC_DESCRI": "Perennial/Permanent", "NAM": "UNK", "ISO": "IND", "NAME_0": "India" }, "geometry": { "type": "MultiLineString", "coordinates": [ [ [ 84.401863139677488, 27.318889603897368 ], [ 84.399223376565317, 27.329500253348261 ], [ 84.416580192302874, 27.358804704593524 ] ] ] } },
{ "type": "Feature", "properties": { "F_CODE_DES": "River/Stream", "HYC_DESCRI": "Perennial/Permanent", "NAM": "UNK", "ISO": "IND", "NAME_0": "India" }, "geometry": { "type": "MultiLineString", "coordinates": [ [ [ 84.110832233310404, 27.303222637231617 ], [ 84.113693315431973, 27.319250026912687 ], [ 84.116302460542855, 27.320693986974046 ], [ 84.122917082823932, 27.319972951943406 ], [ 84.126502979976308, 27.321805874021294 ], [ 84.131385795183803, 27.331888268449738 ], [ 84.141944847632502, 27.340610429820376 ], [ 84.147163326854255, 27.341388731853449 ] ] ] } },
{ "type": "Feature", "properties": { "F_CODE_DES": "River/Stream", "HYC_DESCRI": "Non-Perennial/Intermittent/Fluctuating", "NAM": "UNK", "ISO": "IND", "NAME_0": "India" }, "geometry": { "type": "MultiLineString", "coordinates": [ [ [ 84.64783474312982, 27.291416184729911 ], [ 84.647722288125038, 27.291664152740452 ] ] ] } },
{ "type": "Feature", "properties": { "F_CODE_DES": "River/Stream", "HYC_DESCRI": "Perennial/Permanent", "NAM": "UNK", "ISO": "IND", "NAME_0": "India" }, "geometry": { "type": "MultiLineString", "coordinates": [ [ [ 84.068778975523387, 27.290666610698061 ], [ 84.068664630518526, 27.2986945750392 ], [ 84.075279252799604, 27.29777716900022 ], [ 84.07289123769813, 27.309638998504276 ], [ 84.081832828078092, 27.30741692540985 ], [ 84.082832260120568, 27.31183234359748 ], [ 84.079391514974361, 27.318000736859599 ], [ 84.081863446079396, 27.324722333145225 ], [ 84.087585421322544, 27.32719426425027 ], [ 84.090026923426294, 27.331583033436765 ], [ 84.085555939236301, 27.333139448502905 ], [ 84.084663481198376, 27.336305576637447 ], [ 84.086669905283642, 27.343250192932551 ] ] ] } },
{ "type": "Feature", "properties": { "F_CODE_DES": "River/Stream", "HYC_DESCRI": "Perennial/Permanent", "NAM": "UNK", "ISO": "IND", "NAME_0": "India" }, "geometry": { "type": "MultiLineString", "coordinates": [ [ [ 84.625747635191246, 27.27469440901934 ], [ 84.6312789094263, 27.279666810230637 ] ] ] } },
{ "type": "Feature", "properties": { "F_CODE_DES": "River/Stream", "HYC_DESCRI": "Perennial/Permanent", "NAM": "UNK", "ISO": "IND", "NAME_0": "India" }, "geometry": { "type": "MultiLineString", "coordinates": [ [ [ 84.043418954445741, 27.27113912986826 ], [ 84.047996534640248, 27.276582708099578 ], [ 84.051109364772529, 27.278028558161019 ] ] ] } },
{ "type": "Feature", "properties": { "F_CODE_DES": "River/Stream", "HYC_DESCRI": "Perennial/Permanent", "NAM": "UNK", "ISO": "IND", "NAME_0": "India" }, "geometry": { "type": "MultiLineString", "coordinates": [ [ [ 84.406112615858063, 27.29452712486211 ], [ 84.410774301056165, 27.291082410715731 ], [ 84.411468498085654, 27.289304676640185 ], [ 84.412803594142389, 27.285972606498593 ], [ 84.415359441250999, 27.283832559407657 ], [ 84.423446562594663, 27.286027983500947 ], [ 84.426246597713643, 27.285333597471439 ], [ 84.428581314812845, 27.283000959372316 ], [ 84.428024331789189, 27.279193932210539 ], [ 84.430557309896827, 27.275138937038228 ], [ 84.435669004114033, 27.271055213864692 ], [ 84.438751216245009, 27.271638845889491 ], [ 84.43958281628035, 27.265499180628595 ], [ 84.444274930479736, 27.263944655562536 ], [ 84.448417621655778, 27.258388433326431 ] ] ] } },
{ "type": "Feature", "properties": { "F_CODE_DES": "River/Stream", "HYC_DESCRI": "Perennial/Permanent", "NAM": "UNK", "ISO": "IND", "NAME_0": "India" }, "geometry": { "type": "MultiLineString", "coordinates": [ [ [ 84.512413024375206, 27.24552736077991 ], [ 84.515052787487377, 27.248971885926281 ], [ 84.520690846726964, 27.256361030240278 ], [ 84.525695755939637, 27.270860732856427 ], [ 84.531913667203867, 27.274360635005152 ], [ 84.532997204249909, 27.28088945128259 ], [ 84.531890798202895, 27.283861098408867 ], [ 84.528083771041111, 27.286472322519828 ], [ 84.525581410934777, 27.288194679593019 ], [ 84.527832023030413, 27.290277459681526 ], [ 84.532554566231099, 27.294639579866889 ], [ 84.533637914277136, 27.29911037505687 ], [ 84.535415648352682, 27.30641749336738 ], [ 84.542724656663268, 27.316638991801732 ] ] ] } },
{ "type": "Feature", "properties": { "F_CODE_DES": "River/Stream", "HYC_DESCRI": "Perennial/Permanent", "NAM": "UNK", "ISO": "IND", "NAME_0": "India" }, "geometry": { "type": "MultiLineString", "coordinates": [ [ [ 84.368080144241915, 27.370111441073995 ], [ 84.370361374338856, 27.354249993399979 ], [ 84.367805527230246, 27.343305569934905 ], [ 84.37030788733658, 27.326139455205446 ], [ 84.366691561182904, 27.321556016010678 ], [ 84.371696470395577, 27.310916827558575 ], [ 84.373664905479231, 27.293388399813722 ], [ 84.373916653489928, 27.291221703721646 ], [ 84.393859934337399, 27.258806312344188 ], [ 84.399887144593521, 27.253139525103382 ], [ 84.405639737837973, 27.247722595873192 ], [ 84.408691331967646, 27.244832974750402 ], [ 84.412940997148226, 27.244138777720906 ], [ 84.414253224203989, 27.2390556225049 ], [ 84.420387219464658, 27.237083407421093 ], [ 84.428802444822253, 27.234388267306564 ], [ 84.438247720223615, 27.233833363282983 ], [ 84.449417053698241, 27.236805010409263 ], [ 84.458557094086643, 27.233278270259397 ] ] ] } },
{ "type": "Feature", "properties": { "F_CODE_DES": "River/Stream", "HYC_DESCRI": "Perennial/Permanent", "NAM": "UNK", "ISO": "IND", "NAME_0": "India" }, "geometry": { "type": "MultiLineString", "coordinates": [ [ [ 84.603637658251714, 27.268527905757296 ], [ 84.585693430489187, 27.269250830788017 ], [ 84.582305983345236, 27.26527786161919 ], [ 84.577362121135153, 27.249055801929849 ], [ 84.574943488032375, 27.241111753592271 ], [ 84.56833642575161, 27.241861327624125 ], [ 84.562416000500036, 27.229278652089434 ], [ 84.567336993709148, 27.227083227996143 ], [ 84.567695526724378, 27.222000072780141 ], [ 84.559944069394987, 27.201416081905442 ] ] ] } }
]
}
